t_s,rpm_true,rpm_est,state,outputs_enabled,tooth_idx,phase,angle_err_deg,spurious
0.000333,1500.00,0.00,0,0,0,0,0.000,0
0.001000,1500.00,0.00,0,0,0,0,0.000,0
0.001667,1500.00,0.00,0,0,0,0,0.000,0
0.002333,1500.00,0.00,0,0,0,0,0.000,0
0.003000,1500.00,1500.38,0,0,0,0,0.000,0
0.003667,1500.00,1499.70,0,0,0,0,0.000,0
0.004333,1500.00,1500.38,0,0,0,0,0.000,0
0.005000,1500.00,1500.21,0,0,0,0,0.000,0
0.005667,1500.00,1500.09,0,0,0,0,0.000,0
0.006333,1500.00,1499.81,0,0,0,0,0.000,0
0.007000,1500.00,1499.81,0,0,0,0,0.000,0
0.007667,1500.00,1500.38,0,0,0,0,0.000,0
0.008333,1500.00,1500.66,0,0,0,0,0.000,0
0.009000,1500.00,1500.09,0,0,0,0,0.000,0
0.009667,1500.00,1499.53,0,0,0,0,0.000,0
0.010333,1500.00,1499.81,0,0,0,0,0.000,0
0.011000,1500.00,1500.09,0,0,0,0,0.000,0
0.011667,1500.00,1500.66,0,0,0,0,0.000,0
0.012333,1500.00,1499.81,0,0,0,0,0.000,0
0.013000,1500.00,1500.09,0,0,0,0,0.000,0
0.013667,1500.00,1499.81,0,0,0,0,0.000,0
0.014333,1500.00,1500.38,0,0,0,0,0.000,0
0.015000,1500.00,1500.66,0,0,0,0,0.000,0
0.015667,1500.00,1500.94,0,0,0,0,0.000,0
0.016333,1500.00,1499.81,0,0,0,0,0.000,0
0.017000,1500.00,1499.81,0,0,0,0,0.000,0
0.017667,1500.00,1500.09,0,0,0,0,0.000,0
0.018333,1500.00,1499.81,0,0,0,0,0.000,0
0.019000,1500.00,1499.81,0,0,0,0,0.000,0
0.019667,1500.00,1500.66,0,0,0,0,0.000,0
0.020333,1500.00,1499.25,0,0,0,0,0.000,0
0.021000,1500.00,1499.53,0,0,0,0,0.000,0
0.021667,1500.00,1500.38,0,0,0,0,0.000,0
0.022333,1500.00,1499.81,0,0,0,0,0.000,0
0.023000,1500.00,1500.38,0,0,0,0,0.000,0
0.023667,1500.00,1500.66,0,0,0,0,0.000,0
0.024333,1500.00,1499.25,0,0,0,0,0.000,0
0.026333,1500.00,1499.48,0,0,0,1,0.000,0
0.027000,1500.00,1500.15,0,0,1,1,0.000,0
0.027667,1500.00,1499.48,0,0,2,1,0.000,0
0.028333,1500.00,1499.70,0,0,3,1,0.000,0
0.029000,1500.00,1499.93,0,0,4,1,0.000,0
0.029667,1500.00,1499.48,0,0,5,1,0.000,0
0.030333,1500.00,1499.70,0,0,6,1,0.000,0
0.031000,1500.00,1500.83,0,0,7,1,0.000,0
0.031667,1500.00,1499.25,0,0,8,1,0.000,0
0.032333,1500.00,1500.66,0,0,9,1,0.000,0
0.033000,1500.00,1500.66,0,0,10,1,0.000,0
0.033667,1500.00,1500.38,0,0,11,1,0.000,0
0.034333,1500.00,1499.81,0,0,12,1,0.000,0
0.035000,1500.00,1499.81,0,0,13,1,0.000,0
0.035667,1500.00,1500.09,0,0,14,1,0.000,0
0.036333,1500.00,1499.81,0,0,15,1,0.000,0
0.037000,1500.00,1500.94,0,0,16,1,0.000,0
0.037667,1500.00,1499.53,0,0,17,1,0.000,0
0.038333,1500.00,1500.09,0,0,18,1,0.000,0
0.039000,1500.00,1499.53,0,0,19,1,0.000,0
0.039667,1500.00,1500.09,0,0,20,1,0.000,0
0.040333,1500.00,1500.09,0,0,21,1,0.000,0
0.041000,1500.00,1499.53,0,0,22,1,0.000,0
0.041667,1500.00,1499.53,0,0,23,1,0.000,0
0.042333,1500.00,1499.25,0,0,24,1,0.000,0
0.043000,1500.00,1500.09,0,0,25,1,0.000,0
0.043667,1500.00,1499.81,0,0,26,1,0.000,0
0.044333,1500.00,1500.38,0,0,27,1,0.000,0
0.045000,1500.00,1499.53,0,0,28,1,0.000,0
0.045667,1500.00,1500.94,0,0,29,1,0.000,0
0.046333,1500.00,1500.66,0,0,30,1,0.000,0
0.047000,1500.00,1500.38,0,0,31,1,0.000,0
0.047667,1500.00,1500.66,0,0,32,1,0.000,0
0.048333,1500.00,1500.09,0,0,33,1,0.000,0
0.049000,1500.00,1499.53,0,0,34,1,0.000,0
0.049667,1500.00,1500.09,0,0,35,1,0.000,0
0.050333,1500.00,1500.66,0,0,36,1,0.000,0
0.051000,1500.00,1499.81,0,0,37,1,0.000,0
0.051667,1500.00,1498.97,0,0,38,1,0.000,0
0.052333,1500.00,1499.53,0,0,39,1,0.000,0
0.053000,1500.00,1500.09,0,0,40,1,0.000,0
0.053667,1500.00,1499.53,0,0,41,1,0.000,0
0.054333,1500.00,1500.09,0,0,42,1,0.000,0
0.055000,1500.00,1499.81,0,0,43,1,0.000,0
0.055667,1500.00,1500.38,0,0,44,1,0.000,0
0.056333,1500.00,1499.81,0,0,45,1,0.000,0
0.057000,1500.00,1500.38,0,0,46,1,0.000,0
0.057667,1500.00,1500.38,0,0,47,1,0.000,0
0.058333,1500.00,1499.53,0,0,48,1,0.000,0
0.059000,1500.00,1500.66,0,0,49,1,0.000,0
0.059667,1500.00,1499.53,0,0,50,1,0.000,0
0.060333,1500.00,1499.81,0,0,51,1,0.000,0
0.061000,1500.00,1499.53,0,0,52,1,0.000,0
0.061667,1500.00,1500.09,0,0,53,1,0.000,0
0.062333,1500.00,1500.38,0,0,54,1,0.000,0
0.063000,1500.00,1499.81,0,0,55,1,0.000,0
0.063667,1500.00,1499.53,0,0,56,1,0.000,0
0.064333,1500.00,1499.53,0,0,57,1,0.000,0
0.066333,1500.00,1500.83,1,1,0,0,0.000,0
0.067000,1500.00,1500.15,1,1,1,0,0.000,0
0.067667,1500.00,1499.70,1,1,2,0,0.000,0
0.068333,1500.00,1499.70,1,1,3,0,0.000,0
0.069000,1500.00,1500.38,1,1,4,0,0.000,0
0.069667,1500.00,1500.15,1,1,5,0,0.000,0
0.070333,1500.00,1500.38,1,1,6,0,0.000,0
0.071000,1500.00,1500.15,1,1,7,0,0.000,0
0.071667,1500.00,1498.69,1,1,8,0,0.000,0
0.072333,1500.00,1499.81,1,1,9,0,0.000,0
0.073000,1500.00,1499.81,1,1,10,0,0.000,0
0.073667,1500.00,1499.53,1,1,11,0,0.000,0
0.074333,1500.00,1500.09,1,1,12,0,0.000,0
0.075000,1500.00,1500.09,1,1,13,0,0.000,0
0.075667,1500.00,1500.66,1,1,14,0,0.000,0
0.076333,1500.00,1500.38,1,1,15,0,0.000,0
0.077000,1500.00,1500.94,1,1,16,0,0.000,0
0.077667,1500.00,1500.66,1,1,17,0,0.000,0
0.078333,1500.00,1501.50,1,1,18,0,0.000,0
0.079000,1500.00,1500.94,1,1,19,0,0.000,0
0.079667,1500.00,1499.25,1,1,20,0,0.000,0
0.080333,1500.00,1499.25,1,1,21,0,0.000,0
0.081000,1500.00,1499.53,1,1,22,0,0.000,0
0.081667,1500.00,1499.81,1,1,23,0,0.000,0
0.082333,1500.00,1500.09,1,1,24,0,0.000,0
0.083000,1500.00,1499.53,1,1,25,0,0.000,0
0.083667,1500.00,1498.97,1,1,26,0,0.000,0
0.084333,1500.00,1499.81,1,1,27,0,0.000,0
0.085000,1500.00,1499.81,1,1,28,0,0.000,0
0.085667,1500.00,1500.38,1,1,29,0,0.000,0
0.086333,1500.00,1500.09,1,1,30,0,0.000,0
0.087000,1500.00,1499.81,1,1,31,0,0.000,0
0.087667,1500.00,1499.53,1,1,32,0,0.000,0
0.088333,1500.00,1499.81,1,1,33,0,0.000,0
0.089000,1500.00,1499.81,1,1,34,0,0.000,0
0.089667,1500.00,1499.25,1,1,35,0,0.000,0
0.090333,1500.00,1500.66,1,1,36,0,0.000,0
0.091000,1500.00,1500.09,1,1,37,0,0.000,0
0.091667,1500.00,1499.81,1,1,38,0,0.000,0
0.092333,1500.00,1499.53,1,1,39,0,0.000,0
0.093000,1500.00,1500.38,1,1,40,0,0.000,0
0.093667,1500.00,1499.81,1,1,41,0,0.000,0
0.094333,1500.00,1500.09,1,1,42,0,0.000,0
0.095000,1500.00,1500.38,1,1,43,0,0.000,0
0.095667,1500.00,1498.97,1,1,44,0,0.000,0
0.096333,1500.00,1499.81,1,1,45,0,0.000,0
0.097000,1500.00,1500.09,1,1,46,0,0.000,0
0.097667,1500.00,1500.09,1,1,47,0,0.000,0
0.098333,1500.00,1500.38,1,1,48,0,0.000,0
0.099000,1500.00,1500.38,1,1,49,0,0.000,0
0.099667,1500.00,1499.53,1,1,50,0,0.000,0
0.100333,1500.00,1500.09,1,1,51,0,0.000,0
0.101000,1500.00,1500.66,1,1,52,0,0.000,0
0.101667,1500.00,1500.38,1,1,53,0,0.000,0
0.102333,1500.00,1500.38,1,1,54,0,0.000,0
0.103000,1500.00,1499.53,1,1,55,0,0.000,0
0.103667,1500.00,1499.25,1,1,56,0,0.000,0
0.104333,1500.00,1499.53,1,1,57,0,0.000,0
0.106333,1500.00,1499.93,1,1,0,1,0.000,0
0.107000,1500.00,1500.15,1,1,1,1,0.000,0
0.107667,1500.00,1500.15,1,1,2,1,0.000,0
0.108333,1500.00,1499.93,1,1,3,1,0.000,0
0.109000,1500.00,1500.15,1,1,4,1,0.000,0
0.109667,1500.00,1500.60,1,1,5,1,0.000,0
0.110333,1500.00,1500.15,1,1,6,1,0.000,0
0.111000,1500.00,1500.15,1,1,7,1,0.000,0
0.111667,1500.00,1500.94,1,1,8,1,0.000,0
0.112333,1500.00,1499.53,1,1,9,1,0.000,0
0.113000,1500.00,1499.81,1,1,10,1,0.000,0
0.113667,1500.00,1499.81,1,1,11,1,0.000,0
0.114333,1500.00,1499.81,1,1,12,1,0.000,0
0.115000,1500.00,1499.53,1,1,13,1,0.000,0
0.115667,1500.00,1500.66,1,1,14,1,0.000,0
0.116333,1500.00,1500.66,1,1,15,1,0.000,0
0.117000,1500.00,1499.81,1,1,16,1,0.000,0
0.117667,1500.00,1500.38,1,1,17,1,0.000,0
0.118333,1500.00,1500.38,1,1,18,1,0.000,0
0.119000,1500.00,1500.66,1,1,19,1,0.000,0
0.119667,1500.00,1499.53,1,1,20,1,0.000,0
0.120333,1500.00,1500.94,1,1,21,1,0.000,0
0.121000,1500.00,1499.53,1,1,22,1,0.000,0
0.121667,1500.00,1498.97,1,1,23,1,0.000,0
0.122333,1500.00,1499.53,1,1,24,1,0.000,0
0.123000,1500.00,1499.81,1,1,25,1,0.000,0
0.123667,1500.00,1499.81,1,1,26,1,0.000,0
0.124333,1500.00,1499.53,1,1,27,1,0.000,0
0.125000,1500.00,1500.38,1,1,28,1,0.000,0
0.125667,1500.00,1500.09,1,1,29,1,0.000,0
0.126333,1500.00,1500.66,1,1,30,1,0.000,0
0.127000,1500.00,1500.94,1,1,31,1,0.000,0
0.127667,1500.00,1500.38,1,1,32,1,0.000,0
0.128333,1500.00,1499.81,1,1,33,1,0.000,0
0.129000,1500.00,1499.81,1,1,34,1,0.000,0
0.129667,1500.00,1499.81,1,1,35,1,0.000,0
0.130333,1500.00,1499.25,1,1,36,1,0.000,0
0.131000,1500.00,1499.81,1,1,37,1,0.000,0
0.131667,1500.00,1498.69,1,1,38,1,0.000,0
0.132333,1500.00,1500.09,1,1,39,1,0.000,0
0.133000,1500.00,1500.38,1,1,40,1,0.000,0
0.133667,1500.00,1500.09,1,1,41,1,0.000,0
0.134333,1500.00,1499.81,1,1,42,1,0.000,0
0.135000,1500.00,1500.09,1,1,43,1,0.000,0
0.135667,1500.00,1500.09,1,1,44,1,0.000,0
0.136333,1500.00,1499.53,1,1,45,1,0.000,0
0.137000,1500.00,1500.09,1,1,46,1,0.000,0
0.137667,1500.00,1498.97,1,1,47,1,0.000,0
0.138333,1500.00,1499.25,1,1,48,1,0.000,0
0.139000,1500.00,1499.81,1,1,49,1,0.000,0
0.139667,1500.00,1500.09,1,1,50,1,0.000,0
0.140333,1500.00,1500.38,1,1,51,1,0.000,0
0.141000,1500.00,1500.09,1,1,52,1,0.000,0
0.141667,1500.00,1499.81,1,1,53,1,0.000,0
0.142333,1500.00,1501.22,1,1,54,1,0.000,0
0.143000,1500.00,1500.94,1,1,55,1,0.000,0
0.143667,1500.00,1500.38,1,1,56,1,0.000,0
0.144333,1500.00,1500.38,1,1,57,1,0.000,0
0.146333,1500.00,1500.15,1,1,0,0,0.000,0
0.147000,1500.00,1499.70,1,1,1,0,0.000,0
0.147667,1500.00,1500.38,1,1,2,0,0.000,0
0.148333,1500.00,1500.15,1,1,3,0,0.000,0
0.149000,1500.00,1499.70,1,1,4,0,0.000,0
0.149667,1500.00,1499.70,1,1,5,0,0.000,0
0.150333,1500.00,1500.38,1,1,6,0,0.000,0
0.151000,1500.00,1499.70,1,1,7,0,0.000,0
0.151667,1500.00,1500.66,1,1,8,0,0.000,0
0.152333,1500.00,1500.09,1,1,9,0,0.000,0
0.153000,1500.00,1500.09,1,1,10,0,0.000,0
0.153667,1500.00,1500.09,1,1,11,0,0.000,0
0.154333,1500.00,1499.81,1,1,12,0,0.000,0
0.155000,1500.00,1500.09,1,1,13,0,0.000,0
0.155667,1500.00,1499.53,1,1,14,0,0.000,0
0.156333,1500.00,1500.09,1,1,15,0,0.000,0
0.157000,1500.00,1499.25,1,1,16,0,0.000,0
0.157667,1500.00,1499.81,1,1,17,0,0.000,0
0.158333,1500.00,1500.09,1,1,18,0,0.000,0
0.159000,1500.00,1499.81,1,1,19,0,0.000,0
0.159667,1500.00,1499.53,1,1,20,0,0.000,0
0.160333,1500.00,1499.53,1,1,21,0,0.000,0
0.161000,1500.00,1500.09,1,1,22,0,0.000,0
0.161667,1500.00,1499.81,1,1,23,0,0.000,0
0.162333,1500.00,1500.66,1,1,24,0,0.000,0
0.163000,1500.00,1500.38,1,1,25,0,0.000,0
0.163667,1500.00,1500.09,1,1,26,0,0.000,0
0.164333,1500.00,1500.38,1,1,27,0,0.000,0
0.165000,1500.00,1500.94,1,1,28,0,0.000,0
0.165667,1500.00,1500.38,1,1,29,0,0.000,0
0.166333,1500.00,1499.25,1,1,30,0,0.000,0
0.167000,1500.00,1500.09,1,1,31,0,0.000,0
0.167667,1500.00,1499.25,1,1,32,0,0.000,0
0.168333,1500.00,1499.53,1,1,33,0,0.000,0
0.169000,1500.00,1499.25,1,1,34,0,0.000,0
0.169667,1500.00,1499.25,1,1,35,0,0.000,0
0.170333,1500.00,1499.25,1,1,36,0,0.000,0
0.171000,1500.00,1500.09,1,1,37,0,0.000,0
0.171667,1500.00,1500.66,1,1,38,0,0.000,0
0.172333,1500.00,1500.66,1,1,39,0,0.000,0
0.173000,1500.00,1499.53,1,1,40,0,0.000,0
0.173667,1500.00,1499.53,1,1,41,0,0.000,0
0.174333,1500.00,1500.66,1,1,42,0,0.000,0
0.175000,1500.00,1500.66,1,1,43,0,0.000,0
0.175667,1500.00,1500.09,1,1,44,0,0.000,0
0.176333,1500.00,1500.38,1,1,45,0,0.000,0
0.177000,1500.00,1500.66,1,1,46,0,0.000,0
0.177667,1500.00,1500.09,1,1,47,0,0.000,0
0.178333,1500.00,1500.38,1,1,48,0,0.000,0
0.179000,1500.00,1500.94,1,1,49,0,0.000,0
0.179667,1500.00,1498.97,1,1,50,0,0.000,0
0.180333,1500.00,1501.22,1,1,51,0,0.000,0
0.181000,1500.00,1500.09,1,1,52,0,0.000,0
0.181667,1500.00,1499.25,1,1,53,0,0.000,0
0.182333,1500.00,1499.25,1,1,54,0,0.000,0
0.183000,1500.00,1499.25,1,1,55,0,0.000,0
0.183667,1500.00,1500.09,1,1,56,0,0.000,0
0.184333,1500.00,1500.38,1,1,57,0,0.000,0
0.186333,1500.00,1500.60,1,1,0,1,0.000,0
0.187000,1500.00,1499.03,1,1,1,1,0.000,0
0.187667,1500.00,1499.70,1,1,2,1,0.000,0
0.188333,1500.00,1499.93,1,1,3,1,0.000,0
0.189000,1500.00,1500.15,1,1,4,1,0.000,0
0.189667,1500.00,1499.93,1,1,5,1,0.000,0
0.190333,1500.00,1500.60,1,1,6,1,0.000,0
0.191000,1500.00,1499.48,1,1,7,1,0.000,0
0.191667,1500.00,1499.81,1,1,8,1,0.000,0
0.192333,1500.00,1500.38,1,1,9,1,0.000,0
0.193000,1500.00,1500.38,1,1,10,1,0.000,0
0.193667,1500.00,1500.38,1,1,11,1,0.000,0
0.194333,1500.00,1498.97,1,1,12,1,0.000,0
0.195000,1500.00,1500.66,1,1,13,1,0.000,0
0.195667,1500.00,1499.25,1,1,14,1,0.000,0
0.196333,1500.00,1499.25,1,1,15,1,0.000,0
0.197000,1500.00,1500.38,1,1,16,1,0.000,0
0.197667,1500.00,1499.81,1,1,17,1,0.000,0
0.198333,1500.00,1499.53,1,1,18,1,0.000,0
0.199000,1500.00,1500.09,1,1,19,1,0.000,0
0.199667,1500.00,1501.22,1,1,20,1,0.000,0
0.200333,1500.00,1499.25,1,1,21,1,0.000,0
0.201000,1500.00,1499.25,1,1,22,1,0.000,0
0.201667,1500.00,1501.22,1,1,23,1,0.000,0
0.202333,1500.00,1499.81,1,1,24,1,0.000,0
0.203000,1500.00,1499.81,1,1,25,1,0.000,0
0.203667,1500.00,1500.66,1,1,26,1,0.000,0
0.204333,1500.00,1500.09,1,1,27,1,0.000,0
0.205000,1500.00,1499.53,1,1,28,1,0.000,0
0.205667,1500.00,1500.66,1,1,29,1,0.000,0
0.206333,1500.00,1500.09,1,1,30,1,0.000,0
0.207000,1500.00,1499.25,1,1,31,1,0.000,0
0.207667,1500.00,1499.81,1,1,32,1,0.000,0
0.208333,1500.00,1500.09,1,1,33,1,0.000,0
0.209000,1500.00,1499.53,1,1,34,1,0.000,0
0.209667,1500.00,1499.81,1,1,35,1,0.000,0
0.210333,1500.00,1500.66,1,1,36,1,0.000,0
0.211000,1500.00,1499.81,1,1,37,1,0.000,0
0.211667,1500.00,1500.94,1,1,38,1,0.000,0
0.212333,1500.00,1500.09,1,1,39,1,0.000,0
0.213000,1500.00,1500.38,1,1,40,1,0.000,0
0.213667,1500.00,1499.81,1,1,41,1,0.000,0
0.214333,1500.00,1500.09,1,1,42,1,0.000,0
0.215000,1500.00,1500.38,1,1,43,1,0.000,0
0.215667,1500.00,1499.25,1,1,44,1,0.000,0
0.216333,1500.00,1499.81,1,1,45,1,0.000,0
0.217000,1500.00,1499.81,1,1,46,1,0.000,0
0.217667,1500.00,1499.25,1,1,47,1,0.000,0
0.218333,1500.00,1498.97,1,1,48,1,0.000,0
0.219000,1500.00,1500.09,1,1,49,1,0.000,0
0.219667,1500.00,1500.94,1,1,50,1,0.000,0
0.220333,1500.00,1499.25,1,1,51,1,0.000,0
0.221000,1500.00,1499.53,1,1,52,1,0.000,0
0.221667,1500.00,1500.38,1,1,53,1,0.000,0
0.222333,1500.00,1499.81,1,1,54,1,0.000,0
0.223000,1500.00,1500.38,1,1,55,1,0.000,0
0.223667,1500.00,1500.94,1,1,56,1,0.000,0
0.224333,1500.00,1500.38,1,1,57,1,0.000,0
0.226333,1500.00,1499.03,1,1,0,0,0.000,0
0.227000,1500.00,1499.93,1,1,1,0,0.000,0
0.227667,1500.00,1500.60,1,1,2,0,0.000,0
0.228333,1500.00,1499.48,1,1,3,0,0.000,0
0.229000,1500.00,1499.70,1,1,4,0,0.000,0
0.229667,1500.00,1500.15,1,1,5,0,0.000,0
0.230333,1500.00,1499.70,1,1,6,0,0.000,0
0.231000,1500.00,1499.93,1,1,7,0,0.000,0
0.231667,1500.00,1500.94,1,1,8,0,0.000,0
0.232333,1500.00,1500.94,1,1,9,0,0.000,0
0.233000,1500.00,1500.38,1,1,10,0,0.000,0
0.233667,1500.00,1500.66,1,1,11,0,0.000,0
0.234333,1500.00,1500.38,1,1,12,0,0.000,0
0.235000,1500.00,1500.09,1,1,13,0,0.000,0
0.235667,1500.00,1500.66,1,1,14,0,0.000,0
0.236333,1500.00,1499.81,1,1,15,0,0.000,0
0.237000,1500.00,1500.09,1,1,16,0,0.000,0
0.237667,1500.00,1499.81,1,1,17,0,0.000,0
0.238333,1500.00,1499.25,1,1,18,0,0.000,0
0.239000,1500.00,1500.09,1,1,19,0,0.000,0
0.239667,1500.00,1500.38,1,1,20,0,0.000,0
0.240333,1500.00,1500.38,1,1,21,0,0.000,0
0.241000,1500.00,1499.53,1,1,22,0,0.000,0
0.241667,1500.00,1499.53,1,1,23,0,0.000,0
0.242333,1500.00,1500.09,1,1,24,0,0.000,0
0.243000,1500.00,1499.81,1,1,25,0,0.000,0
0.243667,1500.00,1501.22,1,1,26,0,0.000,0
0.244333,1500.00,1499.81,1,1,27,0,0.000,0
0.245000,1500.00,1499.53,1,1,28,0,0.000,0
0.245667,1500.00,1499.81,1,1,29,0,0.000,0
0.246333,1500.00,1500.09,1,1,30,0,0.000,0
0.247000,1500.00,1500.09,1,1,31,0,0.000,0
0.247667,1500.00,1498.97,1,1,32,0,0.000,0
0.248333,1500.00,1500.38,1,1,33,0,0.000,0
0.249000,1500.00,1499.53,1,1,34,0,0.000,0
0.249667,1500.00,1500.09,1,1,35,0,0.000,0
0.250333,1500.00,1500.09,1,1,36,0,0.000,0
0.251000,1500.00,1500.09,1,1,37,0,0.000,0
0.251667,1500.00,1499.81,1,1,38,0,0.000,0
0.252333,1500.00,1500.66,1,1,39,0,0.000,0
0.253000,1500.00,1499.53,1,1,40,0,0.000,0
0.253667,1500.00,1500.09,1,1,41,0,0.000,0
0.254333,1500.00,1499.25,1,1,42,0,0.000,0
0.255000,1500.00,1499.53,1,1,43,0,0.000,0
0.255667,1500.00,1500.66,1,1,44,0,0.000,0
0.256333,1500.00,1499.81,1,1,45,0,0.000,0
0.257000,1500.00,1500.09,1,1,46,0,0.000,0
0.257667,1500.00,1499.81,1,1,47,0,0.000,0
0.258333,1500.00,1500.38,1,1,48,0,0.000,0
0.259000,1500.00,1499.53,1,1,49,0,0.000,0
0.259667,1500.00,1500.09,1,1,50,0,0.000,0
0.260333,1500.00,1500.09,1,1,51,0,0.000,0
0.261000,1500.00,1499.53,1,1,52,0,0.000,0
0.261667,1500.00,1499.81,1,1,53,0,0.000,0
0.262333,1500.00,1499.81,1,1,54,0,0.000,0
0.263000,1500.00,1499.81,1,1,55,0,0.000,0
0.263667,1500.00,1500.66,1,1,56,0,0.000,0
0.264333,1500.00,1499.81,1,1,57,0,0.000,0
0.266333,1500.00,1500.38,1,1,0,1,0.000,0
0.267000,1500.00,1500.38,1,1,1,1,0.000,0
0.267667,1500.00,1499.48,1,1,2,1,0.000,0
0.268333,1500.00,1500.83,1,1,3,1,0.000,0
0.269000,1500.00,1500.15,1,1,4,1,0.000,0
0.269667,1500.00,1500.60,1,1,5,1,0.000,0
0.270333,1500.00,1499.93,1,1,6,1,0.000,0
0.271000,1500.00,1499.70,1,1,7,1,0.000,0
0.271667,1500.00,1500.09,1,1,8,1,0.000,0
0.272333,1500.00,1499.25,1,1,9,1,0.000,0
0.273000,1500.00,1500.38,1,1,10,1,0.000,0
0.273667,1500.00,1499.81,1,1,11,1,0.000,0
0.274333,1500.00,1500.09,1,1,12,1,0.000,0
0.275000,1500.00,1498.69,1,1,13,1,0.000,0
0.275667,1500.00,1499.81,1,1,14,1,0.000,0
0.276333,1500.00,1500.66,1,1,15,1,0.000,0
0.277000,1500.00,1500.09,1,1,16,1,0.000,0
0.277667,1500.00,1500.94,1,1,17,1,0.000,0
0.278333,1500.00,1500.38,1,1,18,1,0.000,0
0.279000,1500.00,1499.81,1,1,19,1,0.000,0
0.279667,1500.00,1500.09,1,1,20,1,0.000,0
0.280333,1500.00,1500.38,1,1,21,1,0.000,0
0.281000,1500.00,1500.09,1,1,22,1,0.000,0
0.281667,1500.00,1499.53,1,1,23,1,0.000,0
0.282333,1500.00,1499.81,1,1,24,1,0.000,0
0.283000,1500.00,1498.97,1,1,25,1,0.000,0
0.283667,1500.00,1500.09,1,1,26,1,0.000,0
0.284333,1500.00,1499.81,1,1,27,1,0.000,0
0.285000,1500.00,1499.53,1,1,28,1,0.000,0
0.285667,1500.00,1499.81,1,1,29,1,0.000,0
0.286333,1500.00,1499.25,1,1,30,1,0.000,0
0.287000,1500.00,1500.38,1,1,31,1,0.000,0
0.287667,1500.00,1500.09,1,1,32,1,0.000,0
0.288333,1500.00,1499.81,1,1,33,1,0.000,0
0.289000,1500.00,1499.53,1,1,34,1,0.000,0
0.289667,1500.00,1499.53,1,1,35,1,0.000,0
0.290333,1500.00,1500.66,1,1,36,1,0.000,0
0.291000,1500.00,1500.94,1,1,37,1,0.000,0
0.291667,1500.00,1500.94,1,1,38,1,0.000,0
0.292333,1500.00,1499.81,1,1,39,1,0.000,0
0.293000,1500.00,1499.53,1,1,40,1,0.000,0
0.293667,1500.00,1501.22,1,1,41,1,0.000,0
0.294333,1500.00,1500.09,1,1,42,1,0.000,0
0.295000,1500.00,1499.81,1,1,43,1,0.000,0
0.295667,1500.00,1499.53,1,1,44,1,0.000,0
0.296333,1500.00,1499.81,1,1,45,1,0.000,0
0.297000,1500.00,1499.53,1,1,46,1,0.000,0
0.297667,1500.00,1499.81,1,1,47,1,0.000,0
0.298333,1500.00,1500.38,1,1,48,1,0.000,0
0.299000,1500.00,1499.25,1,1,49,1,0.000,0
0.299667,1500.00,1499.25,1,1,50,1,0.000,0
0.300333,1500.00,1500.94,1,1,51,1,0.000,0
0.301000,1500.00,1500.09,1,1,52,1,0.000,0
0.301667,1500.00,1499.25,1,1,53,1,0.000,0
0.302333,1500.00,1500.38,1,1,54,1,0.000,0
0.303000,1500.00,1500.66,1,1,55,1,0.000,0
0.303667,1500.00,1499.53,1,1,56,1,0.000,0
0.304333,1500.00,1500.66,1,1,57,1,0.000,0
0.306333,1500.00,1500.60,1,1,0,0,0.000,0
0.307000,1500.00,1499.70,1,1,1,0,0.000,0
0.307667,1500.00,1499.93,1,1,2,0,0.000,0
0.308333,1500.00,1500.15,1,1,3,0,0.000,0
0.309000,1500.00,1499.48,1,1,4,0,0.000,0
0.309667,1500.00,1499.70,1,1,5,0,0.000,0
0.310333,1500.00,1500.38,1,1,6,0,0.000,0
0.311000,1500.00,1499.93,1,1,7,0,0.000,0
0.311667,1500.00,1499.53,1,1,8,0,0.000,0
0.312333,1500.00,1500.94,1,1,9,0,0.000,0
0.313000,1500.00,1500.38,1,1,10,0,0.000,0
0.313667,1500.00,1500.38,1,1,11,0,0.000,0
0.314333,1500.00,1500.38,1,1,12,0,0.000,0
0.315000,1500.00,1500.38,1,1,13,0,0.000,0
0.315667,1500.00,1500.38,1,1,14,0,0.000,0
0.316333,1500.00,1500.38,1,1,15,0,0.000,0
0.317000,1500.00,1500.94,1,1,16,0,0.000,0
0.317667,1500.00,1498.97,1,1,17,0,0.000,0
0.318333,1500.00,1499.25,1,1,18,0,0.000,0
0.319000,1500.00,1499.25,1,1,19,0,0.000,0
0.319667,1500.00,1500.38,1,1,20,0,0.000,0
0.320333,1500.00,1499.25,1,1,21,0,0.000,0
0.321000,1500.00,1499.53,1,1,22,0,0.000,0
0.321667,1500.00,1498.69,1,1,23,0,0.000,0
0.322333,1500.00,1499.53,1,1,24,0,0.000,0
0.323000,1500.00,1500.09,1,1,25,0,0.000,0
0.323667,1500.00,1500.94,1,1,26,0,0.000,0
0.324333,1500.00,1500.94,1,1,27,0,0.000,0
0.325000,1500.00,1499.53,1,1,28,0,0.000,0
0.325667,1500.00,1500.38,1,1,29,0,0.000,0
0.326333,1500.00,1500.09,1,1,30,0,0.000,0
0.327000,1500.00,1500.38,1,1,31,0,0.000,0
0.327667,1500.00,1499.53,1,1,32,0,0.000,0
0.328333,1500.00,1499.81,1,1,33,0,0.000,0
0.329000,1500.00,1499.25,1,1,34,0,0.000,0
0.329667,1500.00,1499.25,1,1,35,0,0.000,0
0.330333,1500.00,1500.94,1,1,36,0,0.000,0
0.331000,1500.00,1500.38,1,1,37,0,0.000,0
0.331667,1500.00,1499.81,1,1,38,0,0.000,0
0.332333,1500.00,1500.94,1,1,39,0,0.000,0
0.333000,1500.00,1500.09,1,1,40,0,0.000,0
0.333667,1500.00,1500.38,1,1,41,0,0.000,0
0.334333,1500.00,1500.09,1,1,42,0,0.000,0
0.335000,1500.00,1500.38,1,1,43,0,0.000,0
0.335667,1500.00,1499.53,1,1,44,0,0.000,0
0.336333,1500.00,1499.81,1,1,45,0,0.000,0
0.337000,1500.00,1500.66,1,1,46,0,0.000,0
0.337667,1500.00,1499.53,1,1,47,0,0.000,0
0.338333,1500.00,1500.09,1,1,48,0,0.000,0
0.339000,1500.00,1500.09,1,1,49,0,0.000,0
0.339667,1500.00,1500.38,1,1,50,0,0.000,0
0.340333,1500.00,1499.25,1,1,51,0,0.000,0
0.341000,1500.00,1499.53,1,1,52,0,0.000,0
0.341667,1500.00,1499.53,1,1,53,0,0.000,0
0.342333,1500.00,1499.25,1,1,54,0,0.000,0
0.343000,1500.00,1500.09,1,1,55,0,0.000,0
0.343667,1500.00,1500.38,1,1,56,0,0.000,0
0.344333,1500.00,1498.69,1,1,57,0,0.000,0
0.346333,1500.00,1499.70,1,1,0,1,0.000,0
0.347000,1500.00,1500.60,1,1,1,1,0.000,0
0.347667,1500.00,1500.60,1,1,2,1,0.000,0
0.348333,1500.00,1500.83,1,1,3,1,0.000,0
0.349000,1500.00,1500.15,1,1,4,1,0.000,0
0.349667,1500.00,1499.93,1,1,5,1,0.000,0
0.350333,1500.00,1500.15,1,1,6,1,0.000,0
0.351000,1500.00,1501.05,1,1,7,1,0.000,0
0.351667,1500.00,1500.38,1,1,8,1,0.000,0
0.352333,1500.00,1499.81,1,1,9,1,0.000,0
0.353000,1500.00,1499.25,1,1,10,1,0.000,0
0.353667,1500.00,1499.53,1,1,11,1,0.000,0
0.354333,1500.00,1500.66,1,1,12,1,0.000,0
0.355000,1500.00,1499.53,1,1,13,1,0.000,0
0.355667,1500.00,1499.81,1,1,14,1,0.000,0
0.356333,1500.00,1499.53,1,1,15,1,0.000,0
0.357000,1500.00,1499.25,1,1,16,1,0.000,0
0.357667,1500.00,1499.81,1,1,17,1,0.000,0
0.358333,1500.00,1500.09,1,1,18,1,0.000,0
0.359000,1500.00,1500.09,1,1,19,1,0.000,0
0.359667,1500.00,1498.97,1,1,20,1,0.000,0
0.360333,1500.00,1499.53,1,1,21,1,0.000,0
0.361000,1500.00,1500.09,1,1,22,1,0.000,0
0.361667,1500.00,1499.81,1,1,23,1,0.000,0
0.362333,1500.00,1500.94,1,1,24,1,0.000,0
0.363000,1500.00,1500.38,1,1,25,1,0.000,0
0.363667,1500.00,1500.09,1,1,26,1,0.000,0
0.364333,1500.00,1499.53,1,1,27,1,0.000,0
0.365000,1500.00,1499.53,1,1,28,1,0.000,0
0.365667,1500.00,1500.94,1,1,29,1,0.000,0
0.366333,1500.00,1500.09,1,1,30,1,0.000,0
0.367000,1500.00,1500.66,1,1,31,1,0.000,0
0.367667,1500.00,1500.09,1,1,32,1,0.000,0
0.368333,1500.00,1500.09,1,1,33,1,0.000,0
0.369000,1500.00,1499.81,1,1,34,1,0.000,0
0.369667,1500.00,1500.09,1,1,35,1,0.000,0
0.370333,1500.00,1500.09,1,1,36,1,0.000,0
0.371000,1500.00,1499.81,1,1,37,1,0.000,0
0.371667,1500.00,1499.53,1,1,38,1,0.000,0
0.372333,1500.00,1499.81,1,1,39,1,0.000,0
0.373000,1500.00,1500.09,1,1,40,1,0.000,0
0.373667,1500.00,1499.81,1,1,41,1,0.000,0
0.374333,1500.00,1500.38,1,1,42,1,0.000,0
0.375000,1500.00,1499.81,1,1,43,1,0.000,0
0.375667,1500.00,1501.22,1,1,44,1,0.000,0
0.376333,1500.00,1500.09,1,1,45,1,0.000,0
0.377000,1500.00,1500.09,1,1,46,1,0.000,0
0.377667,1500.00,1499.53,1,1,47,1,0.000,0
0.378333,1500.00,1499.53,1,1,48,1,0.000,0
0.379000,1500.00,1500.66,1,1,49,1,0.000,0
0.379667,1500.00,1500.09,1,1,50,1,0.000,0
0.380333,1500.00,1500.38,1,1,51,1,0.000,0
0.381000,1500.00,1499.25,1,1,52,1,0.000,0
0.381667,1500.00,1499.53,1,1,53,1,0.000,0
0.382333,1500.00,1500.09,1,1,54,1,0.000,0
0.383000,1500.00,1500.38,1,1,55,1,0.000,0
0.383667,1500.00,1500.09,1,1,56,1,0.000,0
0.384333,1500.00,1499.81,1,1,57,1,0.000,0
0.386333,1500.00,1500.15,1,1,0,0,0.000,0
0.387000,1500.00,1500.15,1,1,1,0,0.000,0
0.387667,1500.00,1500.15,1,1,2,0,0.000,0
0.388333,1500.00,1500.38,1,1,3,0,0.000,0
0.389000,1500.00,1499.93,1,1,4,0,0.000,0
0.389667,1500.00,1500.83,1,1,5,0,0.000,0
0.390333,1500.00,1500.15,1,1,6,0,0.000,0
0.391000,1500.00,1498.80,1,1,7,0,0.000,0
0.391667,1500.00,1500.09,1,1,8,0,0.000,0
0.392333,1500.00,1498.97,1,1,9,0,0.000,0
0.393000,1500.00,1499.81,1,1,10,0,0.000,0
0.393667,1500.00,1499.25,1,1,11,0,0.000,0
0.394333,1500.00,1500.66,1,1,12,0,0.000,0
0.395000,1500.00,1498.97,1,1,13,0,0.000,0
0.395667,1500.00,1499.81,1,1,14,0,0.000,0
0.396333,1500.00,1500.66,1,1,15,0,0.000,0
0.397000,1500.00,1499.53,1,1,16,0,0.000,0
0.397667,1500.00,1500.66,1,1,17,0,0.000,0
0.398333,1500.00,1500.09,1,1,18,0,0.000,0
0.399000,1500.00,1500.94,1,1,19,0,0.000,0
0.399667,1500.00,1499.81,1,1,20,0,0.000,0
0.400333,1500.00,1500.09,1,1,21,0,0.000,0
0.401000,1500.00,1499.53,1,1,22,0,0.000,0
0.401667,1500.00,1500.66,1,1,23,0,0.000,0
0.402333,1500.00,1499.81,1,1,24,0,0.000,0
0.403000,1500.00,1500.66,1,1,25,0,0.000,0
0.403667,1500.00,1500.66,1,1,26,0,0.000,0
0.404333,1500.00,1500.09,1,1,27,0,0.000,0
0.405000,1500.00,1499.53,1,1,28,0,0.000,0
0.405667,1500.00,1500.09,1,1,29,0,0.000,0
0.406333,1500.00,1500.38,1,1,30,0,0.000,0
0.407000,1500.00,1499.53,1,1,31,0,0.000,0
0.407667,1500.00,1500.09,1,1,32,0,0.000,0
0.408333,1500.00,1499.53,1,1,33,0,0.000,0
0.409000,1500.00,1498.97,1,1,34,0,0.000,0
0.409667,1500.00,1499.25,1,1,35,0,0.000,0
0.410333,1500.00,1500.09,1,1,36,0,0.000,0
0.411000,1500.00,1499.81,1,1,37,0,0.000,0
0.411667,1500.00,1499.81,1,1,38,0,0.000,0
0.412333,1500.00,1500.66,1,1,39,0,0.000,0
0.413000,1500.00,1499.25,1,1,40,0,0.000,0
0.413667,1500.00,1500.09,1,1,41,0,0.000,0
0.414333,1500.00,1500.94,1,1,42,0,0.000,0
0.415000,1500.00,1500.66,1,1,43,0,0.000,0
0.415667,1500.00,1500.38,1,1,44,0,0.000,0
0.416333,1500.00,1500.09,1,1,45,0,0.000,0
0.417000,1500.00,1499.81,1,1,46,0,0.000,0
0.417667,1500.00,1499.81,1,1,47,0,0.000,0
0.418333,1500.00,1501.22,1,1,48,0,0.000,0
0.419000,1500.00,1499.53,1,1,49,0,0.000,0
0.419667,1500.00,1500.09,1,1,50,0,0.000,0
0.420333,1500.00,1500.09,1,1,51,0,0.000,0
0.421000,1500.00,1500.38,1,1,52,0,0.000,0
0.421667,1500.00,1499.53,1,1,53,0,0.000,0
0.422333,1500.00,1500.38,1,1,54,0,0.000,0
0.423000,1500.00,1500.66,1,1,55,0,0.000,0
0.423667,1500.00,1500.38,1,1,56,0,0.000,0
0.424333,1500.00,1499.81,1,1,57,0,0.000,0
0.426333,1500.00,1499.25,1,1,0,1,0.000,0
0.427000,1500.00,1499.48,1,1,1,1,0.000,0
0.427667,1500.00,1499.25,1,1,2,1,0.000,0
0.428333,1500.00,1500.15,1,1,3,1,0.000,0
0.429000,1500.00,1499.93,1,1,4,1,0.000,0
0.429667,1500.00,1498.80,1,1,5,1,0.000,0
0.430333,1500.00,1499.48,1,1,6,1,0.000,0
0.431000,1500.00,1500.60,1,1,7,1,0.000,0
0.431667,1500.00,1500.09,1,1,8,1,0.000,0
0.432333,1500.00,1500.09,1,1,9,1,0.000,0
0.433000,1500.00,1500.09,1,1,10,1,0.000,0
0.433667,1500.00,1499.53,1,1,11,1,0.000,0
0.434333,1500.00,1499.25,1,1,12,1,0.000,0
0.435000,1500.00,1501.50,1,1,13,1,0.000,0
0.435667,1500.00,1499.53,1,1,14,1,0.000,0
0.436333,1500.00,1499.81,1,1,15,1,0.000,0
0.437000,1500.00,1499.81,1,1,16,1,0.000,0
0.437667,1500.00,1499.53,1,1,17,1,0.000,0
0.438333,1500.00,1500.09,1,1,18,1,0.000,0
0.439000,1500.00,1501.22,1,1,19,1,0.000,0
0.439667,1500.00,1500.94,1,1,20,1,0.000,0
0.440333,1500.00,1499.25,1,1,21,1,0.000,0
0.441000,1500.00,1500.66,1,1,22,1,0.000,0
0.441667,1500.00,1499.25,1,1,23,1,0.000,0
0.442333,1500.00,1500.38,1,1,24,1,0.000,0
0.443000,1500.00,1500.94,1,1,25,1,0.000,0
0.443667,1500.00,1500.38,1,1,26,1,0.000,0
0.444333,1500.00,1498.97,1,1,27,1,0.000,0
0.445000,1500.00,1500.09,1,1,28,1,0.000,0
0.445667,1500.00,1500.09,1,1,29,1,0.000,0
0.446333,1500.00,1499.81,1,1,30,1,0.000,0
0.447000,1500.00,1500.94,1,1,31,1,0.000,0
0.447667,1500.00,1500.09,1,1,32,1,0.000,0
0.448333,1500.00,1499.53,1,1,33,1,0.000,0
0.449000,1500.00,1500.09,1,1,34,1,0.000,0
0.449667,1500.00,1500.66,1,1,35,1,0.000,0
0.450333,1500.00,1500.38,1,1,36,1,0.000,0
0.451000,1500.00,1500.09,1,1,37,1,0.000,0
0.451667,1500.00,1500.09,1,1,38,1,0.000,0
0.452333,1500.00,1499.81,1,1,39,1,0.000,0
0.453000,1500.00,1500.38,1,1,40,1,0.000,0
0.453667,1500.00,1500.38,1,1,41,1,0.000,0
0.454333,1500.00,1499.81,1,1,42,1,0.000,0
0.455000,1500.00,1499.53,1,1,43,1,0.000,0
0.455667,1500.00,1498.97,1,1,44,1,0.000,0
0.456333,1500.00,1500.09,1,1,45,1,0.000,0
0.457000,1500.00,1500.09,1,1,46,1,0.000,0
0.457667,1500.00,1500.66,1,1,47,1,0.000,0
0.458333,1500.00,1499.53,1,1,48,1,0.000,0
0.459000,1500.00,1499.81,1,1,49,1,0.000,0
0.459667,1500.00,1500.66,1,1,50,1,0.000,0
0.460333,1500.00,1500.38,1,1,51,1,0.000,0
0.461000,1500.00,1500.09,1,1,52,1,0.000,0
0.461667,1500.00,1499.53,1,1,53,1,0.000,0
0.462333,1500.00,1499.81,1,1,54,1,0.000,0
0.463000,1500.00,1498.97,1,1,55,1,0.000,0
0.463667,1500.00,1499.81,1,1,56,1,0.000,0
0.464333,1500.00,1500.09,1,1,57,1,0.000,0
0.466333,1500.00,1498.58,1,1,0,0,0.000,0
0.467000,1500.00,1500.15,1,1,1,0,0.000,0
0.467667,1500.00,1499.93,1,1,2,0,0.000,0
0.468333,1500.00,1500.83,1,1,3,0,0.000,0
0.469000,1500.00,1499.70,1,1,4,0,0.000,0
0.469667,1500.00,1500.15,1,1,5,0,0.000,0
0.470333,1500.00,1500.60,1,1,6,0,0.000,0
0.471000,1500.00,1499.48,1,1,7,0,0.000,0
0.471667,1500.00,1501.78,1,1,8,0,0.000,0
0.472333,1500.00,1499.53,1,1,9,0,0.000,0
0.473000,1500.00,1500.66,1,1,10,0,0.000,0
0.473667,1500.00,1498.41,1,1,11,0,0.000,0
0.474333,1500.00,1500.66,1,1,12,0,0.000,0
0.475000,1500.00,1499.81,1,1,13,0,0.000,0
0.475667,1500.00,1500.09,1,1,14,0,0.000,0
0.476333,1500.00,1500.66,1,1,15,0,0.000,0
0.477000,1500.00,1499.53,1,1,16,0,0.000,0
0.477667,1500.00,1500.09,1,1,17,0,0.000,0
0.478333,1500.00,1499.81,1,1,18,0,0.000,0
0.479000,1500.00,1500.38,1,1,19,0,0.000,0
0.479667,1500.00,1499.25,1,1,20,0,0.000,0
0.480333,1500.00,1500.66,1,1,21,0,0.000,0
0.481000,1500.00,1499.53,1,1,22,0,0.000,0
0.481667,1500.00,1499.81,1,1,23,0,0.000,0
0.482333,1500.00,1500.38,1,1,24,0,0.000,0
0.483000,1500.00,1500.38,1,1,25,0,0.000,0
0.483667,1500.00,1500.38,1,1,26,0,0.000,0
0.484333,1500.00,1500.09,1,1,27,0,0.000,0
0.485000,1500.00,1500.09,1,1,28,0,0.000,0
0.485667,1500.00,1499.53,1,1,29,0,0.000,0
0.486333,1500.00,1499.81,1,1,30,0,0.000,0
0.487000,1500.00,1499.81,1,1,31,0,0.000,0
0.487667,1500.00,1498.69,1,1,32,0,0.000,0
0.488333,1500.00,1499.25,1,1,33,0,0.000,0
0.489000,1500.00,1500.09,1,1,34,0,0.000,0
0.489667,1500.00,1500.38,1,1,35,0,0.000,0
0.490333,1500.00,1500.66,1,1,36,0,0.000,0
0.491000,1500.00,1500.38,1,1,37,0,0.000,0
0.491667,1500.00,1500.09,1,1,38,0,0.000,0
0.492333,1500.00,1499.81,1,1,39,0,0.000,0
0.493000,1500.00,1500.66,1,1,40,0,0.000,0
0.493667,1500.00,1500.66,1,1,41,0,0.000,0
0.494333,1500.00,1499.53,1,1,42,0,0.000,0
0.495000,1500.00,1499.53,1,1,43,0,0.000,0
0.495667,1500.00,1498.97,1,1,44,0,0.000,0
0.496333,1500.00,1499.53,1,1,45,0,0.000,0
0.497000,1500.00,1500.09,1,1,46,0,0.000,0
0.497667,1500.00,1500.66,1,1,47,0,0.000,0
0.498333,1500.00,1500.09,1,1,48,0,0.000,0
0.499000,1500.00,1499.25,1,1,49,0,0.000,0
0.499667,1500.00,1500.09,1,1,50,0,0.000,0
0.500333,1500.00,1499.81,1,1,51,0,0.000,0
0.501000,1500.00,1501.22,1,1,52,0,0.000,0
0.501667,1500.00,1500.09,1,1,53,0,0.000,0
0.502333,1500.00,1500.09,1,1,54,0,0.000,0
0.503000,1500.00,1500.09,1,1,55,0,0.000,0
0.503667,1500.00,1499.53,1,1,56,0,0.000,0
0.504333,1500.00,1500.94,1,1,57,0,0.000,0
0.506333,1500.00,1499.48,1,1,0,1,0.000,0
0.507000,1500.00,1499.93,1,1,1,1,0.000,0
0.507667,1500.00,1499.93,1,1,2,1,0.000,0
0.508333,1500.00,1500.15,1,1,3,1,0.000,0
0.509000,1500.00,1500.15,1,1,4,1,0.000,0
0.509667,1500.00,1499.93,1,1,5,1,0.000,0
0.510333,1500.00,1500.60,1,1,6,1,0.000,0
0.511000,1500.00,1499.93,1,1,7,1,0.000,0
0.511667,1500.00,1500.66,1,1,8,1,0.000,0
0.512333,1500.00,1500.09,1,1,9,1,0.000,0
0.513000,1500.00,1499.25,1,1,10,1,0.000,0
0.513667,1500.00,1500.09,1,1,11,1,0.000,0
0.514333,1500.00,1499.53,1,1,12,1,0.000,0
0.515000,1500.00,1499.81,1,1,13,1,0.000,0
0.515667,1500.00,1499.53,1,1,14,1,0.000,0
0.516333,1500.00,1499.81,1,1,15,1,0.000,0
0.517000,1500.00,1499.81,1,1,16,1,0.000,0
0.517667,1500.00,1500.09,1,1,17,1,0.000,0
0.518333,1500.00,1499.81,1,1,18,1,0.000,0
0.519000,1500.00,1500.38,1,1,19,1,0.000,0
0.519667,1500.00,1500.66,1,1,20,1,0.000,0
0.520333,1500.00,1500.09,1,1,21,1,0.000,0
0.521000,1500.00,1500.09,1,1,22,1,0.000,0
0.521667,1500.00,1500.09,1,1,23,1,0.000,0
0.522333,1500.00,1500.09,1,1,24,1,0.000,0
0.523000,1500.00,1500.94,1,1,25,1,0.000,0
0.523667,1500.00,1500.66,1,1,26,1,0.000,0
0.524333,1500.00,1499.53,1,1,27,1,0.000,0
0.525000,1500.00,1499.25,1,1,28,1,0.000,0
0.525667,1500.00,1499.53,1,1,29,1,0.000,0
0.526333,1500.00,1500.38,1,1,30,1,0.000,0
0.527000,1500.00,1499.81,1,1,31,1,0.000,0
0.527667,1500.00,1499.81,1,1,32,1,0.000,0
0.528333,1500.00,1498.97,1,1,33,1,0.000,0
0.529000,1500.00,1499.53,1,1,34,1,0.000,0
0.529667,1500.00,1500.38,1,1,35,1,0.000,0
0.530333,1500.00,1500.66,1,1,36,1,0.000,0
0.531000,1500.00,1499.81,1,1,37,1,0.000,0
0.531667,1500.00,1499.53,1,1,38,1,0.000,0
0.532333,1500.00,1500.09,1,1,39,1,0.000,0
0.533000,1500.00,1499.81,1,1,40,1,0.000,0
0.533667,1500.00,1500.09,1,1,41,1,0.000,0
0.534333,1500.00,1500.09,1,1,42,1,0.000,0
0.535000,1500.00,1499.25,1,1,43,1,0.000,0
0.535667,1500.00,1499.53,1,1,44,1,0.000,0
0.536333,1500.00,1500.94,1,1,45,1,0.000,0
0.537000,1500.00,1500.38,1,1,46,1,0.000,0
0.537667,1500.00,1499.81,1,1,47,1,0.000,0
0.538333,1500.00,1500.66,1,1,48,1,0.000,0
0.539000,1500.00,1499.81,1,1,49,1,0.000,0
0.539667,1500.00,1500.09,1,1,50,1,0.000,0
0.540333,1500.00,1500.94,1,1,51,1,0.000,0
0.541000,1500.00,1499.53,1,1,52,1,0.000,0
0.541667,1500.00,1499.53,1,1,53,1,0.000,0
0.542333,1500.00,1500.09,1,1,54,1,0.000,0
0.543000,1500.00,1500.38,1,1,55,1,0.000,0
0.543667,1500.00,1499.25,1,1,56,1,0.000,0
0.544333,1500.00,1500.38,1,1,57,1,0.000,0
0.546333,1500.00,1500.38,1,1,0,0,0.000,0
0.547000,1500.00,1499.93,1,1,1,0,0.000,0
0.547667,1500.00,1500.15,1,1,2,0,0.000,0
0.548333,1500.00,1500.38,1,1,3,0,0.000,0
0.549000,1500.00,1499.93,1,1,4,0,0.000,0
0.549667,1500.00,1499.70,1,1,5,0,0.000,0
0.550333,1500.00,1499.93,1,1,6,0,0.000,0
0.551000,1500.00,1499.25,1,1,7,0,0.000,0
0.551667,1500.00,1499.25,1,1,8,0,0.000,0
0.552333,1500.00,1499.53,1,1,9,0,0.000,0
0.553000,1500.00,1500.09,1,1,10,0,0.000,0
0.553667,1500.00,1499.53,1,1,11,0,0.000,0
0.554333,1500.00,1499.53,1,1,12,0,0.000,0
0.555000,1500.00,1499.81,1,1,13,0,0.000,0
0.555667,1500.00,1501.22,1,1,14,0,0.000,0
0.556333,1500.00,1500.94,1,1,15,0,0.000,0
0.557000,1500.00,1500.09,1,1,16,0,0.000,0
0.557667,1500.00,1499.81,1,1,17,0,0.000,0
0.558333,1500.00,1500.09,1,1,18,0,0.000,0
0.559000,1500.00,1500.09,1,1,19,0,0.000,0
0.559667,1500.00,1500.09,1,1,20,0,0.000,0
0.560333,1500.00,1500.38,1,1,21,0,0.000,0
0.561000,1500.00,1498.97,1,1,22,0,0.000,0
0.561667,1500.00,1500.09,1,1,23,0,0.000,0
0.562333,1500.00,1500.66,1,1,24,0,0.000,0
0.563000,1500.00,1500.09,1,1,25,0,0.000,0
0.563667,1500.00,1500.09,1,1,26,0,0.000,0
0.564333,1500.00,1500.38,1,1,27,0,0.000,0
0.565000,1500.00,1500.94,1,1,28,0,0.000,0
0.565667,1500.00,1499.81,1,1,29,0,0.000,0
0.566333,1500.00,1500.66,1,1,30,0,0.000,0
0.567000,1500.00,1499.53,1,1,31,0,0.000,0
0.567667,1500.00,1499.81,1,1,32,0,0.000,0
0.568333,1500.00,1500.38,1,1,33,0,0.000,0
0.569000,1500.00,1500.09,1,1,34,0,0.000,0
0.569667,1500.00,1499.25,1,1,35,0,0.000,0
0.570333,1500.00,1498.69,1,1,36,0,0.000,0
0.571000,1500.00,1500.38,1,1,37,0,0.000,0
0.571667,1500.00,1500.38,1,1,38,0,0.000,0
0.572333,1500.00,1500.66,1,1,39,0,0.000,0
0.573000,1500.00,1500.09,1,1,40,0,0.000,0
0.573667,1500.00,1500.09,1,1,41,0,0.000,0
0.574333,1500.00,1499.81,1,1,42,0,0.000,0
0.575000,1500.00,1500.38,1,1,43,0,0.000,0
0.575667,1500.00,1500.94,1,1,44,0,0.000,0
0.576333,1500.00,1500.09,1,1,45,0,0.000,0
0.577000,1500.00,1500.09,1,1,46,0,0.000,0
0.577667,1500.00,1500.94,1,1,47,0,0.000,0
0.578333,1500.00,1499.53,1,1,48,0,0.000,0
0.579000,1500.00,1499.25,1,1,49,0,0.000,0
0.579667,1500.00,1500.66,1,1,50,0,0.000,0
0.580333,1500.00,1499.81,1,1,51,0,0.000,0
0.581000,1500.00,1499.53,1,1,52,0,0.000,0
0.581667,1500.00,1499.53,1,1,53,0,0.000,0
0.582333,1500.00,1498.69,1,1,54,0,0.000,0
0.583000,1500.00,1499.25,1,1,55,0,0.000,0
0.583667,1500.00,1499.81,1,1,56,0,0.000,0
0.584333,1500.00,1500.09,1,1,57,0,0.000,0
0.586333,1500.00,1499.48,1,1,0,1,0.000,0
0.587000,1500.00,1499.93,1,1,1,1,0.000,0
0.587667,1500.00,1499.70,1,1,2,1,0.000,0
0.588333,1500.00,1500.15,1,1,3,1,0.000,0
0.589000,1500.00,1500.38,1,1,4,1,0.000,0
0.589667,1500.00,1500.38,1,1,5,1,0.000,0
0.590333,1500.00,1500.83,1,1,6,1,0.000,0
0.591000,1500.00,1500.83,1,1,7,1,0.000,0
0.591667,1500.00,1500.66,1,1,8,1,0.000,0
0.592333,1500.00,1500.09,1,1,9,1,0.000,0
0.593000,1500.00,1500.94,1,1,10,1,0.000,0
0.593667,1500.00,1500.09,1,1,11,1,0.000,0
0.594333,1500.00,1500.38,1,1,12,1,0.000,0
0.595000,1500.00,1499.25,1,1,13,1,0.000,0
0.595667,1500.00,1498.97,1,1,14,1,0.000,0
0.596333,1500.00,1498.97,1,1,15,1,0.000,0
0.597000,1500.00,1499.81,1,1,16,1,0.000,0
0.597667,1500.00,1499.53,1,1,17,1,0.000,0
0.598333,1500.00,1500.09,1,1,18,1,0.000,0
0.599000,1500.00,1500.09,1,1,19,1,0.000,0
0.599667,1500.00,1500.09,1,1,20,1,0.000,0
0.600333,1500.00,1500.94,1,1,21,1,0.000,0
0.601000,1500.00,1500.38,1,1,22,1,0.000,0
0.601667,1500.00,1500.94,1,1,23,1,0.000,0
0.602333,1500.00,1500.09,1,1,24,1,0.000,0
0.603000,1500.00,1500.94,1,1,25,1,0.000,0
0.603667,1500.00,1499.25,1,1,26,1,0.000,0
0.604333,1500.00,1500.09,1,1,27,1,0.000,0
0.605000,1500.00,1498.97,1,1,28,1,0.000,0
0.605667,1500.00,1499.25,1,1,29,1,0.000,0
0.606333,1500.00,1500.09,1,1,30,1,0.000,0
0.607000,1500.00,1499.25,1,1,31,1,0.000,0
0.607667,1500.00,1499.81,1,1,32,1,0.000,0
0.608333,1500.00,1499.81,1,1,33,1,0.000,0
0.609000,1500.00,1499.81,1,1,34,1,0.000,0
0.609667,1500.00,1499.53,1,1,35,1,0.000,0
0.610333,1500.00,1500.66,1,1,36,1,0.000,0
0.611000,1500.00,1499.53,1,1,37,1,0.000,0
0.611667,1500.00,1500.09,1,1,38,1,0.000,0
0.612333,1500.00,1499.81,1,1,39,1,0.000,0
0.613000,1500.00,1499.53,1,1,40,1,0.000,0
0.613667,1500.00,1499.81,1,1,41,1,0.000,0
0.614333,1500.00,1500.38,1,1,42,1,0.000,0
0.615000,1500.00,1499.81,1,1,43,1,0.000,0
0.615667,1500.00,1499.81,1,1,44,1,0.000,0
0.616333,1500.00,1499.81,1,1,45,1,0.000,0
0.617000,1500.00,1499.81,1,1,46,1,0.000,0
0.617667,1500.00,1500.09,1,1,47,1,0.000,0
0.618333,1500.00,1500.94,1,1,48,1,0.000,0
0.619000,1500.00,1499.81,1,1,49,1,0.000,0
0.619667,1500.00,1499.81,1,1,50,1,0.000,0
0.620333,1500.00,1500.38,1,1,51,1,0.000,0
0.621000,1500.00,1500.09,1,1,52,1,0.000,0
0.621667,1500.00,1500.09,1,1,53,1,0.000,0
0.622333,1500.00,1499.81,1,1,54,1,0.000,0
0.623000,1500.00,1500.38,1,1,55,1,0.000,0
0.623667,1500.00,1499.25,1,1,56,1,0.000,0
0.624333,1500.00,1500.38,1,1,57,1,0.000,0
0.626333,1500.00,1499.93,1,1,0,0,0.000,0
0.627000,1500.00,1499.48,1,1,1,0,0.000,0
0.627667,1500.00,1500.60,1,1,2,0,0.000,0
0.628333,1500.00,1500.38,1,1,3,0,0.000,0
0.629000,1500.00,1499.93,1,1,4,0,0.000,0
0.629667,1500.00,1499.93,1,1,5,0,0.000,0
0.630333,1500.00,1500.15,1,1,6,0,0.000,0
0.631000,1500.00,1500.38,1,1,7,0,0.000,0
0.631667,1500.00,1500.09,1,1,8,0,0.000,0
0.632333,1500.00,1500.09,1,1,9,0,0.000,0
0.633000,1500.00,1499.25,1,1,10,0,0.000,0
0.633667,1500.00,1500.94,1,1,11,0,0.000,0
0.634333,1500.00,1499.53,1,1,12,0,0.000,0
0.635000,1500.00,1499.81,1,1,13,0,0.000,0
0.635667,1500.00,1499.81,1,1,14,0,0.000,0
0.636333,1500.00,1499.53,1,1,15,0,0.000,0
0.637000,1500.00,1499.81,1,1,16,0,0.000,0
0.637667,1500.00,1499.81,1,1,17,0,0.000,0
0.638333,1500.00,1500.09,1,1,18,0,0.000,0
0.639000,1500.00,1498.69,1,1,19,0,0.000,0
0.639667,1500.00,1500.66,1,1,20,0,0.000,0
0.640333,1500.00,1500.38,1,1,21,0,0.000,0
0.641000,1500.00,1500.38,1,1,22,0,0.000,0
0.641667,1500.00,1499.53,1,1,23,0,0.000,0
0.642333,1500.00,1500.09,1,1,24,0,0.000,0
0.643000,1500.00,1500.94,1,1,25,0,0.000,0
0.643667,1500.00,1500.38,1,1,26,0,0.000,0
0.644333,1500.00,1500.09,1,1,27,0,0.000,0
0.645000,1500.00,1500.38,1,1,28,0,0.000,0
0.645667,1500.00,1499.25,1,1,29,0,0.000,0
0.646333,1500.00,1499.25,1,1,30,0,0.000,0
0.647000,1500.00,1499.53,1,1,31,0,0.000,0
0.647667,1500.00,1500.66,1,1,32,0,0.000,0
0.648333,1500.00,1499.25,1,1,33,0,0.000,0
0.649000,1500.00,1499.53,1,1,34,0,0.000,0
0.649667,1500.00,1500.38,1,1,35,0,0.000,0
0.650333,1500.00,1498.97,1,1,36,0,0.000,0
0.651000,1500.00,1500.38,1,1,37,0,0.000,0
0.651667,1500.00,1501.78,1,1,38,0,0.000,0
0.652333,1500.00,1501.22,1,1,39,0,0.000,0
0.653000,1500.00,1499.53,1,1,40,0,0.000,0
0.653667,1500.00,1500.66,1,1,41,0,0.000,0
0.654333,1500.00,1499.53,1,1,42,0,0.000,0
0.655000,1500.00,1500.38,1,1,43,0,0.000,0
0.655667,1500.00,1501.22,1,1,44,0,0.000,0
0.656333,1500.00,1499.53,1,1,45,0,0.000,0
0.657000,1500.00,1498.69,1,1,46,0,0.000,0
0.657667,1500.00,1499.25,1,1,47,0,0.000,0
0.658333,1500.00,1500.38,1,1,48,0,0.000,0
0.659000,1500.00,1500.09,1,1,49,0,0.000,0
0.659667,1500.00,1500.09,1,1,50,0,0.000,0
0.660333,1500.00,1498.97,1,1,51,0,0.000,0
0.661000,1500.00,1499.81,1,1,52,0,0.000,0
0.661667,1500.00,1500.38,1,1,53,0,0.000,0
0.662333,1500.00,1500.38,1,1,54,0,0.000,0
0.663000,1500.00,1500.09,1,1,55,0,0.000,0
0.663667,1500.00,1499.25,1,1,56,0,0.000,0
0.664333,1500.00,1500.09,1,1,57,0,0.000,0
0.666333,1500.00,1499.93,1,1,0,1,0.000,0
0.667000,1500.00,1499.25,1,1,1,1,0.000,0
0.667667,1500.00,1499.70,1,1,2,1,0.000,0
0.668333,1500.00,1499.70,1,1,3,1,0.000,0
0.669000,1500.00,1499.93,1,1,4,1,0.000,0
0.669667,1500.00,1499.93,1,1,5,1,0.000,0
0.670333,1500.00,1499.93,1,1,6,1,0.000,0
0.671000,1500.00,1499.70,1,1,7,1,0.000,0
0.671667,1500.00,1501.22,1,1,8,1,0.000,0
0.672333,1500.00,1501.22,1,1,9,1,0.000,0
0.673000,1500.00,1500.38,1,1,10,1,0.000,0
0.673667,1500.00,1500.94,1,1,11,1,0.000,0
0.674333,1500.00,1499.25,1,1,12,1,0.000,0
0.675000,1500.00,1500.09,1,1,13,1,0.000,0
0.675667,1500.00,1500.94,1,1,14,1,0.000,0
0.676333,1500.00,1500.09,1,1,15,1,0.000,0
0.677000,1500.00,1498.97,1,1,16,1,0.000,0
0.677667,1500.00,1499.81,1,1,17,1,0.000,0
0.678333,1500.00,1499.25,1,1,18,1,0.000,0
0.679000,1500.00,1498.97,1,1,19,1,0.000,0
0.679667,1500.00,1500.38,1,1,20,1,0.000,0
0.680333,1500.00,1500.38,1,1,21,1,0.000,0
0.681000,1500.00,1499.53,1,1,22,1,0.000,0
0.681667,1500.00,1499.81,1,1,23,1,0.000,0
0.682333,1500.00,1500.09,1,1,24,1,0.000,0
0.683000,1500.00,1500.38,1,1,25,1,0.000,0
0.683667,1500.00,1500.09,1,1,26,1,0.000,0
0.684333,1500.00,1501.22,1,1,27,1,0.000,0
0.685000,1500.00,1500.09,1,1,28,1,0.000,0
0.685667,1500.00,1500.09,1,1,29,1,0.000,0
0.686333,1500.00,1499.53,1,1,30,1,0.000,0
0.687000,1500.00,1500.09,1,1,31,1,0.000,0
0.687667,1500.00,1500.38,1,1,32,1,0.000,0
0.688333,1500.00,1500.66,1,1,33,1,0.000,0
0.689000,1500.00,1500.94,1,1,34,1,0.000,0
0.689667,1500.00,1499.25,1,1,35,1,0.000,0
0.690333,1500.00,1500.38,1,1,36,1,0.000,0
0.691000,1500.00,1499.53,1,1,37,1,0.000,0
0.691667,1500.00,1500.38,1,1,38,1,0.000,0
0.692333,1500.00,1500.09,1,1,39,1,0.000,0
0.693000,1500.00,1499.25,1,1,40,1,0.000,0
0.693667,1500.00,1498.97,1,1,41,1,0.000,0
0.694333,1500.00,1499.25,1,1,42,1,0.000,0
0.695000,1500.00,1500.38,1,1,43,1,0.000,0
0.695667,1500.00,1499.53,1,1,44,1,0.000,0
0.696333,1500.00,1499.81,1,1,45,1,0.000,0
0.697000,1500.00,1500.09,1,1,46,1,0.000,0
0.697667,1500.00,1500.09,1,1,47,1,0.000,0
0.698333,1500.00,1500.94,1,1,48,1,0.000,0
0.699000,1500.00,1500.94,1,1,49,1,0.000,0
0.699667,1500.00,1500.09,1,1,50,1,0.000,0
0.700333,1500.00,1499.81,1,1,51,1,0.000,0
0.701000,1500.00,1499.81,1,1,52,1,0.000,0
0.701667,1500.00,1500.38,1,1,53,1,0.000,0
0.702333,1500.00,1500.38,1,1,54,1,0.000,0
0.703000,1500.00,1499.53,1,1,55,1,0.000,0
0.703667,1500.00,1499.53,1,1,56,1,0.000,0
0.704333,1500.00,1499.25,1,1,57,1,0.000,0
0.706333,1500.00,1500.38,1,1,0,0,0.000,0
0.707000,1500.00,1499.48,1,1,1,0,0.000,0
0.707667,1500.00,1500.15,1,1,2,0,0.000,0
0.708333,1500.00,1499.93,1,1,3,0,0.000,0
0.709000,1500.00,1499.93,1,1,4,0,0.000,0
0.709667,1500.00,1500.38,1,1,5,0,0.000,0
0.710333,1500.00,1500.38,1,1,6,0,0.000,0
0.711000,1500.00,1500.38,1,1,7,0,0.000,0
0.711667,1500.00,1499.53,1,1,8,0,0.000,0
0.712333,1500.00,1500.66,1,1,9,0,0.000,0
0.713000,1500.00,1500.38,1,1,10,0,0.000,0
0.713667,1500.00,1500.38,1,1,11,0,0.000,0
0.714333,1500.00,1500.09,1,1,12,0,0.000,0
0.715000,1500.00,1499.53,1,1,13,0,0.000,0
0.715667,1500.00,1499.81,1,1,14,0,0.000,0
0.716333,1500.00,1500.09,1,1,15,0,0.000,0
0.717000,1500.00,1500.38,1,1,16,0,0.000,0
0.717667,1500.00,1499.81,1,1,17,0,0.000,0
0.718333,1500.00,1499.53,1,1,18,0,0.000,0
0.719000,1500.00,1499.81,1,1,19,0,0.000,0
0.719667,1500.00,1499.25,1,1,20,0,0.000,0
0.720333,1500.00,1500.38,1,1,21,0,0.000,0
0.721000,1500.00,1499.53,1,1,22,0,0.000,0
0.721667,1500.00,1499.53,1,1,23,0,0.000,0
0.722333,1500.00,1499.53,1,1,24,0,0.000,0
0.723000,1500.00,1500.38,1,1,25,0,0.000,0
0.723667,1500.00,1499.25,1,1,26,0,0.000,0
0.724333,1500.00,1499.53,1,1,27,0,0.000,0
0.725000,1500.00,1500.66,1,1,28,0,0.000,0
0.725667,1500.00,1500.38,1,1,29,0,0.000,0
0.726333,1500.00,1500.09,1,1,30,0,0.000,0
0.727000,1500.00,1499.53,1,1,31,0,0.000,0
0.727667,1500.00,1500.09,1,1,32,0,0.000,0
0.728333,1500.00,1499.53,1,1,33,0,0.000,0
0.729000,1500.00,1500.66,1,1,34,0,0.000,0
0.729667,1500.00,1500.09,1,1,35,0,0.000,0
0.730333,1500.00,1499.81,1,1,36,0,0.000,0
0.731000,1500.00,1499.53,1,1,37,0,0.000,0
0.731667,1500.00,1500.38,1,1,38,0,0.000,0
0.732333,1500.00,1500.38,1,1,39,0,0.000,0
0.733000,1500.00,1499.53,1,1,40,0,0.000,0
0.733667,1500.00,1500.09,1,1,41,0,0.000,0
0.734333,1500.00,1500.66,1,1,42,0,0.000,0
0.735000,1500.00,1500.38,1,1,43,0,0.000,0
0.735667,1500.00,1500.09,1,1,44,0,0.000,0
0.736333,1500.00,1499.53,1,1,45,0,0.000,0
0.737000,1500.00,1500.38,1,1,46,0,0.000,0
0.737667,1500.00,1500.38,1,1,47,0,0.000,0
0.738333,1500.00,1500.66,1,1,48,0,0.000,0
0.739000,1500.00,1499.25,1,1,49,0,0.000,0
0.739667,1500.00,1499.25,1,1,50,0,0.000,0
0.740333,1500.00,1499.53,1,1,51,0,0.000,0
0.741000,1500.00,1500.38,1,1,52,0,0.000,0
0.741667,1500.00,1499.81,1,1,53,0,0.000,0
0.742333,1500.00,1499.53,1,1,54,0,0.000,0
0.743000,1500.00,1500.09,1,1,55,0,0.000,0
0.743667,1500.00,1500.09,1,1,56,0,0.000,0
0.744333,1500.00,1501.50,1,1,57,0,0.000,0
0.746333,1500.00,1500.15,1,1,0,1,0.000,0
0.747000,1500.00,1500.15,1,1,1,1,0.000,0
0.747667,1500.00,1499.70,1,1,2,1,0.000,0
0.748333,1500.00,1500.38,1,1,3,1,0.000,0
0.749000,1500.00,1499.70,1,1,4,1,0.000,0
0.749667,1500.00,1499.25,1,1,5,1,0.000,0
0.750333,1500.00,1499.70,1,1,6,1,0.000,0
0.751000,1500.00,1499.48,1,1,7,1,0.000,0
0.751667,1500.00,1500.09,1,1,8,1,0.000,0
0.752333,1500.00,1500.66,1,1,9,1,0.000,0
0.753000,1500.00,1499.81,1,1,10,1,0.000,0
0.753667,1500.00,1499.81,1,1,11,1,0.000,0
0.754333,1500.00,1500.38,1,1,12,1,0.000,0
0.755000,1500.00,1500.09,1,1,13,1,0.000,0
0.755667,1500.00,1500.38,1,1,14,1,0.000,0
0.756333,1500.00,1499.25,1,1,15,1,0.000,0
0.757000,1500.00,1500.38,1,1,16,1,0.000,0
0.757667,1500.00,1499.53,1,1,17,1,0.000,0
0.758333,1500.00,1500.09,1,1,18,1,0.000,0
0.759000,1500.00,1500.09,1,1,19,1,0.000,0
0.759667,1500.00,1499.81,1,1,20,1,0.000,0
0.760333,1500.00,1500.66,1,1,21,1,0.000,0
0.761000,1500.00,1499.81,1,1,22,1,0.000,0
0.761667,1500.00,1500.09,1,1,23,1,0.000,0
0.762333,1500.00,1499.53,1,1,24,1,0.000,0
0.763000,1500.00,1500.66,1,1,25,1,0.000,0
0.763667,1500.00,1500.09,1,1,26,1,0.000,0
0.764333,1500.00,1499.53,1,1,27,1,0.000,0
0.765000,1500.00,1500.94,1,1,28,1,0.000,0
0.765667,1500.00,1499.81,1,1,29,1,0.000,0
0.766333,1500.00,1500.09,1,1,30,1,0.000,0
0.767000,1500.00,1500.66,1,1,31,1,0.000,0
0.767667,1500.00,1499.81,1,1,32,1,0.000,0
0.768333,1500.00,1499.25,1,1,33,1,0.000,0
0.769000,1500.00,1500.66,1,1,34,1,0.000,0
0.769667,1500.00,1500.94,1,1,35,1,0.000,0
0.770333,1500.00,1499.25,1,1,36,1,0.000,0
0.771000,1500.00,1500.38,1,1,37,1,0.000,0
0.771667,1500.00,1499.81,1,1,38,1,0.000,0
0.772333,1500.00,1500.09,1,1,39,1,0.000,0
0.773000,1500.00,1500.66,1,1,40,1,0.000,0
0.773667,1500.00,1500.94,1,1,41,1,0.000,0
0.774333,1500.00,1499.53,1,1,42,1,0.000,0
0.775000,1500.00,1500.66,1,1,43,1,0.000,0
0.775667,1500.00,1500.09,1,1,44,1,0.000,0
0.776333,1500.00,1499.25,1,1,45,1,0.000,0
0.777000,1500.00,1500.09,1,1,46,1,0.000,0
0.777667,1500.00,1500.09,1,1,47,1,0.000,0
0.778333,1500.00,1500.09,1,1,48,1,0.000,0
0.779000,1500.00,1499.25,1,1,49,1,0.000,0
0.779667,1500.00,1499.25,1,1,50,1,0.000,0
0.780333,1500.00,1498.69,1,1,51,1,0.000,0
0.781000,1500.00,1500.38,1,1,52,1,0.000,0
0.781667,1500.00,1500.38,1,1,53,1,0.000,0
0.782333,1500.00,1500.09,1,1,54,1,0.000,0
0.783000,1500.00,1500.09,1,1,55,1,0.000,0
0.783667,1500.00,1499.53,1,1,56,1,0.000,0
0.784333,1500.00,1498.97,1,1,57,1,0.000,0
0.786333,1500.00,1499.93,1,1,0,0,0.000,0
0.787000,1500.00,1500.83,1,1,1,0,0.000,0
0.787667,1500.00,1499.48,1,1,2,0,0.000,0
0.788333,1500.00,1499.70,1,1,3,0,0.000,0
0.789000,1500.00,1500.15,1,1,4,0,0.000,0
0.789667,1500.00,1499.93,1,1,5,0,0.000,0
0.790333,1500.00,1499.93,1,1,6,0,0.000,0
0.791000,1500.00,1500.38,1,1,7,0,0.000,0
0.791667,1500.00,1500.66,1,1,8,0,0.000,0
0.792333,1500.00,1499.53,1,1,9,0,0.000,0
0.793000,1500.00,1500.09,1,1,10,0,0.000,0
0.793667,1500.00,1500.38,1,1,11,0,0.000,0
0.794333,1500.00,1500.09,1,1,12,0,0.000,0
0.795000,1500.00,1500.09,1,1,13,0,0.000,0
0.795667,1500.00,1499.81,1,1,14,0,0.000,0
0.796333,1500.00,1500.66,1,1,15,0,0.000,0
0.797000,1500.00,1499.53,1,1,16,0,0.000,0
0.797667,1500.00,1500.09,1,1,17,0,0.000,0
0.798333,1500.00,1500.66,1,1,18,0,0.000,0
0.799000,1500.00,1500.09,1,1,19,0,0.000,0
0.799667,1500.00,1499.81,1,1,20,0,0.000,0
0.800333,1500.00,1499.81,1,1,21,0,0.000,0
0.801000,1500.00,1500.09,1,1,22,0,0.000,0
0.801667,1500.00,1499.81,1,1,23,0,0.000,0
0.802333,1500.00,1500.09,1,1,24,0,0.000,0
0.803000,1500.00,1499.53,1,1,25,0,0.000,0
0.803667,1500.00,1499.81,1,1,26,0,0.000,0
0.804333,1500.00,1499.81,1,1,27,0,0.000,0
0.805000,1500.00,1500.09,1,1,28,0,0.000,0
0.805667,1500.00,1499.25,1,1,29,0,0.000,0
0.806333,1500.00,1499.81,1,1,30,0,0.000,0
0.807000,1500.00,1500.38,1,1,31,0,0.000,0
0.807667,1500.00,1499.81,1,1,32,0,0.000,0
0.808333,1500.00,1500.09,1,1,33,0,0.000,0
0.809000,1500.00,1499.53,1,1,34,0,0.000,0
0.809667,1500.00,1500.38,1,1,35,0,0.000,0
0.810333,1500.00,1499.53,1,1,36,0,0.000,0
0.811000,1500.00,1500.09,1,1,37,0,0.000,0
0.811667,1500.00,1499.53,1,1,38,0,0.000,0
0.812333,1500.00,1499.53,1,1,39,0,0.000,0
0.813000,1500.00,1501.22,1,1,40,0,0.000,0
0.813667,1500.00,1500.38,1,1,41,0,0.000,0
0.814333,1500.00,1500.09,1,1,42,0,0.000,0
0.815000,1500.00,1499.25,1,1,43,0,0.000,0
0.815667,1500.00,1499.81,1,1,44,0,0.000,0
0.816333,1500.00,1499.81,1,1,45,0,0.000,0
0.817000,1500.00,1501.22,1,1,46,0,0.000,0
0.817667,1500.00,1500.94,1,1,47,0,0.000,0
0.818333,1500.00,1499.53,1,1,48,0,0.000,0
0.819000,1500.00,1500.09,1,1,49,0,0.000,0
0.819667,1500.00,1500.09,1,1,50,0,0.000,0
0.820333,1500.00,1500.38,1,1,51,0,0.000,0
0.821000,1500.00,1500.38,1,1,52,0,0.000,0
0.821667,1500.00,1500.38,1,1,53,0,0.000,0
0.822333,1500.00,1499.53,1,1,54,0,0.000,0
0.823000,1500.00,1498.41,1,1,55,0,0.000,0
0.823667,1500.00,1499.53,1,1,56,0,0.000,0
0.824333,1500.00,1500.09,1,1,57,0,0.000,0
0.826333,1500.00,1499.70,1,1,0,1,0.000,0
0.827000,1500.00,1500.15,1,1,1,1,0.000,0
0.827667,1500.00,1499.93,1,1,2,1,0.000,0
0.828333,1500.00,1500.15,1,1,3,1,0.000,0
0.829000,1500.00,1500.15,1,1,4,1,0.000,0
0.829667,1500.00,1500.60,1,1,5,1,0.000,0
0.830333,1500.00,1499.70,1,1,6,1,0.000,0
0.831000,1500.00,1499.48,1,1,7,1,0.000,0
0.831667,1500.00,1500.09,1,1,8,1,0.000,0
0.832333,1500.00,1500.09,1,1,9,1,0.000,0
0.833000,1500.00,1500.38,1,1,10,1,0.000,0
0.833667,1500.00,1499.81,1,1,11,1,0.000,0
0.834333,1500.00,1499.25,1,1,12,1,0.000,0
0.835000,1500.00,1500.09,1,1,13,1,0.000,0
0.835667,1500.00,1500.94,1,1,14,1,0.000,0
0.836333,1500.00,1499.53,1,1,15,1,0.000,0
0.837000,1500.00,1500.09,1,1,16,1,0.000,0
0.837667,1500.00,1499.81,1,1,17,1,0.000,0
0.838333,1500.00,1500.09,1,1,18,1,0.000,0
0.839000,1500.00,1499.81,1,1,19,1,0.000,0
0.839667,1500.00,1500.94,1,1,20,1,0.000,0
0.840333,1500.00,1500.38,1,1,21,1,0.000,0
0.841000,1500.00,1499.81,1,1,22,1,0.000,0
0.841667,1500.00,1500.94,1,1,23,1,0.000,0
0.842333,1500.00,1500.38,1,1,24,1,0.000,0
0.843000,1500.00,1500.38,1,1,25,1,0.000,0
0.843667,1500.00,1499.53,1,1,26,1,0.000,0
0.844333,1500.00,1500.66,1,1,27,1,0.000,0
0.845000,1500.00,1500.09,1,1,28,1,0.000,0
0.845667,1500.00,1499.25,1,1,29,1,0.000,0
0.846333,1500.00,1500.09,1,1,30,1,0.000,0
0.847000,1500.00,1499.53,1,1,31,1,0.000,0
0.847667,1500.00,1499.53,1,1,32,1,0.000,0
0.848333,1500.00,1499.81,1,1,33,1,0.000,0
0.849000,1500.00,1500.09,1,1,34,1,0.000,0
0.849667,1500.00,1500.38,1,1,35,1,0.000,0
0.850333,1500.00,1499.53,1,1,36,1,0.000,0
0.851000,1500.00,1500.09,1,1,37,1,0.000,0
0.851667,1500.00,1499.25,1,1,38,1,0.000,0
0.852333,1500.00,1499.81,1,1,39,1,0.000,0
0.853000,1500.00,1500.38,1,1,40,1,0.000,0
0.853667,1500.00,1499.81,1,1,41,1,0.000,0
0.854333,1500.00,1499.81,1,1,42,1,0.000,0
0.855000,1500.00,1500.09,1,1,43,1,0.000,0
0.855667,1500.00,1500.09,1,1,44,1,0.000,0
0.856333,1500.00,1500.38,1,1,45,1,0.000,0
0.857000,1500.00,1500.38,1,1,46,1,0.000,0
0.857667,1500.00,1500.94,1,1,47,1,0.000,0
0.858333,1500.00,1499.81,1,1,48,1,0.000,0
0.859000,1500.00,1500.09,1,1,49,1,0.000,0
0.859667,1500.00,1501.22,1,1,50,1,0.000,0
0.860333,1500.00,1500.38,1,1,51,1,0.000,0
0.861000,1500.00,1500.09,1,1,52,1,0.000,0
0.861667,1500.00,1500.38,1,1,53,1,0.000,0
0.862333,1500.00,1499.81,1,1,54,1,0.000,0
0.863000,1500.00,1500.09,1,1,55,1,0.000,0
0.863667,1500.00,1499.53,1,1,56,1,0.000,0
0.864333,1500.00,1500.38,1,1,57,1,0.000,0
0.866333,1500.00,1499.70,1,1,0,0,0.000,0
0.867000,1500.00,1499.03,1,1,1,0,0.000,0
0.867667,1500.00,1499.70,1,1,2,0,0.000,0
0.868333,1500.00,1500.15,1,1,3,0,0.000,0
0.869000,1500.00,1500.38,1,1,4,0,0.000,0
0.869667,1500.00,1499.70,1,1,5,0,0.000,0
0.870333,1500.00,1500.38,1,1,6,0,0.000,0
0.871000,1500.00,1499.93,1,1,7,0,0.000,0
0.871667,1500.00,1498.97,1,1,8,0,0.000,0
0.872333,1500.00,1500.09,1,1,9,0,0.000,0
0.873000,1500.00,1500.94,1,1,10,0,0.000,0
0.873667,1500.00,1498.69,1,1,11,0,0.000,0
0.874333,1500.00,1500.38,1,1,12,0,0.000,0
0.875000,1500.00,1499.81,1,1,13,0,0.000,0
0.875667,1500.00,1500.09,1,1,14,0,0.000,0
0.876333,1500.00,1499.25,1,1,15,0,0.000,0
0.877000,1500.00,1501.22,1,1,16,0,0.000,0
0.877667,1500.00,1500.38,1,1,17,0,0.000,0
0.878333,1500.00,1500.38,1,1,18,0,0.000,0
0.879000,1500.00,1500.94,1,1,19,0,0.000,0
0.879667,1500.00,1498.97,1,1,20,0,0.000,0
0.880333,1500.00,1499.81,1,1,21,0,0.000,0
0.881000,1500.00,1500.09,1,1,22,0,0.000,0
0.881667,1500.00,1501.22,1,1,23,0,0.000,0
0.882333,1500.00,1499.81,1,1,24,0,0.000,0
0.883000,1500.00,1500.38,1,1,25,0,0.000,0
0.883667,1500.00,1498.41,1,1,26,0,0.000,0
0.884333,1500.00,1500.09,1,1,27,0,0.000,0
0.885000,1500.00,1500.94,1,1,28,0,0.000,0
0.885667,1500.00,1500.38,1,1,29,0,0.000,0
0.886333,1500.00,1499.81,1,1,30,0,0.000,0
0.887000,1500.00,1498.97,1,1,31,0,0.000,0
0.887667,1500.00,1499.25,1,1,32,0,0.000,0
0.888333,1500.00,1499.81,1,1,33,0,0.000,0
0.889000,1500.00,1500.66,1,1,34,0,0.000,0
0.889667,1500.00,1499.81,1,1,35,0,0.000,0
0.890333,1500.00,1499.53,1,1,36,0,0.000,0
0.891000,1500.00,1499.81,1,1,37,0,0.000,0
0.891667,1500.00,1499.25,1,1,38,0,0.000,0
0.892333,1500.00,1500.38,1,1,39,0,0.000,0
0.893000,1500.00,1499.81,1,1,40,0,0.000,0
0.893667,1500.00,1499.81,1,1,41,0,0.000,0
0.894333,1500.00,1500.66,1,1,42,0,0.000,0
0.895000,1500.00,1499.53,1,1,43,0,0.000,0
0.895667,1500.00,1499.53,1,1,44,0,0.000,0
0.896333,1500.00,1500.38,1,1,45,0,0.000,0
0.897000,1500.00,1500.38,1,1,46,0,0.000,0
0.897667,1500.00,1500.38,1,1,47,0,0.000,0
0.898333,1500.00,1500.09,1,1,48,0,0.000,0
0.899000,1500.00,1499.81,1,1,49,0,0.000,0
0.899667,1500.00,1498.97,1,1,50,0,0.000,0
0.900333,1500.00,1500.09,1,1,51,0,0.000,0
0.901000,1500.00,1499.81,1,1,52,0,0.000,0
0.901667,1500.00,1498.97,1,1,53,0,0.000,0
0.902333,1500.00,1500.66,1,1,54,0,0.000,0
0.903000,1500.00,1499.53,1,1,55,0,0.000,0
0.903667,1500.00,1499.53,1,1,56,0,0.000,0
0.904333,1500.00,1499.81,1,1,57,0,0.000,0
0.906333,1500.00,1499.93,1,1,0,1,0.000,0
0.907000,1500.00,1500.38,1,1,1,1,0.000,0
0.907667,1500.00,1500.38,1,1,2,1,0.000,0
0.908333,1500.00,1500.38,1,1,3,1,0.000,0
0.909000,1500.00,1499.93,1,1,4,1,0.000,0
0.909667,1500.00,1499.93,1,1,5,1,0.000,0
0.910333,1500.00,1500.60,1,1,6,1,0.000,0
0.911000,1500.00,1500.15,1,1,7,1,0.000,0
0.911667,1500.00,1500.38,1,1,8,1,0.000,0
0.912333,1500.00,1499.53,1,1,9,1,0.000,0
0.913000,1500.00,1499.81,1,1,10,1,0.000,0
0.913667,1500.00,1500.38,1,1,11,1,0.000,0
0.914333,1500.00,1498.97,1,1,12,1,0.000,0
0.915000,1500.00,1500.66,1,1,13,1,0.000,0
0.915667,1500.00,1500.38,1,1,14,1,0.000,0
0.916333,1500.00,1499.53,1,1,15,1,0.000,0
0.917000,1500.00,1500.09,1,1,16,1,0.000,0
0.917667,1500.00,1500.66,1,1,17,1,0.000,0
0.918333,1500.00,1499.53,1,1,18,1,0.000,0
0.919000,1500.00,1499.25,1,1,19,1,0.000,0
0.919667,1500.00,1500.94,1,1,20,1,0.000,0
0.920333,1500.00,1499.25,1,1,21,1,0.000,0
0.921000,1500.00,1499.53,1,1,22,1,0.000,0
0.921667,1500.00,1500.66,1,1,23,1,0.000,0
0.922333,1500.00,1500.66,1,1,24,1,0.000,0
0.923000,1500.00,1498.97,1,1,25,1,0.000,0
0.923667,1500.00,1501.22,1,1,26,1,0.000,0
0.924333,1500.00,1500.09,1,1,27,1,0.000,0
0.925000,1500.00,1499.81,1,1,28,1,0.000,0
0.925667,1500.00,1500.38,1,1,29,1,0.000,0
0.926333,1500.00,1499.53,1,1,30,1,0.000,0
0.927000,1500.00,1500.09,1,1,31,1,0.000,0
0.927667,1500.00,1499.25,1,1,32,1,0.000,0
0.928333,1500.00,1500.66,1,1,33,1,0.000,0
0.929000,1500.00,1498.41,1,1,34,1,0.000,0
0.929667,1500.00,1500.09,1,1,35,1,0.000,0
0.930333,1500.00,1499.81,1,1,36,1,0.000,0
0.931000,1500.00,1499.81,1,1,37,1,0.000,0
0.931667,1500.00,1500.66,1,1,38,1,0.000,0
0.932333,1500.00,1499.53,1,1,39,1,0.000,0
0.933000,1500.00,1500.09,1,1,40,1,0.000,0
0.933667,1500.00,1500.09,1,1,41,1,0.000,0
0.934333,1500.00,1500.66,1,1,42,1,0.000,0
0.935000,1500.00,1500.66,1,1,43,1,0.000,0
0.935667,1500.00,1499.81,1,1,44,1,0.000,0
0.936333,1500.00,1500.09,1,1,45,1,0.000,0
0.937000,1500.00,1499.53,1,1,46,1,0.000,0
0.937667,1500.00,1500.09,1,1,47,1,0.000,0
0.938333,1500.00,1500.09,1,1,48,1,0.000,0
0.939000,1500.00,1500.66,1,1,49,1,0.000,0
0.939667,1500.00,1500.66,1,1,50,1,0.000,0
0.940333,1500.00,1499.53,1,1,51,1,0.000,0
0.941000,1500.00,1500.66,1,1,52,1,0.000,0
0.941667,1500.00,1500.09,1,1,53,1,0.000,0
0.942333,1500.00,1500.09,1,1,54,1,0.000,0
0.943000,1500.00,1500.38,1,1,55,1,0.000,0
0.943667,1500.00,1499.81,1,1,56,1,0.000,0
0.944333,1500.00,1498.97,1,1,57,1,0.000,0
0.946333,1500.00,1499.48,1,1,0,0,0.000,0
0.947000,1500.00,1500.38,1,1,1,0,0.000,0
0.947667,1500.00,1499.70,1,1,2,0,0.000,0
0.948333,1500.00,1499.48,1,1,3,0,0.000,0
0.949000,1500.00,1500.15,1,1,4,0,0.000,0
0.949667,1500.00,1499.93,1,1,5,0,0.000,0
0.950333,1500.00,1499.93,1,1,6,0,0.000,0
0.951000,1500.00,1499.93,1,1,7,0,0.000,0
0.951667,1500.00,1500.09,1,1,8,0,0.000,0
0.952333,1500.00,1499.81,1,1,9,0,0.000,0
0.953000,1500.00,1500.38,1,1,10,0,0.000,0
0.953667,1500.00,1500.38,1,1,11,0,0.000,0
0.954333,1500.00,1499.53,1,1,12,0,0.000,0
0.955000,1500.00,1499.53,1,1,13,0,0.000,0
0.955667,1500.00,1500.09,1,1,14,0,0.000,0
0.956333,1500.00,1500.38,1,1,15,0,0.000,0
0.957000,1500.00,1500.94,1,1,16,0,0.000,0
0.957667,1500.00,1500.09,1,1,17,0,0.000,0
0.958333,1500.00,1499.53,1,1,18,0,0.000,0
0.959000,1500.00,1500.38,1,1,19,0,0.000,0
0.959667,1500.00,1499.53,1,1,20,0,0.000,0
0.960333,1500.00,1500.38,1,1,21,0,0.000,0
0.961000,1500.00,1500.66,1,1,22,0,0.000,0
0.961667,1500.00,1500.38,1,1,23,0,0.000,0
0.962333,1500.00,1499.53,1,1,24,0,0.000,0
0.963000,1500.00,1499.53,1,1,25,0,0.000,0
0.963667,1500.00,1500.09,1,1,26,0,0.000,0
0.964333,1500.00,1499.81,1,1,27,0,0.000,0
0.965000,1500.00,1500.94,1,1,28,0,0.000,0
0.965667,1500.00,1499.25,1,1,29,0,0.000,0
0.966333,1500.00,1499.53,1,1,30,0,0.000,0
0.967000,1500.00,1500.09,1,1,31,0,0.000,0
0.967667,1500.00,1499.81,1,1,32,0,0.000,0
0.968333,1500.00,1500.09,1,1,33,0,0.000,0
0.969000,1500.00,1499.81,1,1,34,0,0.000,0
0.969667,1500.00,1500.66,1,1,35,0,0.000,0
0.970333,1500.00,1499.53,1,1,36,0,0.000,0
0.971000,1500.00,1500.38,1,1,37,0,0.000,0
0.971667,1500.00,1499.81,1,1,38,0,0.000,0
0.972333,1500.00,1499.53,1,1,39,0,0.000,0
0.973000,1500.00,1499.81,1,1,40,0,0.000,0
0.973667,1500.00,1500.09,1,1,41,0,0.000,0
0.974333,1500.00,1499.81,1,1,42,0,0.000,0
0.975000,1500.00,1498.97,1,1,43,0,0.000,0
0.975667,1500.00,1500.09,1,1,44,0,0.000,0
0.976333,1500.00,1500.09,1,1,45,0,0.000,0
0.977000,1500.00,1500.38,1,1,46,0,0.000,0
0.977667,1500.00,1499.53,1,1,47,0,0.000,0
0.978333,1500.00,1500.66,1,1,48,0,0.000,0
0.979000,1500.00,1499.81,1,1,49,0,0.000,0
0.979667,1500.00,1500.09,1,1,50,0,0.000,0
0.980333,1500.00,1499.25,1,1,51,0,0.000,0
0.981000,1500.00,1499.53,1,1,52,0,0.000,0
0.981667,1500.00,1500.38,1,1,53,0,0.000,0
0.982333,1500.00,1500.09,1,1,54,0,0.000,0
0.983000,1500.00,1500.66,1,1,55,0,0.000,0
0.983667,1500.00,1499.81,1,1,56,0,0.000,0
0.984333,1500.00,1500.66,1,1,57,0,0.000,0
0.986333,1500.00,1500.60,1,1,0,1,0.000,0
0.987000,1500.00,1500.83,1,1,1,1,0.000,0
0.987667,1500.00,1500.60,1,1,2,1,0.000,0
0.988333,1500.00,1499.48,1,1,3,1,0.000,0
0.989000,1500.00,1499.93,1,1,4,1,0.000,0
0.989667,1500.00,1499.70,1,1,5,1,0.000,0
0.990333,1500.00,1499.70,1,1,6,1,0.000,0
0.991000,1500.00,1499.48,1,1,7,1,0.000,0
0.991667,1500.00,1499.25,1,1,8,1,0.000,0
0.992333,1500.00,1499.81,1,1,9,1,0.000,0
0.993000,1500.00,1499.81,1,1,10,1,0.000,0
0.993667,1500.00,1500.66,1,1,11,1,0.000,0
0.994333,1500.00,1499.53,1,1,12,1,0.000,0
0.995000,1500.00,1500.38,1,1,13,1,0.000,0
0.995667,1500.00,1500.66,1,1,14,1,0.000,0
0.996333,1500.00,1500.09,1,1,15,1,0.000,0
0.997000,1500.00,1500.66,1,1,16,1,0.000,0
0.997667,1500.00,1500.09,1,1,17,1,0.000,0
0.998333,1500.00,1501.50,1,1,18,1,0.000,0
0.999000,1500.00,1500.94,1,1,19,1,0.000,0
0.999667,1500.00,1500.38,1,1,20,1,0.000,0
1.001000,1500.00,0.00,0,0,20,1,0.000,0
1.001667,1500.00,0.00,0,0,20,1,0.000,0
1.002333,1500.00,0.00,0,0,20,1,0.000,0
1.003000,1500.00,0.00,0,0,20,1,0.000,0
1.003667,1500.00,1501.50,0,0,20,1,0.000,0
1.004333,1500.00,1499.25,0,0,20,1,0.000,0
1.005000,1500.00,1500.38,0,0,20,1,0.000,0
1.005667,1500.00,1499.89,0,0,20,1,0.000,0
1.006333,1500.00,1499.81,0,0,20,1,0.000,0
1.007000,1500.00,1499.81,0,0,20,1,0.000,0
1.007667,1500.00,1499.53,0,0,20,1,0.000,0
1.008333,1500.00,1500.38,0,0,20,1,0.000,0
1.009000,1500.00,1499.25,0,0,20,1,0.000,0
1.009667,1500.00,1500.09,0,0,20,1,0.000,0
1.010333,1500.00,1499.81,0,0,20,1,0.000,0
1.011000,1500.00,1500.94,0,0,20,1,0.000,0
1.011667,1500.00,1499.81,0,0,20,1,0.000,0
1.012333,1500.00,1500.09,0,0,20,1,0.000,0
1.013000,1500.00,1500.09,0,0,20,1,0.000,0
1.013667,1500.00,1499.25,0,0,20,1,0.000,0
1.014333,1500.00,1499.81,0,0,20,1,0.000,0
1.015000,1500.00,1500.66,0,0,20,1,0.000,0
1.015667,1500.00,1500.09,0,0,20,1,0.000,0
1.016333,1500.00,1499.25,0,0,20,1,0.000,0
1.017000,1500.00,1500.09,0,0,20,1,0.000,0
1.017667,1500.00,1499.81,0,0,20,1,0.000,0
1.018333,1500.00,1499.25,0,0,20,1,0.000,0
1.019000,1500.00,1499.81,0,0,20,1,0.000,0
1.019667,1500.00,1500.09,0,0,20,1,0.000,0
1.020333,1500.00,1500.09,0,0,20,1,0.000,0
1.021000,1500.00,1499.53,0,0,20,1,0.000,0
1.021667,1500.00,1499.81,0,0,20,1,0.000,0
1.022333,1500.00,1500.09,0,0,20,1,0.000,0
1.023000,1500.00,1500.38,0,0,20,1,0.000,0
1.023667,1500.00,1500.66,0,0,20,1,0.000,0
1.024333,1500.00,1500.09,0,0,20,1,0.000,0
1.026333,1500.00,1500.38,0,0,0,0,0.000,0
1.027000,1500.00,1499.48,0,0,1,0,0.000,0
1.027667,1500.00,1500.15,0,0,2,0,0.000,0
1.028333,1500.00,1500.38,0,0,3,0,0.000,0
1.029000,1500.00,1500.38,0,0,4,0,0.000,0
1.029667,1500.00,1499.93,0,0,5,0,0.000,0
1.030333,1500.00,1499.70,0,0,6,0,0.000,0
1.031000,1500.00,1499.70,0,0,7,0,0.000,0
1.031667,1500.00,1499.25,0,0,8,0,0.000,0
1.032333,1500.00,1499.81,0,0,9,0,0.000,0
1.033000,1500.00,1500.09,0,0,10,0,0.000,0
1.033667,1500.00,1499.53,0,0,11,0,0.000,0
1.034333,1500.00,1500.09,0,0,12,0,0.000,0
1.035000,1500.00,1500.09,0,0,13,0,0.000,0
1.035667,1500.00,1499.81,0,0,14,0,0.000,0
1.036333,1500.00,1500.94,0,0,15,0,0.000,0
1.037000,1500.00,1500.94,0,0,16,0,0.000,0
1.037667,1500.00,1500.38,0,0,17,0,0.000,0
1.038333,1500.00,1499.53,0,0,18,0,0.000,0
1.039000,1500.00,1500.94,0,0,19,0,0.000,0
1.039667,1500.00,1499.53,0,0,20,0,0.000,0
1.040333,1500.00,1499.53,0,0,21,0,0.000,0
1.041000,1500.00,1500.09,0,0,22,0,0.000,0
1.041667,1500.00,1500.38,0,0,23,0,0.000,0
1.042333,1500.00,1498.97,0,0,24,0,0.000,0
1.043000,1500.00,1500.66,0,0,25,0,0.000,0
1.043667,1500.00,1500.66,0,0,26,0,0.000,0
1.044333,1500.00,1499.25,0,0,27,0,0.000,0
1.045000,1500.00,1499.53,0,0,28,0,0.000,0
1.045667,1500.00,1500.66,0,0,29,0,0.000,0
1.046333,1500.00,1500.09,0,0,30,0,0.000,0
1.047000,1500.00,1499.81,0,0,31,0,0.000,0
1.047667,1500.00,1500.38,0,0,32,0,0.000,0
1.048333,1500.00,1499.53,0,0,33,0,0.000,0
1.049000,1500.00,1500.09,0,0,34,0,0.000,0
1.049667,1500.00,1499.81,0,0,35,0,0.000,0
1.050333,1500.00,1500.38,0,0,36,0,0.000,0
1.051000,1500.00,1499.81,0,0,37,0,0.000,0
1.051667,1500.00,1499.53,0,0,38,0,0.000,0
1.052333,1500.00,1499.81,0,0,39,0,0.000,0
1.053000,1500.00,1500.94,0,0,40,0,0.000,0
1.053667,1500.00,1499.25,0,0,41,0,0.000,0
1.054333,1500.00,1499.81,0,0,42,0,0.000,0
1.055000,1500.00,1500.38,0,0,43,0,0.000,0
1.055667,1500.00,1500.38,0,0,44,0,0.000,0
1.056333,1500.00,1500.09,0,0,45,0,0.000,0
1.057000,1500.00,1500.94,0,0,46,0,0.000,0
1.057667,1500.00,1499.53,0,0,47,0,0.000,0
1.058333,1500.00,1498.97,0,0,48,0,0.000,0
1.059000,1500.00,1500.38,0,0,49,0,0.000,0
1.059667,1500.00,1499.53,0,0,50,0,0.000,0
1.060333,1500.00,1500.38,0,0,51,0,0.000,0
1.061000,1500.00,1500.09,0,0,52,0,0.000,0
1.061667,1500.00,1500.09,0,0,53,0,0.000,0
1.062333,1500.00,1498.69,0,0,54,0,0.000,0
1.063000,1500.00,1500.66,0,0,55,0,0.000,0
1.063667,1500.00,1500.38,0,0,56,0,0.000,0
1.064333,1500.00,1500.09,0,0,57,0,0.000,0
1.066333,1500.00,1499.93,1,1,0,1,0.000,0
1.067000,1500.00,1499.25,1,1,1,1,0.000,0
1.067667,1500.00,1500.15,1,1,2,1,0.000,0
1.068333,1500.00,1499.48,1,1,3,1,0.000,0
1.069000,1500.00,1500.60,1,1,4,1,0.000,0
1.069667,1500.00,1499.48,1,1,5,1,0.000,0
1.070333,1500.00,1499.70,1,1,6,1,0.000,0
1.071000,1500.00,1500.38,1,1,7,1,0.000,0
1.071667,1500.00,1500.66,1,1,8,1,0.000,0
1.072333,1500.00,1500.09,1,1,9,1,0.000,0
1.073000,1500.00,1499.25,1,1,10,1,0.000,0
1.073667,1500.00,1499.81,1,1,11,1,0.000,0
1.074333,1500.00,1500.38,1,1,12,1,0.000,0
1.075000,1500.00,1500.38,1,1,13,1,0.000,0
1.075667,1500.00,1500.38,1,1,14,1,0.000,0
1.076333,1500.00,1499.53,1,1,15,1,0.000,0
1.077000,1500.00,1500.38,1,1,16,1,0.000,0
1.077667,1500.00,1500.66,1,1,17,1,0.000,0
1.078333,1500.00,1500.09,1,1,18,1,0.000,0
1.079000,1500.00,1500.38,1,1,19,1,0.000,0
1.079667,1500.00,1499.81,1,1,20,1,0.000,0
1.080333,1500.00,1500.09,1,1,21,1,0.000,0
1.081000,1500.00,1500.09,1,1,22,1,0.000,0
1.081667,1500.00,1500.38,1,1,23,1,0.000,0
1.082333,1500.00,1499.81,1,1,24,1,0.000,0
1.083000,1500.00,1499.81,1,1,25,1,0.000,0
1.083667,1500.00,1500.09,1,1,26,1,0.000,0
1.084333,1500.00,1499.53,1,1,27,1,0.000,0
1.085000,1500.00,1499.53,1,1,28,1,0.000,0
1.085667,1500.00,1499.53,1,1,29,1,0.000,0
1.086333,1500.00,1499.25,1,1,30,1,0.000,0
1.087000,1500.00,1499.81,1,1,31,1,0.000,0
1.087667,1500.00,1500.09,1,1,32,1,0.000,0
1.088333,1500.00,1499.53,1,1,33,1,0.000,0
1.089000,1500.00,1500.38,1,1,34,1,0.000,0
1.089667,1500.00,1500.94,1,1,35,1,0.000,0
1.090333,1500.00,1500.66,1,1,36,1,0.000,0
1.091000,1500.00,1500.09,1,1,37,1,0.000,0
1.091667,1500.00,1500.66,1,1,38,1,0.000,0
1.092333,1500.00,1499.81,1,1,39,1,0.000,0
1.093000,1500.00,1499.53,1,1,40,1,0.000,0
1.093667,1500.00,1500.38,1,1,41,1,0.000,0
1.094333,1500.00,1499.81,1,1,42,1,0.000,0
1.095000,1500.00,1499.81,1,1,43,1,0.000,0
1.095667,1500.00,1499.53,1,1,44,1,0.000,0
1.096333,1500.00,1500.38,1,1,45,1,0.000,0
1.097000,1500.00,1499.53,1,1,46,1,0.000,0
1.097667,1500.00,1499.53,1,1,47,1,0.000,0
1.098333,1500.00,1499.81,1,1,48,1,0.000,0
1.099000,1500.00,1499.81,1,1,49,1,0.000,0
1.099667,1500.00,1500.38,1,1,50,1,0.000,0
1.100333,1500.00,1499.81,1,1,51,1,0.000,0
1.101000,1500.00,1500.38,1,1,52,1,0.000,0
1.101667,1500.00,1500.66,1,1,53,1,0.000,0
1.102333,1500.00,1499.25,1,1,54,1,0.000,0
1.103000,1500.00,1500.38,1,1,55,1,0.000,0
1.103667,1500.00,1499.81,1,1,56,1,0.000,0
1.104333,1500.00,1500.09,1,1,57,1,0.000,0
1.106333,1500.00,1499.25,1,1,0,0,0.000,0
1.107000,1500.00,1500.15,1,1,1,0,0.000,0
1.107667,1500.00,1499.03,1,1,2,0,0.000,0
1.108333,1500.00,1499.25,1,1,3,0,0.000,0
1.109000,1500.00,1500.60,1,1,4,0,0.000,0
1.109667,1500.00,1500.60,1,1,5,0,0.000,0
1.110333,1500.00,1500.15,1,1,6,0,0.000,0
1.111000,1500.00,1500.38,1,1,7,0,0.000,0
1.111667,1500.00,1500.66,1,1,8,0,0.000,0
1.112333,1500.00,1499.53,1,1,9,0,0.000,0
1.113000,1500.00,1501.50,1,1,10,0,0.000,0
1.113667,1500.00,1500.66,1,1,11,0,0.000,0
1.114333,1500.00,1499.25,1,1,12,0,0.000,0
1.115000,1500.00,1498.97,1,1,13,0,0.000,0
1.115667,1500.00,1500.38,1,1,14,0,0.000,0
1.116333,1500.00,1499.53,1,1,15,0,0.000,0
1.117000,1500.00,1499.81,1,1,16,0,0.000,0
1.117667,1500.00,1500.38,1,1,17,0,0.000,0
1.118333,1500.00,1499.53,1,1,18,0,0.000,0
1.119000,1500.00,1499.81,1,1,19,0,0.000,0
1.119667,1500.00,1501.22,1,1,20,0,0.000,0
1.120333,1500.00,1500.09,1,1,21,0,0.000,0
1.121000,1500.00,1499.53,1,1,22,0,0.000,0
1.121667,1500.00,1500.09,1,1,23,0,0.000,0
1.122333,1500.00,1500.09,1,1,24,0,0.000,0
1.123000,1500.00,1499.81,1,1,25,0,0.000,0
1.123667,1500.00,1500.94,1,1,26,0,0.000,0
1.124333,1500.00,1499.81,1,1,27,0,0.000,0
1.125000,1500.00,1499.25,1,1,28,0,0.000,0
1.125667,1500.00,1500.09,1,1,29,0,0.000,0
1.126333,1500.00,1500.38,1,1,30,0,0.000,0
1.127000,1500.00,1499.53,1,1,31,0,0.000,0
1.127667,1500.00,1499.81,1,1,32,0,0.000,0
1.128333,1500.00,1500.09,1,1,33,0,0.000,0
1.129000,1500.00,1498.41,1,1,34,0,0.000,0
1.129667,1500.00,1499.81,1,1,35,0,0.000,0
1.130333,1500.00,1500.38,1,1,36,0,0.000,0
1.131000,1500.00,1500.09,1,1,37,0,0.000,0
1.131667,1500.00,1500.09,1,1,38,0,0.000,0
1.132333,1500.00,1499.53,1,1,39,0,0.000,0
1.133000,1500.00,1500.38,1,1,40,0,0.000,0
1.133667,1500.00,1499.25,1,1,41,0,0.000,0
1.134333,1500.00,1500.94,1,1,42,0,0.000,0
1.135000,1500.00,1500.66,1,1,43,0,0.000,0
1.135667,1500.00,1499.53,1,1,44,0,0.000,0
1.136333,1500.00,1499.53,1,1,45,0,0.000,0
1.137000,1500.00,1500.09,1,1,46,0,0.000,0
1.137667,1500.00,1500.38,1,1,47,0,0.000,0
1.138333,1500.00,1500.09,1,1,48,0,0.000,0
1.139000,1500.00,1500.94,1,1,49,0,0.000,0
1.139667,1500.00,1499.53,1,1,50,0,0.000,0
1.140333,1500.00,1499.25,1,1,51,0,0.000,0
1.141000,1500.00,1500.66,1,1,52,0,0.000,0
1.141667,1500.00,1500.38,1,1,53,0,0.000,0
1.142333,1500.00,1499.81,1,1,54,0,0.000,0
1.143000,1500.00,1500.38,1,1,55,0,0.000,0
1.143667,1500.00,1500.38,1,1,56,0,0.000,0
1.144333,1500.00,1500.38,1,1,57,0,0.000,0
1.146333,1500.00,1499.93,1,1,0,1,0.000,0
1.147000,1500.00,1500.38,1,1,1,1,0.000,0
1.147667,1500.00,1499.48,1,1,2,1,0.000,0
1.148333,1500.00,1500.15,1,1,3,1,0.000,0
1.149000,1500.00,1499.93,1,1,4,1,0.000,0
1.149667,1500.00,1499.93,1,1,5,1,0.000,0
1.150333,1500.00,1499.48,1,1,6,1,0.000,0
1.151000,1500.00,1499.25,1,1,7,1,0.000,0
1.151667,1500.00,1500.38,1,1,8,1,0.000,0
1.152333,1500.00,1500.66,1,1,9,1,0.000,0
1.153000,1500.00,1500.38,1,1,10,1,0.000,0
1.153667,1500.00,1500.38,1,1,11,1,0.000,0
1.154333,1500.00,1500.38,1,1,12,1,0.000,0
1.155000,1500.00,1499.81,1,1,13,1,0.000,0
1.155667,1500.00,1500.09,1,1,14,1,0.000,0
1.156333,1500.00,1500.38,1,1,15,1,0.000,0
1.157000,1500.00,1500.09,1,1,16,1,0.000,0
1.157667,1500.00,1499.25,1,1,17,1,0.000,0
1.158333,1500.00,1500.09,1,1,18,1,0.000,0
1.159000,1500.00,1500.66,1,1,19,1,0.000,0
1.159667,1500.00,1499.81,1,1,20,1,0.000,0
1.160333,1500.00,1500.09,1,1,21,1,0.000,0
1.161000,1500.00,1498.97,1,1,22,1,0.000,0
1.161667,1500.00,1500.09,1,1,23,1,0.000,0
1.162333,1500.00,1499.53,1,1,24,1,0.000,0
1.163000,1500.00,1499.25,1,1,25,1,0.000,0
1.163667,1500.00,1500.38,1,1,26,1,0.000,0
1.164333,1500.00,1499.53,1,1,27,1,0.000,0
1.165000,1500.00,1500.38,1,1,28,1,0.000,0
1.165667,1500.00,1499.81,1,1,29,1,0.000,0
1.166333,1500.00,1501.50,1,1,30,1,0.000,0
1.167000,1500.00,1500.38,1,1,31,1,0.000,0
1.167667,1500.00,1500.94,1,1,32,1,0.000,0
1.168333,1500.00,1500.38,1,1,33,1,0.000,0
1.169000,1500.00,1499.53,1,1,34,1,0.000,0
1.169667,1500.00,1500.09,1,1,35,1,0.000,0
1.170333,1500.00,1499.81,1,1,36,1,0.000,0
1.171000,1500.00,1500.38,1,1,37,1,0.000,0
1.171667,1500.00,1498.69,1,1,38,1,0.000,0
1.172333,1500.00,1498.69,1,1,39,1,0.000,0
1.173000,1500.00,1499.53,1,1,40,1,0.000,0
1.173667,1500.00,1499.81,1,1,41,1,0.000,0
1.174333,1500.00,1500.09,1,1,42,1,0.000,0
1.175000,1500.00,1500.09,1,1,43,1,0.000,0
1.175667,1500.00,1500.09,1,1,44,1,0.000,0
1.176333,1500.00,1500.38,1,1,45,1,0.000,0
1.177000,1500.00,1500.94,1,1,46,1,0.000,0
1.177667,1500.00,1500.66,1,1,47,1,0.000,0
1.178333,1500.00,1500.38,1,1,48,1,0.000,0
1.179000,1500.00,1500.09,1,1,49,1,0.000,0
1.179667,1500.00,1500.38,1,1,50,1,0.000,0
1.180333,1500.00,1498.97,1,1,51,1,0.000,0
1.181000,1500.00,1499.53,1,1,52,1,0.000,0
1.181667,1500.00,1499.25,1,1,53,1,0.000,0
1.182333,1500.00,1499.53,1,1,54,1,0.000,0
1.183000,1500.00,1499.81,1,1,55,1,0.000,0
1.183667,1500.00,1498.97,1,1,56,1,0.000,0
1.184333,1500.00,1499.81,1,1,57,1,0.000,0
1.186333,1500.00,1499.70,1,1,0,0,0.000,0
1.187000,1500.00,1500.60,1,1,1,0,0.000,0
1.187667,1500.00,1500.38,1,1,2,0,0.000,0
1.188333,1500.00,1500.15,1,1,3,0,0.000,0
1.189000,1500.00,1500.38,1,1,4,0,0.000,0
1.189667,1500.00,1499.93,1,1,5,0,0.000,0
1.190333,1500.00,1500.38,1,1,6,0,0.000,0
1.191000,1500.00,1500.60,1,1,7,0,0.000,0
1.191667,1500.00,1500.38,1,1,8,0,0.000,0
1.192333,1500.00,1499.53,1,1,9,0,0.000,0
1.193000,1500.00,1499.53,1,1,10,0,0.000,0
1.193667,1500.00,1500.38,1,1,11,0,0.000,0
1.194333,1500.00,1500.09,1,1,12,0,0.000,0
1.195000,1500.00,1500.38,1,1,13,0,0.000,0
1.195667,1500.00,1499.81,1,1,14,0,0.000,0
1.196333,1500.00,1499.81,1,1,15,0,0.000,0
1.197000,1500.00,1499.81,1,1,16,0,0.000,0
1.197667,1500.00,1499.81,1,1,17,0,0.000,0
1.198333,1500.00,1500.09,1,1,18,0,0.000,0
1.199000,1500.00,1500.09,1,1,19,0,0.000,0
1.199667,1500.00,1499.25,1,1,20,0,0.000,0
1.200333,1500.00,1499.25,1,1,21,0,0.000,0
1.201000,1500.00,1500.09,1,1,22,0,0.000,0
1.201667,1500.00,1499.81,1,1,23,0,0.000,0
1.202333,1500.00,1500.09,1,1,24,0,0.000,0
1.203000,1500.00,1500.09,1,1,25,0,0.000,0
1.203667,1500.00,1500.38,1,1,26,0,0.000,0
1.204333,1500.00,1499.53,1,1,27,0,0.000,0
1.205000,1500.00,1500.38,1,1,28,0,0.000,0
1.205667,1500.00,1500.66,1,1,29,0,0.000,0
1.206333,1500.00,1499.53,1,1,30,0,0.000,0
1.207000,1500.00,1499.81,1,1,31,0,0.000,0
1.207667,1500.00,1499.25,1,1,32,0,0.000,0
1.208333,1500.00,1500.38,1,1,33,0,0.000,0
1.209000,1500.00,1499.53,1,1,34,0,0.000,0
1.209667,1500.00,1499.81,1,1,35,0,0.000,0
1.210333,1500.00,1499.25,1,1,36,0,0.000,0
1.211000,1500.00,1499.81,1,1,37,0,0.000,0
1.211667,1500.00,1500.09,1,1,38,0,0.000,0
1.212333,1500.00,1500.38,1,1,39,0,0.000,0
1.213000,1500.00,1500.38,1,1,40,0,0.000,0
1.213667,1500.00,1500.09,1,1,41,0,0.000,0
1.214333,1500.00,1500.38,1,1,42,0,0.000,0
1.215000,1500.00,1500.66,1,1,43,0,0.000,0
1.215667,1500.00,1501.22,1,1,44,0,0.000,0
1.216333,1500.00,1500.38,1,1,45,0,0.000,0
1.217000,1500.00,1500.09,1,1,46,0,0.000,0
1.217667,1500.00,1499.81,1,1,47,0,0.000,0
1.218333,1500.00,1500.66,1,1,48,0,0.000,0
1.219000,1500.00,1499.25,1,1,49,0,0.000,0
1.219667,1500.00,1499.25,1,1,50,0,0.000,0
1.220333,1500.00,1499.53,1,1,51,0,0.000,0
1.221000,1500.00,1499.25,1,1,52,0,0.000,0
1.221667,1500.00,1500.09,1,1,53,0,0.000,0
1.222333,1500.00,1500.09,1,1,54,0,0.000,0
1.223000,1500.00,1500.09,1,1,55,0,0.000,0
1.223667,1500.00,1500.09,1,1,56,0,0.000,0
1.224333,1500.00,1501.78,1,1,57,0,0.000,0
1.226333,1500.00,1500.83,1,1,0,1,0.000,0
1.227000,1500.00,1500.38,1,1,1,1,0.000,0
1.227667,1500.00,1500.15,1,1,2,1,0.000,0
1.228333,1500.00,1500.15,1,1,3,1,0.000,0
1.229000,1500.00,1499.70,1,1,4,1,0.000,0
1.229667,1500.00,1499.70,1,1,5,1,0.000,0
1.230333,1500.00,1499.25,1,1,6,1,0.000,0
1.231000,1500.00,1499.25,1,1,7,1,0.000,0
1.231667,1500.00,1499.25,1,1,8,1,0.000,0
1.232333,1500.00,1499.81,1,1,9,1,0.000,0
1.233000,1500.00,1499.81,1,1,10,1,0.000,0
1.233667,1500.00,1499.81,1,1,11,1,0.000,0
1.234333,1500.00,1500.09,1,1,12,1,0.000,0
1.235000,1500.00,1500.38,1,1,13,1,0.000,0
1.235667,1500.00,1500.66,1,1,14,1,0.000,0
1.236333,1500.00,1499.81,1,1,15,1,0.000,0
1.237000,1500.00,1499.53,1,1,16,1,0.000,0
1.237667,1500.00,1500.09,1,1,17,1,0.000,0
1.238333,1500.00,1500.66,1,1,18,1,0.000,0
1.239000,1500.00,1499.81,1,1,19,1,0.000,0
1.239667,1500.00,1500.09,1,1,20,1,0.000,0
1.240333,1500.00,1500.66,1,1,21,1,0.000,0
1.241000,1500.00,1500.38,1,1,22,1,0.000,0
1.241667,1500.00,1500.09,1,1,23,1,0.000,0
1.242333,1500.00,1500.66,1,1,24,1,0.000,0
1.243000,1500.00,1499.25,1,1,25,1,0.000,0
1.243667,1500.00,1500.09,1,1,26,1,0.000,0
1.244333,1500.00,1500.66,1,1,27,1,0.000,0
1.245000,1500.00,1500.38,1,1,28,1,0.000,0
1.245667,1500.00,1499.25,1,1,29,1,0.000,0
1.246333,1500.00,1499.81,1,1,30,1,0.000,0
1.247000,1500.00,1499.25,1,1,31,1,0.000,0
1.247667,1500.00,1500.38,1,1,32,1,0.000,0
1.248333,1500.00,1500.94,1,1,33,1,0.000,0
1.249000,1500.00,1499.53,1,1,34,1,0.000,0
1.249667,1500.00,1499.53,1,1,35,1,0.000,0
1.250333,1500.00,1499.81,1,1,36,1,0.000,0
1.251000,1500.00,1500.09,1,1,37,1,0.000,0
1.251667,1500.00,1499.53,1,1,38,1,0.000,0
1.252333,1500.00,1500.66,1,1,39,1,0.000,0
1.253000,1500.00,1499.25,1,1,40,1,0.000,0
1.253667,1500.00,1499.81,1,1,41,1,0.000,0
1.254333,1500.00,1500.09,1,1,42,1,0.000,0
1.255000,1500.00,1499.53,1,1,43,1,0.000,0
1.255667,1500.00,1500.09,1,1,44,1,0.000,0
1.256333,1500.00,1500.38,1,1,45,1,0.000,0
1.257000,1500.00,1499.53,1,1,46,1,0.000,0
1.257667,1500.00,1500.09,1,1,47,1,0.000,0
1.258333,1500.00,1500.66,1,1,48,1,0.000,0
1.259000,1500.00,1499.53,1,1,49,1,0.000,0
1.259667,1500.00,1499.53,1,1,50,1,0.000,0
1.260333,1500.00,1500.66,1,1,51,1,0.000,0
1.261000,1500.00,1500.09,1,1,52,1,0.000,0
1.261667,1500.00,1499.81,1,1,53,1,0.000,0
1.262333,1500.00,1500.09,1,1,54,1,0.000,0
1.263000,1500.00,1499.53,1,1,55,1,0.000,0
1.263667,1500.00,1499.81,1,1,56,1,0.000,0
1.264333,1500.00,1499.81,1,1,57,1,0.000,0
1.266333,1500.00,1500.15,1,1,0,0,0.000,0
1.267000,1500.00,1500.15,1,1,1,0,0.000,0
1.267667,1500.00,1499.93,1,1,2,0,0.000,0
1.268333,1500.00,1500.15,1,1,3,0,0.000,0
1.269000,1500.00,1500.15,1,1,4,0,0.000,0
1.269667,1500.00,1500.38,1,1,5,0,0.000,0
1.270333,1500.00,1500.60,1,1,6,0,0.000,0
1.271000,1500.00,1500.15,1,1,7,0,0.000,0
1.271667,1500.00,1500.66,1,1,8,0,0.000,0
1.272333,1500.00,1499.81,1,1,9,0,0.000,0
1.273000,1500.00,1500.38,1,1,10,0,0.000,0
1.273667,1500.00,1500.38,1,1,11,0,0.000,0
1.274333,1500.00,1500.09,1,1,12,0,0.000,0
1.275000,1500.00,1499.25,1,1,13,0,0.000,0
1.275667,1500.00,1498.97,1,1,14,0,0.000,0
1.276333,1500.00,1499.81,1,1,15,0,0.000,0
1.277000,1500.00,1499.53,1,1,16,0,0.000,0
1.277667,1500.00,1499.53,1,1,17,0,0.000,0
1.278333,1500.00,1500.09,1,1,18,0,0.000,0
1.279000,1500.00,1499.53,1,1,19,0,0.000,0
1.279667,1500.00,1499.81,1,1,20,0,0.000,0
1.280333,1500.00,1500.66,1,1,21,0,0.000,0
1.281000,1500.00,1500.38,1,1,22,0,0.000,0
1.281667,1500.00,1500.09,1,1,23,0,0.000,0
1.282333,1500.00,1499.81,1,1,24,0,0.000,0
1.283000,1500.00,1500.09,1,1,25,0,0.000,0
1.283667,1500.00,1499.81,1,1,26,0,0.000,0
1.284333,1500.00,1499.53,1,1,27,0,0.000,0
1.285000,1500.00,1500.66,1,1,28,0,0.000,0
1.285667,1500.00,1500.09,1,1,29,0,0.000,0
1.286333,1500.00,1500.09,1,1,30,0,0.000,0
1.287000,1500.00,1500.66,1,1,31,0,0.000,0
1.287667,1500.00,1500.09,1,1,32,0,0.000,0
1.288333,1500.00,1500.38,1,1,33,0,0.000,0
1.289000,1500.00,1499.81,1,1,34,0,0.000,0
1.289667,1500.00,1500.09,1,1,35,0,0.000,0
1.290333,1500.00,1499.25,1,1,36,0,0.000,0
1.291000,1500.00,1499.53,1,1,37,0,0.000,0
1.291667,1500.00,1499.81,1,1,38,0,0.000,0
1.292333,1500.00,1499.53,1,1,39,0,0.000,0
1.293000,1500.00,1499.53,1,1,40,0,0.000,0
1.293667,1500.00,1499.53,1,1,41,0,0.000,0
1.294333,1500.00,1500.38,1,1,42,0,0.000,0
1.295000,1500.00,1500.38,1,1,43,0,0.000,0
1.295667,1500.00,1500.38,1,1,44,0,0.000,0
1.296333,1500.00,1500.38,1,1,45,0,0.000,0
1.297000,1500.00,1499.81,1,1,46,0,0.000,0
1.297667,1500.00,1500.66,1,1,47,0,0.000,0
1.298333,1500.00,1500.94,1,1,48,0,0.000,0
1.299000,1500.00,1500.09,1,1,49,0,0.000,0
1.299667,1500.00,1500.09,1,1,50,0,0.000,0
1.300333,1500.00,1499.81,1,1,51,0,0.000,0
1.301000,1500.00,1500.09,1,1,52,0,0.000,0
1.301667,1500.00,1500.38,1,1,53,0,0.000,0
1.302333,1500.00,1499.53,1,1,54,0,0.000,0
1.303000,1500.00,1498.97,1,1,55,0,0.000,0
1.303667,1500.00,1499.81,1,1,56,0,0.000,0
1.304333,1500.00,1499.81,1,1,57,0,0.000,0
1.306333,1500.00,1499.48,1,1,0,1,0.000,0
1.307000,1500.00,1499.70,1,1,1,1,0.000,0
1.307667,1500.00,1499.48,1,1,2,1,0.000,0
1.308333,1500.00,1500.15,1,1,3,1,0.000,0
1.309000,1500.00,1500.15,1,1,4,1,0.000,0
1.309667,1500.00,1500.38,1,1,5,1,0.000,0
1.310333,1500.00,1500.15,1,1,6,1,0.000,0
1.311000,1500.00,1499.93,1,1,7,1,0.000,0
1.311667,1500.00,1500.38,1,1,8,1,0.000,0
1.312333,1500.00,1500.38,1,1,9,1,0.000,0
1.313000,1500.00,1500.66,1,1,10,1,0.000,0
1.313667,1500.00,1498.97,1,1,11,1,0.000,0
1.314333,1500.00,1500.38,1,1,12,1,0.000,0
1.315000,1500.00,1499.53,1,1,13,1,0.000,0
1.315667,1500.00,1500.09,1,1,14,1,0.000,0
1.316333,1500.00,1499.81,1,1,15,1,0.000,0
1.317000,1500.00,1499.81,1,1,16,1,0.000,0
1.317667,1500.00,1500.38,1,1,17,1,0.000,0
1.318333,1500.00,1499.53,1,1,18,1,0.000,0
1.319000,1500.00,1499.81,1,1,19,1,0.000,0
1.319667,1500.00,1500.66,1,1,20,1,0.000,0
1.320333,1500.00,1500.94,1,1,21,1,0.000,0
1.321000,1500.00,1499.25,1,1,22,1,0.000,0
1.321667,1500.00,1500.66,1,1,23,1,0.000,0
1.322333,1500.00,1499.53,1,1,24,1,0.000,0
1.323000,1500.00,1499.53,1,1,25,1,0.000,0
1.323667,1500.00,1500.38,1,1,26,1,0.000,0
1.324333,1500.00,1500.38,1,1,27,1,0.000,0
1.325000,1500.00,1499.81,1,1,28,1,0.000,0
1.325667,1500.00,1499.81,1,1,29,1,0.000,0
1.326333,1500.00,1500.66,1,1,30,1,0.000,0
1.327000,1500.00,1499.81,1,1,31,1,0.000,0
1.327667,1500.00,1500.38,1,1,32,1,0.000,0
1.328333,1500.00,1499.81,1,1,33,1,0.000,0
1.329000,1500.00,1500.38,1,1,34,1,0.000,0
1.329667,1500.00,1499.81,1,1,35,1,0.000,0
1.330333,1500.00,1499.53,1,1,36,1,0.000,0
1.331000,1500.00,1500.09,1,1,37,1,0.000,0
1.331667,1500.00,1499.81,1,1,38,1,0.000,0
1.332333,1500.00,1500.38,1,1,39,1,0.000,0
1.333000,1500.00,1500.09,1,1,40,1,0.000,0
1.333667,1500.00,1499.53,1,1,41,1,0.000,0
1.334333,1500.00,1500.09,1,1,42,1,0.000,0
1.335000,1500.00,1500.09,1,1,43,1,0.000,0
1.335667,1500.00,1499.53,1,1,44,1,0.000,0
1.336333,1500.00,1499.81,1,1,45,1,0.000,0
1.337000,1500.00,1499.25,1,1,46,1,0.000,0
1.337667,1500.00,1499.53,1,1,47,1,0.000,0
1.338333,1500.00,1500.38,1,1,48,1,0.000,0
1.339000,1500.00,1500.66,1,1,49,1,0.000,0
1.339667,1500.00,1499.53,1,1,50,1,0.000,0
1.340333,1500.00,1500.09,1,1,51,1,0.000,0
1.341000,1500.00,1500.66,1,1,52,1,0.000,0
1.341667,1500.00,1499.53,1,1,53,1,0.000,0
1.342333,1500.00,1500.38,1,1,54,1,0.000,0
1.343000,1500.00,1500.09,1,1,55,1,0.000,0
1.343667,1500.00,1499.25,1,1,56,1,0.000,0
1.344333,1500.00,1500.38,1,1,57,1,0.000,0
1.346333,1500.00,1500.60,1,1,0,0,0.000,0
1.347000,1500.00,1500.38,1,1,1,0,0.000,0
1.347667,1500.00,1499.93,1,1,2,0,0.000,0
1.348333,1500.00,1500.60,1,1,3,0,0.000,0
1.349000,1500.00,1499.93,1,1,4,0,0.000,0
1.349667,1500.00,1500.15,1,1,5,0,0.000,0
1.350333,1500.00,1499.70,1,1,6,0,0.000,0
1.351000,1500.00,1499.70,1,1,7,0,0.000,0
1.351667,1500.00,1499.25,1,1,8,0,0.000,0
1.352333,1500.00,1500.09,1,1,9,0,0.000,0
1.353000,1500.00,1500.38,1,1,10,0,0.000,0
1.353667,1500.00,1499.53,1,1,11,0,0.000,0
1.354333,1500.00,1500.09,1,1,12,0,0.000,0
1.355000,1500.00,1500.38,1,1,13,0,0.000,0
1.355667,1500.00,1500.38,1,1,14,0,0.000,0
1.356333,1500.00,1500.66,1,1,15,0,0.000,0
1.357000,1500.00,1500.09,1,1,16,0,0.000,0
1.357667,1500.00,1499.81,1,1,17,0,0.000,0
1.358333,1500.00,1499.81,1,1,18,0,0.000,0
1.359000,1500.00,1498.97,1,1,19,0,0.000,0
1.359667,1500.00,1500.66,1,1,20,0,0.000,0
1.360333,1500.00,1499.81,1,1,21,0,0.000,0
1.361000,1500.00,1500.09,1,1,22,0,0.000,0
1.361667,1500.00,1499.81,1,1,23,0,0.000,0
1.362333,1500.00,1500.38,1,1,24,0,0.000,0
1.363000,1500.00,1499.81,1,1,25,0,0.000,0
1.363667,1500.00,1499.53,1,1,26,0,0.000,0
1.364333,1500.00,1501.50,1,1,27,0,0.000,0
1.365000,1500.00,1499.53,1,1,28,0,0.000,0
1.365667,1500.00,1499.53,1,1,29,0,0.000,0
1.366333,1500.00,1500.09,1,1,30,0,0.000,0
1.367000,1500.00,1499.81,1,1,31,0,0.000,0
1.367667,1500.00,1499.53,1,1,32,0,0.000,0
1.368333,1500.00,1500.38,1,1,33,0,0.000,0
1.369000,1500.00,1499.81,1,1,34,0,0.000,0
1.369667,1500.00,1499.81,1,1,35,0,0.000,0
1.370333,1500.00,1499.81,1,1,36,0,0.000,0
1.371000,1500.00,1500.09,1,1,37,0,0.000,0
1.371667,1500.00,1500.09,1,1,38,0,0.000,0
1.372333,1500.00,1500.09,1,1,39,0,0.000,0
1.373000,1500.00,1500.38,1,1,40,0,0.000,0
1.373667,1500.00,1499.81,1,1,41,0,0.000,0
1.374333,1500.00,1500.38,1,1,42,0,0.000,0
1.375000,1500.00,1499.81,1,1,43,0,0.000,0
1.375667,1500.00,1500.38,1,1,44,0,0.000,0
1.376333,1500.00,1500.09,1,1,45,0,0.000,0
1.377000,1500.00,1499.81,1,1,46,0,0.000,0
1.377667,1500.00,1499.81,1,1,47,0,0.000,0
1.378333,1500.00,1499.53,1,1,48,0,0.000,0
1.379000,1500.00,1499.81,1,1,49,0,0.000,0
1.379667,1500.00,1500.09,1,1,50,0,0.000,0
1.380333,1500.00,1500.09,1,1,51,0,0.000,0
1.381000,1500.00,1499.81,1,1,52,0,0.000,0
1.381667,1500.00,1499.53,1,1,53,0,0.000,0
1.382333,1500.00,1500.09,1,1,54,0,0.000,0
1.383000,1500.00,1499.53,1,1,55,0,0.000,0
1.383667,1500.00,1500.94,1,1,56,0,0.000,0
1.384333,1500.00,1500.09,1,1,57,0,0.000,0
1.386333,1500.00,1499.48,1,1,0,1,0.000,0
1.387000,1500.00,1500.15,1,1,1,1,0.000,0
1.387667,1500.00,1500.38,1,1,2,1,0.000,0
1.388333,1500.00,1499.93,1,1,3,1,0.000,0
1.389000,1500.00,1499.93,1,1,4,1,0.000,0
1.389667,1500.00,1500.15,1,1,5,1,0.000,0
1.390333,1500.00,1499.48,1,1,6,1,0.000,0
1.391000,1500.00,1499.70,1,1,7,1,0.000,0
1.391667,1500.00,1500.94,1,1,8,1,0.000,0
1.392333,1500.00,1499.25,1,1,9,1,0.000,0
1.393000,1500.00,1499.53,1,1,10,1,0.000,0
1.393667,1500.00,1500.66,1,1,11,1,0.000,0
1.394333,1500.00,1499.81,1,1,12,1,0.000,0
1.395000,1500.00,1499.81,1,1,13,1,0.000,0
1.395667,1500.00,1499.81,1,1,14,1,0.000,0
1.396333,1500.00,1500.66,1,1,15,1,0.000,0
1.397000,1500.00,1498.97,1,1,16,1,0.000,0
1.397667,1500.00,1501.22,1,1,17,1,0.000,0
1.398333,1500.00,1500.09,1,1,18,1,0.000,0
1.399000,1500.00,1500.09,1,1,19,1,0.000,0
1.399667,1500.00,1500.66,1,1,20,1,0.000,0
1.400333,1500.00,1500.38,1,1,21,1,0.000,0
1.401000,1500.00,1499.81,1,1,22,1,0.000,0
1.401667,1500.00,1499.25,1,1,23,1,0.000,0
1.402333,1500.00,1501.22,1,1,24,1,0.000,0
1.403000,1500.00,1499.25,1,1,25,1,0.000,0
1.403667,1500.00,1499.81,1,1,26,1,0.000,0
1.404333,1500.00,1500.09,1,1,27,1,0.000,0
1.405000,1500.00,1499.53,1,1,28,1,0.000,0
1.405667,1500.00,1500.09,1,1,29,1,0.000,0
1.406333,1500.00,1500.09,1,1,30,1,0.000,0
1.407000,1500.00,1500.09,1,1,31,1,0.000,0
1.407667,1500.00,1498.97,1,1,32,1,0.000,0
1.408333,1500.00,1500.38,1,1,33,1,0.000,0
1.409000,1500.00,1500.09,1,1,34,1,0.000,0
1.409667,1500.00,1499.53,1,1,35,1,0.000,0
1.410333,1500.00,1500.66,1,1,36,1,0.000,0
1.411000,1500.00,1500.09,1,1,37,1,0.000,0
1.411667,1500.00,1500.09,1,1,38,1,0.000,0
1.412333,1500.00,1499.81,1,1,39,1,0.000,0
1.413000,1500.00,1500.94,1,1,40,1,0.000,0
1.413667,1500.00,1499.53,1,1,41,1,0.000,0
1.414333,1500.00,1500.09,1,1,42,1,0.000,0
1.415000,1500.00,1500.38,1,1,43,1,0.000,0
1.415667,1500.00,1499.81,1,1,44,1,0.000,0
1.416333,1500.00,1499.53,1,1,45,1,0.000,0
1.417000,1500.00,1500.09,1,1,46,1,0.000,0
1.417667,1500.00,1500.66,1,1,47,1,0.000,0
1.418333,1500.00,1498.69,1,1,48,1,0.000,0
1.419000,1500.00,1500.09,1,1,49,1,0.000,0
1.419667,1500.00,1499.53,1,1,50,1,0.000,0
1.420333,1500.00,1500.38,1,1,51,1,0.000,0
1.421000,1500.00,1499.53,1,1,52,1,0.000,0
1.421667,1500.00,1500.09,1,1,53,1,0.000,0
1.422333,1500.00,1500.38,1,1,54,1,0.000,0
1.423000,1500.00,1499.81,1,1,55,1,0.000,0
1.423667,1500.00,1500.66,1,1,56,1,0.000,0
1.424333,1500.00,1500.09,1,1,57,1,0.000,0
1.426333,1500.00,1500.15,1,1,0,0,0.000,0
1.427000,1500.00,1499.03,1,1,1,0,0.000,0
1.427667,1500.00,1500.83,1,1,2,0,0.000,0
1.428333,1500.00,1500.60,1,1,3,0,0.000,0
1.429000,1500.00,1499.93,1,1,4,0,0.000,0
1.429667,1500.00,1499.93,1,1,5,0,0.000,0
1.430333,1500.00,1500.15,1,1,6,0,0.000,0
1.431000,1500.00,1499.48,1,1,7,0,0.000,0
1.431667,1500.00,1500.38,1,1,8,0,0.000,0
1.432333,1500.00,1500.66,1,1,9,0,0.000,0
1.433000,1500.00,1499.25,1,1,10,0,0.000,0
1.433667,1500.00,1499.25,1,1,11,0,0.000,0
1.434333,1500.00,1499.25,1,1,12,0,0.000,0
1.435000,1500.00,1500.09,1,1,13,0,0.000,0
1.435667,1500.00,1499.53,1,1,14,0,0.000,0
1.436333,1500.00,1500.38,1,1,15,0,0.000,0
1.437000,1500.00,1499.53,1,1,16,0,0.000,0
1.437667,1500.00,1500.09,1,1,17,0,0.000,0
1.438333,1500.00,1500.38,1,1,18,0,0.000,0
1.439000,1500.00,1500.38,1,1,19,0,0.000,0
1.439667,1500.00,1500.66,1,1,20,0,0.000,0
1.440333,1500.00,1499.81,1,1,21,0,0.000,0
1.441000,1500.00,1501.22,1,1,22,0,0.000,0
1.441667,1500.00,1500.09,1,1,23,0,0.000,0
1.442333,1500.00,1500.09,1,1,24,0,0.000,0
1.443000,1500.00,1499.53,1,1,25,0,0.000,0
1.443667,1500.00,1498.97,1,1,26,0,0.000,0
1.444333,1500.00,1499.25,1,1,27,0,0.000,0
1.445000,1500.00,1500.09,1,1,28,0,0.000,0
1.445667,1500.00,1499.81,1,1,29,0,0.000,0
1.446333,1500.00,1498.97,1,1,30,0,0.000,0
1.447000,1500.00,1500.09,1,1,31,0,0.000,0
1.447667,1500.00,1500.94,1,1,32,0,0.000,0
1.448333,1500.00,1500.94,1,1,33,0,0.000,0
1.449000,1500.00,1500.94,1,1,34,0,0.000,0
1.449667,1500.00,1499.53,1,1,35,0,0.000,0
1.450333,1500.00,1498.97,1,1,36,0,0.000,0
1.451000,1500.00,1500.94,1,1,37,0,0.000,0
1.451667,1500.00,1500.38,1,1,38,0,0.000,0
1.452333,1500.00,1499.25,1,1,39,0,0.000,0
1.453000,1500.00,1500.09,1,1,40,0,0.000,0
1.453667,1500.00,1499.81,1,1,41,0,0.000,0
1.454333,1500.00,1499.25,1,1,42,0,0.000,0
1.455000,1500.00,1501.22,1,1,43,0,0.000,0
1.455667,1500.00,1500.94,1,1,44,0,0.000,0
1.456333,1500.00,1499.25,1,1,45,0,0.000,0
1.457000,1500.00,1499.81,1,1,46,0,0.000,0
1.457667,1500.00,1501.22,1,1,47,0,0.000,0
1.458333,1500.00,1498.97,1,1,48,0,0.000,0
1.459000,1500.00,1499.81,1,1,49,0,0.000,0
1.459667,1500.00,1501.22,1,1,50,0,0.000,0
1.460333,1500.00,1500.38,1,1,51,0,0.000,0
1.461000,1500.00,1500.09,1,1,52,0,0.000,0
1.461667,1500.00,1500.38,1,1,53,0,0.000,0
1.462333,1500.00,1500.09,1,1,54,0,0.000,0
1.463000,1500.00,1498.69,1,1,55,0,0.000,0
1.463667,1500.00,1499.81,1,1,56,0,0.000,0
1.464333,1500.00,1500.09,1,1,57,0,0.000,0
1.466333,1500.00,1499.25,1,1,0,1,0.000,0
1.467000,1500.00,1499.70,1,1,1,1,0.000,0
1.467667,1500.00,1499.93,1,1,2,1,0.000,0
1.468333,1500.00,1500.60,1,1,3,1,0.000,0
1.469000,1500.00,1500.38,1,1,4,1,0.000,0
1.469667,1500.00,1500.83,1,1,5,1,0.000,0
1.470333,1500.00,1500.38,1,1,6,1,0.000,0
1.471000,1500.00,1499.70,1,1,7,1,0.000,0
1.471667,1500.00,1500.38,1,1,8,1,0.000,0
1.472333,1500.00,1500.66,1,1,9,1,0.000,0
1.473000,1500.00,1499.81,1,1,10,1,0.000,0
1.473667,1500.00,1499.25,1,1,11,1,0.000,0
1.474333,1500.00,1499.25,1,1,12,1,0.000,0
1.475000,1500.00,1500.38,1,1,13,1,0.000,0
1.475667,1500.00,1499.53,1,1,14,1,0.000,0
1.476333,1500.00,1500.38,1,1,15,1,0.000,0
1.477000,1500.00,1500.09,1,1,16,1,0.000,0
1.477667,1500.00,1499.53,1,1,17,1,0.000,0
1.478333,1500.00,1499.81,1,1,18,1,0.000,0
1.479000,1500.00,1500.66,1,1,19,1,0.000,0
1.479667,1500.00,1500.09,1,1,20,1,0.000,0
1.480333,1500.00,1498.97,1,1,21,1,0.000,0
1.481000,1500.00,1500.38,1,1,22,1,0.000,0
1.481667,1500.00,1499.81,1,1,23,1,0.000,0
1.482333,1500.00,1499.81,1,1,24,1,0.000,0
1.483000,1500.00,1499.25,1,1,25,1,0.000,0
1.483667,1500.00,1500.09,1,1,26,1,0.000,0
1.484333,1500.00,1498.69,1,1,27,1,0.000,0
1.485000,1500.00,1500.09,1,1,28,1,0.000,0
1.485667,1500.00,1500.66,1,1,29,1,0.000,0
1.486333,1500.00,1499.81,1,1,30,1,0.000,0
1.487000,1500.00,1499.53,1,1,31,1,0.000,0
1.487667,1500.00,1500.38,1,1,32,1,0.000,0
1.488333,1500.00,1500.09,1,1,33,1,0.000,0
1.489000,1500.00,1499.81,1,1,34,1,0.000,0
1.489667,1500.00,1500.94,1,1,35,1,0.000,0
1.490333,1500.00,1500.66,1,1,36,1,0.000,0
1.491000,1500.00,1500.09,1,1,37,1,0.000,0
1.491667,1500.00,1500.38,1,1,38,1,0.000,0
1.492333,1500.00,1500.09,1,1,39,1,0.000,0
1.493000,1500.00,1499.25,1,1,40,1,0.000,0
1.493667,1500.00,1500.38,1,1,41,1,0.000,0
1.494333,1500.00,1499.81,1,1,42,1,0.000,0
1.495000,1500.00,1499.53,1,1,43,1,0.000,0
1.495667,1500.00,1499.25,1,1,44,1,0.000,0
1.496333,1500.00,1499.81,1,1,45,1,0.000,0
1.497000,1500.00,1499.81,1,1,46,1,0.000,0
1.497667,1500.00,1500.09,1,1,47,1,0.000,0
1.498333,1500.00,1500.09,1,1,48,1,0.000,0
1.499000,1500.00,1499.81,1,1,49,1,0.000,0
1.499667,1500.00,1500.38,1,1,50,1,0.000,0
1.500333,1500.00,1499.53,1,1,51,1,0.000,0
1.501000,1500.00,1500.09,1,1,52,1,0.000,0
1.501667,1500.00,1499.81,1,1,53,1,0.000,0
1.502333,1500.00,1499.81,1,1,54,1,0.000,0
1.503000,1500.00,1500.38,1,1,55,1,0.000,0
1.503667,1500.00,1500.09,1,1,56,1,0.000,0
1.504333,1500.00,1500.38,1,1,57,1,0.000,0
1.506333,1500.00,1500.38,1,1,0,0,0.000,0
1.507000,1500.00,1500.38,1,1,1,0,0.000,0
1.507667,1500.00,1500.15,1,1,2,0,0.000,0
1.508333,1500.00,1499.93,1,1,3,0,0.000,0
1.509000,1500.00,1500.38,1,1,4,0,0.000,0
1.509667,1500.00,1500.15,1,1,5,0,0.000,0
1.510333,1500.00,1499.70,1,1,6,0,0.000,0
1.511000,1500.00,1500.15,1,1,7,0,0.000,0
1.511667,1500.00,1499.81,1,1,8,0,0.000,0
1.512333,1500.00,1499.81,1,1,9,0,0.000,0
1.513000,1500.00,1499.53,1,1,10,0,0.000,0
1.513667,1500.00,1500.09,1,1,11,0,0.000,0
1.514333,1500.00,1499.81,1,1,12,0,0.000,0
1.515000,1500.00,1499.81,1,1,13,0,0.000,0
1.515667,1500.00,1500.38,1,1,14,0,0.000,0
1.516333,1500.00,1499.25,1,1,15,0,0.000,0
1.517000,1500.00,1499.81,1,1,16,0,0.000,0
1.517667,1500.00,1499.81,1,1,17,0,0.000,0
1.518333,1500.00,1499.81,1,1,18,0,0.000,0
1.519000,1500.00,1500.09,1,1,19,0,0.000,0
1.519667,1500.00,1499.81,1,1,20,0,0.000,0
1.520333,1500.00,1499.53,1,1,21,0,0.000,0
1.521000,1500.00,1500.09,1,1,22,0,0.000,0
1.521667,1500.00,1499.53,1,1,23,0,0.000,0
1.522333,1500.00,1499.53,1,1,24,0,0.000,0
1.523000,1500.00,1500.66,1,1,25,0,0.000,0
1.523667,1500.00,1500.66,1,1,26,0,0.000,0
1.524333,1500.00,1500.09,1,1,27,0,0.000,0
1.525000,1500.00,1500.38,1,1,28,0,0.000,0
1.525667,1500.00,1500.09,1,1,29,0,0.000,0
1.526333,1500.00,1500.09,1,1,30,0,0.000,0
1.527000,1500.00,1500.94,1,1,31,0,0.000,0
1.527667,1500.00,1500.94,1,1,32,0,0.000,0
1.528333,1500.00,1498.69,1,1,33,0,0.000,0
1.529000,1500.00,1499.53,1,1,34,0,0.000,0
1.529667,1500.00,1500.38,1,1,35,0,0.000,0
1.530333,1500.00,1499.53,1,1,36,0,0.000,0
1.531000,1500.00,1501.22,1,1,37,0,0.000,0
1.531667,1500.00,1500.38,1,1,38,0,0.000,0
1.532333,1500.00,1499.53,1,1,39,0,0.000,0
1.533000,1500.00,1499.53,1,1,40,0,0.000,0
1.533667,1500.00,1500.66,1,1,41,0,0.000,0
1.534333,1500.00,1500.38,1,1,42,0,0.000,0
1.535000,1500.00,1500.09,1,1,43,0,0.000,0
1.535667,1500.00,1500.09,1,1,44,0,0.000,0
1.536333,1500.00,1498.41,1,1,45,0,0.000,0
1.537000,1500.00,1499.53,1,1,46,0,0.000,0
1.537667,1500.00,1500.09,1,1,47,0,0.000,0
1.538333,1500.00,1500.38,1,1,48,0,0.000,0
1.539000,1500.00,1500.94,1,1,49,0,0.000,0
1.539667,1500.00,1500.38,1,1,50,0,0.000,0
1.540333,1500.00,1499.25,1,1,51,0,0.000,0
1.541000,1500.00,1500.38,1,1,52,0,0.000,0
1.541667,1500.00,1500.38,1,1,53,0,0.000,0
1.542333,1500.00,1499.81,1,1,54,0,0.000,0
1.543000,1500.00,1500.09,1,1,55,0,0.000,0
1.543667,1500.00,1500.09,1,1,56,0,0.000,0
1.544333,1500.00,1499.81,1,1,57,0,0.000,0
1.546333,1500.00,1499.03,1,1,0,1,0.000,0
1.547000,1500.00,1500.15,1,1,1,1,0.000,0
1.547667,1500.00,1499.93,1,1,2,1,0.000,0
1.548333,1500.00,1500.38,1,1,3,1,0.000,0
1.549000,1500.00,1500.38,1,1,4,1,0.000,0
1.549667,1500.00,1499.93,1,1,5,1,0.000,0
1.550333,1500.00,1499.25,1,1,6,1,0.000,0
1.551000,1500.00,1500.15,1,1,7,1,0.000,0
1.551667,1500.00,1500.66,1,1,8,1,0.000,0
1.552333,1500.00,1499.81,1,1,9,1,0.000,0
1.553000,1500.00,1500.38,1,1,10,1,0.000,0
1.553667,1500.00,1499.81,1,1,11,1,0.000,0
1.554333,1500.00,1499.81,1,1,12,1,0.000,0
1.555000,1500.00,1500.09,1,1,13,1,0.000,0
1.555667,1500.00,1500.38,1,1,14,1,0.000,0
1.556333,1500.00,1499.81,1,1,15,1,0.000,0
1.557000,1500.00,1500.38,1,1,16,1,0.000,0
1.557667,1500.00,1500.38,1,1,17,1,0.000,0
1.558333,1500.00,1499.53,1,1,18,1,0.000,0
1.559000,1500.00,1498.97,1,1,19,1,0.000,0
1.559667,1500.00,1499.53,1,1,20,1,0.000,0
1.560333,1500.00,1500.66,1,1,21,1,0.000,0
1.561000,1500.00,1499.53,1,1,22,1,0.000,0
1.561667,1500.00,1499.53,1,1,23,1,0.000,0
1.562333,1500.00,1500.09,1,1,24,1,0.000,0
1.563000,1500.00,1500.38,1,1,25,1,0.000,0
1.563667,1500.00,1500.09,1,1,26,1,0.000,0
1.564333,1500.00,1500.94,1,1,27,1,0.000,0
1.565000,1500.00,1500.09,1,1,28,1,0.000,0
1.565667,1500.00,1499.25,1,1,29,1,0.000,0
1.566333,1500.00,1500.66,1,1,30,1,0.000,0
1.567000,1500.00,1499.53,1,1,31,1,0.000,0
1.567667,1500.00,1498.97,1,1,32,1,0.000,0
1.568333,1500.00,1498.97,1,1,33,1,0.000,0
1.569000,1500.00,1499.53,1,1,34,1,0.000,0
1.569667,1500.00,1499.81,1,1,35,1,0.000,0
1.570333,1500.00,1500.66,1,1,36,1,0.000,0
1.571000,1500.00,1500.38,1,1,37,1,0.000,0
1.571667,1500.00,1499.53,1,1,38,1,0.000,0
1.572333,1500.00,1500.66,1,1,39,1,0.000,0
1.573000,1500.00,1500.94,1,1,40,1,0.000,0
1.573667,1500.00,1500.09,1,1,41,1,0.000,0
1.574333,1500.00,1500.38,1,1,42,1,0.000,0
1.575000,1500.00,1499.81,1,1,43,1,0.000,0
1.575667,1500.00,1499.53,1,1,44,1,0.000,0
1.576333,1500.00,1499.53,1,1,45,1,0.000,0
1.577000,1500.00,1500.38,1,1,46,1,0.000,0
1.577667,1500.00,1500.09,1,1,47,1,0.000,0
1.578333,1500.00,1499.81,1,1,48,1,0.000,0
1.579000,1500.00,1501.22,1,1,49,1,0.000,0
1.579667,1500.00,1499.53,1,1,50,1,0.000,0
1.580333,1500.00,1500.09,1,1,51,1,0.000,0
1.581000,1500.00,1500.09,1,1,52,1,0.000,0
1.581667,1500.00,1500.09,1,1,53,1,0.000,0
1.582333,1500.00,1500.09,1,1,54,1,0.000,0
1.583000,1500.00,1500.66,1,1,55,1,0.000,0
1.583667,1500.00,1499.81,1,1,56,1,0.000,0
1.584333,1500.00,1498.41,1,1,57,1,0.000,0
1.586333,1500.00,1499.93,1,1,0,0,0.000,0
1.587000,1500.00,1499.70,1,1,1,0,0.000,0
1.587667,1500.00,1499.25,1,1,2,0,0.000,0
1.588333,1500.00,1499.48,1,1,3,0,0.000,0
1.589000,1500.00,1499.93,1,1,4,0,0.000,0
1.589667,1500.00,1499.03,1,1,5,0,0.000,0
1.590333,1500.00,1500.15,1,1,6,0,0.000,0
1.591000,1500.00,1500.83,1,1,7,0,0.000,0
1.591667,1500.00,1500.09,1,1,8,0,0.000,0
1.592333,1500.00,1500.66,1,1,9,0,0.000,0
1.593000,1500.00,1500.94,1,1,10,0,0.000,0
1.593667,1500.00,1500.38,1,1,11,0,0.000,0
1.594333,1500.00,1499.53,1,1,12,0,0.000,0
1.595000,1500.00,1500.09,1,1,13,0,0.000,0
1.595667,1500.00,1499.81,1,1,14,0,0.000,0
1.596333,1500.00,1499.53,1,1,15,0,0.000,0
1.597000,1500.00,1500.94,1,1,16,0,0.000,0
1.597667,1500.00,1499.81,1,1,17,0,0.000,0
1.598333,1500.00,1499.81,1,1,18,0,0.000,0
1.599000,1500.00,1500.38,1,1,19,0,0.000,0
1.599667,1500.00,1499.53,1,1,20,0,0.000,0
1.600333,1500.00,1500.38,1,1,21,0,0.000,0
1.601000,1500.00,1500.09,1,1,22,0,0.000,0
1.601667,1500.00,1500.38,1,1,23,0,0.000,0
1.602333,1500.00,1499.25,1,1,24,0,0.000,0
1.603000,1500.00,1500.38,1,1,25,0,0.000,0
1.603667,1500.00,1499.81,1,1,26,0,0.000,0
1.604333,1500.00,1500.09,1,1,27,0,0.000,0
1.605000,1500.00,1500.66,1,1,28,0,0.000,0
1.605667,1500.00,1499.53,1,1,29,0,0.000,0
1.606333,1500.00,1499.81,1,1,30,0,0.000,0
1.607000,1500.00,1499.53,1,1,31,0,0.000,0
1.607667,1500.00,1499.81,1,1,32,0,0.000,0
1.608333,1500.00,1499.25,1,1,33,0,0.000,0
1.609000,1500.00,1500.38,1,1,34,0,0.000,0
1.609667,1500.00,1499.25,1,1,35,0,0.000,0
1.610333,1500.00,1500.66,1,1,36,0,0.000,0
1.611000,1500.00,1500.38,1,1,37,0,0.000,0
1.611667,1500.00,1500.38,1,1,38,0,0.000,0
1.612333,1500.00,1500.66,1,1,39,0,0.000,0
1.613000,1500.00,1500.38,1,1,40,0,0.000,0
1.613667,1500.00,1500.66,1,1,41,0,0.000,0
1.614333,1500.00,1500.94,1,1,42,0,0.000,0
1.615000,1500.00,1500.66,1,1,43,0,0.000,0
1.615667,1500.00,1500.09,1,1,44,0,0.000,0
1.616333,1500.00,1499.53,1,1,45,0,0.000,0
1.617000,1500.00,1499.81,1,1,46,0,0.000,0
1.617667,1500.00,1498.69,1,1,47,0,0.000,0
1.618333,1500.00,1500.09,1,1,48,0,0.000,0
1.619000,1500.00,1499.53,1,1,49,0,0.000,0
1.619667,1500.00,1499.25,1,1,50,0,0.000,0
1.620333,1500.00,1499.81,1,1,51,0,0.000,0
1.621000,1500.00,1499.53,1,1,52,0,0.000,0
1.621667,1500.00,1500.38,1,1,53,0,0.000,0
1.622333,1500.00,1500.09,1,1,54,0,0.000,0
1.623000,1500.00,1501.22,1,1,55,0,0.000,0
1.623667,1500.00,1499.81,1,1,56,0,0.000,0
1.624333,1500.00,1500.09,1,1,57,0,0.000,0
1.626333,1500.00,1500.15,1,1,0,1,0.000,0
1.627000,1500.00,1500.60,1,1,1,1,0.000,0
1.627667,1500.00,1499.70,1,1,2,1,0.000,0
1.628333,1500.00,1499.93,1,1,3,1,0.000,0
1.629000,1500.00,1499.93,1,1,4,1,0.000,0
1.629667,1500.00,1500.15,1,1,5,1,0.000,0
1.630333,1500.00,1500.60,1,1,6,1,0.000,0
1.631000,1500.00,1499.93,1,1,7,1,0.000,0
1.631667,1500.00,1499.25,1,1,8,1,0.000,0
1.632333,1500.00,1499.53,1,1,9,1,0.000,0
1.633000,1500.00,1500.66,1,1,10,1,0.000,0
1.633667,1500.00,1500.66,1,1,11,1,0.000,0
1.634333,1500.00,1499.53,1,1,12,1,0.000,0
1.635000,1500.00,1498.41,1,1,13,1,0.000,0
1.635667,1500.00,1499.25,1,1,14,1,0.000,0
1.636333,1500.00,1499.81,1,1,15,1,0.000,0
1.637000,1500.00,1500.94,1,1,16,1,0.000,0
1.637667,1500.00,1499.53,1,1,17,1,0.000,0
1.638333,1500.00,1500.38,1,1,18,1,0.000,0
1.639000,1500.00,1499.25,1,1,19,1,0.000,0
1.639667,1500.00,1500.66,1,1,20,1,0.000,0
1.640333,1500.00,1501.22,1,1,21,1,0.000,0
1.641000,1500.00,1500.09,1,1,22,1,0.000,0
1.641667,1500.00,1500.38,1,1,23,1,0.000,0
1.642333,1500.00,1499.53,1,1,24,1,0.000,0
1.643000,1500.00,1501.22,1,1,25,1,0.000,0
1.643667,1500.00,1499.25,1,1,26,1,0.000,0
1.644333,1500.00,1500.38,1,1,27,1,0.000,0
1.645000,1500.00,1500.38,1,1,28,1,0.000,0
1.645667,1500.00,1499.81,1,1,29,1,0.000,0
1.646333,1500.00,1499.53,1,1,30,1,0.000,0
1.647000,1500.00,1500.09,1,1,31,1,0.000,0
1.647667,1500.00,1500.38,1,1,32,1,0.000,0
1.648333,1500.00,1499.25,1,1,33,1,0.000,0
1.649000,1500.00,1499.81,1,1,34,1,0.000,0
1.649667,1500.00,1499.53,1,1,35,1,0.000,0
1.650333,1500.00,1499.81,1,1,36,1,0.000,0
1.651000,1500.00,1499.53,1,1,37,1,0.000,0
1.651667,1500.00,1500.66,1,1,38,1,0.000,0
1.652333,1500.00,1499.81,1,1,39,1,0.000,0
1.653000,1500.00,1499.53,1,1,40,1,0.000,0
1.653667,1500.00,1500.09,1,1,41,1,0.000,0
1.654333,1500.00,1500.38,1,1,42,1,0.000,0
1.655000,1500.00,1500.66,1,1,43,1,0.000,0
1.655667,1500.00,1499.81,1,1,44,1,0.000,0
1.656333,1500.00,1500.66,1,1,45,1,0.000,0
1.657000,1500.00,1500.38,1,1,46,1,0.000,0
1.657667,1500.00,1499.53,1,1,47,1,0.000,0
1.658333,1500.00,1500.38,1,1,48,1,0.000,0
1.659000,1500.00,1499.81,1,1,49,1,0.000,0
1.659667,1500.00,1499.53,1,1,50,1,0.000,0
1.660333,1500.00,1498.97,1,1,51,1,0.000,0
1.661000,1500.00,1500.09,1,1,52,1,0.000,0
1.661667,1500.00,1500.09,1,1,53,1,0.000,0
1.662333,1500.00,1498.97,1,1,54,1,0.000,0
1.663000,1500.00,1500.38,1,1,55,1,0.000,0
1.663667,1500.00,1499.53,1,1,56,1,0.000,0
1.664333,1500.00,1499.53,1,1,57,1,0.000,0
1.666333,1500.00,1499.70,1,1,0,0,0.000,0
1.667000,1500.00,1501.05,1,1,1,0,0.000,0
1.667667,1500.00,1499.70,1,1,2,0,0.000,0
1.668333,1500.00,1500.15,1,1,3,0,0.000,0
1.669000,1500.00,1500.15,1,1,4,0,0.000,0
1.669667,1500.00,1499.70,1,1,5,0,0.000,0
1.670333,1500.00,1500.15,1,1,6,0,0.000,0
1.671000,1500.00,1499.93,1,1,7,0,0.000,0
1.671667,1500.00,1500.66,1,1,8,0,0.000,0
1.672333,1500.00,1499.53,1,1,9,0,0.000,0
1.673000,1500.00,1499.81,1,1,10,0,0.000,0
1.673667,1500.00,1499.25,1,1,11,0,0.000,0
1.674333,1500.00,1500.66,1,1,12,0,0.000,0
1.675000,1500.00,1500.66,1,1,13,0,0.000,0
1.675667,1500.00,1499.81,1,1,14,0,0.000,0
1.676333,1500.00,1500.94,1,1,15,0,0.000,0
1.677000,1500.00,1499.25,1,1,16,0,0.000,0
1.677667,1500.00,1500.09,1,1,17,0,0.000,0
1.678333,1500.00,1500.09,1,1,18,0,0.000,0
1.679000,1500.00,1499.53,1,1,19,0,0.000,0
1.679667,1500.00,1500.09,1,1,20,0,0.000,0
1.680333,1500.00,1500.38,1,1,21,0,0.000,0
1.681000,1500.00,1499.81,1,1,22,0,0.000,0
1.681667,1500.00,1499.25,1,1,23,0,0.000,0
1.682333,1500.00,1501.22,1,1,24,0,0.000,0
1.683000,1500.00,1500.38,1,1,25,0,0.000,0
1.683667,1500.00,1500.94,1,1,26,0,0.000,0
1.684333,1500.00,1501.50,1,1,27,0,0.000,0
1.685000,1500.00,1499.25,1,1,28,0,0.000,0
1.685667,1500.00,1500.09,1,1,29,0,0.000,0
1.686333,1500.00,1500.38,1,1,30,0,0.000,0
1.687000,1500.00,1500.94,1,1,31,0,0.000,0
1.687667,1500.00,1499.53,1,1,32,0,0.000,0
1.688333,1500.00,1500.38,1,1,33,0,0.000,0
1.689000,1500.00,1498.41,1,1,34,0,0.000,0
1.689667,1500.00,1499.53,1,1,35,0,0.000,0
1.690333,1500.00,1500.09,1,1,36,0,0.000,0
1.691000,1500.00,1499.81,1,1,37,0,0.000,0
1.691667,1500.00,1499.81,1,1,38,0,0.000,0
1.692333,1500.00,1498.97,1,1,39,0,0.000,0
1.693000,1500.00,1500.09,1,1,40,0,0.000,0
1.693667,1500.00,1499.25,1,1,41,0,0.000,0
1.694333,1500.00,1501.50,1,1,42,0,0.000,0
1.695000,1500.00,1500.09,1,1,43,0,0.000,0
1.695667,1500.00,1500.38,1,1,44,0,0.000,0
1.696333,1500.00,1499.81,1,1,45,0,0.000,0
1.697000,1500.00,1500.09,1,1,46,0,0.000,0
1.697667,1500.00,1499.81,1,1,47,0,0.000,0
1.698333,1500.00,1500.66,1,1,48,0,0.000,0
1.699000,1500.00,1500.38,1,1,49,0,0.000,0
1.699667,1500.00,1499.53,1,1,50,0,0.000,0
1.700333,1500.00,1500.09,1,1,51,0,0.000,0
1.701000,1500.00,1500.09,1,1,52,0,0.000,0
1.701667,1500.00,1499.53,1,1,53,0,0.000,0
1.702333,1500.00,1499.81,1,1,54,0,0.000,0
1.703000,1500.00,1500.66,1,1,55,0,0.000,0
1.703667,1500.00,1499.53,1,1,56,0,0.000,0
1.704333,1500.00,1499.25,1,1,57,0,0.000,0
1.706333,1500.00,1499.93,1,1,0,1,0.000,0
1.707000,1500.00,1499.48,1,1,1,1,0.000,0
1.707667,1500.00,1500.15,1,1,2,1,0.000,0
1.708333,1500.00,1500.38,1,1,3,1,0.000,0
1.709000,1500.00,1500.15,1,1,4,1,0.000,0
1.709667,1500.00,1500.38,1,1,5,1,0.000,0
1.710333,1500.00,1499.70,1,1,6,1,0.000,0
1.711000,1500.00,1499.93,1,1,7,1,0.000,0
1.711667,1500.00,1499.53,1,1,8,1,0.000,0
1.712333,1500.00,1499.53,1,1,9,1,0.000,0
1.713000,1500.00,1499.81,1,1,10,1,0.000,0
1.713667,1500.00,1499.53,1,1,11,1,0.000,0
1.714333,1500.00,1500.09,1,1,12,1,0.000,0
1.715000,1500.00,1499.25,1,1,13,1,0.000,0
1.715667,1500.00,1499.81,1,1,14,1,0.000,0
1.716333,1500.00,1500.66,1,1,15,1,0.000,0
1.717000,1500.00,1500.09,1,1,16,1,0.000,0
1.717667,1500.00,1500.94,1,1,17,1,0.000,0
1.718333,1500.00,1500.09,1,1,18,1,0.000,0
1.719000,1500.00,1500.09,1,1,19,1,0.000,0
1.719667,1500.00,1499.81,1,1,20,1,0.000,0
1.720333,1500.00,1500.09,1,1,21,1,0.000,0
1.721000,1500.00,1499.81,1,1,22,1,0.000,0
1.721667,1500.00,1499.25,1,1,23,1,0.000,0
1.722333,1500.00,1500.66,1,1,24,1,0.000,0
1.723000,1500.00,1499.53,1,1,25,1,0.000,0
1.723667,1500.00,1499.25,1,1,26,1,0.000,0
1.724333,1500.00,1500.09,1,1,27,1,0.000,0
1.725000,1500.00,1499.81,1,1,28,1,0.000,0
1.725667,1500.00,1500.38,1,1,29,1,0.000,0
1.726333,1500.00,1501.50,1,1,30,1,0.000,0
1.727000,1500.00,1500.09,1,1,31,1,0.000,0
1.727667,1500.00,1499.25,1,1,32,1,0.000,0
1.728333,1500.00,1500.66,1,1,33,1,0.000,0
1.729000,1500.00,1500.38,1,1,34,1,0.000,0
1.729667,1500.00,1500.09,1,1,35,1,0.000,0
1.730333,1500.00,1500.38,1,1,36,1,0.000,0
1.731000,1500.00,1500.66,1,1,37,1,0.000,0
1.731667,1500.00,1499.25,1,1,38,1,0.000,0
1.732333,1500.00,1500.09,1,1,39,1,0.000,0
1.733000,1500.00,1500.66,1,1,40,1,0.000,0
1.733667,1500.00,1499.81,1,1,41,1,0.000,0
1.734333,1500.00,1499.53,1,1,42,1,0.000,0
1.735000,1500.00,1500.09,1,1,43,1,0.000,0
1.735667,1500.00,1500.09,1,1,44,1,0.000,0
1.736333,1500.00,1499.81,1,1,45,1,0.000,0
1.737000,1500.00,1500.09,1,1,46,1,0.000,0
1.737667,1500.00,1500.38,1,1,47,1,0.000,0
1.738333,1500.00,1499.53,1,1,48,1,0.000,0
1.739000,1500.00,1499.25,1,1,49,1,0.000,0
1.739667,1500.00,1500.38,1,1,50,1,0.000,0
1.740333,1500.00,1500.38,1,1,51,1,0.000,0
1.741000,1500.00,1499.81,1,1,52,1,0.000,0
1.741667,1500.00,1498.97,1,1,53,1,0.000,0
1.742333,1500.00,1499.25,1,1,54,1,0.000,0
1.743000,1500.00,1500.09,1,1,55,1,0.000,0
1.743667,1500.00,1499.81,1,1,56,1,0.000,0
1.744333,1500.00,1500.66,1,1,57,1,0.000,0
1.746333,1500.00,1500.15,1,1,0,0,0.000,0
1.747000,1500.00,1499.70,1,1,1,0,0.000,0
1.747667,1500.00,1500.15,1,1,2,0,0.000,0
1.748333,1500.00,1500.15,1,1,3,0,0.000,0
1.749000,1500.00,1500.38,1,1,4,0,0.000,0
1.749667,1500.00,1499.48,1,1,5,0,0.000,0
1.750333,1500.00,1500.38,1,1,6,0,0.000,0
1.751000,1500.00,1499.48,1,1,7,0,0.000,0
1.751667,1500.00,1499.53,1,1,8,0,0.000,0
1.752333,1500.00,1500.09,1,1,9,0,0.000,0
1.753000,1500.00,1500.09,1,1,10,0,0.000,0
1.753667,1500.00,1500.09,1,1,11,0,0.000,0
1.754333,1500.00,1500.38,1,1,12,0,0.000,0
1.755000,1500.00,1500.09,1,1,13,0,0.000,0
1.755667,1500.00,1499.25,1,1,14,0,0.000,0
1.756333,1500.00,1500.09,1,1,15,0,0.000,0
1.757000,1500.00,1500.38,1,1,16,0,0.000,0
1.757667,1500.00,1500.09,1,1,17,0,0.000,0
1.758333,1500.00,1499.25,1,1,18,0,0.000,0
1.759000,1500.00,1500.66,1,1,19,0,0.000,0
1.759667,1500.00,1499.81,1,1,20,0,0.000,0
1.760333,1500.00,1499.81,1,1,21,0,0.000,0
1.761000,1500.00,1501.22,1,1,22,0,0.000,0
1.761667,1500.00,1500.38,1,1,23,0,0.000,0
1.762333,1500.00,1500.38,1,1,24,0,0.000,0
1.763000,1500.00,1500.09,1,1,25,0,0.000,0
1.763667,1500.00,1500.38,1,1,26,0,0.000,0
1.764333,1500.00,1499.53,1,1,27,0,0.000,0
1.765000,1500.00,1499.81,1,1,28,0,0.000,0
1.765667,1500.00,1499.81,1,1,29,0,0.000,0
1.766333,1500.00,1498.97,1,1,30,0,0.000,0
1.767000,1500.00,1499.25,1,1,31,0,0.000,0
1.767667,1500.00,1499.81,1,1,32,0,0.000,0
1.768333,1500.00,1499.53,1,1,33,0,0.000,0
1.769000,1500.00,1500.09,1,1,34,0,0.000,0
1.769667,1500.00,1500.94,1,1,35,0,0.000,0
1.770333,1500.00,1500.09,1,1,36,0,0.000,0
1.771000,1500.00,1500.66,1,1,37,0,0.000,0
1.771667,1500.00,1499.81,1,1,38,0,0.000,0
1.772333,1500.00,1501.50,1,1,39,0,0.000,0
1.773000,1500.00,1500.09,1,1,40,0,0.000,0
1.773667,1500.00,1500.66,1,1,41,0,0.000,0
1.774333,1500.00,1500.38,1,1,42,0,0.000,0
1.775000,1500.00,1498.97,1,1,43,0,0.000,0
1.775667,1500.00,1499.81,1,1,44,0,0.000,0
1.776333,1500.00,1499.81,1,1,45,0,0.000,0
1.777000,1500.00,1501.22,1,1,46,0,0.000,0
1.777667,1500.00,1498.69,1,1,47,0,0.000,0
1.778333,1500.00,1498.69,1,1,48,0,0.000,0
1.779000,1500.00,1499.81,1,1,49,0,0.000,0
1.779667,1500.00,1499.25,1,1,50,0,0.000,0
1.780333,1500.00,1500.09,1,1,51,0,0.000,0
1.781000,1500.00,1500.94,1,1,52,0,0.000,0
1.781667,1500.00,1500.09,1,1,53,0,0.000,0
1.782333,1500.00,1499.53,1,1,54,0,0.000,0
1.783000,1500.00,1500.66,1,1,55,0,0.000,0
1.783667,1500.00,1500.94,1,1,56,0,0.000,0
1.784333,1500.00,1499.81,1,1,57,0,0.000,0
1.786333,1500.00,1499.93,1,1,0,1,0.000,0
1.787000,1500.00,1500.15,1,1,1,1,0.000,0
1.787667,1500.00,1498.80,1,1,2,1,0.000,0
1.788333,1500.00,1499.93,1,1,3,1,0.000,0
1.789000,1500.00,1500.15,1,1,4,1,0.000,0
1.789667,1500.00,1499.93,1,1,5,1,0.000,0
1.790333,1500.00,1500.38,1,1,6,1,0.000,0
1.791000,1500.00,1500.38,1,1,7,1,0.000,0
1.791667,1500.00,1500.38,1,1,8,1,0.000,0
1.792333,1500.00,1500.09,1,1,9,1,0.000,0
1.793000,1500.00,1500.09,1,1,10,1,0.000,0
1.793667,1500.00,1500.38,1,1,11,1,0.000,0
1.794333,1500.00,1499.81,1,1,12,1,0.000,0
1.795000,1500.00,1500.66,1,1,13,1,0.000,0
1.795667,1500.00,1499.53,1,1,14,1,0.000,0
1.796333,1500.00,1499.81,1,1,15,1,0.000,0
1.797000,1500.00,1500.38,1,1,16,1,0.000,0
1.797667,1500.00,1499.81,1,1,17,1,0.000,0
1.798333,1500.00,1500.94,1,1,18,1,0.000,0
1.799000,1500.00,1500.09,1,1,19,1,0.000,0
1.799667,1500.00,1500.38,1,1,20,1,0.000,0
1.800333,1500.00,1499.81,1,1,21,1,0.000,0
1.801000,1500.00,1500.94,1,1,22,1,0.000,0
1.801667,1500.00,1499.81,1,1,23,1,0.000,0
1.802333,1500.00,1499.81,1,1,24,1,0.000,0
1.803000,1500.00,1499.25,1,1,25,1,0.000,0
1.803667,1500.00,1499.25,1,1,26,1,0.000,0
1.804333,1500.00,1499.81,1,1,27,1,0.000,0
1.805000,1500.00,1499.81,1,1,28,1,0.000,0
1.805667,1500.00,1500.09,1,1,29,1,0.000,0
1.806333,1500.00,1499.53,1,1,30,1,0.000,0
1.807000,1500.00,1499.25,1,1,31,1,0.000,0
1.807667,1500.00,1500.09,1,1,32,1,0.000,0
1.808333,1500.00,1500.66,1,1,33,1,0.000,0
1.809000,1500.00,1500.09,1,1,34,1,0.000,0
1.809667,1500.00,1499.81,1,1,35,1,0.000,0
1.810333,1500.00,1499.53,1,1,36,1,0.000,0
1.811000,1500.00,1499.25,1,1,37,1,0.000,0
1.811667,1500.00,1500.09,1,1,38,1,0.000,0
1.812333,1500.00,1500.94,1,1,39,1,0.000,0
1.813000,1500.00,1500.38,1,1,40,1,0.000,0
1.813667,1500.00,1500.38,1,1,41,1,0.000,0
1.814333,1500.00,1500.38,1,1,42,1,0.000,0
1.815000,1500.00,1500.66,1,1,43,1,0.000,0
1.815667,1500.00,1500.09,1,1,44,1,0.000,0
1.816333,1500.00,1500.38,1,1,45,1,0.000,0
1.817000,1500.00,1499.25,1,1,46,1,0.000,0
1.817667,1500.00,1499.25,1,1,47,1,0.000,0
1.818333,1500.00,1499.53,1,1,48,1,0.000,0
1.819000,1500.00,1499.81,1,1,49,1,0.000,0
1.819667,1500.00,1499.81,1,1,50,1,0.000,0
1.820333,1500.00,1499.81,1,1,51,1,0.000,0
1.821000,1500.00,1500.09,1,1,52,1,0.000,0
1.821667,1500.00,1499.25,1,1,53,1,0.000,0
1.822333,1500.00,1500.66,1,1,54,1,0.000,0
1.823000,1500.00,1500.38,1,1,55,1,0.000,0
1.823667,1500.00,1500.09,1,1,56,1,0.000,0
1.824333,1500.00,1500.09,1,1,57,1,0.000,0
1.826333,1500.00,1500.15,1,1,0,0,0.000,0
1.827000,1500.00,1499.48,1,1,1,0,0.000,0
1.827667,1500.00,1500.60,1,1,2,0,0.000,0
1.828333,1500.00,1501.28,1,1,3,0,0.000,0
1.829000,1500.00,1499.70,1,1,4,0,0.000,0
1.829667,1500.00,1500.38,1,1,5,0,0.000,0
1.830333,1500.00,1499.70,1,1,6,0,0.000,0
1.831000,1500.00,1499.25,1,1,7,0,0.000,0
1.831667,1500.00,1499.81,1,1,8,0,0.000,0
1.832333,1500.00,1500.09,1,1,9,0,0.000,0
1.833000,1500.00,1498.69,1,1,10,0,0.000,0
1.833667,1500.00,1498.69,1,1,11,0,0.000,0
1.834333,1500.00,1499.81,1,1,12,0,0.000,0
1.835000,1500.00,1499.53,1,1,13,0,0.000,0
1.835667,1500.00,1500.09,1,1,14,0,0.000,0
1.836333,1500.00,1500.38,1,1,15,0,0.000,0
1.837000,1500.00,1500.09,1,1,16,0,0.000,0
1.837667,1500.00,1499.81,1,1,17,0,0.000,0
1.838333,1500.00,1500.94,1,1,18,0,0.000,0
1.839000,1500.00,1499.81,1,1,19,0,0.000,0
1.839667,1500.00,1499.81,1,1,20,0,0.000,0
1.840333,1500.00,1500.38,1,1,21,0,0.000,0
1.841000,1500.00,1500.09,1,1,22,0,0.000,0
1.841667,1500.00,1500.38,1,1,23,0,0.000,0
1.842333,1500.00,1499.81,1,1,24,0,0.000,0
1.843000,1500.00,1500.09,1,1,25,0,0.000,0
1.843667,1500.00,1499.53,1,1,26,0,0.000,0
1.844333,1500.00,1500.94,1,1,27,0,0.000,0
1.845000,1500.00,1500.09,1,1,28,0,0.000,0
1.845667,1500.00,1499.53,1,1,29,0,0.000,0
1.846333,1500.00,1500.09,1,1,30,0,0.000,0
1.847000,1500.00,1499.81,1,1,31,0,0.000,0
1.847667,1500.00,1500.66,1,1,32,0,0.000,0
1.848333,1500.00,1500.38,1,1,33,0,0.000,0
1.849000,1500.00,1499.81,1,1,34,0,0.000,0
1.849667,1500.00,1498.97,1,1,35,0,0.000,0
1.850333,1500.00,1500.94,1,1,36,0,0.000,0
1.851000,1500.00,1500.38,1,1,37,0,0.000,0
1.851667,1500.00,1500.09,1,1,38,0,0.000,0
1.852333,1500.00,1500.66,1,1,39,0,0.000,0
1.853000,1500.00,1499.81,1,1,40,0,0.000,0
1.853667,1500.00,1499.81,1,1,41,0,0.000,0
1.854333,1500.00,1499.81,1,1,42,0,0.000,0
1.855000,1500.00,1500.38,1,1,43,0,0.000,0
1.855667,1500.00,1500.38,1,1,44,0,0.000,0
1.856333,1500.00,1500.09,1,1,45,0,0.000,0
1.857000,1500.00,1500.38,1,1,46,0,0.000,0
1.857667,1500.00,1499.53,1,1,47,0,0.000,0
1.858333,1500.00,1499.81,1,1,48,0,0.000,0
1.859000,1500.00,1499.53,1,1,49,0,0.000,0
1.859667,1500.00,1500.38,1,1,50,0,0.000,0
1.860333,1500.00,1499.81,1,1,51,0,0.000,0
1.861000,1500.00,1498.97,1,1,52,0,0.000,0
1.861667,1500.00,1499.81,1,1,53,0,0.000,0
1.862333,1500.00,1499.53,1,1,54,0,0.000,0
1.863000,1500.00,1499.81,1,1,55,0,0.000,0
1.863667,1500.00,1500.38,1,1,56,0,0.000,0
1.864333,1500.00,1500.94,1,1,57,0,0.000,0
1.866333,1500.00,1499.93,1,1,0,1,0.000,0
1.867000,1500.00,1500.38,1,1,1,1,0.000,0
1.867667,1500.00,1499.93,1,1,2,1,0.000,0
1.868333,1500.00,1499.93,1,1,3,1,0.000,0
1.869000,1500.00,1499.93,1,1,4,1,0.000,0
1.869667,1500.00,1500.15,1,1,5,1,0.000,0
1.870333,1500.00,1499.70,1,1,6,1,0.000,0
1.871000,1500.00,1499.93,1,1,7,1,0.000,0
1.871667,1500.00,1499.81,1,1,8,1,0.000,0
1.872333,1500.00,1500.38,1,1,9,1,0.000,0
1.873000,1500.00,1500.66,1,1,10,1,0.000,0
1.873667,1500.00,1499.53,1,1,11,1,0.000,0
1.874333,1500.00,1500.09,1,1,12,1,0.000,0
1.875000,1500.00,1499.53,1,1,13,1,0.000,0
1.875667,1500.00,1499.25,1,1,14,1,0.000,0
1.876333,1500.00,1499.53,1,1,15,1,0.000,0
1.877000,1500.00,1500.38,1,1,16,1,0.000,0
1.877667,1500.00,1499.53,1,1,17,1,0.000,0
1.878333,1500.00,1499.81,1,1,18,1,0.000,0
1.879000,1500.00,1499.53,1,1,19,1,0.000,0
1.879667,1500.00,1499.25,1,1,20,1,0.000,0
1.880333,1500.00,1500.09,1,1,21,1,0.000,0
1.881000,1500.00,1500.66,1,1,22,1,0.000,0
1.881667,1500.00,1499.53,1,1,23,1,0.000,0
1.882333,1500.00,1500.38,1,1,24,1,0.000,0
1.883000,1500.00,1499.53,1,1,25,1,0.000,0
1.883667,1500.00,1499.25,1,1,26,1,0.000,0
1.884333,1500.00,1501.22,1,1,27,1,0.000,0
1.885000,1500.00,1500.38,1,1,28,1,0.000,0
1.885667,1500.00,1500.66,1,1,29,1,0.000,0
1.886333,1500.00,1498.97,1,1,30,1,0.000,0
1.887000,1500.00,1500.38,1,1,31,1,0.000,0
1.887667,1500.00,1499.53,1,1,32,1,0.000,0
1.888333,1500.00,1500.38,1,1,33,1,0.000,0
1.889000,1500.00,1500.09,1,1,34,1,0.000,0
1.889667,1500.00,1500.38,1,1,35,1,0.000,0
1.890333,1500.00,1500.38,1,1,36,1,0.000,0
1.891000,1500.00,1499.53,1,1,37,1,0.000,0
1.891667,1500.00,1500.94,1,1,38,1,0.000,0
1.892333,1500.00,1499.53,1,1,39,1,0.000,0
1.893000,1500.00,1499.81,1,1,40,1,0.000,0
1.893667,1500.00,1500.94,1,1,41,1,0.000,0
1.894333,1500.00,1501.22,1,1,42,1,0.000,0
1.895000,1500.00,1498.97,1,1,43,1,0.000,0
1.895667,1500.00,1499.81,1,1,44,1,0.000,0
1.896333,1500.00,1500.09,1,1,45,1,0.000,0
1.897000,1500.00,1499.81,1,1,46,1,0.000,0
1.897667,1500.00,1500.38,1,1,47,1,0.000,0
1.898333,1500.00,1500.09,1,1,48,1,0.000,0
1.899000,1500.00,1499.53,1,1,49,1,0.000,0
1.899667,1500.00,1498.97,1,1,50,1,0.000,0
1.900333,1500.00,1500.66,1,1,51,1,0.000,0
1.901000,1500.00,1499.81,1,1,52,1,0.000,0
1.901667,1500.00,1499.53,1,1,53,1,0.000,0
1.902333,1500.00,1500.09,1,1,54,1,0.000,0
1.903000,1500.00,1499.81,1,1,55,1,0.000,0
1.903667,1500.00,1500.09,1,1,56,1,0.000,0
1.904333,1500.00,1499.53,1,1,57,1,0.000,0
1.906333,1500.00,1500.38,1,1,0,0,0.000,0
1.907000,1500.00,1499.93,1,1,1,0,0.000,0
1.907667,1500.00,1499.70,1,1,2,0,0.000,0
1.908333,1500.00,1500.38,1,1,3,0,0.000,0
1.909000,1500.00,1500.38,1,1,4,0,0.000,0
1.909667,1500.00,1500.38,1,1,5,0,0.000,0
1.910333,1500.00,1499.70,1,1,6,0,0.000,0
1.911000,1500.00,1499.93,1,1,7,0,0.000,0
1.911667,1500.00,1499.53,1,1,8,0,0.000,0
1.912333,1500.00,1500.09,1,1,9,0,0.000,0
1.913000,1500.00,1500.66,1,1,10,0,0.000,0
1.913667,1500.00,1500.09,1,1,11,0,0.000,0
1.914333,1500.00,1500.09,1,1,12,0,0.000,0
1.915000,1500.00,1500.66,1,1,13,0,0.000,0
1.915667,1500.00,1500.38,1,1,14,0,0.000,0
1.916333,1500.00,1499.81,1,1,15,0,0.000,0
1.917000,1500.00,1499.81,1,1,16,0,0.000,0
1.917667,1500.00,1499.81,1,1,17,0,0.000,0
1.918333,1500.00,1499.81,1,1,18,0,0.000,0
1.919000,1500.00,1499.81,1,1,19,0,0.000,0
1.919667,1500.00,1499.53,1,1,20,0,0.000,0
1.920333,1500.00,1499.25,1,1,21,0,0.000,0
1.921000,1500.00,1499.25,1,1,22,0,0.000,0
1.921667,1500.00,1500.94,1,1,23,0,0.000,0
1.922333,1500.00,1500.38,1,1,24,0,0.000,0
1.923000,1500.00,1499.25,1,1,25,0,0.000,0
1.923667,1500.00,1500.09,1,1,26,0,0.000,0
1.924333,1500.00,1499.53,1,1,27,0,0.000,0
1.925000,1500.00,1500.09,1,1,28,0,0.000,0
1.925667,1500.00,1500.38,1,1,29,0,0.000,0
1.926333,1500.00,1500.38,1,1,30,0,0.000,0
1.927000,1500.00,1499.53,1,1,31,0,0.000,0
1.927667,1500.00,1499.81,1,1,32,0,0.000,0
1.928333,1500.00,1500.94,1,1,33,0,0.000,0
1.929000,1500.00,1500.38,1,1,34,0,0.000,0
1.929667,1500.00,1500.09,1,1,35,0,0.000,0
1.930333,1500.00,1500.09,1,1,36,0,0.000,0
1.931000,1500.00,1499.53,1,1,37,0,0.000,0
1.931667,1500.00,1500.66,1,1,38,0,0.000,0
1.932333,1500.00,1499.81,1,1,39,0,0.000,0
1.933000,1500.00,1500.38,1,1,40,0,0.000,0
1.933667,1500.00,1499.81,1,1,41,0,0.000,0
1.934333,1500.00,1499.53,1,1,42,0,0.000,0
1.935000,1500.00,1499.53,1,1,43,0,0.000,0
1.935667,1500.00,1500.38,1,1,44,0,0.000,0
1.936333,1500.00,1499.53,1,1,45,0,0.000,0
1.937000,1500.00,1499.81,1,1,46,0,0.000,0
1.937667,1500.00,1500.09,1,1,47,0,0.000,0
1.938333,1500.00,1498.97,1,1,48,0,0.000,0
1.939000,1500.00,1499.53,1,1,49,0,0.000,0
1.939667,1500.00,1499.53,1,1,50,0,0.000,0
1.940333,1500.00,1501.22,1,1,51,0,0.000,0
1.941000,1500.00,1499.25,1,1,52,0,0.000,0
1.941667,1500.00,1501.22,1,1,53,0,0.000,0
1.942333,1500.00,1499.53,1,1,54,0,0.000,0
1.943000,1500.00,1499.53,1,1,55,0,0.000,0
1.943667,1500.00,1500.66,1,1,56,0,0.000,0
1.944333,1500.00,1500.94,1,1,57,0,0.000,0
1.946333,1500.00,1500.38,1,1,0,1,0.000,0
1.947000,1500.00,1500.15,1,1,1,1,0.000,0
1.947667,1500.00,1500.38,1,1,2,1,0.000,0
1.948333,1500.00,1499.93,1,1,3,1,0.000,0
1.949000,1500.00,1500.15,1,1,4,1,0.000,0
1.949667,1500.00,1500.60,1,1,5,1,0.000,0
1.950333,1500.00,1500.15,1,1,6,1,0.000,0
1.951000,1500.00,1499.48,1,1,7,1,0.000,0
1.951667,1500.00,1500.66,1,1,8,1,0.000,0
1.952333,1500.00,1499.81,1,1,9,1,0.000,0
1.953000,1500.00,1499.81,1,1,10,1,0.000,0
1.953667,1500.00,1499.81,1,1,11,1,0.000,0
1.954333,1500.00,1500.38,1,1,12,1,0.000,0
1.955000,1500.00,1499.81,1,1,13,1,0.000,0
1.955667,1500.00,1500.66,1,1,14,1,0.000,0
1.956333,1500.00,1500.38,1,1,15,1,0.000,0
1.957000,1500.00,1498.69,1,1,16,1,0.000,0
1.957667,1500.00,1499.81,1,1,17,1,0.000,0
1.958333,1500.00,1499.53,1,1,18,1,0.000,0
1.959000,1500.00,1499.81,1,1,19,1,0.000,0
1.959667,1500.00,1500.38,1,1,20,1,0.000,0
1.960333,1500.00,1499.81,1,1,21,1,0.000,0
1.961000,1500.00,1499.81,1,1,22,1,0.000,0
1.961667,1500.00,1499.53,1,1,23,1,0.000,0
1.962333,1500.00,1500.38,1,1,24,1,0.000,0
1.963000,1500.00,1498.97,1,1,25,1,0.000,0
1.963667,1500.00,1500.09,1,1,26,1,0.000,0
1.964333,1500.00,1499.53,1,1,27,1,0.000,0
1.965000,1500.00,1499.81,1,1,28,1,0.000,0
1.965667,1500.00,1499.81,1,1,29,1,0.000,0
1.966333,1500.00,1500.09,1,1,30,1,0.000,0
1.967000,1500.00,1500.09,1,1,31,1,0.000,0
1.967667,1500.00,1499.81,1,1,32,1,0.000,0
1.968333,1500.00,1500.66,1,1,33,1,0.000,0
1.969000,1500.00,1500.09,1,1,34,1,0.000,0
1.969667,1500.00,1500.66,1,1,35,1,0.000,0
1.970333,1500.00,1499.53,1,1,36,1,0.000,0
1.971000,1500.00,1499.81,1,1,37,1,0.000,0
1.971667,1500.00,1499.81,1,1,38,1,0.000,0
1.972333,1500.00,1499.81,1,1,39,1,0.000,0
1.973000,1500.00,1500.38,1,1,40,1,0.000,0
1.973667,1500.00,1500.66,1,1,41,1,0.000,0
1.974333,1500.00,1500.38,1,1,42,1,0.000,0
1.975000,1500.00,1499.81,1,1,43,1,0.000,0
1.975667,1500.00,1499.81,1,1,44,1,0.000,0
1.976333,1500.00,1499.81,1,1,45,1,0.000,0
1.977000,1500.00,1499.53,1,1,46,1,0.000,0
1.977667,1500.00,1500.09,1,1,47,1,0.000,0
1.978333,1500.00,1500.66,1,1,48,1,0.000,0
1.979000,1500.00,1499.53,1,1,49,1,0.000,0
1.979667,1500.00,1499.81,1,1,50,1,0.000,0
1.980333,1500.00,1500.09,1,1,51,1,0.000,0
1.981000,1500.00,1500.09,1,1,52,1,0.000,0
1.981667,1500.00,1500.38,1,1,53,1,0.000,0
1.982333,1500.00,1500.09,1,1,54,1,0.000,0
1.983000,1500.00,1500.38,1,1,55,1,0.000,0
1.983667,1500.00,1499.53,1,1,56,1,0.000,0
1.984333,1500.00,1499.81,1,1,57,1,0.000,0
1.986333,1500.00,1499.70,1,1,0,0,0.000,0
1.987000,1500.00,1500.15,1,1,1,0,0.000,0
1.987667,1500.00,1499.93,1,1,2,0,0.000,0
1.988333,1500.00,1499.70,1,1,3,0,0.000,0
1.989000,1500.00,1500.15,1,1,4,0,0.000,0
1.989667,1500.00,1499.70,1,1,5,0,0.000,0
1.990333,1500.00,1500.38,1,1,6,0,0.000,0
1.991000,1500.00,1500.38,1,1,7,0,0.000,0
1.991667,1500.00,1499.81,1,1,8,0,0.000,0
1.992333,1500.00,1500.09,1,1,9,0,0.000,0
1.993000,1500.00,1500.66,1,1,10,0,0.000,0
1.993667,1500.00,1500.94,1,1,11,0,0.000,0
1.994333,1500.00,1499.25,1,1,12,0,0.000,0
1.995000,1500.00,1500.09,1,1,13,0,0.000,0
1.995667,1500.00,1499.81,1,1,14,0,0.000,0
1.996333,1500.00,1500.38,1,1,15,0,0.000,0
1.997000,1500.00,1500.09,1,1,16,0,0.000,0
1.997667,1500.00,1499.53,1,1,17,0,0.000,0
1.998333,1500.00,1500.38,1,1,18,0,0.000,0
1.999000,1500.00,1499.53,1,1,19,0,0.000,0
1.999667,1500.00,1500.94,1,1,20,0,0.000,0
2.000333,1500.00,1500.66,1,1,21,0,0.000,0
2.000333,1500.00,1500.66,1,1,21,0,0.000,1
2.001000,1500.00,1500.38,1,1,22,0,0.000,0
2.001667,1500.00,1499.25,1,1,23,0,0.000,0
2.002333,1500.00,1500.66,1,1,24,0,0.000,0
2.003000,1500.00,1500.09,1,1,25,0,0.000,0
2.003667,1500.00,1499.25,1,1,26,0,0.000,0
2.004333,1500.00,1500.38,1,1,27,0,0.000,0
2.005000,1500.00,1500.09,1,1,28,0,0.000,0
2.005667,1500.00,1499.53,1,1,29,0,0.000,0
2.006333,1500.00,1500.09,1,1,30,0,0.000,0
2.007000,1500.00,1499.81,1,1,31,0,0.000,0
2.007667,1500.00,1499.53,1,1,32,0,0.000,0
2.008333,1500.00,1500.38,1,1,33,0,0.000,0
2.009000,1500.00,1500.09,1,1,34,0,0.000,0
2.009667,1500.00,1500.38,1,1,35,0,0.000,0
2.010333,1500.00,1499.53,1,1,36,0,0.000,0
2.011000,1500.00,1499.53,1,1,37,0,0.000,0
2.011667,1500.00,1499.53,1,1,38,0,0.000,0
2.012333,1500.00,1499.53,1,1,39,0,0.000,0
2.013000,1500.00,1500.66,1,1,40,0,0.000,0
2.013667,1500.00,1499.25,1,1,41,0,0.000,0
2.014333,1500.00,1499.53,1,1,42,0,0.000,0
2.015000,1500.00,1499.53,1,1,43,0,0.000,0
2.015667,1500.00,1500.09,1,1,44,0,0.000,0
2.016333,1500.00,1500.38,1,1,45,0,0.000,0
2.017000,1500.00,1498.97,1,1,46,0,0.000,0
2.017667,1500.00,1500.94,1,1,47,0,0.000,0
2.018333,1500.00,1499.81,1,1,48,0,0.000,0
2.019000,1500.00,1500.38,1,1,49,0,0.000,0
2.019667,1500.00,1500.66,1,1,50,0,0.000,0
2.020333,1500.00,1499.53,1,1,51,0,0.000,0
2.021000,1500.00,1499.25,1,1,52,0,0.000,0
2.021667,1500.00,1499.25,1,1,53,0,0.000,0
2.022333,1500.00,1500.38,1,1,54,0,0.000,0
2.023000,1500.00,1500.09,1,1,55,0,0.000,0
2.023667,1500.00,1500.09,1,1,56,0,0.000,0
2.024333,1500.00,1499.53,1,1,57,0,0.000,0
2.026333,1500.00,1499.70,1,1,0,1,0.000,0
2.027000,1500.00,1499.93,1,1,1,1,0.000,0
2.027667,1500.00,1499.93,1,1,2,1,0.000,0
2.028333,1500.00,1500.38,1,1,3,1,0.000,0
2.029000,1500.00,1500.38,1,1,4,1,0.000,0
2.029667,1500.00,1500.15,1,1,5,1,0.000,0
2.030333,1500.00,1499.48,1,1,6,1,0.000,0
2.031000,1500.00,1500.60,1,1,7,1,0.000,0
2.031667,1500.00,1500.38,1,1,8,1,0.000,0
2.032333,1500.00,1500.66,1,1,9,1,0.000,0
2.033000,1500.00,1500.66,1,1,10,1,0.000,0
2.033667,1500.00,1500.38,1,1,11,1,0.000,0
2.034333,1500.00,1499.81,1,1,12,1,0.000,0
2.035000,1500.00,1499.81,1,1,13,1,0.000,0
2.035667,1500.00,1500.66,1,1,14,1,0.000,0
2.036333,1500.00,1500.38,1,1,15,1,0.000,0
2.037000,1500.00,1499.81,1,1,16,1,0.000,0
2.037667,1500.00,1499.53,1,1,17,1,0.000,0
2.038333,1500.00,1499.81,1,1,18,1,0.000,0
2.039000,1500.00,1499.81,1,1,19,1,0.000,0
2.039667,1500.00,1499.81,1,1,20,1,0.000,0
2.040333,1500.00,1499.25,1,1,21,1,0.000,0
2.041000,1500.00,1499.53,1,1,22,1,0.000,0
2.041667,1500.00,1499.81,1,1,23,1,0.000,0
2.042333,1500.00,1499.53,1,1,24,1,0.000,0
2.043000,1500.00,1500.38,1,1,25,1,0.000,0
2.043667,1500.00,1500.38,1,1,26,1,0.000,0
2.044333,1500.00,1500.38,1,1,27,1,0.000,0
2.045000,1500.00,1500.38,1,1,28,1,0.000,0
2.045667,1500.00,1500.09,1,1,29,1,0.000,0
2.046333,1500.00,1499.81,1,1,30,1,0.000,0
2.047000,1500.00,1499.81,1,1,31,1,0.000,0
2.047667,1500.00,1500.09,1,1,32,1,0.000,0
2.048333,1500.00,1499.25,1,1,33,1,0.000,0
2.049000,1500.00,1500.38,1,1,34,1,0.000,0
2.049667,1500.00,1499.53,1,1,35,1,0.000,0
2.050333,1500.00,1500.38,1,1,36,1,0.000,0
2.051000,1500.00,1500.38,1,1,37,1,0.000,0
2.051667,1500.00,1500.38,1,1,38,1,0.000,0
2.052333,1500.00,1499.53,1,1,39,1,0.000,0
2.053000,1500.00,1499.81,1,1,40,1,0.000,0
2.053667,1500.00,1500.66,1,1,41,1,0.000,0
2.054333,1500.00,1499.81,1,1,42,1,0.000,0
2.055000,1500.00,1500.09,1,1,43,1,0.000,0
2.055667,1500.00,1499.81,1,1,44,1,0.000,0
2.056333,1500.00,1500.09,1,1,45,1,0.000,0
2.057000,1500.00,1500.38,1,1,46,1,0.000,0
2.057667,1500.00,1500.66,1,1,47,1,0.000,0
2.058333,1500.00,1500.38,1,1,48,1,0.000,0
2.059000,1500.00,1499.81,1,1,49,1,0.000,0
2.059667,1500.00,1499.81,1,1,50,1,0.000,0
2.060333,1500.00,1499.81,1,1,51,1,0.000,0
2.061000,1500.00,1499.81,1,1,52,1,0.000,0
2.061667,1500.00,1500.66,1,1,53,1,0.000,0
2.062333,1500.00,1499.53,1,1,54,1,0.000,0
2.063000,1500.00,1499.81,1,1,55,1,0.000,0
2.063667,1500.00,1500.09,1,1,56,1,0.000,0
2.064333,1500.00,1500.09,1,1,57,1,0.000,0
2.066333,1500.00,1500.15,1,1,0,0,0.000,0
2.067000,1500.00,1500.38,1,1,1,0,0.000,0
2.067667,1500.00,1499.70,1,1,2,0,0.000,0
2.068333,1500.00,1499.48,1,1,3,0,0.000,0
2.069000,1500.00,1500.38,1,1,4,0,0.000,0
2.069667,1500.00,1499.93,1,1,5,0,0.000,0
2.070333,1500.00,1500.60,1,1,6,0,0.000,0
2.071000,1500.00,1499.93,1,1,7,0,0.000,0
2.071667,1500.00,1499.25,1,1,8,0,0.000,0
2.072333,1500.00,1499.53,1,1,9,0,0.000,0
2.073000,1500.00,1500.38,1,1,10,0,0.000,0
2.073667,1500.00,1500.38,1,1,11,0,0.000,0
2.074333,1500.00,1499.81,1,1,12,0,0.000,0
2.075000,1500.00,1499.53,1,1,13,0,0.000,0
2.075667,1500.00,1499.53,1,1,14,0,0.000,0
2.076333,1500.00,1500.38,1,1,15,0,0.000,0
2.077000,1500.00,1500.38,1,1,16,0,0.000,0
2.077667,1500.00,1500.09,1,1,17,0,0.000,0
2.078333,1500.00,1500.09,1,1,18,0,0.000,0
2.079000,1500.00,1499.81,1,1,19,0,0.000,0
2.079667,1500.00,1499.53,1,1,20,0,0.000,0
2.080333,1500.00,1500.38,1,1,21,0,0.000,0
2.081000,1500.00,1499.53,1,1,22,0,0.000,0
2.081667,1500.00,1499.81,1,1,23,0,0.000,0
2.082333,1500.00,1500.09,1,1,24,0,0.000,0
2.083000,1500.00,1500.09,1,1,25,0,0.000,0
2.083667,1500.00,1500.38,1,1,26,0,0.000,0
2.084333,1500.00,1499.53,1,1,27,0,0.000,0
2.085000,1500.00,1500.66,1,1,28,0,0.000,0
2.085667,1500.00,1499.81,1,1,29,0,0.000,0
2.086333,1500.00,1500.38,1,1,30,0,0.000,0
2.087000,1500.00,1499.81,1,1,31,0,0.000,0
2.087667,1500.00,1500.09,1,1,32,0,0.000,0
2.088333,1500.00,1500.09,1,1,33,0,0.000,0
2.089000,1500.00,1499.25,1,1,34,0,0.000,0
2.089667,1500.00,1500.66,1,1,35,0,0.000,0
2.090333,1500.00,1499.81,1,1,36,0,0.000,0
2.091000,1500.00,1499.81,1,1,37,0,0.000,0
2.091667,1500.00,1499.81,1,1,38,0,0.000,0
2.092333,1500.00,1500.94,1,1,39,0,0.000,0
2.093000,1500.00,1499.25,1,1,40,0,0.000,0
2.093667,1500.00,1499.53,1,1,41,0,0.000,0
2.094333,1500.00,1500.09,1,1,42,0,0.000,0
2.095000,1500.00,1500.38,1,1,43,0,0.000,0
2.095667,1500.00,1500.09,1,1,44,0,0.000,0
2.096333,1500.00,1500.66,1,1,45,0,0.000,0
2.097000,1500.00,1500.09,1,1,46,0,0.000,0
2.097667,1500.00,1499.25,1,1,47,0,0.000,0
2.098333,1500.00,1500.94,1,1,48,0,0.000,0
2.099000,1500.00,1500.38,1,1,49,0,0.000,0
2.099667,1500.00,1500.09,1,1,50,0,0.000,0
2.100333,1500.00,1499.53,1,1,51,0,0.000,0
2.101000,1500.00,1500.38,1,1,52,0,0.000,0
2.101667,1500.00,1499.53,1,1,53,0,0.000,0
2.102333,1500.00,1500.38,1,1,54,0,0.000,0
2.103000,1500.00,1500.66,1,1,55,0,0.000,0
2.103667,1500.00,1499.25,1,1,56,0,0.000,0
2.104333,1500.00,1499.81,1,1,57,0,0.000,0
2.106333,1500.00,1499.93,1,1,0,1,0.000,0
2.107000,1500.00,1500.15,1,1,1,1,0.000,0
2.107667,1500.00,1499.93,1,1,2,1,0.000,0
2.108333,1500.00,1499.93,1,1,3,1,0.000,0
2.109000,1500.00,1499.93,1,1,4,1,0.000,0
2.109667,1500.00,1499.93,1,1,5,1,0.000,0
2.110333,1500.00,1500.60,1,1,6,1,0.000,0
2.111000,1500.00,1500.38,1,1,7,1,0.000,0
2.111667,1500.00,1499.81,1,1,8,1,0.000,0
2.112333,1500.00,1499.25,1,1,9,1,0.000,0
2.113000,1500.00,1499.25,1,1,10,1,0.000,0
2.113667,1500.00,1499.81,1,1,11,1,0.000,0
2.114333,1500.00,1500.09,1,1,12,1,0.000,0
2.115000,1500.00,1499.53,1,1,13,1,0.000,0
2.115667,1500.00,1499.53,1,1,14,1,0.000,0
2.116333,1500.00,1499.81,1,1,15,1,0.000,0
2.117000,1500.00,1500.38,1,1,16,1,0.000,0
2.117667,1500.00,1500.66,1,1,17,1,0.000,0
2.118333,1500.00,1500.66,1,1,18,1,0.000,0
2.119000,1500.00,1499.81,1,1,19,1,0.000,0
2.119667,1500.00,1500.09,1,1,20,1,0.000,0
2.120333,1500.00,1499.53,1,1,21,1,0.000,0
2.121000,1500.00,1500.38,1,1,22,1,0.000,0
2.121667,1500.00,1499.81,1,1,23,1,0.000,0
2.122333,1500.00,1499.53,1,1,24,1,0.000,0
2.123000,1500.00,1499.53,1,1,25,1,0.000,0
2.123667,1500.00,1499.81,1,1,26,1,0.000,0
2.124333,1500.00,1500.94,1,1,27,1,0.000,0
2.125000,1500.00,1499.81,1,1,28,1,0.000,0
2.125667,1500.00,1500.38,1,1,29,1,0.000,0
2.126333,1500.00,1500.38,1,1,30,1,0.000,0
2.127000,1500.00,1500.38,1,1,31,1,0.000,0
2.127667,1500.00,1500.38,1,1,32,1,0.000,0
2.128333,1500.00,1499.81,1,1,33,1,0.000,0
2.129000,1500.00,1499.81,1,1,34,1,0.000,0
2.129667,1500.00,1499.25,1,1,35,1,0.000,0
2.130333,1500.00,1499.81,1,1,36,1,0.000,0
2.131000,1500.00,1500.38,1,1,37,1,0.000,0
2.131667,1500.00,1499.25,1,1,38,1,0.000,0
2.132333,1500.00,1499.53,1,1,39,1,0.000,0
2.133000,1500.00,1500.38,1,1,40,1,0.000,0
2.133667,1500.00,1500.66,1,1,41,1,0.000,0
2.134333,1500.00,1500.38,1,1,42,1,0.000,0
2.135000,1500.00,1500.38,1,1,43,1,0.000,0
2.135667,1500.00,1499.53,1,1,44,1,0.000,0
2.136333,1500.00,1498.97,1,1,45,1,0.000,0
2.137000,1500.00,1499.81,1,1,46,1,0.000,0
2.137667,1500.00,1500.38,1,1,47,1,0.000,0
2.138333,1500.00,1499.53,1,1,48,1,0.000,0
2.139000,1500.00,1499.53,1,1,49,1,0.000,0
2.139667,1500.00,1499.81,1,1,50,1,0.000,0
2.140333,1500.00,1499.81,1,1,51,1,0.000,0
2.141000,1500.00,1500.09,1,1,52,1,0.000,0
2.141667,1500.00,1500.38,1,1,53,1,0.000,0
2.142333,1500.00,1500.38,1,1,54,1,0.000,0
2.143000,1500.00,1499.81,1,1,55,1,0.000,0
2.143667,1500.00,1500.09,1,1,56,1,0.000,0
2.144333,1500.00,1500.09,1,1,57,1,0.000,0
2.146333,1500.00,1500.15,1,1,0,0,0.000,0
2.147000,1500.00,1500.15,1,1,1,0,0.000,0
2.147667,1500.00,1499.93,1,1,2,0,0.000,0
2.148333,1500.00,1500.38,1,1,3,0,0.000,0
2.149000,1500.00,1499.93,1,1,4,0,0.000,0
2.149667,1500.00,1500.38,1,1,5,0,0.000,0
2.150333,1500.00,1499.70,1,1,6,0,0.000,0
2.151000,1500.00,1500.15,1,1,7,0,0.000,0
2.151667,1500.00,1500.09,1,1,8,0,0.000,0
2.152333,1500.00,1499.81,1,1,9,0,0.000,0
2.153000,1500.00,1500.38,1,1,10,0,0.000,0
2.153667,1500.00,1500.09,1,1,11,0,0.000,0
2.154333,1500.00,1499.25,1,1,12,0,0.000,0
2.155000,1500.00,1499.81,1,1,13,0,0.000,0
2.155667,1500.00,1500.09,1,1,14,0,0.000,0
2.156333,1500.00,1499.81,1,1,15,0,0.000,0
2.157000,1500.00,1499.53,1,1,16,0,0.000,0
2.157667,1500.00,1500.09,1,1,17,0,0.000,0
2.158333,1500.00,1499.81,1,1,18,0,0.000,0
2.159000,1500.00,1499.25,1,1,19,0,0.000,0
2.159667,1500.00,1500.66,1,1,20,0,0.000,0
2.160333,1500.00,1499.25,1,1,21,0,0.000,0
2.161000,1500.00,1500.09,1,1,22,0,0.000,0
2.161667,1500.00,1500.09,1,1,23,0,0.000,0
2.162333,1500.00,1499.81,1,1,24,0,0.000,0
2.163000,1500.00,1500.66,1,1,25,0,0.000,0
2.163667,1500.00,1500.09,1,1,26,0,0.000,0
2.164333,1500.00,1500.09,1,1,27,0,0.000,0
2.165000,1500.00,1500.09,1,1,28,0,0.000,0
2.165667,1500.00,1500.66,1,1,29,0,0.000,0
2.166333,1500.00,1499.81,1,1,30,0,0.000,0
2.167000,1500.00,1500.09,1,1,31,0,0.000,0
2.167667,1500.00,1499.81,1,1,32,0,0.000,0
2.168333,1500.00,1499.25,1,1,33,0,0.000,0
2.169000,1500.00,1500.38,1,1,34,0,0.000,0
2.169667,1500.00,1500.09,1,1,35,0,0.000,0
2.170333,1500.00,1500.09,1,1,36,0,0.000,0
2.171000,1500.00,1499.53,1,1,37,0,0.000,0
2.171667,1500.00,1500.38,1,1,38,0,0.000,0
2.172333,1500.00,1499.25,1,1,39,0,0.000,0
2.173000,1500.00,1499.81,1,1,40,0,0.000,0
2.173667,1500.00,1500.09,1,1,41,0,0.000,0
2.174333,1500.00,1499.81,1,1,42,0,0.000,0
2.175000,1500.00,1500.09,1,1,43,0,0.000,0
2.175667,1500.00,1500.38,1,1,44,0,0.000,0
2.176333,1500.00,1500.38,1,1,45,0,0.000,0
2.177000,1500.00,1500.09,1,1,46,0,0.000,0
2.177667,1500.00,1499.81,1,1,47,0,0.000,0
2.178333,1500.00,1500.66,1,1,48,0,0.000,0
2.179000,1500.00,1500.09,1,1,49,0,0.000,0
2.179667,1500.00,1500.09,1,1,50,0,0.000,0
2.180333,1500.00,1500.38,1,1,51,0,0.000,0
2.181000,1500.00,1499.81,1,1,52,0,0.000,0
2.181667,1500.00,1500.09,1,1,53,0,0.000,0
2.182333,1500.00,1500.38,1,1,54,0,0.000,0
2.183000,1500.00,1500.66,1,1,55,0,0.000,0
2.183667,1500.00,1499.53,1,1,56,0,0.000,0
2.184333,1500.00,1500.09,1,1,57,0,0.000,0
2.186333,1500.00,1499.48,1,1,0,1,0.000,0
2.187000,1500.00,1500.15,1,1,1,1,0.000,0
2.187667,1500.00,1500.15,1,1,2,1,0.000,0
2.188333,1500.00,1500.38,1,1,3,1,0.000,0
2.189000,1500.00,1499.48,1,1,4,1,0.000,0
2.189667,1500.00,1499.93,1,1,5,1,0.000,0
2.190333,1500.00,1500.38,1,1,6,1,0.000,0
2.191000,1500.00,1499.70,1,1,7,1,0.000,0
2.191667,1500.00,1500.66,1,1,8,1,0.000,0
2.192333,1500.00,1499.53,1,1,9,1,0.000,0
2.193000,1500.00,1500.09,1,1,10,1,0.000,0
2.193667,1500.00,1499.81,1,1,11,1,0.000,0
2.194333,1500.00,1500.66,1,1,12,1,0.000,0
2.195000,1500.00,1500.09,1,1,13,1,0.000,0
2.195667,1500.00,1499.81,1,1,14,1,0.000,0
2.196333,1500.00,1500.09,1,1,15,1,0.000,0
2.197000,1500.00,1499.53,1,1,16,1,0.000,0
2.197667,1500.00,1499.53,1,1,17,1,0.000,0
2.198333,1500.00,1498.97,1,1,18,1,0.000,0
2.199000,1500.00,1499.81,1,1,19,1,0.000,0
2.199667,1500.00,1498.97,1,1,20,1,0.000,0
2.200333,1500.00,1499.25,1,1,21,1,0.000,0
2.201000,1500.00,1500.09,1,1,22,1,0.000,0
2.201667,1500.00,1500.09,1,1,23,1,0.000,0
2.202333,1500.00,1499.81,1,1,24,1,0.000,0
2.203000,1500.00,1500.94,1,1,25,1,0.000,0
2.203667,1500.00,1500.66,1,1,26,1,0.000,0
2.204333,1500.00,1499.81,1,1,27,1,0.000,0
2.205000,1500.00,1500.38,1,1,28,1,0.000,0
2.205667,1500.00,1500.94,1,1,29,1,0.000,0
2.206333,1500.00,1500.09,1,1,30,1,0.000,0
2.207000,1500.00,1500.09,1,1,31,1,0.000,0
2.207667,1500.00,1501.50,1,1,32,1,0.000,0
2.208333,1500.00,1500.66,1,1,33,1,0.000,0
2.209000,1500.00,1499.53,1,1,34,1,0.000,0
2.209667,1500.00,1500.09,1,1,35,1,0.000,0
2.210333,1500.00,1500.09,1,1,36,1,0.000,0
2.211000,1500.00,1499.81,1,1,37,1,0.000,0
2.211667,1500.00,1500.09,1,1,38,1,0.000,0
2.212333,1500.00,1499.53,1,1,39,1,0.000,0
2.213000,1500.00,1498.69,1,1,40,1,0.000,0
2.213667,1500.00,1499.25,1,1,41,1,0.000,0
2.214333,1500.00,1500.09,1,1,42,1,0.000,0
2.215000,1500.00,1500.09,1,1,43,1,0.000,0
2.215667,1500.00,1499.25,1,1,44,1,0.000,0
2.216333,1500.00,1499.81,1,1,45,1,0.000,0
2.217000,1500.00,1500.09,1,1,46,1,0.000,0
2.217667,1500.00,1500.09,1,1,47,1,0.000,0
2.218333,1500.00,1500.38,1,1,48,1,0.000,0
2.219000,1500.00,1499.81,1,1,49,1,0.000,0
2.219667,1500.00,1500.38,1,1,50,1,0.000,0
2.220333,1500.00,1499.53,1,1,51,1,0.000,0
2.221000,1500.00,1501.22,1,1,52,1,0.000,0
2.221667,1500.00,1500.38,1,1,53,1,0.000,0
2.222333,1500.00,1499.81,1,1,54,1,0.000,0
2.223000,1500.00,1500.38,1,1,55,1,0.000,0
2.223667,1500.00,1499.81,1,1,56,1,0.000,0
2.224333,1500.00,1500.38,1,1,57,1,0.000,0
2.226333,1500.00,1499.70,1,1,0,0,0.000,0
2.227000,1500.00,1500.15,1,1,1,0,0.000,0
2.227667,1500.00,1500.38,1,1,2,0,0.000,0
2.228333,1500.00,1499.93,1,1,3,0,0.000,0
2.229000,1500.00,1500.38,1,1,4,0,0.000,0
2.229667,1500.00,1500.38,1,1,5,0,0.000,0
2.230333,1500.00,1500.60,1,1,6,0,0.000,0
2.231000,1500.00,1499.70,1,1,7,0,0.000,0
2.231667,1500.00,1500.38,1,1,8,0,0.000,0
2.232333,1500.00,1500.09,1,1,9,0,0.000,0
2.233000,1500.00,1499.25,1,1,10,0,0.000,0
2.233667,1500.00,1500.38,1,1,11,0,0.000,0
2.234333,1500.00,1499.81,1,1,12,0,0.000,0
2.235000,1500.00,1499.25,1,1,13,0,0.000,0
2.235667,1500.00,1499.53,1,1,14,0,0.000,0
2.236333,1500.00,1500.09,1,1,15,0,0.000,0
2.237000,1500.00,1500.38,1,1,16,0,0.000,0
2.237667,1500.00,1499.81,1,1,17,0,0.000,0
2.238333,1500.00,1500.09,1,1,18,0,0.000,0
2.239000,1500.00,1499.81,1,1,19,0,0.000,0
2.239667,1500.00,1499.25,1,1,20,0,0.000,0
2.240333,1500.00,1500.38,1,1,21,0,0.000,0
2.241000,1500.00,1500.09,1,1,22,0,0.000,0
2.241667,1500.00,1500.09,1,1,23,0,0.000,0
2.242333,1500.00,1499.53,1,1,24,0,0.000,0
2.243000,1500.00,1500.09,1,1,25,0,0.000,0
2.243667,1500.00,1499.53,1,1,26,0,0.000,0
2.244333,1500.00,1499.53,1,1,27,0,0.000,0
2.245000,1500.00,1500.09,1,1,28,0,0.000,0
2.245667,1500.00,1499.25,1,1,29,0,0.000,0
2.246333,1500.00,1500.09,1,1,30,0,0.000,0
2.247000,1500.00,1500.09,1,1,31,0,0.000,0
2.247667,1500.00,1499.81,1,1,32,0,0.000,0
2.248333,1500.00,1499.81,1,1,33,0,0.000,0
2.249000,1500.00,1500.66,1,1,34,0,0.000,0
2.249667,1500.00,1500.09,1,1,35,0,0.000,0
2.250333,1500.00,1499.81,1,1,36,0,0.000,0
2.251000,1500.00,1500.66,1,1,37,0,0.000,0
2.251667,1500.00,1499.81,1,1,38,0,0.000,0
2.252333,1500.00,1499.81,1,1,39,0,0.000,0
2.253000,1500.00,1500.38,1,1,40,0,0.000,0
2.253667,1500.00,1500.09,1,1,41,0,0.000,0
2.254333,1500.00,1499.81,1,1,42,0,0.000,0
2.255000,1500.00,1500.09,1,1,43,0,0.000,0
2.255667,1500.00,1500.09,1,1,44,0,0.000,0
2.256333,1500.00,1499.25,1,1,45,0,0.000,0
2.257000,1500.00,1499.53,1,1,46,0,0.000,0
2.257667,1500.00,1500.38,1,1,47,0,0.000,0
2.258333,1500.00,1498.69,1,1,48,0,0.000,0
2.259000,1500.00,1500.94,1,1,49,0,0.000,0
2.259667,1500.00,1499.53,1,1,50,0,0.000,0
2.260333,1500.00,1500.38,1,1,51,0,0.000,0
2.261000,1500.00,1500.09,1,1,52,0,0.000,0
2.261667,1500.00,1500.66,1,1,53,0,0.000,0
2.262333,1500.00,1500.38,1,1,54,0,0.000,0
2.263000,1500.00,1498.69,1,1,55,0,0.000,0
2.263667,1500.00,1500.94,1,1,56,0,0.000,0
2.264333,1500.00,1499.25,1,1,57,0,0.000,0
2.266333,1500.00,1500.15,1,1,0,1,0.000,0
2.267000,1500.00,1499.25,1,1,1,1,0.000,0
2.267667,1500.00,1500.60,1,1,2,1,0.000,0
2.268333,1500.00,1500.38,1,1,3,1,0.000,0
2.269000,1500.00,1500.38,1,1,4,1,0.000,0
2.269667,1500.00,1500.60,1,1,5,1,0.000,0
2.270333,1500.00,1499.70,1,1,6,1,0.000,0
2.271000,1500.00,1499.93,1,1,7,1,0.000,0
2.271667,1500.00,1500.09,1,1,8,1,0.000,0
2.272333,1500.00,1499.81,1,1,9,1,0.000,0
2.273000,1500.00,1499.25,1,1,10,1,0.000,0
2.273667,1500.00,1499.53,1,1,11,1,0.000,0
2.274333,1500.00,1499.53,1,1,12,1,0.000,0
2.275000,1500.00,1500.09,1,1,13,1,0.000,0
2.275667,1500.00,1500.66,1,1,14,1,0.000,0
2.276333,1500.00,1499.53,1,1,15,1,0.000,0
2.277000,1500.00,1500.09,1,1,16,1,0.000,0
2.277667,1500.00,1501.22,1,1,17,1,0.000,0
2.278333,1500.00,1500.94,1,1,18,1,0.000,0
2.279000,1500.00,1499.53,1,1,19,1,0.000,0
2.279667,1500.00,1500.09,1,1,20,1,0.000,0
2.280333,1500.00,1500.38,1,1,21,1,0.000,0
2.281000,1500.00,1500.38,1,1,22,1,0.000,0
2.281667,1500.00,1500.66,1,1,23,1,0.000,0
2.282333,1500.00,1500.38,1,1,24,1,0.000,0
2.283000,1500.00,1499.53,1,1,25,1,0.000,0
2.283667,1500.00,1499.25,1,1,26,1,0.000,0
2.284333,1500.00,1500.38,1,1,27,1,0.000,0
2.285000,1500.00,1499.53,1,1,28,1,0.000,0
2.285667,1500.00,1499.81,1,1,29,1,0.000,0
2.286333,1500.00,1500.09,1,1,30,1,0.000,0
2.287000,1500.00,1499.53,1,1,31,1,0.000,0
2.287667,1500.00,1500.09,1,1,32,1,0.000,0
2.288333,1500.00,1500.09,1,1,33,1,0.000,0
2.289000,1500.00,1499.53,1,1,34,1,0.000,0
2.289667,1500.00,1500.09,1,1,35,1,0.000,0
2.290333,1500.00,1499.53,1,1,36,1,0.000,0
2.291000,1500.00,1499.81,1,1,37,1,0.000,0
2.291667,1500.00,1499.53,1,1,38,1,0.000,0
2.292333,1500.00,1500.38,1,1,39,1,0.000,0
2.293000,1500.00,1500.09,1,1,40,1,0.000,0
2.293667,1500.00,1499.81,1,1,41,1,0.000,0
2.294333,1500.00,1500.09,1,1,42,1,0.000,0
2.295000,1500.00,1500.38,1,1,43,1,0.000,0
2.295667,1500.00,1501.50,1,1,44,1,0.000,0
2.296333,1500.00,1499.53,1,1,45,1,0.000,0
2.297000,1500.00,1499.81,1,1,46,1,0.000,0
2.297667,1500.00,1499.81,1,1,47,1,0.000,0
2.298333,1500.00,1499.53,1,1,48,1,0.000,0
2.299000,1500.00,1500.38,1,1,49,1,0.000,0
2.299667,1500.00,1499.81,1,1,50,1,0.000,0
2.300333,1500.00,1499.81,1,1,51,1,0.000,0
2.301000,1500.00,1498.97,1,1,52,1,0.000,0
2.301667,1500.00,1500.94,1,1,53,1,0.000,0
2.302333,1500.00,1499.81,1,1,54,1,0.000,0
2.303000,1500.00,1499.81,1,1,55,1,0.000,0
2.303667,1500.00,1500.38,1,1,56,1,0.000,0
2.304333,1500.00,1499.81,1,1,57,1,0.000,0
2.306333,1500.00,1500.38,1,1,0,0,0.000,0
2.307000,1500.00,1500.38,1,1,1,0,0.000,0
2.307667,1500.00,1500.38,1,1,2,0,0.000,0
2.308333,1500.00,1498.80,1,1,3,0,0.000,0
2.309000,1500.00,1500.15,1,1,4,0,0.000,0
2.309667,1500.00,1500.38,1,1,5,0,0.000,0
2.310333,1500.00,1499.70,1,1,6,0,0.000,0
2.311000,1500.00,1500.15,1,1,7,0,0.000,0
2.311667,1500.00,1500.09,1,1,8,0,0.000,0
2.312333,1500.00,1499.25,1,1,9,0,0.000,0
2.313000,1500.00,1499.81,1,1,10,0,0.000,0
2.313667,1500.00,1501.22,1,1,11,0,0.000,0
2.314333,1500.00,1500.38,1,1,12,0,0.000,0
2.315000,1500.00,1500.09,1,1,13,0,0.000,0
2.315667,1500.00,1499.81,1,1,14,0,0.000,0
2.316333,1500.00,1499.81,1,1,15,0,0.000,0
2.317000,1500.00,1500.66,1,1,16,0,0.000,0
2.317667,1500.00,1500.94,1,1,17,0,0.000,0
2.318333,1500.00,1499.81,1,1,18,0,0.000,0
2.319000,1500.00,1500.09,1,1,19,0,0.000,0
2.319667,1500.00,1499.81,1,1,20,0,0.000,0
2.320333,1500.00,1500.09,1,1,21,0,0.000,0
2.321000,1500.00,1500.38,1,1,22,0,0.000,0
2.321667,1500.00,1500.38,1,1,23,0,0.000,0
2.322333,1500.00,1500.09,1,1,24,0,0.000,0
2.323000,1500.00,1499.53,1,1,25,0,0.000,0
2.323667,1500.00,1500.66,1,1,26,0,0.000,0
2.324333,1500.00,1500.09,1,1,27,0,0.000,0
2.325000,1500.00,1499.81,1,1,28,0,0.000,0
2.325667,1500.00,1499.81,1,1,29,0,0.000,0
2.326333,1500.00,1499.81,1,1,30,0,0.000,0
2.327000,1500.00,1499.81,1,1,31,0,0.000,0
2.327667,1500.00,1500.09,1,1,32,0,0.000,0
2.328333,1500.00,1500.09,1,1,33,0,0.000,0
2.329000,1500.00,1499.53,1,1,34,0,0.000,0
2.329667,1500.00,1500.38,1,1,35,0,0.000,0
2.330333,1500.00,1500.09,1,1,36,0,0.000,0
2.331000,1500.00,1499.81,1,1,37,0,0.000,0
2.331667,1500.00,1499.81,1,1,38,0,0.000,0
2.332333,1500.00,1499.53,1,1,39,0,0.000,0
2.333000,1500.00,1498.41,1,1,40,0,0.000,0
2.333667,1500.00,1499.53,1,1,41,0,0.000,0
2.334333,1500.00,1499.81,1,1,42,0,0.000,0
2.335000,1500.00,1499.81,1,1,43,0,0.000,0
2.335667,1500.00,1498.97,1,1,44,0,0.000,0
2.336333,1500.00,1499.81,1,1,45,0,0.000,0
2.337000,1500.00,1499.81,1,1,46,0,0.000,0
2.337667,1500.00,1499.81,1,1,47,0,0.000,0
2.338333,1500.00,1501.22,1,1,48,0,0.000,0
2.339000,1500.00,1500.09,1,1,49,0,0.000,0
2.339667,1500.00,1500.09,1,1,50,0,0.000,0
2.340333,1500.00,1499.25,1,1,51,0,0.000,0
2.341000,1500.00,1501.50,1,1,52,0,0.000,0
2.341667,1500.00,1500.66,1,1,53,0,0.000,0
2.342333,1500.00,1500.38,1,1,54,0,0.000,0
2.343000,1500.00,1500.09,1,1,55,0,0.000,0
2.343667,1500.00,1499.25,1,1,56,0,0.000,0
2.344333,1500.00,1499.25,1,1,57,0,0.000,0
2.346333,1500.00,1499.93,1,1,0,1,0.000,0
2.347000,1500.00,1499.48,1,1,1,1,0.000,0
2.347667,1500.00,1499.93,1,1,2,1,0.000,0
2.348333,1500.00,1499.93,1,1,3,1,0.000,0
2.349000,1500.00,1500.15,1,1,4,1,0.000,0
2.349667,1500.00,1499.93,1,1,5,1,0.000,0
2.350333,1500.00,1500.15,1,1,6,1,0.000,0
2.351000,1500.00,1501.28,1,1,7,1,0.000,0
2.351667,1500.00,1499.53,1,1,8,1,0.000,0
2.352333,1500.00,1500.66,1,1,9,1,0.000,0
2.353000,1500.00,1499.81,1,1,10,1,0.000,0
2.353667,1500.00,1499.53,1,1,11,1,0.000,0
2.354333,1500.00,1499.53,1,1,12,1,0.000,0
2.355000,1500.00,1500.66,1,1,13,1,0.000,0
2.355667,1500.00,1500.66,1,1,14,1,0.000,0
2.356333,1500.00,1499.25,1,1,15,1,0.000,0
2.357000,1500.00,1500.66,1,1,16,1,0.000,0
2.357667,1500.00,1500.94,1,1,17,1,0.000,0
2.358333,1500.00,1500.09,1,1,18,1,0.000,0
2.359000,1500.00,1499.25,1,1,19,1,0.000,0
2.359667,1500.00,1499.81,1,1,20,1,0.000,0
2.360333,1500.00,1500.38,1,1,21,1,0.000,0
2.361000,1500.00,1499.81,1,1,22,1,0.000,0
2.361667,1500.00,1500.38,1,1,23,1,0.000,0
2.362333,1500.00,1500.38,1,1,24,1,0.000,0
2.363000,1500.00,1499.25,1,1,25,1,0.000,0
2.363667,1500.00,1499.81,1,1,26,1,0.000,0
2.364333,1500.00,1500.94,1,1,27,1,0.000,0
2.365000,1500.00,1500.66,1,1,28,1,0.000,0
2.365667,1500.00,1499.53,1,1,29,1,0.000,0
2.366333,1500.00,1500.38,1,1,30,1,0.000,0
2.367000,1500.00,1499.53,1,1,31,1,0.000,0
2.367667,1500.00,1500.38,1,1,32,1,0.000,0
2.368333,1500.00,1499.81,1,1,33,1,0.000,0
2.369000,1500.00,1499.81,1,1,34,1,0.000,0
2.369667,1500.00,1500.09,1,1,35,1,0.000,0
2.370333,1500.00,1499.53,1,1,36,1,0.000,0
2.371000,1500.00,1499.25,1,1,37,1,0.000,0
2.371667,1500.00,1499.53,1,1,38,1,0.000,0
2.372333,1500.00,1500.09,1,1,39,1,0.000,0
2.373000,1500.00,1499.25,1,1,40,1,0.000,0
2.373667,1500.00,1500.09,1,1,41,1,0.000,0
2.374333,1500.00,1500.38,1,1,42,1,0.000,0
2.375000,1500.00,1499.53,1,1,43,1,0.000,0
2.375667,1500.00,1499.53,1,1,44,1,0.000,0
2.376333,1500.00,1501.22,1,1,45,1,0.000,0
2.377000,1500.00,1499.25,1,1,46,1,0.000,0
2.377667,1500.00,1500.09,1,1,47,1,0.000,0
2.378333,1500.00,1500.66,1,1,48,1,0.000,0
2.379000,1500.00,1500.38,1,1,49,1,0.000,0
2.379667,1500.00,1498.97,1,1,50,1,0.000,0
2.380333,1500.00,1500.66,1,1,51,1,0.000,0
2.381000,1500.00,1500.94,1,1,52,1,0.000,0
2.381667,1500.00,1499.53,1,1,53,1,0.000,0
2.382333,1500.00,1500.94,1,1,54,1,0.000,0
2.383000,1500.00,1500.38,1,1,55,1,0.000,0
2.383667,1500.00,1499.53,1,1,56,1,0.000,0
2.384333,1500.00,1499.53,1,1,57,1,0.000,0
2.386333,1500.00,1500.38,1,1,0,0,0.000,0
2.387000,1500.00,1499.70,1,1,1,0,0.000,0
2.387667,1500.00,1500.38,1,1,2,0,0.000,0
2.388333,1500.00,1500.15,1,1,3,0,0.000,0
2.389000,1500.00,1499.93,1,1,4,0,0.000,0
2.389667,1500.00,1499.48,1,1,5,0,0.000,0
2.390333,1500.00,1499.25,1,1,6,0,0.000,0
2.391000,1500.00,1499.93,1,1,7,0,0.000,0
2.391667,1500.00,1500.38,1,1,8,0,0.000,0
2.392333,1500.00,1499.81,1,1,9,0,0.000,0
2.393000,1500.00,1499.25,1,1,10,0,0.000,0
2.393667,1500.00,1499.53,1,1,11,0,0.000,0
2.394333,1500.00,1499.81,1,1,12,0,0.000,0
2.395000,1500.00,1499.81,1,1,13,0,0.000,0
2.395667,1500.00,1500.94,1,1,14,0,0.000,0
2.396333,1500.00,1499.81,1,1,15,0,0.000,0
2.397000,1500.00,1499.81,1,1,16,0,0.000,0
2.397667,1500.00,1500.38,1,1,17,0,0.000,0
2.398333,1500.00,1500.38,1,1,18,0,0.000,0
2.399000,1500.00,1500.09,1,1,19,0,0.000,0
2.399667,1500.00,1500.09,1,1,20,0,0.000,0
2.400333,1500.00,1500.38,1,1,21,0,0.000,0
2.401000,1500.00,1499.53,1,1,22,0,0.000,0
2.401667,1500.00,1500.09,1,1,23,0,0.000,0
2.402333,1500.00,1499.53,1,1,24,0,0.000,0
2.403000,1500.00,1500.09,1,1,25,0,0.000,0
2.403667,1500.00,1499.25,1,1,26,0,0.000,0
2.404333,1500.00,1499.81,1,1,27,0,0.000,0
2.405000,1500.00,1499.81,1,1,28,0,0.000,0
2.405667,1500.00,1500.38,1,1,29,0,0.000,0
2.406333,1500.00,1500.38,1,1,30,0,0.000,0
2.407000,1500.00,1501.22,1,1,31,0,0.000,0
2.407667,1500.00,1500.94,1,1,32,0,0.000,0
2.408333,1500.00,1500.38,1,1,33,0,0.000,0
2.409000,1500.00,1500.38,1,1,34,0,0.000,0
2.409667,1500.00,1499.81,1,1,35,0,0.000,0
2.410333,1500.00,1500.09,1,1,36,0,0.000,0
2.411000,1500.00,1499.53,1,1,37,0,0.000,0
2.411667,1500.00,1500.38,1,1,38,0,0.000,0
2.412333,1500.00,1499.25,1,1,39,0,0.000,0
2.413000,1500.00,1499.81,1,1,40,0,0.000,0
2.413667,1500.00,1499.81,1,1,41,0,0.000,0
2.414333,1500.00,1500.38,1,1,42,0,0.000,0
2.415000,1500.00,1500.38,1,1,43,0,0.000,0
2.415667,1500.00,1499.25,1,1,44,0,0.000,0
2.416333,1500.00,1499.53,1,1,45,0,0.000,0
2.417000,1500.00,1500.09,1,1,46,0,0.000,0
2.417667,1500.00,1499.81,1,1,47,0,0.000,0
2.418333,1500.00,1499.81,1,1,48,0,0.000,0
2.419000,1500.00,1499.53,1,1,49,0,0.000,0
2.419667,1500.00,1499.53,1,1,50,0,0.000,0
2.420333,1500.00,1499.81,1,1,51,0,0.000,0
2.421000,1500.00,1500.94,1,1,52,0,0.000,0
2.421667,1500.00,1500.94,1,1,53,0,0.000,0
2.422333,1500.00,1498.97,1,1,54,0,0.000,0
2.423000,1500.00,1500.09,1,1,55,0,0.000,0
2.423667,1500.00,1498.97,1,1,56,0,0.000,0
2.424333,1500.00,1499.81,1,1,57,0,0.000,0
2.426333,1500.00,1499.70,1,1,0,1,0.000,0
2.427000,1500.00,1500.15,1,1,1,1,0.000,0
2.427667,1500.00,1499.03,1,1,2,1,0.000,0
2.428333,1500.00,1499.48,1,1,3,1,0.000,0
2.429000,1500.00,1500.83,1,1,4,1,0.000,0
2.429667,1500.00,1499.25,1,1,5,1,0.000,0
2.430333,1500.00,1501.05,1,1,6,1,0.000,0
2.431000,1500.00,1499.93,1,1,7,1,0.000,0
2.431667,1500.00,1500.38,1,1,8,1,0.000,0
2.432333,1500.00,1499.81,1,1,9,1,0.000,0
2.433000,1500.00,1500.09,1,1,10,1,0.000,0
2.433667,1500.00,1500.66,1,1,11,1,0.000,0
2.434333,1500.00,1500.09,1,1,12,1,0.000,0
2.435000,1500.00,1501.50,1,1,13,1,0.000,0
2.435667,1500.00,1500.09,1,1,14,1,0.000,0
2.436333,1500.00,1500.09,1,1,15,1,0.000,0
2.437000,1500.00,1500.09,1,1,16,1,0.000,0
2.437667,1500.00,1499.81,1,1,17,1,0.000,0
2.438333,1500.00,1500.94,1,1,18,1,0.000,0
2.439000,1500.00,1499.53,1,1,19,1,0.000,0
2.439667,1500.00,1498.97,1,1,20,1,0.000,0
2.440333,1500.00,1499.81,1,1,21,1,0.000,0
2.441000,1500.00,1499.81,1,1,22,1,0.000,0
2.441667,1500.00,1500.94,1,1,23,1,0.000,0
2.442333,1500.00,1499.81,1,1,24,1,0.000,0
2.443000,1500.00,1500.38,1,1,25,1,0.000,0
2.443667,1500.00,1499.81,1,1,26,1,0.000,0
2.444333,1500.00,1499.53,1,1,27,1,0.000,0
2.445000,1500.00,1500.94,1,1,28,1,0.000,0
2.445667,1500.00,1499.25,1,1,29,1,0.000,0
2.446333,1500.00,1499.53,1,1,30,1,0.000,0
2.447000,1500.00,1498.41,1,1,31,1,0.000,0
2.447667,1500.00,1500.94,1,1,32,1,0.000,0
2.448333,1500.00,1500.38,1,1,33,1,0.000,0
2.449000,1500.00,1500.38,1,1,34,1,0.000,0
2.449667,1500.00,1499.81,1,1,35,1,0.000,0
2.450333,1500.00,1499.53,1,1,36,1,0.000,0
2.451000,1500.00,1499.53,1,1,37,1,0.000,0
2.451667,1500.00,1499.81,1,1,38,1,0.000,0
2.452333,1500.00,1500.38,1,1,39,1,0.000,0
2.453000,1500.00,1499.81,1,1,40,1,0.000,0
2.453667,1500.00,1499.53,1,1,41,1,0.000,0
2.454333,1500.00,1500.09,1,1,42,1,0.000,0
2.455000,1500.00,1500.38,1,1,43,1,0.000,0
2.455667,1500.00,1499.81,1,1,44,1,0.000,0
2.456333,1500.00,1500.94,1,1,45,1,0.000,0
2.457000,1500.00,1499.81,1,1,46,1,0.000,0
2.457667,1500.00,1500.09,1,1,47,1,0.000,0
2.458333,1500.00,1500.38,1,1,48,1,0.000,0
2.459000,1500.00,1500.09,1,1,49,1,0.000,0
2.459667,1500.00,1499.25,1,1,50,1,0.000,0
2.460333,1500.00,1500.66,1,1,51,1,0.000,0
2.461000,1500.00,1500.38,1,1,52,1,0.000,0
2.461667,1500.00,1500.38,1,1,53,1,0.000,0
2.462333,1500.00,1500.94,1,1,54,1,0.000,0
2.463000,1500.00,1500.66,1,1,55,1,0.000,0
2.463667,1500.00,1500.09,1,1,56,1,0.000,0
2.464333,1500.00,1500.66,1,1,57,1,0.000,0
2.466333,1500.00,1500.15,1,1,0,0,0.000,0
2.467000,1500.00,1499.70,1,1,1,0,0.000,0
2.467667,1500.00,1499.48,1,1,2,0,0.000,0
2.468333,1500.00,1499.48,1,1,3,0,0.000,0
2.469000,1500.00,1499.25,1,1,4,0,0.000,0
2.469667,1500.00,1500.15,1,1,5,0,0.000,0
2.470333,1500.00,1499.25,1,1,6,0,0.000,0
2.471000,1500.00,1499.70,1,1,7,0,0.000,0
2.471667,1500.00,1500.09,1,1,8,0,0.000,0
2.472333,1500.00,1500.38,1,1,9,0,0.000,0
2.473000,1500.00,1500.38,1,1,10,0,0.000,0
2.473667,1500.00,1500.09,1,1,11,0,0.000,0
2.474333,1500.00,1500.66,1,1,12,0,0.000,0
2.475000,1500.00,1499.81,1,1,13,0,0.000,0
2.475667,1500.00,1499.53,1,1,14,0,0.000,0
2.476333,1500.00,1499.25,1,1,15,0,0.000,0
2.477000,1500.00,1499.25,1,1,16,0,0.000,0
2.477667,1500.00,1499.25,1,1,17,0,0.000,0
2.478333,1500.00,1499.81,1,1,18,0,0.000,0
2.479000,1500.00,1499.81,1,1,19,0,0.000,0
2.479667,1500.00,1500.09,1,1,20,0,0.000,0
2.480333,1500.00,1500.09,1,1,21,0,0.000,0
2.481000,1500.00,1500.38,1,1,22,0,0.000,0
2.481667,1500.00,1500.38,1,1,23,0,0.000,0
2.482333,1500.00,1501.50,1,1,24,0,0.000,0
2.483000,1500.00,1500.38,1,1,25,0,0.000,0
2.483667,1500.00,1500.66,1,1,26,0,0.000,0
2.484333,1500.00,1500.66,1,1,27,0,0.000,0
2.485000,1500.00,1500.09,1,1,28,0,0.000,0
2.485667,1500.00,1499.25,1,1,29,0,0.000,0
2.486333,1500.00,1500.09,1,1,30,0,0.000,0
2.487000,1500.00,1500.09,1,1,31,0,0.000,0
2.487667,1500.00,1498.41,1,1,32,0,0.000,0
2.488333,1500.00,1500.38,1,1,33,0,0.000,0
2.489000,1500.00,1499.53,1,1,34,0,0.000,0
2.489667,1500.00,1500.09,1,1,35,0,0.000,0
2.490333,1500.00,1499.81,1,1,36,0,0.000,0
2.491000,1500.00,1500.94,1,1,37,0,0.000,0
2.491667,1500.00,1499.53,1,1,38,0,0.000,0
2.492333,1500.00,1499.81,1,1,39,0,0.000,0
2.493000,1500.00,1500.94,1,1,40,0,0.000,0
2.493667,1500.00,1499.81,1,1,41,0,0.000,0
2.494333,1500.00,1500.38,1,1,42,0,0.000,0
2.495000,1500.00,1499.81,1,1,43,0,0.000,0
2.495667,1500.00,1499.53,1,1,44,0,0.000,0
2.496333,1500.00,1499.53,1,1,45,0,0.000,0
2.497000,1500.00,1500.38,1,1,46,0,0.000,0
2.497667,1500.00,1499.53,1,1,47,0,0.000,0
2.498333,1500.00,1499.81,1,1,48,0,0.000,0
2.499000,1500.00,1498.69,1,1,49,0,0.000,0
2.499667,1500.00,1499.53,1,1,50,0,0.000,0
2.500333,1500.00,1500.09,1,1,51,0,0.000,0
2.501000,1500.00,1500.94,1,1,52,0,0.000,0
2.501667,1500.00,1499.81,1,1,53,0,0.000,0
2.502333,1500.00,1500.09,1,1,54,0,0.000,0
2.503000,1500.00,1500.38,1,1,55,0,0.000,0
2.503667,1500.00,1500.09,1,1,56,0,0.000,0
2.504333,1500.00,1501.50,1,1,57,0,0.000,0
2.506333,1500.00,1499.93,1,1,0,1,0.000,0
2.507000,1500.00,1500.38,1,1,1,1,0.000,0
2.507667,1500.00,1499.03,1,1,2,1,0.000,0
2.508333,1500.00,1499.48,1,1,3,1,0.000,0
2.509000,1500.00,1500.15,1,1,4,1,0.000,0
2.509667,1500.00,1501.05,1,1,5,1,0.000,0
2.510333,1500.00,1499.70,1,1,6,1,0.000,0
2.511000,1500.00,1499.48,1,1,7,1,0.000,0
2.511667,1500.00,1500.38,1,1,8,1,0.000,0
2.512333,1500.00,1499.53,1,1,9,1,0.000,0
2.513000,1500.00,1500.94,1,1,10,1,0.000,0
2.513667,1500.00,1500.66,1,1,11,1,0.000,0
2.514333,1500.00,1499.25,1,1,12,1,0.000,0
2.515000,1500.00,1499.25,1,1,13,1,0.000,0
2.515667,1500.00,1500.66,1,1,14,1,0.000,0
2.516333,1500.00,1500.09,1,1,15,1,0.000,0
2.517000,1500.00,1499.81,1,1,16,1,0.000,0
2.517667,1500.00,1499.53,1,1,17,1,0.000,0
2.518333,1500.00,1499.53,1,1,18,1,0.000,0
2.519000,1500.00,1499.25,1,1,19,1,0.000,0
2.519667,1500.00,1500.38,1,1,20,1,0.000,0
2.520333,1500.00,1499.53,1,1,21,1,0.000,0
2.521000,1500.00,1499.25,1,1,22,1,0.000,0
2.521667,1500.00,1500.38,1,1,23,1,0.000,0
2.522333,1500.00,1500.94,1,1,24,1,0.000,0
2.523000,1500.00,1500.09,1,1,25,1,0.000,0
2.523667,1500.00,1499.81,1,1,26,1,0.000,0
2.524333,1500.00,1500.94,1,1,27,1,0.000,0
2.525000,1500.00,1499.81,1,1,28,1,0.000,0
2.525667,1500.00,1500.38,1,1,29,1,0.000,0
2.526333,1500.00,1500.66,1,1,30,1,0.000,0
2.527000,1500.00,1500.94,1,1,31,1,0.000,0
2.527667,1500.00,1498.69,1,1,32,1,0.000,0
2.528333,1500.00,1499.81,1,1,33,1,0.000,0
2.529000,1500.00,1500.94,1,1,34,1,0.000,0
2.529667,1500.00,1499.53,1,1,35,1,0.000,0
2.530333,1500.00,1500.09,1,1,36,1,0.000,0
2.531000,1500.00,1500.38,1,1,37,1,0.000,0
2.531667,1500.00,1500.38,1,1,38,1,0.000,0
2.532333,1500.00,1499.53,1,1,39,1,0.000,0
2.533000,1500.00,1500.94,1,1,40,1,0.000,0
2.533667,1500.00,1499.25,1,1,41,1,0.000,0
2.534333,1500.00,1498.97,1,1,42,1,0.000,0
2.535000,1500.00,1500.38,1,1,43,1,0.000,0
2.535667,1500.00,1499.81,1,1,44,1,0.000,0
2.536333,1500.00,1499.25,1,1,45,1,0.000,0
2.537000,1500.00,1499.53,1,1,46,1,0.000,0
2.537667,1500.00,1499.81,1,1,47,1,0.000,0
2.538333,1500.00,1499.25,1,1,48,1,0.000,0
2.539000,1500.00,1500.94,1,1,49,1,0.000,0
2.539667,1500.00,1500.38,1,1,50,1,0.000,0
2.540333,1500.00,1499.81,1,1,51,1,0.000,0
2.541000,1500.00,1501.22,1,1,52,1,0.000,0
2.541667,1500.00,1500.38,1,1,53,1,0.000,0
2.542333,1500.00,1500.09,1,1,54,1,0.000,0
2.543000,1500.00,1499.53,1,1,55,1,0.000,0
2.543667,1500.00,1500.38,1,1,56,1,0.000,0
2.544333,1500.00,1499.81,1,1,57,1,0.000,0
2.546333,1500.00,1499.93,1,1,0,0,0.000,0
2.547000,1500.00,1500.15,1,1,1,0,0.000,0
2.547667,1500.00,1499.25,1,1,2,0,0.000,0
2.548333,1500.00,1499.25,1,1,3,0,0.000,0
2.549000,1500.00,1499.70,1,1,4,0,0.000,0
2.549667,1500.00,1500.38,1,1,5,0,0.000,0
2.550333,1500.00,1499.93,1,1,6,0,0.000,0
2.551000,1500.00,1500.38,1,1,7,0,0.000,0
2.551667,1500.00,1499.53,1,1,8,0,0.000,0
2.552333,1500.00,1500.09,1,1,9,0,0.000,0
2.553000,1500.00,1499.81,1,1,10,0,0.000,0
2.553667,1500.00,1500.09,1,1,11,0,0.000,0
2.554333,1500.00,1499.25,1,1,12,0,0.000,0
2.555000,1500.00,1499.25,1,1,13,0,0.000,0
2.555667,1500.00,1500.09,1,1,14,0,0.000,0
2.556333,1500.00,1500.09,1,1,15,0,0.000,0
2.557000,1500.00,1501.50,1,1,16,0,0.000,0
2.557667,1500.00,1499.25,1,1,17,0,0.000,0
2.558333,1500.00,1500.09,1,1,18,0,0.000,0
2.559000,1500.00,1500.94,1,1,19,0,0.000,0
2.559667,1500.00,1502.35,1,1,20,0,0.000,0
2.560333,1500.00,1500.09,1,1,21,0,0.000,0
2.561000,1500.00,1499.81,1,1,22,0,0.000,0
2.561667,1500.00,1499.53,1,1,23,0,0.000,0
2.562333,1500.00,1499.25,1,1,24,0,0.000,0
2.563000,1500.00,1500.38,1,1,25,0,0.000,0
2.563667,1500.00,1500.94,1,1,26,0,0.000,0
2.564333,1500.00,1499.53,1,1,27,0,0.000,0
2.565000,1500.00,1498.69,1,1,28,0,0.000,0
2.565667,1500.00,1499.81,1,1,29,0,0.000,0
2.566333,1500.00,1500.09,1,1,30,0,0.000,0
2.567000,1500.00,1499.81,1,1,31,0,0.000,0
2.567667,1500.00,1500.38,1,1,32,0,0.000,0
2.568333,1500.00,1500.94,1,1,33,0,0.000,0
2.569000,1500.00,1499.25,1,1,34,0,0.000,0
2.569667,1500.00,1500.38,1,1,35,0,0.000,0
2.570333,1500.00,1500.09,1,1,36,0,0.000,0
2.571000,1500.00,1500.94,1,1,37,0,0.000,0
2.571667,1500.00,1499.81,1,1,38,0,0.000,0
2.572333,1500.00,1500.38,1,1,39,0,0.000,0
2.573000,1500.00,1499.53,1,1,40,0,0.000,0
2.573667,1500.00,1498.97,1,1,41,0,0.000,0
2.574333,1500.00,1499.53,1,1,42,0,0.000,0
2.575000,1500.00,1500.66,1,1,43,0,0.000,0
2.575667,1500.00,1500.09,1,1,44,0,0.000,0
2.576333,1500.00,1499.53,1,1,45,0,0.000,0
2.577000,1500.00,1499.53,1,1,46,0,0.000,0
2.577667,1500.00,1499.53,1,1,47,0,0.000,0
2.578333,1500.00,1499.81,1,1,48,0,0.000,0
2.579000,1500.00,1499.53,1,1,49,0,0.000,0
2.579667,1500.00,1501.22,1,1,50,0,0.000,0
2.580333,1500.00,1499.81,1,1,51,0,0.000,0
2.581000,1500.00,1499.53,1,1,52,0,0.000,0
2.581667,1500.00,1500.09,1,1,53,0,0.000,0
2.582333,1500.00,1500.38,1,1,54,0,0.000,0
2.583000,1500.00,1500.09,1,1,55,0,0.000,0
2.583667,1500.00,1500.38,1,1,56,0,0.000,0
2.584333,1500.00,1500.66,1,1,57,0,0.000,0
2.586333,1500.00,1499.48,1,1,0,1,0.000,0
2.587000,1500.00,1499.70,1,1,1,1,0.000,0
2.587667,1500.00,1500.15,1,1,2,1,0.000,0
2.588333,1500.00,1499.70,1,1,3,1,0.000,0
2.589000,1500.00,1500.15,1,1,4,1,0.000,0
2.589667,1500.00,1500.38,1,1,5,1,0.000,0
2.590333,1500.00,1499.48,1,1,6,1,0.000,0
2.591000,1500.00,1499.70,1,1,7,1,0.000,0
2.591667,1500.00,1500.09,1,1,8,1,0.000,0
2.592333,1500.00,1499.53,1,1,9,1,0.000,0
2.593000,1500.00,1500.38,1,1,10,1,0.000,0
2.593667,1500.00,1499.81,1,1,11,1,0.000,0
2.594333,1500.00,1500.66,1,1,12,1,0.000,0
2.595000,1500.00,1500.09,1,1,13,1,0.000,0
2.595667,1500.00,1500.38,1,1,14,1,0.000,0
2.596333,1500.00,1500.09,1,1,15,1,0.000,0
2.597000,1500.00,1500.09,1,1,16,1,0.000,0
2.597667,1500.00,1500.38,1,1,17,1,0.000,0
2.598333,1500.00,1499.53,1,1,18,1,0.000,0
2.599000,1500.00,1500.94,1,1,19,1,0.000,0
2.599667,1500.00,1498.97,1,1,20,1,0.000,0
2.600333,1500.00,1499.53,1,1,21,1,0.000,0
2.601000,1500.00,1500.09,1,1,22,1,0.000,0
2.601667,1500.00,1500.66,1,1,23,1,0.000,0
2.602333,1500.00,1499.25,1,1,24,1,0.000,0
2.603000,1500.00,1500.09,1,1,25,1,0.000,0
2.603667,1500.00,1500.66,1,1,26,1,0.000,0
2.604333,1500.00,1499.53,1,1,27,1,0.000,0
2.605000,1500.00,1500.66,1,1,28,1,0.000,0
2.605667,1500.00,1500.66,1,1,29,1,0.000,0
2.606333,1500.00,1499.81,1,1,30,1,0.000,0
2.607000,1500.00,1499.25,1,1,31,1,0.000,0
2.607667,1500.00,1500.66,1,1,32,1,0.000,0
2.608333,1500.00,1500.09,1,1,33,1,0.000,0
2.609000,1500.00,1498.97,1,1,34,1,0.000,0
2.609667,1500.00,1500.38,1,1,35,1,0.000,0
2.610333,1500.00,1499.53,1,1,36,1,0.000,0
2.611000,1500.00,1499.53,1,1,37,1,0.000,0
2.611667,1500.00,1500.66,1,1,38,1,0.000,0
2.612333,1500.00,1500.66,1,1,39,1,0.000,0
2.613000,1500.00,1500.09,1,1,40,1,0.000,0
2.613667,1500.00,1499.53,1,1,41,1,0.000,0
2.614333,1500.00,1499.81,1,1,42,1,0.000,0
2.615000,1500.00,1499.53,1,1,43,1,0.000,0
2.615667,1500.00,1500.66,1,1,44,1,0.000,0
2.616333,1500.00,1498.97,1,1,45,1,0.000,0
2.617000,1500.00,1499.53,1,1,46,1,0.000,0
2.617667,1500.00,1499.81,1,1,47,1,0.000,0
2.618333,1500.00,1499.25,1,1,48,1,0.000,0
2.619000,1500.00,1500.66,1,1,49,1,0.000,0
2.619667,1500.00,1500.38,1,1,50,1,0.000,0
2.620333,1500.00,1499.81,1,1,51,1,0.000,0
2.621000,1500.00,1499.53,1,1,52,1,0.000,0
2.621667,1500.00,1501.22,1,1,53,1,0.000,0
2.622333,1500.00,1499.81,1,1,54,1,0.000,0
2.623000,1500.00,1500.09,1,1,55,1,0.000,0
2.623667,1500.00,1500.38,1,1,56,1,0.000,0
2.624333,1500.00,1499.25,1,1,57,1,0.000,0
2.626333,1500.00,1500.38,1,1,0,0,0.000,0
2.627000,1500.00,1499.93,1,1,1,0,0.000,0
2.627667,1500.00,1500.38,1,1,2,0,0.000,0
2.628333,1500.00,1499.48,1,1,3,0,0.000,0
2.629000,1500.00,1500.15,1,1,4,0,0.000,0
2.629667,1500.00,1499.48,1,1,5,0,0.000,0
2.630333,1500.00,1499.93,1,1,6,0,0.000,0
2.631000,1500.00,1500.15,1,1,7,0,0.000,0
2.631667,1500.00,1500.38,1,1,8,0,0.000,0
2.632333,1500.00,1500.09,1,1,9,0,0.000,0
2.633000,1500.00,1500.09,1,1,10,0,0.000,0
2.633667,1500.00,1500.66,1,1,11,0,0.000,0
2.634333,1500.00,1499.53,1,1,12,0,0.000,0
2.635000,1500.00,1500.38,1,1,13,0,0.000,0
2.635667,1500.00,1500.09,1,1,14,0,0.000,0
2.636333,1500.00,1499.81,1,1,15,0,0.000,0
2.637000,1500.00,1499.53,1,1,16,0,0.000,0
2.637667,1500.00,1499.81,1,1,17,0,0.000,0
2.638333,1500.00,1498.97,1,1,18,0,0.000,0
2.639000,1500.00,1499.25,1,1,19,0,0.000,0
2.639667,1500.00,1500.09,1,1,20,0,0.000,0
2.640333,1500.00,1500.09,1,1,21,0,0.000,0
2.641000,1500.00,1499.81,1,1,22,0,0.000,0
2.641667,1500.00,1499.81,1,1,23,0,0.000,0
2.642333,1500.00,1499.25,1,1,24,0,0.000,0
2.643000,1500.00,1501.22,1,1,25,0,0.000,0
2.643667,1500.00,1500.09,1,1,26,0,0.000,0
2.644333,1500.00,1500.66,1,1,27,0,0.000,0
2.645000,1500.00,1500.66,1,1,28,0,0.000,0
2.645667,1500.00,1500.38,1,1,29,0,0.000,0
2.646333,1500.00,1500.66,1,1,30,0,0.000,0
2.647000,1500.00,1500.09,1,1,31,0,0.000,0
2.647667,1500.00,1500.94,1,1,32,0,0.000,0
2.648333,1500.00,1498.97,1,1,33,0,0.000,0
2.649000,1500.00,1500.38,1,1,34,0,0.000,0
2.649667,1500.00,1500.38,1,1,35,0,0.000,0
2.650333,1500.00,1500.09,1,1,36,0,0.000,0
2.651000,1500.00,1499.53,1,1,37,0,0.000,0
2.651667,1500.00,1499.53,1,1,38,0,0.000,0
2.652333,1500.00,1500.66,1,1,39,0,0.000,0
2.653000,1500.00,1499.53,1,1,40,0,0.000,0
2.653667,1500.00,1500.94,1,1,41,0,0.000,0
2.654333,1500.00,1499.81,1,1,42,0,0.000,0
2.655000,1500.00,1500.09,1,1,43,0,0.000,0
2.655667,1500.00,1499.53,1,1,44,0,0.000,0
2.656333,1500.00,1500.09,1,1,45,0,0.000,0
2.657000,1500.00,1500.09,1,1,46,0,0.000,0
2.657667,1500.00,1499.53,1,1,47,0,0.000,0
2.658333,1500.00,1499.81,1,1,48,0,0.000,0
2.659000,1500.00,1498.69,1,1,49,0,0.000,0
2.659667,1500.00,1499.25,1,1,50,0,0.000,0
2.660333,1500.00,1499.81,1,1,51,0,0.000,0
2.661000,1500.00,1499.81,1,1,52,0,0.000,0
2.661667,1500.00,1500.09,1,1,53,0,0.000,0
2.662333,1500.00,1500.09,1,1,54,0,0.000,0
2.663000,1500.00,1500.09,1,1,55,0,0.000,0
2.663667,1500.00,1500.38,1,1,56,0,0.000,0
2.664333,1500.00,1499.81,1,1,57,0,0.000,0
2.666333,1500.00,1500.60,1,1,0,1,0.000,0
2.667000,1500.00,1499.93,1,1,1,1,0.000,0
2.667667,1500.00,1500.38,1,1,2,1,0.000,0
2.668333,1500.00,1500.15,1,1,3,1,0.000,0
2.669000,1500.00,1499.48,1,1,4,1,0.000,0
2.669667,1500.00,1500.38,1,1,5,1,0.000,0
2.670333,1500.00,1499.93,1,1,6,1,0.000,0
2.671000,1500.00,1500.15,1,1,7,1,0.000,0
2.671667,1500.00,1500.09,1,1,8,1,0.000,0
2.672333,1500.00,1499.53,1,1,9,1,0.000,0
2.673000,1500.00,1500.09,1,1,10,1,0.000,0
2.673667,1500.00,1500.09,1,1,11,1,0.000,0
2.674333,1500.00,1500.66,1,1,12,1,0.000,0
2.675000,1500.00,1498.97,1,1,13,1,0.000,0
2.675667,1500.00,1499.81,1,1,14,1,0.000,0
2.676333,1500.00,1500.38,1,1,15,1,0.000,0
2.677000,1500.00,1500.38,1,1,16,1,0.000,0
2.677667,1500.00,1500.09,1,1,17,1,0.000,0
2.678333,1500.00,1499.81,1,1,18,1,0.000,0
2.679000,1500.00,1499.81,1,1,19,1,0.000,0
2.679667,1500.00,1500.09,1,1,20,1,0.000,0
2.680333,1500.00,1500.94,1,1,21,1,0.000,0
2.681000,1500.00,1500.38,1,1,22,1,0.000,0
2.681667,1500.00,1500.09,1,1,23,1,0.000,0
2.682333,1500.00,1499.81,1,1,24,1,0.000,0
2.683000,1500.00,1500.66,1,1,25,1,0.000,0
2.683667,1500.00,1500.09,1,1,26,1,0.000,0
2.684333,1500.00,1499.81,1,1,27,1,0.000,0
2.685000,1500.00,1499.25,1,1,28,1,0.000,0
2.685667,1500.00,1500.38,1,1,29,1,0.000,0
2.686333,1500.00,1500.38,1,1,30,1,0.000,0
2.687000,1500.00,1499.81,1,1,31,1,0.000,0
2.687667,1500.00,1499.81,1,1,32,1,0.000,0
2.688333,1500.00,1499.53,1,1,33,1,0.000,0
2.689000,1500.00,1500.09,1,1,34,1,0.000,0
2.689667,1500.00,1500.66,1,1,35,1,0.000,0
2.690333,1500.00,1500.09,1,1,36,1,0.000,0
2.691000,1500.00,1499.81,1,1,37,1,0.000,0
2.691667,1500.00,1499.53,1,1,38,1,0.000,0
2.692333,1500.00,1499.81,1,1,39,1,0.000,0
2.693000,1500.00,1499.53,1,1,40,1,0.000,0
2.693667,1500.00,1500.09,1,1,41,1,0.000,0
2.694333,1500.00,1500.09,1,1,42,1,0.000,0
2.695000,1500.00,1499.25,1,1,43,1,0.000,0
2.695667,1500.00,1500.66,1,1,44,1,0.000,0
2.696333,1500.00,1499.53,1,1,45,1,0.000,0
2.697000,1500.00,1500.66,1,1,46,1,0.000,0
2.697667,1500.00,1500.38,1,1,47,1,0.000,0
2.698333,1500.00,1500.38,1,1,48,1,0.000,0
2.699000,1500.00,1499.81,1,1,49,1,0.000,0
2.699667,1500.00,1499.81,1,1,50,1,0.000,0
2.700333,1500.00,1499.81,1,1,51,1,0.000,0
2.701000,1500.00,1500.09,1,1,52,1,0.000,0
2.701667,1500.00,1499.81,1,1,53,1,0.000,0
2.702333,1500.00,1500.09,1,1,54,1,0.000,0
2.703000,1500.00,1500.38,1,1,55,1,0.000,0
2.703667,1500.00,1500.09,1,1,56,1,0.000,0
2.704333,1500.00,1500.09,1,1,57,1,0.000,0
2.706333,1500.00,1500.38,1,1,0,0,0.000,0
2.707000,1500.00,1500.15,1,1,1,0,0.000,0
2.707667,1500.00,1499.70,1,1,2,0,0.000,0
2.708333,1500.00,1500.15,1,1,3,0,0.000,0
2.709000,1500.00,1499.25,1,1,4,0,0.000,0
2.709667,1500.00,1499.03,1,1,5,0,0.000,0
2.710333,1500.00,1499.93,1,1,6,0,0.000,0
2.711000,1500.00,1499.25,1,1,7,0,0.000,0
2.711667,1500.00,1499.53,1,1,8,0,0.000,0
2.712333,1500.00,1500.94,1,1,9,0,0.000,0
2.713000,1500.00,1500.38,1,1,10,0,0.000,0
2.713667,1500.00,1500.09,1,1,11,0,0.000,0
2.714333,1500.00,1500.09,1,1,12,0,0.000,0
2.715000,1500.00,1500.66,1,1,13,0,0.000,0
2.715667,1500.00,1500.66,1,1,14,0,0.000,0
2.716333,1500.00,1500.94,1,1,15,0,0.000,0
2.717000,1500.00,1499.53,1,1,16,0,0.000,0
2.717667,1500.00,1499.25,1,1,17,0,0.000,0
2.718333,1500.00,1500.66,1,1,18,0,0.000,0
2.719000,1500.00,1500.38,1,1,19,0,0.000,0
2.719667,1500.00,1500.09,1,1,20,0,0.000,0
2.720333,1500.00,1500.38,1,1,21,0,0.000,0
2.721000,1500.00,1499.53,1,1,22,0,0.000,0
2.721667,1500.00,1500.09,1,1,23,0,0.000,0
2.722333,1500.00,1500.09,1,1,24,0,0.000,0
2.723000,1500.00,1500.09,1,1,25,0,0.000,0
2.723667,1500.00,1498.97,1,1,26,0,0.000,0
2.724333,1500.00,1499.53,1,1,27,0,0.000,0
2.725000,1500.00,1499.81,1,1,28,0,0.000,0
2.725667,1500.00,1499.53,1,1,29,0,0.000,0
2.726333,1500.00,1500.09,1,1,30,0,0.000,0
2.727000,1500.00,1499.81,1,1,31,0,0.000,0
2.727667,1500.00,1499.81,1,1,32,0,0.000,0
2.728333,1500.00,1500.38,1,1,33,0,0.000,0
2.729000,1500.00,1500.38,1,1,34,0,0.000,0
2.729667,1500.00,1500.09,1,1,35,0,0.000,0
2.730333,1500.00,1500.09,1,1,36,0,0.000,0
2.731000,1500.00,1501.22,1,1,37,0,0.000,0
2.731667,1500.00,1500.38,1,1,38,0,0.000,0
2.732333,1500.00,1500.38,1,1,39,0,0.000,0
2.733000,1500.00,1500.38,1,1,40,0,0.000,0
2.733667,1500.00,1499.25,1,1,41,0,0.000,0
2.734333,1500.00,1499.53,1,1,42,0,0.000,0
2.735000,1500.00,1500.09,1,1,43,0,0.000,0
2.735667,1500.00,1499.81,1,1,44,0,0.000,0
2.736333,1500.00,1498.97,1,1,45,0,0.000,0
2.737000,1500.00,1499.25,1,1,46,0,0.000,0
2.737667,1500.00,1499.25,1,1,47,0,0.000,0
2.738333,1500.00,1500.09,1,1,48,0,0.000,0
2.739000,1500.00,1499.53,1,1,49,0,0.000,0
2.739667,1500.00,1499.81,1,1,50,0,0.000,0
2.740333,1500.00,1499.53,1,1,51,0,0.000,0
2.741000,1500.00,1500.66,1,1,52,0,0.000,0
2.741667,1500.00,1499.81,1,1,53,0,0.000,0
2.742333,1500.00,1500.66,1,1,54,0,0.000,0
2.743000,1500.00,1500.38,1,1,55,0,0.000,0
2.743667,1500.00,1499.53,1,1,56,0,0.000,0
2.744333,1500.00,1501.22,1,1,57,0,0.000,0
2.746333,1500.00,1500.60,1,1,0,1,0.000,0
2.747000,1500.00,1500.15,1,1,1,1,0.000,0
2.747667,1500.00,1499.70,1,1,2,1,0.000,0
2.748333,1500.00,1499.93,1,1,3,1,0.000,0
2.749000,1500.00,1499.93,1,1,4,1,0.000,0
2.749667,1500.00,1500.38,1,1,5,1,0.000,0
2.750333,1500.00,1500.15,1,1,6,1,0.000,0
2.751000,1500.00,1499.93,1,1,7,1,0.000,0
2.751667,1500.00,1499.25,1,1,8,1,0.000,0
2.752333,1500.00,1500.38,1,1,9,1,0.000,0
2.753000,1500.00,1499.81,1,1,10,1,0.000,0
2.753667,1500.00,1500.38,1,1,11,1,0.000,0
2.754333,1500.00,1500.09,1,1,12,1,0.000,0
2.755000,1500.00,1498.69,1,1,13,1,0.000,0
2.755667,1500.00,1500.09,1,1,14,1,0.000,0
2.756333,1500.00,1499.53,1,1,15,1,0.000,0
2.757000,1500.00,1500.09,1,1,16,1,0.000,0
2.757667,1500.00,1498.97,1,1,17,1,0.000,0
2.758333,1500.00,1499.81,1,1,18,1,0.000,0
2.759000,1500.00,1500.38,1,1,19,1,0.000,0
2.759667,1500.00,1499.53,1,1,20,1,0.000,0
2.760333,1500.00,1500.38,1,1,21,1,0.000,0
2.761000,1500.00,1499.81,1,1,22,1,0.000,0
2.761667,1500.00,1500.09,1,1,23,1,0.000,0
2.762333,1500.00,1499.81,1,1,24,1,0.000,0
2.763000,1500.00,1500.94,1,1,25,1,0.000,0
2.763667,1500.00,1500.38,1,1,26,1,0.000,0
2.764333,1500.00,1498.97,1,1,27,1,0.000,0
2.765000,1500.00,1500.38,1,1,28,1,0.000,0
2.765667,1500.00,1500.38,1,1,29,1,0.000,0
2.766333,1500.00,1499.81,1,1,30,1,0.000,0
2.767000,1500.00,1499.53,1,1,31,1,0.000,0
2.767667,1500.00,1500.09,1,1,32,1,0.000,0
2.768333,1500.00,1499.81,1,1,33,1,0.000,0
2.769000,1500.00,1500.09,1,1,34,1,0.000,0
2.769667,1500.00,1500.94,1,1,35,1,0.000,0
2.770333,1500.00,1499.81,1,1,36,1,0.000,0
2.771000,1500.00,1500.09,1,1,37,1,0.000,0
2.771667,1500.00,1500.66,1,1,38,1,0.000,0
2.772333,1500.00,1500.94,1,1,39,1,0.000,0
2.773000,1500.00,1500.09,1,1,40,1,0.000,0
2.773667,1500.00,1500.38,1,1,41,1,0.000,0
2.774333,1500.00,1500.09,1,1,42,1,0.000,0
2.775000,1500.00,1499.53,1,1,43,1,0.000,0
2.775667,1500.00,1499.53,1,1,44,1,0.000,0
2.776333,1500.00,1500.09,1,1,45,1,0.000,0
2.777000,1500.00,1500.09,1,1,46,1,0.000,0
2.777667,1500.00,1499.81,1,1,47,1,0.000,0
2.778333,1500.00,1499.53,1,1,48,1,0.000,0
2.779000,1500.00,1499.53,1,1,49,1,0.000,0
2.779667,1500.00,1499.25,1,1,50,1,0.000,0
2.780333,1500.00,1500.09,1,1,51,1,0.000,0
2.781000,1500.00,1500.66,1,1,52,1,0.000,0
2.781667,1500.00,1499.81,1,1,53,1,0.000,0
2.782333,1500.00,1499.81,1,1,54,1,0.000,0
2.783000,1500.00,1499.25,1,1,55,1,0.000,0
2.783667,1500.00,1500.66,1,1,56,1,0.000,0
2.784333,1500.00,1500.38,1,1,57,1,0.000,0
2.786333,1500.00,1501.05,1,1,0,0,0.000,0
2.787000,1500.00,1500.15,1,1,1,0,0.000,0
2.787667,1500.00,1499.25,1,1,2,0,0.000,0
2.788333,1500.00,1500.38,1,1,3,0,0.000,0
2.789000,1500.00,1499.93,1,1,4,0,0.000,0
2.789667,1500.00,1500.83,1,1,5,0,0.000,0
2.790333,1500.00,1500.38,1,1,6,0,0.000,0
2.791000,1500.00,1500.38,1,1,7,0,0.000,0
2.791667,1500.00,1499.25,1,1,8,0,0.000,0
2.792333,1500.00,1500.66,1,1,9,0,0.000,0
2.793000,1500.00,1500.66,1,1,10,0,0.000,0
2.793667,1500.00,1499.25,1,1,11,0,0.000,0
2.794333,1500.00,1500.38,1,1,12,0,0.000,0
2.795000,1500.00,1499.53,1,1,13,0,0.000,0
2.795667,1500.00,1499.53,1,1,14,0,0.000,0
2.796333,1500.00,1499.25,1,1,15,0,0.000,0
2.797000,1500.00,1500.09,1,1,16,0,0.000,0
2.797667,1500.00,1499.25,1,1,17,0,0.000,0
2.798333,1500.00,1499.81,1,1,18,0,0.000,0
2.799000,1500.00,1500.38,1,1,19,0,0.000,0
2.799667,1500.00,1499.25,1,1,20,0,0.000,0
2.800333,1500.00,1500.09,1,1,21,0,0.000,0
2.801000,1500.00,1500.09,1,1,22,0,0.000,0
2.801667,1500.00,1500.09,1,1,23,0,0.000,0
2.802333,1500.00,1500.38,1,1,24,0,0.000,0
2.803000,1500.00,1500.09,1,1,25,0,0.000,0
2.803667,1500.00,1500.09,1,1,26,0,0.000,0
2.804333,1500.00,1499.81,1,1,27,0,0.000,0
2.805000,1500.00,1500.66,1,1,28,0,0.000,0
2.805667,1500.00,1500.09,1,1,29,0,0.000,0
2.806333,1500.00,1499.81,1,1,30,0,0.000,0
2.807000,1500.00,1499.81,1,1,31,0,0.000,0
2.807667,1500.00,1499.53,1,1,32,0,0.000,0
2.808333,1500.00,1499.81,1,1,33,0,0.000,0
2.809000,1500.00,1500.66,1,1,34,0,0.000,0
2.809667,1500.00,1499.81,1,1,35,0,0.000,0
2.810333,1500.00,1499.53,1,1,36,0,0.000,0
2.811000,1500.00,1499.81,1,1,37,0,0.000,0
2.811667,1500.00,1500.66,1,1,38,0,0.000,0
2.812333,1500.00,1500.09,1,1,39,0,0.000,0
2.813000,1500.00,1500.66,1,1,40,0,0.000,0
2.813667,1500.00,1500.66,1,1,41,0,0.000,0
2.814333,1500.00,1499.53,1,1,42,0,0.000,0
2.815000,1500.00,1500.09,1,1,43,0,0.000,0
2.815667,1500.00,1499.53,1,1,44,0,0.000,0
2.816333,1500.00,1500.09,1,1,45,0,0.000,0
2.817000,1500.00,1499.25,1,1,46,0,0.000,0
2.817667,1500.00,1499.81,1,1,47,0,0.000,0
2.818333,1500.00,1500.09,1,1,48,0,0.000,0
2.819000,1500.00,1499.81,1,1,49,0,0.000,0
2.819667,1500.00,1499.53,1,1,50,0,0.000,0
2.820333,1500.00,1500.09,1,1,51,0,0.000,0
2.821000,1500.00,1501.22,1,1,52,0,0.000,0
2.821667,1500.00,1499.81,1,1,53,0,0.000,0
2.822333,1500.00,1500.38,1,1,54,0,0.000,0
2.823000,1500.00,1500.66,1,1,55,0,0.000,0
2.823667,1500.00,1498.97,1,1,56,0,0.000,0
2.824333,1500.00,1500.09,1,1,57,0,0.000,0
2.826333,1500.00,1500.60,1,1,0,1,0.000,0
2.827000,1500.00,1500.60,1,1,1,1,0.000,0
2.827667,1500.00,1500.38,1,1,2,1,0.000,0
2.828333,1500.00,1500.15,1,1,3,1,0.000,0
2.829000,1500.00,1499.93,1,1,4,1,0.000,0
2.829667,1500.00,1499.03,1,1,5,1,0.000,0
2.830333,1500.00,1500.15,1,1,6,1,0.000,0
2.831000,1500.00,1500.15,1,1,7,1,0.000,0
2.831667,1500.00,1499.53,1,1,8,1,0.000,0
2.832333,1500.00,1499.25,1,1,9,1,0.000,0
2.833000,1500.00,1498.97,1,1,10,1,0.000,0
2.833667,1500.00,1500.38,1,1,11,1,0.000,0
2.834333,1500.00,1499.81,1,1,12,1,0.000,0
2.835000,1500.00,1500.66,1,1,13,1,0.000,0
2.835667,1500.00,1499.81,1,1,14,1,0.000,0
2.836333,1500.00,1498.97,1,1,15,1,0.000,0
2.837000,1500.00,1499.81,1,1,16,1,0.000,0
2.837667,1500.00,1500.09,1,1,17,1,0.000,0
2.838333,1500.00,1498.97,1,1,18,1,0.000,0
2.839000,1500.00,1499.53,1,1,19,1,0.000,0
2.839667,1500.00,1500.38,1,1,20,1,0.000,0
2.840333,1500.00,1500.09,1,1,21,1,0.000,0
2.841000,1500.00,1499.81,1,1,22,1,0.000,0
2.841667,1500.00,1500.94,1,1,23,1,0.000,0
2.842333,1500.00,1500.38,1,1,24,1,0.000,0
2.843000,1500.00,1500.09,1,1,25,1,0.000,0
2.843667,1500.00,1500.38,1,1,26,1,0.000,0
2.844333,1500.00,1500.66,1,1,27,1,0.000,0
2.845000,1500.00,1500.09,1,1,28,1,0.000,0
2.845667,1500.00,1499.81,1,1,29,1,0.000,0
2.846333,1500.00,1501.50,1,1,30,1,0.000,0
2.847000,1500.00,1498.97,1,1,31,1,0.000,0
2.847667,1500.00,1499.81,1,1,32,1,0.000,0
2.848333,1500.00,1499.81,1,1,33,1,0.000,0
2.849000,1500.00,1500.09,1,1,34,1,0.000,0
2.849667,1500.00,1499.81,1,1,35,1,0.000,0
2.850333,1500.00,1499.81,1,1,36,1,0.000,0
2.851000,1500.00,1500.38,1,1,37,1,0.000,0
2.851667,1500.00,1498.97,1,1,38,1,0.000,0
2.852333,1500.00,1500.66,1,1,39,1,0.000,0
2.853000,1500.00,1499.81,1,1,40,1,0.000,0
2.853667,1500.00,1499.81,1,1,41,1,0.000,0
2.854333,1500.00,1500.66,1,1,42,1,0.000,0
2.855000,1500.00,1499.81,1,1,43,1,0.000,0
2.855667,1500.00,1499.81,1,1,44,1,0.000,0
2.856333,1500.00,1499.53,1,1,45,1,0.000,0
2.857000,1500.00,1500.09,1,1,46,1,0.000,0
2.857667,1500.00,1500.09,1,1,47,1,0.000,0
2.858333,1500.00,1499.81,1,1,48,1,0.000,0
2.859000,1500.00,1500.09,1,1,49,1,0.000,0
2.859667,1500.00,1500.38,1,1,50,1,0.000,0
2.860333,1500.00,1499.25,1,1,51,1,0.000,0
2.861000,1500.00,1499.81,1,1,52,1,0.000,0
2.861667,1500.00,1500.09,1,1,53,1,0.000,0
2.862333,1500.00,1499.81,1,1,54,1,0.000,0
2.863000,1500.00,1499.53,1,1,55,1,0.000,0
2.863667,1500.00,1500.09,1,1,56,1,0.000,0
2.864333,1500.00,1500.09,1,1,57,1,0.000,0
2.866333,1500.00,1499.48,1,1,0,0,0.000,0
2.867000,1500.00,1499.93,1,1,1,0,0.000,0
2.867667,1500.00,1499.93,1,1,2,0,0.000,0
2.868333,1500.00,1500.15,1,1,3,0,0.000,0
2.869000,1500.00,1500.15,1,1,4,0,0.000,0
2.869667,1500.00,1499.93,1,1,5,0,0.000,0
2.870333,1500.00,1501.05,1,1,6,0,0.000,0
2.871000,1500.00,1500.38,1,1,7,0,0.000,0
2.871667,1500.00,1500.66,1,1,8,0,0.000,0
2.872333,1500.00,1500.66,1,1,9,0,0.000,0
2.873000,1500.00,1500.09,1,1,10,0,0.000,0
2.873667,1500.00,1499.81,1,1,11,0,0.000,0
2.874333,1500.00,1500.09,1,1,12,0,0.000,0
2.875000,1500.00,1500.09,1,1,13,0,0.000,0
2.875667,1500.00,1498.97,1,1,14,0,0.000,0
2.876333,1500.00,1499.81,1,1,15,0,0.000,0
2.877000,1500.00,1498.69,1,1,16,0,0.000,0
2.877667,1500.00,1499.81,1,1,17,0,0.000,0
2.878333,1500.00,1499.53,1,1,18,0,0.000,0
2.879000,1500.00,1500.09,1,1,19,0,0.000,0
2.879667,1500.00,1500.09,1,1,20,0,0.000,0
2.880333,1500.00,1499.81,1,1,21,0,0.000,0
2.881000,1500.00,1499.81,1,1,22,0,0.000,0
2.881667,1500.00,1500.38,1,1,23,0,0.000,0
2.882333,1500.00,1500.38,1,1,24,0,0.000,0
2.883000,1500.00,1500.09,1,1,25,0,0.000,0
2.883667,1500.00,1501.22,1,1,26,0,0.000,0
2.884333,1500.00,1500.09,1,1,27,0,0.000,0
2.885000,1500.00,1499.81,1,1,28,0,0.000,0
2.885667,1500.00,1501.22,1,1,29,0,0.000,0
2.886333,1500.00,1500.38,1,1,30,0,0.000,0
2.887000,1500.00,1499.81,1,1,31,0,0.000,0
2.887667,1500.00,1500.66,1,1,32,0,0.000,0
2.888333,1500.00,1500.38,1,1,33,0,0.000,0
2.889000,1500.00,1499.81,1,1,34,0,0.000,0
2.889667,1500.00,1499.53,1,1,35,0,0.000,0
2.890333,1500.00,1500.09,1,1,36,0,0.000,0
2.891000,1500.00,1498.97,1,1,37,0,0.000,0
2.891667,1500.00,1499.25,1,1,38,0,0.000,0
2.892333,1500.00,1499.53,1,1,39,0,0.000,0
2.893000,1500.00,1500.09,1,1,40,0,0.000,0
2.893667,1500.00,1499.81,1,1,41,0,0.000,0
2.894333,1500.00,1499.53,1,1,42,0,0.000,0
2.895000,1500.00,1499.81,1,1,43,0,0.000,0
2.895667,1500.00,1499.53,1,1,44,0,0.000,0
2.896333,1500.00,1499.81,1,1,45,0,0.000,0
2.897000,1500.00,1500.66,1,1,46,0,0.000,0
2.897667,1500.00,1500.38,1,1,47,0,0.000,0
2.898333,1500.00,1499.25,1,1,48,0,0.000,0
2.899000,1500.00,1499.53,1,1,49,0,0.000,0
2.899667,1500.00,1499.81,1,1,50,0,0.000,0
2.900333,1500.00,1500.38,1,1,51,0,0.000,0
2.901000,1500.00,1500.66,1,1,52,0,0.000,0
2.901667,1500.00,1501.22,1,1,53,0,0.000,0
2.902333,1500.00,1499.53,1,1,54,0,0.000,0
2.903000,1500.00,1499.25,1,1,55,0,0.000,0
2.903667,1500.00,1500.38,1,1,56,0,0.000,0
2.904333,1500.00,1500.38,1,1,57,0,0.000,0
2.906333,1500.00,1500.15,1,1,0,1,0.000,0
2.907000,1500.00,1499.48,1,1,1,1,0.000,0
2.907667,1500.00,1499.93,1,1,2,1,0.000,0
2.908333,1500.00,1499.48,1,1,3,1,0.000,0
2.909000,1500.00,1500.38,1,1,4,1,0.000,0
2.909667,1500.00,1500.60,1,1,5,1,0.000,0
2.910333,1500.00,1500.38,1,1,6,1,0.000,0
2.911000,1500.00,1499.93,1,1,7,1,0.000,0
2.911667,1500.00,1500.09,1,1,8,1,0.000,0
2.912333,1500.00,1501.22,1,1,9,1,0.000,0
2.913000,1500.00,1499.81,1,1,10,1,0.000,0
2.913667,1500.00,1500.09,1,1,11,1,0.000,0
2.914333,1500.00,1499.81,1,1,12,1,0.000,0
2.915000,1500.00,1499.81,1,1,13,1,0.000,0
2.915667,1500.00,1499.25,1,1,14,1,0.000,0
2.916333,1500.00,1499.81,1,1,15,1,0.000,0
2.917000,1500.00,1500.94,1,1,16,1,0.000,0
2.917667,1500.00,1499.81,1,1,17,1,0.000,0
2.918333,1500.00,1499.81,1,1,18,1,0.000,0
2.919000,1500.00,1499.53,1,1,19,1,0.000,0
2.919667,1500.00,1499.53,1,1,20,1,0.000,0
2.920333,1500.00,1500.94,1,1,21,1,0.000,0
2.921000,1500.00,1500.94,1,1,22,1,0.000,0
2.921667,1500.00,1500.09,1,1,23,1,0.000,0
2.922333,1500.00,1499.25,1,1,24,1,0.000,0
2.923000,1500.00,1500.38,1,1,25,1,0.000,0
2.923667,1500.00,1501.22,1,1,26,1,0.000,0
2.924333,1500.00,1499.81,1,1,27,1,0.000,0
2.925000,1500.00,1500.66,1,1,28,1,0.000,0
2.925667,1500.00,1498.97,1,1,29,1,0.000,0
2.926333,1500.00,1498.97,1,1,30,1,0.000,0
2.927000,1500.00,1500.66,1,1,31,1,0.000,0
2.927667,1500.00,1499.81,1,1,32,1,0.000,0
2.928333,1500.00,1500.38,1,1,33,1,0.000,0
2.929000,1500.00,1498.97,1,1,34,1,0.000,0
2.929667,1500.00,1500.09,1,1,35,1,0.000,0
2.930333,1500.00,1499.81,1,1,36,1,0.000,0
2.931000,1500.00,1500.38,1,1,37,1,0.000,0
2.931667,1500.00,1500.38,1,1,38,1,0.000,0
2.932333,1500.00,1499.25,1,1,39,1,0.000,0
2.933000,1500.00,1499.81,1,1,40,1,0.000,0
2.933667,1500.00,1498.97,1,1,41,1,0.000,0
2.934333,1500.00,1499.81,1,1,42,1,0.000,0
2.935000,1500.00,1500.94,1,1,43,1,0.000,0
2.935667,1500.00,1499.81,1,1,44,1,0.000,0
2.936333,1500.00,1499.81,1,1,45,1,0.000,0
2.937000,1500.00,1499.81,1,1,46,1,0.000,0
2.937667,1500.00,1500.66,1,1,47,1,0.000,0
2.938333,1500.00,1500.09,1,1,48,1,0.000,0
2.939000,1500.00,1500.38,1,1,49,1,0.000,0
2.939667,1500.00,1500.38,1,1,50,1,0.000,0
2.940333,1500.00,1498.97,1,1,51,1,0.000,0
2.941000,1500.00,1499.81,1,1,52,1,0.000,0
2.941667,1500.00,1500.09,1,1,53,1,0.000,0
2.942333,1500.00,1499.81,1,1,54,1,0.000,0
2.943000,1500.00,1499.53,1,1,55,1,0.000,0
2.943667,1500.00,1500.09,1,1,56,1,0.000,0
2.944333,1500.00,1499.53,1,1,57,1,0.000,0
2.946333,1500.00,1499.93,1,1,0,0,0.000,0
2.947000,1500.00,1500.38,1,1,1,0,0.000,0
2.947667,1500.00,1499.70,1,1,2,0,0.000,0
2.948333,1500.00,1499.70,1,1,3,0,0.000,0
2.949000,1500.00,1500.15,1,1,4,0,0.000,0
2.949667,1500.00,1499.48,1,1,5,0,0.000,0
2.950333,1500.00,1499.70,1,1,6,0,0.000,0
2.951000,1500.00,1500.60,1,1,7,0,0.000,0
2.951667,1500.00,1500.09,1,1,8,0,0.000,0
2.952333,1500.00,1499.53,1,1,9,0,0.000,0
2.953000,1500.00,1500.94,1,1,10,0,0.000,0
2.953667,1500.00,1500.66,1,1,11,0,0.000,0
2.954333,1500.00,1500.09,1,1,12,0,0.000,0
2.955000,1500.00,1500.66,1,1,13,0,0.000,0
2.955667,1500.00,1500.66,1,1,14,0,0.000,0
2.956333,1500.00,1499.81,1,1,15,0,0.000,0
2.957000,1500.00,1499.53,1,1,16,0,0.000,0
2.957667,1500.00,1501.22,1,1,17,0,0.000,0
2.958333,1500.00,1500.09,1,1,18,0,0.000,0
2.959000,1500.00,1499.81,1,1,19,0,0.000,0
2.959667,1500.00,1500.66,1,1,20,0,0.000,0
2.960333,1500.00,1499.53,1,1,21,0,0.000,0
2.961000,1500.00,1500.38,1,1,22,0,0.000,0
2.961667,1500.00,1499.53,1,1,23,0,0.000,0
2.962333,1500.00,1499.81,1,1,24,0,0.000,0
2.963000,1500.00,1498.97,1,1,25,0,0.000,0
2.963667,1500.00,1500.66,1,1,26,0,0.000,0
2.964333,1500.00,1500.09,1,1,27,0,0.000,0
2.965000,1500.00,1499.53,1,1,28,0,0.000,0
2.965667,1500.00,1500.38,1,1,29,0,0.000,0
2.966333,1500.00,1499.25,1,1,30,0,0.000,0
2.967000,1500.00,1500.09,1,1,31,0,0.000,0
2.967667,1500.00,1500.94,1,1,32,0,0.000,0
2.968333,1500.00,1500.38,1,1,33,0,0.000,0
2.969000,1500.00,1499.25,1,1,34,0,0.000,0
2.969667,1500.00,1499.53,1,1,35,0,0.000,0
2.970333,1500.00,1500.66,1,1,36,0,0.000,0
2.971000,1500.00,1500.09,1,1,37,0,0.000,0
2.971667,1500.00,1500.38,1,1,38,0,0.000,0
2.972333,1500.00,1500.38,1,1,39,0,0.000,0
2.973000,1500.00,1499.25,1,1,40,0,0.000,0
2.973667,1500.00,1499.81,1,1,41,0,0.000,0
2.974333,1500.00,1500.38,1,1,42,0,0.000,0
2.975000,1500.00,1500.38,1,1,43,0,0.000,0
2.975667,1500.00,1499.25,1,1,44,0,0.000,0
2.976333,1500.00,1500.09,1,1,45,0,0.000,0
2.977000,1500.00,1499.81,1,1,46,0,0.000,0
2.977667,1500.00,1500.38,1,1,47,0,0.000,0
2.978333,1500.00,1499.81,1,1,48,0,0.000,0
2.979000,1500.00,1499.81,1,1,49,0,0.000,0
2.979667,1500.00,1499.81,1,1,50,0,0.000,0
2.980333,1500.00,1499.53,1,1,51,0,0.000,0
2.981000,1500.00,1500.09,1,1,52,0,0.000,0
2.981667,1500.00,1499.81,1,1,53,0,0.000,0
2.982333,1500.00,1500.09,1,1,54,0,0.000,0
2.983000,1500.00,1499.25,1,1,55,0,0.000,0
2.983667,1500.00,1500.09,1,1,56,0,0.000,0
2.984333,1500.00,1500.66,1,1,57,0,0.000,0
2.986333,1500.00,1499.93,1,1,0,1,0.000,0
2.987000,1500.00,1500.38,1,1,1,1,0.000,0
2.987667,1500.00,1500.15,1,1,2,1,0.000,0
2.988333,1500.00,1499.93,1,1,3,1,0.000,0
2.989000,1500.00,1499.93,1,1,4,1,0.000,0
2.989667,1500.00,1500.60,1,1,5,1,0.000,0
2.990333,1500.00,1499.70,1,1,6,1,0.000,0
2.991000,1500.00,1500.15,1,1,7,1,0.000,0
2.991667,1500.00,1500.94,1,1,8,1,0.000,0
2.992333,1500.00,1499.81,1,1,9,1,0.000,0
2.993000,1500.00,1499.25,1,1,10,1,0.000,0
2.993667,1500.00,1499.81,1,1,11,1,0.000,0
2.994333,1500.00,1499.81,1,1,12,1,0.000,0
2.995000,1500.00,1498.97,1,1,13,1,0.000,0
2.995667,1500.00,1500.66,1,1,14,1,0.000,0
2.996333,1500.00,1499.53,1,1,15,1,0.000,0
2.997000,1500.00,1498.97,1,1,16,1,0.000,0
2.997667,1500.00,1499.53,1,1,17,1,0.000,0
2.998333,1500.00,1500.09,1,1,18,1,0.000,0
2.999000,1500.00,1500.09,1,1,19,1,0.000,0
2.999667,1500.00,1500.38,1,1,20,1,0.000,0
3.000333,1500.00,1500.09,1,1,21,1,0.000,0
3.000333,1500.00,1500.09,1,1,21,1,0.000,1
3.001000,1500.00,1499.81,1,1,22,1,0.000,0
3.001667,1500.00,1499.25,1,1,23,1,0.000,0
3.002333,1500.00,1500.38,1,1,24,1,0.000,0
3.003000,1500.00,1500.66,1,1,25,1,0.000,0
3.003667,1500.00,1501.22,1,1,26,1,0.000,0
3.004333,1500.00,1499.53,1,1,27,1,0.000,0
3.005000,1500.00,1499.25,1,1,28,1,0.000,0
3.005667,1500.00,1499.81,1,1,29,1,0.000,0
3.006333,1500.00,1499.81,1,1,30,1,0.000,0
3.007000,1500.00,1500.66,1,1,31,1,0.000,0
3.007667,1500.00,1499.25,1,1,32,1,0.000,0
3.008333,1500.00,1499.25,1,1,33,1,0.000,0
3.009000,1500.00,1499.25,1,1,34,1,0.000,0
3.009667,1500.00,1500.38,1,1,35,1,0.000,0
3.010333,1500.00,1500.94,1,1,36,1,0.000,0
3.011000,1500.00,1500.09,1,1,37,1,0.000,0
3.011667,1500.00,1500.94,1,1,38,1,0.000,0
3.012333,1500.00,1499.81,1,1,39,1,0.000,0
3.013000,1500.00,1500.38,1,1,40,1,0.000,0
3.013667,1500.00,1501.22,1,1,41,1,0.000,0
3.014333,1500.00,1500.38,1,1,42,1,0.000,0
3.015000,1500.00,1499.53,1,1,43,1,0.000,0
3.015667,1500.00,1499.25,1,1,44,1,0.000,0
3.016333,1500.00,1500.09,1,1,45,1,0.000,0
3.017000,1500.00,1500.09,1,1,46,1,0.000,0
3.017667,1500.00,1500.66,1,1,47,1,0.000,0
3.018333,1500.00,1500.38,1,1,48,1,0.000,0
3.019000,1500.00,1498.97,1,1,49,1,0.000,0
3.019667,1500.00,1499.81,1,1,50,1,0.000,0
3.020333,1500.00,1500.66,1,1,51,1,0.000,0
3.021000,1500.00,1499.81,1,1,52,1,0.000,0
3.021667,1500.00,1500.09,1,1,53,1,0.000,0
3.022333,1500.00,1498.97,1,1,54,1,0.000,0
3.023000,1500.00,1498.97,1,1,55,1,0.000,0
3.023667,1500.00,1499.25,1,1,56,1,0.000,0
3.024333,1500.00,1500.09,1,1,57,1,0.000,0
3.026333,1500.00,1499.70,1,1,0,0,0.000,0
3.027000,1500.00,1500.38,1,1,1,0,0.000,0
3.027667,1500.00,1500.15,1,1,2,0,0.000,0
3.028333,1500.00,1500.15,1,1,3,0,0.000,0
3.029000,1500.00,1499.93,1,1,4,0,0.000,0
3.029667,1500.00,1500.38,1,1,5,0,0.000,0
3.030333,1500.00,1500.15,1,1,6,0,0.000,0
3.031000,1500.00,1500.38,1,1,7,0,0.000,0
3.031667,1500.00,1499.25,1,1,8,0,0.000,0
3.032333,1500.00,1500.38,1,1,9,0,0.000,0
3.033000,1500.00,1500.38,1,1,10,0,0.000,0
3.033667,1500.00,1499.81,1,1,11,0,0.000,0
3.034333,1500.00,1500.66,1,1,12,0,0.000,0
3.035000,1500.00,1500.38,1,1,13,0,0.000,0
3.035667,1500.00,1500.38,1,1,14,0,0.000,0
3.036333,1500.00,1499.81,1,1,15,0,0.000,0
3.037000,1500.00,1501.22,1,1,16,0,0.000,0
3.037667,1500.00,1498.97,1,1,17,0,0.000,0
3.038333,1500.00,1499.81,1,1,18,0,0.000,0
3.039000,1500.00,1500.09,1,1,19,0,0.000,0
3.039667,1500.00,1499.81,1,1,20,0,0.000,0
3.040333,1500.00,1500.09,1,1,21,0,0.000,0
3.041000,1500.00,1499.53,1,1,22,0,0.000,0
3.041667,1500.00,1499.81,1,1,23,0,0.000,0
3.042333,1500.00,1500.66,1,1,24,0,0.000,0
3.043000,1500.00,1500.66,1,1,25,0,0.000,0
3.043667,1500.00,1500.09,1,1,26,0,0.000,0
3.044333,1500.00,1499.81,1,1,27,0,0.000,0
3.045000,1500.00,1499.81,1,1,28,0,0.000,0
3.045667,1500.00,1499.53,1,1,29,0,0.000,0
3.046333,1500.00,1500.38,1,1,30,0,0.000,0
3.047000,1500.00,1500.09,1,1,31,0,0.000,0
3.047667,1500.00,1499.25,1,1,32,0,0.000,0
3.048333,1500.00,1498.97,1,1,33,0,0.000,0
3.049000,1500.00,1499.81,1,1,34,0,0.000,0
3.049667,1500.00,1499.81,1,1,35,0,0.000,0
3.050333,1500.00,1499.81,1,1,36,0,0.000,0
3.051000,1500.00,1499.81,1,1,37,0,0.000,0
3.051667,1500.00,1499.53,1,1,38,0,0.000,0
3.052333,1500.00,1500.09,1,1,39,0,0.000,0
3.053000,1500.00,1500.38,1,1,40,0,0.000,0
3.053667,1500.00,1500.66,1,1,41,0,0.000,0
3.054333,1500.00,1500.94,1,1,42,0,0.000,0
3.055000,1500.00,1500.66,1,1,43,0,0.000,0
3.055667,1500.00,1500.38,1,1,44,0,0.000,0
3.056333,1500.00,1500.66,1,1,45,0,0.000,0
3.057000,1500.00,1500.38,1,1,46,0,0.000,0
3.057667,1500.00,1500.09,1,1,47,0,0.000,0
3.058333,1500.00,1499.81,1,1,48,0,0.000,0
3.059000,1500.00,1499.81,1,1,49,0,0.000,0
3.059667,1500.00,1499.53,1,1,50,0,0.000,0
3.060333,1500.00,1499.53,1,1,51,0,0.000,0
3.061000,1500.00,1500.94,1,1,52,0,0.000,0
3.061667,1500.00,1499.25,1,1,53,0,0.000,0
3.062333,1500.00,1499.81,1,1,54,0,0.000,0
3.063000,1500.00,1499.25,1,1,55,0,0.000,0
3.063667,1500.00,1499.53,1,1,56,0,0.000,0
3.064333,1500.00,1500.09,1,1,57,0,0.000,0
3.066333,1500.00,1499.70,1,1,0,1,0.000,0
3.067000,1500.00,1499.48,1,1,1,1,0.000,0
3.067667,1500.00,1499.25,1,1,2,1,0.000,0
3.068333,1500.00,1499.93,1,1,3,1,0.000,0
3.069000,1500.00,1500.15,1,1,4,1,0.000,0
3.069667,1500.00,1501.05,1,1,5,1,0.000,0
3.070333,1500.00,1499.93,1,1,6,1,0.000,0
3.071000,1500.00,1500.60,1,1,7,1,0.000,0
3.071667,1500.00,1500.09,1,1,8,1,0.000,0
3.072333,1500.00,1500.94,1,1,9,1,0.000,0
3.073000,1500.00,1500.38,1,1,10,1,0.000,0
3.073667,1500.00,1500.38,1,1,11,1,0.000,0
3.074333,1500.00,1499.81,1,1,12,1,0.000,0
3.075000,1500.00,1499.25,1,1,13,1,0.000,0
3.075667,1500.00,1499.53,1,1,14,1,0.000,0
3.076333,1500.00,1499.53,1,1,15,1,0.000,0
3.077000,1500.00,1499.81,1,1,16,1,0.000,0
3.077667,1500.00,1500.38,1,1,17,1,0.000,0
3.078333,1500.00,1499.81,1,1,18,1,0.000,0
3.079000,1500.00,1500.09,1,1,19,1,0.000,0
3.079667,1500.00,1500.38,1,1,20,1,0.000,0
3.080333,1500.00,1500.66,1,1,21,1,0.000,0
3.081000,1500.00,1500.94,1,1,22,1,0.000,0
3.081667,1500.00,1500.38,1,1,23,1,0.000,0
3.082333,1500.00,1500.38,1,1,24,1,0.000,0
3.083000,1500.00,1498.97,1,1,25,1,0.000,0
3.083667,1500.00,1499.81,1,1,26,1,0.000,0
3.084333,1500.00,1499.81,1,1,27,1,0.000,0
3.085000,1500.00,1500.09,1,1,28,1,0.000,0
3.085667,1500.00,1499.53,1,1,29,1,0.000,0
3.086333,1500.00,1500.09,1,1,30,1,0.000,0
3.087000,1500.00,1500.09,1,1,31,1,0.000,0
3.087667,1500.00,1500.09,1,1,32,1,0.000,0
3.088333,1500.00,1500.09,1,1,33,1,0.000,0
3.089000,1500.00,1499.25,1,1,34,1,0.000,0
3.089667,1500.00,1500.66,1,1,35,1,0.000,0
3.090333,1500.00,1499.81,1,1,36,1,0.000,0
3.091000,1500.00,1499.81,1,1,37,1,0.000,0
3.091667,1500.00,1499.81,1,1,38,1,0.000,0
3.092333,1500.00,1499.53,1,1,39,1,0.000,0
3.093000,1500.00,1499.81,1,1,40,1,0.000,0
3.093667,1500.00,1499.81,1,1,41,1,0.000,0
3.094333,1500.00,1500.94,1,1,42,1,0.000,0
3.095000,1500.00,1499.25,1,1,43,1,0.000,0
3.095667,1500.00,1500.09,1,1,44,1,0.000,0
3.096333,1500.00,1499.81,1,1,45,1,0.000,0
3.097000,1500.00,1499.53,1,1,46,1,0.000,0
3.097667,1500.00,1499.25,1,1,47,1,0.000,0
3.098333,1500.00,1500.38,1,1,48,1,0.000,0
3.099000,1500.00,1500.09,1,1,49,1,0.000,0
3.099667,1500.00,1500.66,1,1,50,1,0.000,0
3.100333,1500.00,1499.53,1,1,51,1,0.000,0
3.101000,1500.00,1499.25,1,1,52,1,0.000,0
3.101667,1500.00,1499.81,1,1,53,1,0.000,0
3.102333,1500.00,1500.66,1,1,54,1,0.000,0
3.103000,1500.00,1500.66,1,1,55,1,0.000,0
3.103667,1500.00,1499.25,1,1,56,1,0.000,0
3.104333,1500.00,1500.38,1,1,57,1,0.000,0
3.106333,1500.00,1499.03,1,1,0,0,0.000,0
3.107000,1500.00,1500.38,1,1,1,0,0.000,0
3.107667,1500.00,1500.15,1,1,2,0,0.000,0
3.108333,1500.00,1500.38,1,1,3,0,0.000,0
3.109000,1500.00,1499.93,1,1,4,0,0.000,0
3.109667,1500.00,1499.93,1,1,5,0,0.000,0
3.110333,1500.00,1499.93,1,1,6,0,0.000,0
3.111000,1500.00,1499.70,1,1,7,0,0.000,0
3.111667,1500.00,1500.09,1,1,8,0,0.000,0
3.112333,1500.00,1500.38,1,1,9,0,0.000,0
3.113000,1500.00,1500.38,1,1,10,0,0.000,0
3.113667,1500.00,1499.53,1,1,11,0,0.000,0
3.114333,1500.00,1500.09,1,1,12,0,0.000,0
3.115000,1500.00,1499.81,1,1,13,0,0.000,0
3.115667,1500.00,1500.94,1,1,14,0,0.000,0
3.116333,1500.00,1500.66,1,1,15,0,0.000,0
3.117000,1500.00,1500.66,1,1,16,0,0.000,0
3.117667,1500.00,1500.38,1,1,17,0,0.000,0
3.118333,1500.00,1500.38,1,1,18,0,0.000,0
3.119000,1500.00,1500.66,1,1,19,0,0.000,0
3.119667,1500.00,1499.25,1,1,20,0,0.000,0
3.120333,1500.00,1500.94,1,1,21,0,0.000,0
3.121000,1500.00,1499.25,1,1,22,0,0.000,0
3.121667,1500.00,1500.38,1,1,23,0,0.000,0
3.122333,1500.00,1500.09,1,1,24,0,0.000,0
3.123000,1500.00,1499.81,1,1,25,0,0.000,0
3.123667,1500.00,1499.53,1,1,26,0,0.000,0
3.124333,1500.00,1500.09,1,1,27,0,0.000,0
3.125000,1500.00,1500.38,1,1,28,0,0.000,0
3.125667,1500.00,1499.53,1,1,29,0,0.000,0
3.126333,1500.00,1500.09,1,1,30,0,0.000,0
3.127000,1500.00,1499.53,1,1,31,0,0.000,0
3.127667,1500.00,1499.25,1,1,32,0,0.000,0
3.128333,1500.00,1499.53,1,1,33,0,0.000,0
3.129000,1500.00,1499.81,1,1,34,0,0.000,0
3.129667,1500.00,1500.09,1,1,35,0,0.000,0
3.130333,1500.00,1500.09,1,1,36,0,0.000,0
3.131000,1500.00,1500.09,1,1,37,0,0.000,0
3.131667,1500.00,1499.53,1,1,38,0,0.000,0
3.132333,1500.00,1500.09,1,1,39,0,0.000,0
3.133000,1500.00,1500.09,1,1,40,0,0.000,0
3.133667,1500.00,1500.09,1,1,41,0,0.000,0
3.134333,1500.00,1500.38,1,1,42,0,0.000,0
3.135000,1500.00,1499.81,1,1,43,0,0.000,0
3.135667,1500.00,1500.09,1,1,44,0,0.000,0
3.136333,1500.00,1499.81,1,1,45,0,0.000,0
3.137000,1500.00,1500.09,1,1,46,0,0.000,0
3.137667,1500.00,1500.94,1,1,47,0,0.000,0
3.138333,1500.00,1500.38,1,1,48,0,0.000,0
3.139000,1500.00,1498.97,1,1,49,0,0.000,0
3.139667,1500.00,1499.53,1,1,50,0,0.000,0
3.140333,1500.00,1500.09,1,1,51,0,0.000,0
3.141000,1500.00,1499.81,1,1,52,0,0.000,0
3.141667,1500.00,1500.09,1,1,53,0,0.000,0
3.142333,1500.00,1500.38,1,1,54,0,0.000,0
3.143000,1500.00,1498.97,1,1,55,0,0.000,0
3.143667,1500.00,1499.53,1,1,56,0,0.000,0
3.144333,1500.00,1501.22,1,1,57,0,0.000,0
3.146333,1500.00,1500.83,1,1,0,1,0.000,0
3.147000,1500.00,1499.70,1,1,1,1,0.000,0
3.147667,1500.00,1499.93,1,1,2,1,0.000,0
3.148333,1500.00,1499.70,1,1,3,1,0.000,0
3.149000,1500.00,1500.15,1,1,4,1,0.000,0
3.149667,1500.00,1499.70,1,1,5,1,0.000,0
3.150333,1500.00,1499.93,1,1,6,1,0.000,0
3.151000,1500.00,1500.15,1,1,7,1,0.000,0
3.151667,1500.00,1498.97,1,1,8,1,0.000,0
3.152333,1500.00,1500.09,1,1,9,1,0.000,0
3.153000,1500.00,1500.94,1,1,10,1,0.000,0
3.153667,1500.00,1500.38,1,1,11,1,0.000,0
3.154333,1500.00,1499.53,1,1,12,1,0.000,0
3.155000,1500.00,1500.66,1,1,13,1,0.000,0
3.155667,1500.00,1500.38,1,1,14,1,0.000,0
3.156333,1500.00,1500.09,1,1,15,1,0.000,0
3.157000,1500.00,1499.81,1,1,16,1,0.000,0
3.157667,1500.00,1499.53,1,1,17,1,0.000,0
3.158333,1500.00,1498.97,1,1,18,1,0.000,0
3.159000,1500.00,1499.81,1,1,19,1,0.000,0
3.159667,1500.00,1500.66,1,1,20,1,0.000,0
3.160333,1500.00,1498.97,1,1,21,1,0.000,0
3.161000,1500.00,1500.09,1,1,22,1,0.000,0
3.161667,1500.00,1500.09,1,1,23,1,0.000,0
3.162333,1500.00,1500.94,1,1,24,1,0.000,0
3.163000,1500.00,1500.09,1,1,25,1,0.000,0
3.163667,1500.00,1499.81,1,1,26,1,0.000,0
3.164333,1500.00,1498.97,1,1,27,1,0.000,0
3.165000,1500.00,1500.38,1,1,28,1,0.000,0
3.165667,1500.00,1500.66,1,1,29,1,0.000,0
3.166333,1500.00,1500.38,1,1,30,1,0.000,0
3.167000,1500.00,1499.53,1,1,31,1,0.000,0
3.167667,1500.00,1500.09,1,1,32,1,0.000,0
3.168333,1500.00,1499.81,1,1,33,1,0.000,0
3.169000,1500.00,1499.81,1,1,34,1,0.000,0
3.169667,1500.00,1501.50,1,1,35,1,0.000,0
3.170333,1500.00,1499.53,1,1,36,1,0.000,0
3.171000,1500.00,1500.94,1,1,37,1,0.000,0
3.171667,1500.00,1500.09,1,1,38,1,0.000,0
3.172333,1500.00,1499.53,1,1,39,1,0.000,0
3.173000,1500.00,1499.81,1,1,40,1,0.000,0
3.173667,1500.00,1500.09,1,1,41,1,0.000,0
3.174333,1500.00,1499.81,1,1,42,1,0.000,0
3.175000,1500.00,1499.25,1,1,43,1,0.000,0
3.175667,1500.00,1499.53,1,1,44,1,0.000,0
3.176333,1500.00,1499.81,1,1,45,1,0.000,0
3.177000,1500.00,1499.81,1,1,46,1,0.000,0
3.177667,1500.00,1500.94,1,1,47,1,0.000,0
3.178333,1500.00,1499.81,1,1,48,1,0.000,0
3.179000,1500.00,1500.94,1,1,49,1,0.000,0
3.179667,1500.00,1500.38,1,1,50,1,0.000,0
3.180333,1500.00,1500.09,1,1,51,1,0.000,0
3.181000,1500.00,1500.66,1,1,52,1,0.000,0
3.181667,1500.00,1499.81,1,1,53,1,0.000,0
3.182333,1500.00,1499.53,1,1,54,1,0.000,0
3.183000,1500.00,1499.25,1,1,55,1,0.000,0
3.183667,1500.00,1500.09,1,1,56,1,0.000,0
3.184333,1500.00,1498.97,1,1,57,1,0.000,0
3.186333,1500.00,1499.93,1,1,0,0,0.000,0
3.187000,1500.00,1499.93,1,1,1,0,0.000,0
3.187667,1500.00,1499.70,1,1,2,0,0.000,0
3.188333,1500.00,1499.25,1,1,3,0,0.000,0
3.189000,1500.00,1499.93,1,1,4,0,0.000,0
3.189667,1500.00,1500.60,1,1,5,0,0.000,0
3.190333,1500.00,1499.70,1,1,6,0,0.000,0
3.191000,1500.00,1500.60,1,1,7,0,0.000,0
3.191667,1500.00,1500.09,1,1,8,0,0.000,0
3.192333,1500.00,1500.09,1,1,9,0,0.000,0
3.193000,1500.00,1499.81,1,1,10,0,0.000,0
3.193667,1500.00,1500.38,1,1,11,0,0.000,0
3.194333,1500.00,1500.09,1,1,12,0,0.000,0
3.195000,1500.00,1499.53,1,1,13,0,0.000,0
3.195667,1500.00,1500.09,1,1,14,0,0.000,0
3.196333,1500.00,1499.53,1,1,15,0,0.000,0
3.197000,1500.00,1500.66,1,1,16,0,0.000,0
3.197667,1500.00,1500.09,1,1,17,0,0.000,0
3.198333,1500.00,1500.38,1,1,18,0,0.000,0
3.199000,1500.00,1500.38,1,1,19,0,0.000,0
3.199667,1500.00,1500.38,1,1,20,0,0.000,0
3.200333,1500.00,1499.81,1,1,21,0,0.000,0
3.201000,1500.00,1499.53,1,1,22,0,0.000,0
3.201667,1500.00,1500.38,1,1,23,0,0.000,0
3.202333,1500.00,1499.25,1,1,24,0,0.000,0
3.203000,1500.00,1500.38,1,1,25,0,0.000,0
3.203667,1500.00,1500.09,1,1,26,0,0.000,0
3.204333,1500.00,1500.09,1,1,27,0,0.000,0
3.205000,1500.00,1499.53,1,1,28,0,0.000,0
3.205667,1500.00,1500.09,1,1,29,0,0.000,0
3.206333,1500.00,1500.66,1,1,30,0,0.000,0
3.207000,1500.00,1500.09,1,1,31,0,0.000,0
3.207667,1500.00,1499.81,1,1,32,0,0.000,0
3.208333,1500.00,1499.25,1,1,33,0,0.000,0
3.209000,1500.00,1500.09,1,1,34,0,0.000,0
3.209667,1500.00,1499.53,1,1,35,0,0.000,0
3.210333,1500.00,1500.38,1,1,36,0,0.000,0
3.211000,1500.00,1499.81,1,1,37,0,0.000,0
3.211667,1500.00,1499.25,1,1,38,0,0.000,0
3.212333,1500.00,1499.81,1,1,39,0,0.000,0
3.213000,1500.00,1501.50,1,1,40,0,0.000,0
3.213667,1500.00,1499.81,1,1,41,0,0.000,0
3.214333,1500.00,1500.09,1,1,42,0,0.000,0
3.215000,1500.00,1500.38,1,1,43,0,0.000,0
3.215667,1500.00,1499.81,1,1,44,0,0.000,0
3.216333,1500.00,1500.66,1,1,45,0,0.000,0
3.217000,1500.00,1500.38,1,1,46,0,0.000,0
3.217667,1500.00,1498.97,1,1,47,0,0.000,0
3.218333,1500.00,1499.53,1,1,48,0,0.000,0
3.219000,1500.00,1501.22,1,1,49,0,0.000,0
3.219667,1500.00,1499.25,1,1,50,0,0.000,0
3.220333,1500.00,1499.53,1,1,51,0,0.000,0
3.221000,1500.00,1499.81,1,1,52,0,0.000,0
3.221667,1500.00,1500.09,1,1,53,0,0.000,0
3.222333,1500.00,1500.38,1,1,54,0,0.000,0
3.223000,1500.00,1500.66,1,1,55,0,0.000,0
3.223667,1500.00,1499.81,1,1,56,0,0.000,0
3.224333,1500.00,1499.53,1,1,57,0,0.000,0
3.226333,1500.00,1500.60,1,1,0,1,0.000,0
3.227000,1500.00,1500.15,1,1,1,1,0.000,0
3.227667,1500.00,1500.38,1,1,2,1,0.000,0
3.228333,1500.00,1499.70,1,1,3,1,0.000,0
3.229000,1500.00,1499.03,1,1,4,1,0.000,0
3.229667,1500.00,1499.93,1,1,5,1,0.000,0
3.230333,1500.00,1499.48,1,1,6,1,0.000,0
3.231000,1500.00,1500.38,1,1,7,1,0.000,0
3.231667,1500.00,1499.53,1,1,8,1,0.000,0
3.232333,1500.00,1500.38,1,1,9,1,0.000,0
3.233000,1500.00,1500.38,1,1,10,1,0.000,0
3.233667,1500.00,1500.09,1,1,11,1,0.000,0
3.234333,1500.00,1501.50,1,1,12,1,0.000,0
3.235000,1500.00,1500.38,1,1,13,1,0.000,0
3.235667,1500.00,1500.38,1,1,14,1,0.000,0
3.236333,1500.00,1499.25,1,1,15,1,0.000,0
3.237000,1500.00,1500.09,1,1,16,1,0.000,0
3.237667,1500.00,1498.97,1,1,17,1,0.000,0
3.238333,1500.00,1500.09,1,1,18,1,0.000,0
3.239000,1500.00,1499.53,1,1,19,1,0.000,0
3.239667,1500.00,1499.81,1,1,20,1,0.000,0
3.240333,1500.00,1500.09,1,1,21,1,0.000,0
3.241000,1500.00,1500.38,1,1,22,1,0.000,0
3.241667,1500.00,1500.94,1,1,23,1,0.000,0
3.242333,1500.00,1500.38,1,1,24,1,0.000,0
3.243000,1500.00,1500.09,1,1,25,1,0.000,0
3.243667,1500.00,1498.97,1,1,26,1,0.000,0
3.244333,1500.00,1500.09,1,1,27,1,0.000,0
3.245000,1500.00,1500.09,1,1,28,1,0.000,0
3.245667,1500.00,1499.53,1,1,29,1,0.000,0
3.246333,1500.00,1500.09,1,1,30,1,0.000,0
3.247000,1500.00,1499.53,1,1,31,1,0.000,0
3.247667,1500.00,1499.25,1,1,32,1,0.000,0
3.248333,1500.00,1500.94,1,1,33,1,0.000,0
3.249000,1500.00,1500.38,1,1,34,1,0.000,0
3.249667,1500.00,1499.81,1,1,35,1,0.000,0
3.250333,1500.00,1498.69,1,1,36,1,0.000,0
3.251000,1500.00,1500.38,1,1,37,1,0.000,0
3.251667,1500.00,1499.25,1,1,38,1,0.000,0
3.252333,1500.00,1499.81,1,1,39,1,0.000,0
3.253000,1500.00,1500.38,1,1,40,1,0.000,0
3.253667,1500.00,1499.53,1,1,41,1,0.000,0
3.254333,1500.00,1499.53,1,1,42,1,0.000,0
3.255000,1500.00,1500.09,1,1,43,1,0.000,0
3.255667,1500.00,1500.66,1,1,44,1,0.000,0
3.256333,1500.00,1500.09,1,1,45,1,0.000,0
3.257000,1500.00,1500.38,1,1,46,1,0.000,0
3.257667,1500.00,1499.81,1,1,47,1,0.000,0
3.258333,1500.00,1500.09,1,1,48,1,0.000,0
3.259000,1500.00,1499.53,1,1,49,1,0.000,0
3.259667,1500.00,1500.94,1,1,50,1,0.000,0
3.260333,1500.00,1500.09,1,1,51,1,0.000,0
3.261000,1500.00,1500.09,1,1,52,1,0.000,0
3.261667,1500.00,1499.53,1,1,53,1,0.000,0
3.262333,1500.00,1499.81,1,1,54,1,0.000,0
3.263000,1500.00,1500.09,1,1,55,1,0.000,0
3.263667,1500.00,1499.53,1,1,56,1,0.000,0
3.264333,1500.00,1500.94,1,1,57,1,0.000,0
3.266333,1500.00,1499.48,1,1,0,0,0.000,0
3.267000,1500.00,1500.15,1,1,1,0,0.000,0
3.267667,1500.00,1500.15,1,1,2,0,0.000,0
3.268333,1500.00,1499.93,1,1,3,0,0.000,0
3.269000,1500.00,1500.83,1,1,4,0,0.000,0
3.269667,1500.00,1500.15,1,1,5,0,0.000,0
3.270333,1500.00,1500.38,1,1,6,0,0.000,0
3.271000,1500.00,1499.70,1,1,7,0,0.000,0
3.271667,1500.00,1500.38,1,1,8,0,0.000,0
3.272333,1500.00,1499.81,1,1,9,0,0.000,0
3.273000,1500.00,1500.09,1,1,10,0,0.000,0
3.273667,1500.00,1500.09,1,1,11,0,0.000,0
3.274333,1500.00,1499.53,1,1,12,0,0.000,0
3.275000,1500.00,1499.81,1,1,13,0,0.000,0
3.275667,1500.00,1500.09,1,1,14,0,0.000,0
3.276333,1500.00,1500.38,1,1,15,0,0.000,0
3.277000,1500.00,1499.81,1,1,16,0,0.000,0
3.277667,1500.00,1500.38,1,1,17,0,0.000,0
3.278333,1500.00,1500.66,1,1,18,0,0.000,0
3.279000,1500.00,1500.66,1,1,19,0,0.000,0
3.279667,1500.00,1499.25,1,1,20,0,0.000,0
3.280333,1500.00,1500.38,1,1,21,0,0.000,0
3.281000,1500.00,1499.81,1,1,22,0,0.000,0
3.281667,1500.00,1499.81,1,1,23,0,0.000,0
3.282333,1500.00,1499.81,1,1,24,0,0.000,0
3.283000,1500.00,1499.81,1,1,25,0,0.000,0
3.283667,1500.00,1498.97,1,1,26,0,0.000,0
3.284333,1500.00,1499.53,1,1,27,0,0.000,0
3.285000,1500.00,1500.66,1,1,28,0,0.000,0
3.285667,1500.00,1498.69,1,1,29,0,0.000,0
3.286333,1500.00,1499.81,1,1,30,0,0.000,0
3.287000,1500.00,1500.09,1,1,31,0,0.000,0
3.287667,1500.00,1500.38,1,1,32,0,0.000,0
3.288333,1500.00,1500.38,1,1,33,0,0.000,0
3.289000,1500.00,1500.09,1,1,34,0,0.000,0
3.289667,1500.00,1500.09,1,1,35,0,0.000,0
3.290333,1500.00,1499.81,1,1,36,0,0.000,0
3.291000,1500.00,1500.94,1,1,37,0,0.000,0
3.291667,1500.00,1500.38,1,1,38,0,0.000,0
3.292333,1500.00,1499.25,1,1,39,0,0.000,0
3.293000,1500.00,1499.81,1,1,40,0,0.000,0
3.293667,1500.00,1499.53,1,1,41,0,0.000,0
3.294333,1500.00,1500.09,1,1,42,0,0.000,0
3.295000,1500.00,1499.81,1,1,43,0,0.000,0
3.295667,1500.00,1500.09,1,1,44,0,0.000,0
3.296333,1500.00,1500.09,1,1,45,0,0.000,0
3.297000,1500.00,1499.81,1,1,46,0,0.000,0
3.297667,1500.00,1500.38,1,1,47,0,0.000,0
3.298333,1500.00,1500.38,1,1,48,0,0.000,0
3.299000,1500.00,1500.09,1,1,49,0,0.000,0
3.299667,1500.00,1500.66,1,1,50,0,0.000,0
3.300333,1500.00,1500.38,1,1,51,0,0.000,0
3.301000,1500.00,1500.38,1,1,52,0,0.000,0
3.301667,1500.00,1499.81,1,1,53,0,0.000,0
3.302333,1500.00,1500.66,1,1,54,0,0.000,0
3.303000,1500.00,1500.38,1,1,55,0,0.000,0
3.303667,1500.00,1498.97,1,1,56,0,0.000,0
3.304333,1500.00,1499.81,1,1,57,0,0.000,0
3.306333,1500.00,1499.48,1,1,0,1,0.000,0
3.307000,1500.00,1500.38,1,1,1,1,0.000,0
3.307667,1500.00,1499.93,1,1,2,1,0.000,0
3.308333,1500.00,1500.15,1,1,3,1,0.000,0
3.309000,1500.00,1499.48,1,1,4,1,0.000,0
3.309667,1500.00,1499.93,1,1,5,1,0.000,0
3.310333,1500.00,1500.60,1,1,6,1,0.000,0
3.311000,1500.00,1500.15,1,1,7,1,0.000,0
3.311667,1500.00,1500.94,1,1,8,1,0.000,0
3.312333,1500.00,1498.69,1,1,9,1,0.000,0
3.313000,1500.00,1499.53,1,1,10,1,0.000,0
3.313667,1500.00,1500.38,1,1,11,1,0.000,0
3.314333,1500.00,1499.81,1,1,12,1,0.000,0
3.315000,1500.00,1499.53,1,1,13,1,0.000,0
3.315667,1500.00,1499.81,1,1,14,1,0.000,0
3.316333,1500.00,1499.53,1,1,15,1,0.000,0
3.317000,1500.00,1499.53,1,1,16,1,0.000,0
3.317667,1500.00,1500.94,1,1,17,1,0.000,0
3.318333,1500.00,1499.25,1,1,18,1,0.000,0
3.319000,1500.00,1499.25,1,1,19,1,0.000,0
3.319667,1500.00,1500.09,1,1,20,1,0.000,0
3.320333,1500.00,1499.81,1,1,21,1,0.000,0
3.321000,1500.00,1500.38,1,1,22,1,0.000,0
3.321667,1500.00,1500.66,1,1,23,1,0.000,0
3.322333,1500.00,1499.25,1,1,24,1,0.000,0
3.323000,1500.00,1500.09,1,1,25,1,0.000,0
3.323667,1500.00,1500.66,1,1,26,1,0.000,0
3.324333,1500.00,1500.09,1,1,27,1,0.000,0
3.325000,1500.00,1500.09,1,1,28,1,0.000,0
3.325667,1500.00,1500.66,1,1,29,1,0.000,0
3.326333,1500.00,1499.81,1,1,30,1,0.000,0
3.327000,1500.00,1499.81,1,1,31,1,0.000,0
3.327667,1500.00,1500.38,1,1,32,1,0.000,0
3.328333,1500.00,1499.53,1,1,33,1,0.000,0
3.329000,1500.00,1500.66,1,1,34,1,0.000,0
3.329667,1500.00,1499.81,1,1,35,1,0.000,0
3.330333,1500.00,1499.25,1,1,36,1,0.000,0
3.331000,1500.00,1500.09,1,1,37,1,0.000,0
3.331667,1500.00,1499.81,1,1,38,1,0.000,0
3.332333,1500.00,1500.38,1,1,39,1,0.000,0
3.333000,1500.00,1500.09,1,1,40,1,0.000,0
3.333667,1500.00,1500.09,1,1,41,1,0.000,0
3.334333,1500.00,1500.09,1,1,42,1,0.000,0
3.335000,1500.00,1500.09,1,1,43,1,0.000,0
3.335667,1500.00,1501.50,1,1,44,1,0.000,0
3.336333,1500.00,1499.25,1,1,45,1,0.000,0
3.337000,1500.00,1499.81,1,1,46,1,0.000,0
3.337667,1500.00,1499.25,1,1,47,1,0.000,0
3.338333,1500.00,1499.25,1,1,48,1,0.000,0
3.339000,1500.00,1500.66,1,1,49,1,0.000,0
3.339667,1500.00,1498.69,1,1,50,1,0.000,0
3.340333,1500.00,1500.38,1,1,51,1,0.000,0
3.341000,1500.00,1498.13,1,1,52,1,0.000,0
3.341667,1500.00,1500.66,1,1,53,1,0.000,0
3.342333,1500.00,1500.09,1,1,54,1,0.000,0
3.343000,1500.00,1500.66,1,1,55,1,0.000,0
3.343667,1500.00,1500.09,1,1,56,1,0.000,0
3.344333,1500.00,1499.25,1,1,57,1,0.000,0
3.346333,1500.00,1500.15,1,1,0,0,0.000,0
3.347000,1500.00,1499.70,1,1,1,0,0.000,0
3.347667,1500.00,1500.60,1,1,2,0,0.000,0
3.348333,1500.00,1499.93,1,1,3,0,0.000,0
3.349000,1500.00,1500.38,1,1,4,0,0.000,0
3.349667,1500.00,1500.38,1,1,5,0,0.000,0
3.350333,1500.00,1500.83,1,1,6,0,0.000,0
3.351000,1500.00,1500.38,1,1,7,0,0.000,0
3.351667,1500.00,1500.94,1,1,8,0,0.000,0
3.352333,1500.00,1500.94,1,1,9,0,0.000,0
3.353000,1500.00,1500.66,1,1,10,0,0.000,0
3.353667,1500.00,1499.53,1,1,11,0,0.000,0
3.354333,1500.00,1499.81,1,1,12,0,0.000,0
3.355000,1500.00,1499.25,1,1,13,0,0.000,0
3.355667,1500.00,1499.53,1,1,14,0,0.000,0
3.356333,1500.00,1500.09,1,1,15,0,0.000,0
3.357000,1500.00,1499.81,1,1,16,0,0.000,0
3.357667,1500.00,1499.53,1,1,17,0,0.000,0
3.358333,1500.00,1500.09,1,1,18,0,0.000,0
3.359000,1500.00,1500.09,1,1,19,0,0.000,0
3.359667,1500.00,1499.81,1,1,20,0,0.000,0
3.360333,1500.00,1500.09,1,1,21,0,0.000,0
3.361000,1500.00,1500.09,1,1,22,0,0.000,0
3.361667,1500.00,1499.81,1,1,23,0,0.000,0
3.362333,1500.00,1498.97,1,1,24,0,0.000,0
3.363000,1500.00,1499.53,1,1,25,0,0.000,0
3.363667,1500.00,1499.25,1,1,26,0,0.000,0
3.364333,1500.00,1499.81,1,1,27,0,0.000,0
3.365000,1500.00,1499.81,1,1,28,0,0.000,0
3.365667,1500.00,1499.25,1,1,29,0,0.000,0
3.366333,1500.00,1500.38,1,1,30,0,0.000,0
3.367000,1500.00,1500.38,1,1,31,0,0.000,0
3.367667,1500.00,1501.22,1,1,32,0,0.000,0
3.368333,1500.00,1500.66,1,1,33,0,0.000,0
3.369000,1500.00,1500.38,1,1,34,0,0.000,0
3.369667,1500.00,1499.81,1,1,35,0,0.000,0
3.370333,1500.00,1500.38,1,1,36,0,0.000,0
3.371000,1500.00,1500.66,1,1,37,0,0.000,0
3.371667,1500.00,1499.81,1,1,38,0,0.000,0
3.372333,1500.00,1499.81,1,1,39,0,0.000,0
3.373000,1500.00,1499.53,1,1,40,0,0.000,0
3.373667,1500.00,1499.25,1,1,41,0,0.000,0
3.374333,1500.00,1500.09,1,1,42,0,0.000,0
3.375000,1500.00,1501.22,1,1,43,0,0.000,0
3.375667,1500.00,1499.81,1,1,44,0,0.000,0
3.376333,1500.00,1499.81,1,1,45,0,0.000,0
3.377000,1500.00,1500.09,1,1,46,0,0.000,0
3.377667,1500.00,1499.53,1,1,47,0,0.000,0
3.378333,1500.00,1499.81,1,1,48,0,0.000,0
3.379000,1500.00,1500.09,1,1,49,0,0.000,0
3.379667,1500.00,1499.53,1,1,50,0,0.000,0
3.380333,1500.00,1499.53,1,1,51,0,0.000,0
3.381000,1500.00,1500.38,1,1,52,0,0.000,0
3.381667,1500.00,1500.09,1,1,53,0,0.000,0
3.382333,1500.00,1498.97,1,1,54,0,0.000,0
3.383000,1500.00,1500.09,1,1,55,0,0.000,0
3.383667,1500.00,1500.09,1,1,56,0,0.000,0
3.384333,1500.00,1499.81,1,1,57,0,0.000,0
3.386333,1500.00,1500.38,1,1,0,1,0.000,0
3.387000,1500.00,1499.93,1,1,1,1,0.000,0
3.387667,1500.00,1499.93,1,1,2,1,0.000,0
3.388333,1500.00,1499.70,1,1,3,1,0.000,0
3.389000,1500.00,1500.60,1,1,4,1,0.000,0
3.389667,1500.00,1499.70,1,1,5,1,0.000,0
3.390333,1500.00,1500.15,1,1,6,1,0.000,0
3.391000,1500.00,1500.60,1,1,7,1,0.000,0
3.391667,1500.00,1499.81,1,1,8,1,0.000,0
3.392333,1500.00,1499.53,1,1,9,1,0.000,0
3.393000,1500.00,1499.25,1,1,10,1,0.000,0
3.393667,1500.00,1500.66,1,1,11,1,0.000,0
3.394333,1500.00,1500.09,1,1,12,1,0.000,0
3.395000,1500.00,1500.38,1,1,13,1,0.000,0
3.395667,1500.00,1499.53,1,1,14,1,0.000,0
3.396333,1500.00,1500.09,1,1,15,1,0.000,0
3.397000,1500.00,1500.66,1,1,16,1,0.000,0
3.397667,1500.00,1500.66,1,1,17,1,0.000,0
3.398333,1500.00,1500.38,1,1,18,1,0.000,0
3.399000,1500.00,1499.81,1,1,19,1,0.000,0
3.399667,1500.00,1499.81,1,1,20,1,0.000,0
3.400333,1500.00,1499.53,1,1,21,1,0.000,0
3.401000,1500.00,1499.81,1,1,22,1,0.000,0
3.401667,1500.00,1499.81,1,1,23,1,0.000,0
3.402333,1500.00,1499.53,1,1,24,1,0.000,0
3.403000,1500.00,1499.81,1,1,25,1,0.000,0
3.403667,1500.00,1500.66,1,1,26,1,0.000,0
3.404333,1500.00,1499.81,1,1,27,1,0.000,0
3.405000,1500.00,1500.38,1,1,28,1,0.000,0
3.405667,1500.00,1499.53,1,1,29,1,0.000,0
3.406333,1500.00,1500.66,1,1,30,1,0.000,0
3.407000,1500.00,1498.97,1,1,31,1,0.000,0
3.407667,1500.00,1500.09,1,1,32,1,0.000,0
3.408333,1500.00,1499.53,1,1,33,1,0.000,0
3.409000,1500.00,1500.66,1,1,34,1,0.000,0
3.409667,1500.00,1500.09,1,1,35,1,0.000,0
3.410333,1500.00,1500.09,1,1,36,1,0.000,0
3.411000,1500.00,1500.94,1,1,37,1,0.000,0
3.411667,1500.00,1499.53,1,1,38,1,0.000,0
3.412333,1500.00,1500.66,1,1,39,1,0.000,0
3.413000,1500.00,1499.53,1,1,40,1,0.000,0
3.413667,1500.00,1500.94,1,1,41,1,0.000,0
3.414333,1500.00,1499.25,1,1,42,1,0.000,0
3.415000,1500.00,1499.81,1,1,43,1,0.000,0
3.415667,1500.00,1499.81,1,1,44,1,0.000,0
3.416333,1500.00,1499.81,1,1,45,1,0.000,0
3.417000,1500.00,1500.09,1,1,46,1,0.000,0
3.417667,1500.00,1501.22,1,1,47,1,0.000,0
3.418333,1500.00,1500.38,1,1,48,1,0.000,0
3.419000,1500.00,1500.09,1,1,49,1,0.000,0
3.419667,1500.00,1499.25,1,1,50,1,0.000,0
3.420333,1500.00,1499.81,1,1,51,1,0.000,0
3.421000,1500.00,1498.97,1,1,52,1,0.000,0
3.421667,1500.00,1500.66,1,1,53,1,0.000,0
3.422333,1500.00,1500.38,1,1,54,1,0.000,0
3.423000,1500.00,1499.53,1,1,55,1,0.000,0
3.423667,1500.00,1500.38,1,1,56,1,0.000,0
3.424333,1500.00,1499.25,1,1,57,1,0.000,0
3.426333,1500.00,1500.15,1,1,0,0,0.000,0
3.427000,1500.00,1500.60,1,1,1,0,0.000,0
3.427667,1500.00,1500.83,1,1,2,0,0.000,0
3.428333,1500.00,1499.70,1,1,3,0,0.000,0
3.429000,1500.00,1499.93,1,1,4,0,0.000,0
3.429667,1500.00,1499.25,1,1,5,0,0.000,0
3.430333,1500.00,1500.15,1,1,6,0,0.000,0
3.431000,1500.00,1500.38,1,1,7,0,0.000,0
3.431667,1500.00,1500.09,1,1,8,0,0.000,0
3.432333,1500.00,1499.25,1,1,9,0,0.000,0
3.433000,1500.00,1499.81,1,1,10,0,0.000,0
3.433667,1500.00,1499.81,1,1,11,0,0.000,0
3.434333,1500.00,1499.81,1,1,12,0,0.000,0
3.435000,1500.00,1500.66,1,1,13,0,0.000,0
3.435667,1500.00,1499.53,1,1,14,0,0.000,0
3.436333,1500.00,1499.81,1,1,15,0,0.000,0
3.437000,1500.00,1500.09,1,1,16,0,0.000,0
3.437667,1500.00,1500.09,1,1,17,0,0.000,0
3.438333,1500.00,1500.09,1,1,18,0,0.000,0
3.439000,1500.00,1500.09,1,1,19,0,0.000,0
3.439667,1500.00,1500.09,1,1,20,0,0.000,0
3.440333,1500.00,1500.09,1,1,21,0,0.000,0
3.441000,1500.00,1499.81,1,1,22,0,0.000,0
3.441667,1500.00,1500.38,1,1,23,0,0.000,0
3.442333,1500.00,1499.81,1,1,24,0,0.000,0
3.443000,1500.00,1500.66,1,1,25,0,0.000,0
3.443667,1500.00,1500.38,1,1,26,0,0.000,0
3.444333,1500.00,1500.38,1,1,27,0,0.000,0
3.445000,1500.00,1500.09,1,1,28,0,0.000,0
3.445667,1500.00,1499.53,1,1,29,0,0.000,0
3.446333,1500.00,1500.38,1,1,30,0,0.000,0
3.447000,1500.00,1499.25,1,1,31,0,0.000,0
3.447667,1500.00,1500.38,1,1,32,0,0.000,0
3.448333,1500.00,1499.81,1,1,33,0,0.000,0
3.449000,1500.00,1499.53,1,1,34,0,0.000,0
3.449667,1500.00,1499.53,1,1,35,0,0.000,0
3.450333,1500.00,1500.38,1,1,36,0,0.000,0
3.451000,1500.00,1500.38,1,1,37,0,0.000,0
3.451667,1500.00,1500.09,1,1,38,0,0.000,0
3.452333,1500.00,1499.81,1,1,39,0,0.000,0
3.453000,1500.00,1499.81,1,1,40,0,0.000,0
3.453667,1500.00,1499.81,1,1,41,0,0.000,0
3.454333,1500.00,1500.38,1,1,42,0,0.000,0
3.455000,1500.00,1500.09,1,1,43,0,0.000,0
3.455667,1500.00,1499.81,1,1,44,0,0.000,0
3.456333,1500.00,1499.53,1,1,45,0,0.000,0
3.457000,1500.00,1499.53,1,1,46,0,0.000,0
3.457667,1500.00,1500.66,1,1,47,0,0.000,0
3.458333,1500.00,1499.81,1,1,48,0,0.000,0
3.459000,1500.00,1500.09,1,1,49,0,0.000,0
3.459667,1500.00,1499.81,1,1,50,0,0.000,0
3.460333,1500.00,1499.81,1,1,51,0,0.000,0
3.461000,1500.00,1499.53,1,1,52,0,0.000,0
3.461667,1500.00,1499.81,1,1,53,0,0.000,0
3.462333,1500.00,1499.25,1,1,54,0,0.000,0
3.463000,1500.00,1499.53,1,1,55,0,0.000,0
3.463667,1500.00,1499.53,1,1,56,0,0.000,0
3.464333,1500.00,1500.66,1,1,57,0,0.000,0
3.466333,1500.00,1499.48,1,1,0,1,0.000,0
3.467000,1500.00,1499.70,1,1,1,1,0.000,0
3.467667,1500.00,1499.93,1,1,2,1,0.000,0
3.468333,1500.00,1500.60,1,1,3,1,0.000,0
3.469000,1500.00,1500.60,1,1,4,1,0.000,0
3.469667,1500.00,1500.15,1,1,5,1,0.000,0
3.470333,1500.00,1500.60,1,1,6,1,0.000,0
3.471000,1500.00,1499.03,1,1,7,1,0.000,0
3.471667,1500.00,1500.94,1,1,8,1,0.000,0
3.472333,1500.00,1500.66,1,1,9,1,0.000,0
3.473000,1500.00,1499.81,1,1,10,1,0.000,0
3.473667,1500.00,1500.09,1,1,11,1,0.000,0
3.474333,1500.00,1500.09,1,1,12,1,0.000,0
3.475000,1500.00,1500.09,1,1,13,1,0.000,0
3.475667,1500.00,1500.38,1,1,14,1,0.000,0
3.476333,1500.00,1500.66,1,1,15,1,0.000,0
3.477000,1500.00,1499.53,1,1,16,1,0.000,0
3.477667,1500.00,1500.38,1,1,17,1,0.000,0
3.478333,1500.00,1500.38,1,1,18,1,0.000,0
3.479000,1500.00,1499.53,1,1,19,1,0.000,0
3.479667,1500.00,1499.81,1,1,20,1,0.000,0
3.480333,1500.00,1500.09,1,1,21,1,0.000,0
3.481000,1500.00,1499.25,1,1,22,1,0.000,0
3.481667,1500.00,1499.25,1,1,23,1,0.000,0
3.482333,1500.00,1500.38,1,1,24,1,0.000,0
3.483000,1500.00,1499.25,1,1,25,1,0.000,0
3.483667,1500.00,1499.81,1,1,26,1,0.000,0
3.484333,1500.00,1500.09,1,1,27,1,0.000,0
3.485000,1500.00,1499.81,1,1,28,1,0.000,0
3.485667,1500.00,1499.81,1,1,29,1,0.000,0
3.486333,1500.00,1499.81,1,1,30,1,0.000,0
3.487000,1500.00,1500.66,1,1,31,1,0.000,0
3.487667,1500.00,1500.09,1,1,32,1,0.000,0
3.488333,1500.00,1499.81,1,1,33,1,0.000,0
3.489000,1500.00,1500.09,1,1,34,1,0.000,0
3.489667,1500.00,1499.53,1,1,35,1,0.000,0
3.490333,1500.00,1500.38,1,1,36,1,0.000,0
3.491000,1500.00,1499.81,1,1,37,1,0.000,0
3.491667,1500.00,1500.38,1,1,38,1,0.000,0
3.492333,1500.00,1500.66,1,1,39,1,0.000,0
3.493000,1500.00,1499.25,1,1,40,1,0.000,0
3.493667,1500.00,1500.66,1,1,41,1,0.000,0
3.494333,1500.00,1500.94,1,1,42,1,0.000,0
3.495000,1500.00,1500.09,1,1,43,1,0.000,0
3.495667,1500.00,1500.66,1,1,44,1,0.000,0
3.496333,1500.00,1500.38,1,1,45,1,0.000,0
3.497000,1500.00,1499.81,1,1,46,1,0.000,0
3.497667,1500.00,1499.53,1,1,47,1,0.000,0
3.498333,1500.00,1500.09,1,1,48,1,0.000,0
3.499000,1500.00,1499.53,1,1,49,1,0.000,0
3.499667,1500.00,1500.09,1,1,50,1,0.000,0
3.500333,1500.00,1500.94,1,1,51,1,0.000,0
3.500333,1500.00,1547.69,1,1,52,1,0.000,1
3.501000,1500.00,1547.69,1,1,52,1,0.000,0
3.501667,1500.00,1500.38,1,1,53,1,0.000,0
3.502333,1500.00,1500.38,1,1,54,1,0.000,0
3.503000,1500.00,1498.69,1,1,55,1,0.000,0
3.503667,1500.00,1500.66,1,1,56,1,0.000,0
3.504333,1500.00,1500.38,1,1,57,1,0.000,0
3.506333,1500.00,1499.25,1,1,0,0,0.000,0
3.507000,1500.00,1499.03,1,1,1,0,0.000,0
3.507667,1500.00,1462.42,1,1,2,0,0.000,0
3.508333,1500.00,1498.80,1,1,3,0,0.000,0
3.509000,1500.00,1500.15,1,1,4,0,0.000,0
3.509667,1500.00,1500.60,1,1,5,0,0.000,0
3.510333,1500.00,1499.93,1,1,6,0,0.000,0
3.511000,1500.00,1499.93,1,1,7,0,0.000,0
3.511667,1500.00,1500.38,1,1,8,0,0.000,0
3.512333,1500.00,1500.94,1,1,9,0,0.000,0
3.513000,1500.00,1501.22,1,1,10,0,0.000,0
3.513667,1500.00,1501.22,1,1,11,0,0.000,0
3.514333,1500.00,1499.81,1,1,12,0,0.000,0
3.515000,1500.00,1500.09,1,1,13,0,0.000,0
3.515667,1500.00,1499.25,1,1,14,0,0.000,0
3.516333,1500.00,1499.81,1,1,15,0,0.000,0
3.517000,1500.00,1499.81,1,1,16,0,0.000,0
3.517667,1500.00,1499.81,1,1,17,0,0.000,0
3.518333,1500.00,1500.09,1,1,18,0,0.000,0
3.519000,1500.00,1500.38,1,1,19,0,0.000,0
3.519667,1500.00,1500.38,1,1,20,0,0.000,0
3.520333,1500.00,1499.81,1,1,21,0,0.000,0
3.521000,1500.00,1500.38,1,1,22,0,0.000,0
3.521667,1500.00,1500.09,1,1,23,0,0.000,0
3.522333,1500.00,1499.81,1,1,24,0,0.000,0
3.523000,1500.00,1498.69,1,1,25,0,0.000,0
3.523667,1500.00,1499.25,1,1,26,0,0.000,0
3.524333,1500.00,1499.53,1,1,27,0,0.000,0
3.525000,1500.00,1499.81,1,1,28,0,0.000,0
3.525667,1500.00,1500.94,1,1,29,0,0.000,0
3.526333,1500.00,1500.38,1,1,30,0,0.000,0
3.527000,1500.00,1500.38,1,1,31,0,0.000,0
3.527667,1500.00,1499.81,1,1,32,0,0.000,0
3.528333,1500.00,1500.94,1,1,33,0,0.000,0
3.529000,1500.00,1500.38,1,1,34,0,0.000,0
3.529667,1500.00,1500.38,1,1,35,0,0.000,0
3.530333,1500.00,1499.53,1,1,36,0,0.000,0
3.531000,1500.00,1498.97,1,1,37,0,0.000,0
3.531667,1500.00,1499.53,1,1,38,0,0.000,0
3.532333,1500.00,1499.81,1,1,39,0,0.000,0
3.533000,1500.00,1500.09,1,1,40,0,0.000,0
3.533667,1500.00,1500.09,1,1,41,0,0.000,0
3.534333,1500.00,1500.38,1,1,42,0,0.000,0
3.535000,1500.00,1499.53,1,1,43,0,0.000,0
3.535667,1500.00,1500.38,1,1,44,0,0.000,0
3.536333,1500.00,1500.94,1,1,45,0,0.000,0
3.537000,1500.00,1500.09,1,1,46,0,0.000,0
3.537667,1500.00,1500.09,1,1,47,0,0.000,0
3.538333,1500.00,1500.66,1,1,48,0,0.000,0
3.539000,1500.00,1500.09,1,1,49,0,0.000,0
3.539667,1500.00,1499.53,1,1,50,0,0.000,0
3.540333,1500.00,1500.38,1,1,51,0,0.000,0
3.541000,1500.00,1499.81,1,1,52,0,0.000,0
3.541667,1500.00,1499.25,1,1,53,0,0.000,0
3.542333,1500.00,1499.53,1,1,54,0,0.000,0
3.543000,1500.00,1500.09,1,1,55,0,0.000,0
3.543667,1500.00,1498.41,1,1,56,0,0.000,0
3.544333,1500.00,1500.94,1,1,57,0,0.000,0
3.546333,1500.00,1499.93,1,1,0,1,0.000,0
3.547000,1500.00,1499.48,1,1,1,1,0.000,0
3.547667,1500.00,1500.15,1,1,2,1,0.000,0
3.548333,1500.00,1499.70,1,1,3,1,0.000,0
3.549000,1500.00,1500.15,1,1,4,1,0.000,0
3.549667,1500.00,1499.70,1,1,5,1,0.000,0
3.550333,1500.00,1501.05,1,1,6,1,0.000,0
3.551000,1500.00,1499.48,1,1,7,1,0.000,0
3.551667,1500.00,1499.81,1,1,8,1,0.000,0
3.552333,1500.00,1500.38,1,1,9,1,0.000,0
3.553000,1500.00,1499.81,1,1,10,1,0.000,0
3.553667,1500.00,1500.66,1,1,11,1,0.000,0
3.554333,1500.00,1500.38,1,1,12,1,0.000,0
3.555000,1500.00,1499.81,1,1,13,1,0.000,0
3.555667,1500.00,1499.81,1,1,14,1,0.000,0
3.556333,1500.00,1499.53,1,1,15,1,0.000,0
3.557000,1500.00,1500.09,1,1,16,1,0.000,0
3.557667,1500.00,1500.09,1,1,17,1,0.000,0
3.558333,1500.00,1499.53,1,1,18,1,0.000,0
3.559000,1500.00,1500.38,1,1,19,1,0.000,0
3.559667,1500.00,1499.81,1,1,20,1,0.000,0
3.560333,1500.00,1500.09,1,1,21,1,0.000,0
3.561000,1500.00,1500.38,1,1,22,1,0.000,0
3.561667,1500.00,1499.81,1,1,23,1,0.000,0
3.562333,1500.00,1500.66,1,1,24,1,0.000,0
3.563000,1500.00,1500.09,1,1,25,1,0.000,0
3.563667,1500.00,1500.66,1,1,26,1,0.000,0
3.564333,1500.00,1499.81,1,1,27,1,0.000,0
3.565000,1500.00,1500.09,1,1,28,1,0.000,0
3.565667,1500.00,1500.38,1,1,29,1,0.000,0
3.566333,1500.00,1499.53,1,1,30,1,0.000,0
3.567000,1500.00,1499.25,1,1,31,1,0.000,0
3.567667,1500.00,1499.81,1,1,32,1,0.000,0
3.568333,1500.00,1499.81,1,1,33,1,0.000,0
3.569000,1500.00,1500.38,1,1,34,1,0.000,0
3.569667,1500.00,1499.81,1,1,35,1,0.000,0
3.570333,1500.00,1500.09,1,1,36,1,0.000,0
3.571000,1500.00,1500.38,1,1,37,1,0.000,0
3.571667,1500.00,1500.09,1,1,38,1,0.000,0
3.572333,1500.00,1500.94,1,1,39,1,0.000,0
3.573000,1500.00,1500.09,1,1,40,1,0.000,0
3.573667,1500.00,1499.81,1,1,41,1,0.000,0
3.574333,1500.00,1499.53,1,1,42,1,0.000,0
3.575000,1500.00,1500.38,1,1,43,1,0.000,0
3.575667,1500.00,1500.09,1,1,44,1,0.000,0
3.576333,1500.00,1499.25,1,1,45,1,0.000,0
3.577000,1500.00,1500.38,1,1,46,1,0.000,0
3.577667,1500.00,1500.38,1,1,47,1,0.000,0
3.578333,1500.00,1499.53,1,1,48,1,0.000,0
3.579000,1500.00,1500.09,1,1,49,1,0.000,0
3.579667,1500.00,1499.81,1,1,50,1,0.000,0
3.580333,1500.00,1499.25,1,1,51,1,0.000,0
3.581000,1500.00,1500.09,1,1,52,1,0.000,0
3.581667,1500.00,1499.81,1,1,53,1,0.000,0
3.582333,1500.00,1500.09,1,1,54,1,0.000,0
3.583000,1500.00,1499.53,1,1,55,1,0.000,0
3.583667,1500.00,1500.09,1,1,56,1,0.000,0
3.584333,1500.00,1499.53,1,1,57,1,0.000,0
3.586333,1500.00,1500.15,1,1,0,0,0.000,0
3.587000,1500.00,1500.15,1,1,1,0,0.000,0
3.587667,1500.00,1499.93,1,1,2,0,0.000,0
3.588333,1500.00,1499.93,1,1,3,0,0.000,0
3.589000,1500.00,1499.70,1,1,4,0,0.000,0
3.589667,1500.00,1499.70,1,1,5,0,0.000,0
3.590333,1500.00,1500.60,1,1,6,0,0.000,0
3.591000,1500.00,1499.93,1,1,7,0,0.000,0
3.591667,1500.00,1499.53,1,1,8,0,0.000,0
3.592333,1500.00,1501.22,1,1,9,0,0.000,0
3.593000,1500.00,1500.09,1,1,10,0,0.000,0
3.593667,1500.00,1500.38,1,1,11,0,0.000,0
3.594333,1500.00,1499.81,1,1,12,0,0.000,0
3.595000,1500.00,1500.94,1,1,13,0,0.000,0
3.595667,1500.00,1499.25,1,1,14,0,0.000,0
3.596333,1500.00,1500.38,1,1,15,0,0.000,0
3.597000,1500.00,1500.94,1,1,16,0,0.000,0
3.597667,1500.00,1498.41,1,1,17,0,0.000,0
3.598333,1500.00,1499.53,1,1,18,0,0.000,0
3.599000,1500.00,1500.38,1,1,19,0,0.000,0
3.599667,1500.00,1500.38,1,1,20,0,0.000,0
3.600333,1500.00,1499.81,1,1,21,0,0.000,0
3.601000,1500.00,1500.94,1,1,22,0,0.000,0
3.601667,1500.00,1500.66,1,1,23,0,0.000,0
3.602333,1500.00,1499.25,1,1,24,0,0.000,0
3.603000,1500.00,1500.38,1,1,25,0,0.000,0
3.603667,1500.00,1500.38,1,1,26,0,0.000,0
3.604333,1500.00,1499.53,1,1,27,0,0.000,0
3.605000,1500.00,1500.66,1,1,28,0,0.000,0
3.605667,1500.00,1499.25,1,1,29,0,0.000,0
3.606333,1500.00,1499.53,1,1,30,0,0.000,0
3.607000,1500.00,1499.53,1,1,31,0,0.000,0
3.607667,1500.00,1500.38,1,1,32,0,0.000,0
3.608333,1500.00,1500.09,1,1,33,0,0.000,0
3.609000,1500.00,1499.53,1,1,34,0,0.000,0
3.609667,1500.00,1500.38,1,1,35,0,0.000,0
3.610333,1500.00,1498.69,1,1,36,0,0.000,0
3.611000,1500.00,1500.38,1,1,37,0,0.000,0
3.611667,1500.00,1499.81,1,1,38,0,0.000,0
3.612333,1500.00,1499.53,1,1,39,0,0.000,0
3.613000,1500.00,1499.81,1,1,40,0,0.000,0
3.613667,1500.00,1500.09,1,1,41,0,0.000,0
3.614333,1500.00,1500.38,1,1,42,0,0.000,0
3.615000,1500.00,1499.81,1,1,43,0,0.000,0
3.615667,1500.00,1500.94,1,1,44,0,0.000,0
3.616333,1500.00,1500.38,1,1,45,0,0.000,0
3.617000,1500.00,1498.97,1,1,46,0,0.000,0
3.617667,1500.00,1500.09,1,1,47,0,0.000,0
3.618333,1500.00,1500.38,1,1,48,0,0.000,0
3.619000,1500.00,1499.53,1,1,49,0,0.000,0
3.619667,1500.00,1500.38,1,1,50,0,0.000,0
3.620333,1500.00,1500.09,1,1,51,0,0.000,0
3.621000,1500.00,1498.97,1,1,52,0,0.000,0
3.621667,1500.00,1500.38,1,1,53,0,0.000,0
3.622333,1500.00,1500.94,1,1,54,0,0.000,0
3.623000,1500.00,1500.66,1,1,55,0,0.000,0
3.623667,1500.00,1499.53,1,1,56,0,0.000,0
3.624333,1500.00,1500.09,1,1,57,0,0.000,0
3.626333,1500.00,1499.70,1,1,0,1,0.000,0
3.627000,1500.00,1500.15,1,1,1,1,0.000,0
3.627667,1500.00,1500.38,1,1,2,1,0.000,0
3.628333,1500.00,1499.70,1,1,3,1,0.000,0
3.629000,1500.00,1499.70,1,1,4,1,0.000,0
3.629667,1500.00,1499.25,1,1,5,1,0.000,0
3.630333,1500.00,1499.93,1,1,6,1,0.000,0
3.631000,1500.00,1500.60,1,1,7,1,0.000,0
3.631667,1500.00,1500.09,1,1,8,1,0.000,0
3.632333,1500.00,1499.81,1,1,9,1,0.000,0
3.633000,1500.00,1500.38,1,1,10,1,0.000,0
3.633667,1500.00,1499.81,1,1,11,1,0.000,0
3.634333,1500.00,1500.09,1,1,12,1,0.000,0
3.635000,1500.00,1500.66,1,1,13,1,0.000,0
3.635667,1500.00,1500.38,1,1,14,1,0.000,0
3.636333,1500.00,1499.25,1,1,15,1,0.000,0
3.637000,1500.00,1499.53,1,1,16,1,0.000,0
3.637667,1500.00,1499.53,1,1,17,1,0.000,0
3.638333,1500.00,1500.09,1,1,18,1,0.000,0
3.639000,1500.00,1500.09,1,1,19,1,0.000,0
3.639667,1500.00,1501.50,1,1,20,1,0.000,0
3.640333,1500.00,1499.81,1,1,21,1,0.000,0
3.641000,1500.00,1499.81,1,1,22,1,0.000,0
3.641667,1500.00,1500.94,1,1,23,1,0.000,0
3.642333,1500.00,1501.22,1,1,24,1,0.000,0
3.643000,1500.00,1500.09,1,1,25,1,0.000,0
3.643667,1500.00,1499.25,1,1,26,1,0.000,0
3.644333,1500.00,1499.81,1,1,27,1,0.000,0
3.645000,1500.00,1498.69,1,1,28,1,0.000,0
3.645667,1500.00,1500.66,1,1,29,1,0.000,0
3.646333,1500.00,1500.09,1,1,30,1,0.000,0
3.647000,1500.00,1499.53,1,1,31,1,0.000,0
3.647667,1500.00,1498.41,1,1,32,1,0.000,0
3.648333,1500.00,1500.09,1,1,33,1,0.000,0
3.649000,1500.00,1500.09,1,1,34,1,0.000,0
3.649667,1500.00,1500.09,1,1,35,1,0.000,0
3.650333,1500.00,1499.53,1,1,36,1,0.000,0
3.651000,1500.00,1499.25,1,1,37,1,0.000,0
3.651667,1500.00,1500.38,1,1,38,1,0.000,0
3.652333,1500.00,1500.09,1,1,39,1,0.000,0
3.653000,1500.00,1500.38,1,1,40,1,0.000,0
3.653667,1500.00,1500.38,1,1,41,1,0.000,0
3.654333,1500.00,1500.09,1,1,42,1,0.000,0
3.655000,1500.00,1500.09,1,1,43,1,0.000,0
3.655667,1500.00,1500.66,1,1,44,1,0.000,0
3.656333,1500.00,1499.81,1,1,45,1,0.000,0
3.657000,1500.00,1499.53,1,1,46,1,0.000,0
3.657667,1500.00,1499.81,1,1,47,1,0.000,0
3.658333,1500.00,1499.81,1,1,48,1,0.000,0
3.659000,1500.00,1499.53,1,1,49,1,0.000,0
3.659667,1500.00,1500.66,1,1,50,1,0.000,0
3.660333,1500.00,1499.81,1,1,51,1,0.000,0
3.661000,1500.00,1500.66,1,1,52,1,0.000,0
3.661667,1500.00,1500.66,1,1,53,1,0.000,0
3.662333,1500.00,1499.81,1,1,54,1,0.000,0
3.663000,1500.00,1499.81,1,1,55,1,0.000,0
3.663667,1500.00,1500.94,1,1,56,1,0.000,0
3.664333,1500.00,1500.38,1,1,57,1,0.000,0
3.666333,1500.00,1499.70,1,1,0,0,0.000,0
3.667000,1500.00,1499.93,1,1,1,0,0.000,0
3.667667,1500.00,1499.48,1,1,2,0,0.000,0
3.668333,1500.00,1499.25,1,1,3,0,0.000,0
3.669000,1500.00,1499.70,1,1,4,0,0.000,0
3.669667,1500.00,1500.15,1,1,5,0,0.000,0
3.670333,1500.00,1499.48,1,1,6,0,0.000,0
3.671000,1500.00,1499.93,1,1,7,0,0.000,0
3.671667,1500.00,1499.53,1,1,8,0,0.000,0
3.672333,1500.00,1500.09,1,1,9,0,0.000,0
3.673000,1500.00,1500.38,1,1,10,0,0.000,0
3.673667,1500.00,1500.38,1,1,11,0,0.000,0
3.674333,1500.00,1500.38,1,1,12,0,0.000,0
3.675000,1500.00,1500.09,1,1,13,0,0.000,0
3.675667,1500.00,1500.38,1,1,14,0,0.000,0
3.676333,1500.00,1499.53,1,1,15,0,0.000,0
3.677000,1500.00,1499.81,1,1,16,0,0.000,0
3.677667,1500.00,1500.09,1,1,17,0,0.000,0
3.678333,1500.00,1499.53,1,1,18,0,0.000,0
3.679000,1500.00,1500.66,1,1,19,0,0.000,0
3.679667,1500.00,1500.38,1,1,20,0,0.000,0
3.680333,1500.00,1500.66,1,1,21,0,0.000,0
3.681000,1500.00,1500.09,1,1,22,0,0.000,0
3.681667,1500.00,1500.38,1,1,23,0,0.000,0
3.682333,1500.00,1500.66,1,1,24,0,0.000,0
3.683000,1500.00,1500.94,1,1,25,0,0.000,0
3.683667,1500.00,1499.81,1,1,26,0,0.000,0
3.684333,1500.00,1499.81,1,1,27,0,0.000,0
3.685000,1500.00,1499.53,1,1,28,0,0.000,0
3.685667,1500.00,1498.69,1,1,29,0,0.000,0
3.686333,1500.00,1499.53,1,1,30,0,0.000,0
3.687000,1500.00,1500.09,1,1,31,0,0.000,0
3.687667,1500.00,1499.53,1,1,32,0,0.000,0
3.688333,1500.00,1498.97,1,1,33,0,0.000,0
3.689000,1500.00,1500.66,1,1,34,0,0.000,0
3.689667,1500.00,1499.81,1,1,35,0,0.000,0
3.690333,1500.00,1500.38,1,1,36,0,0.000,0
3.691000,1500.00,1500.66,1,1,37,0,0.000,0
3.691667,1500.00,1500.09,1,1,38,0,0.000,0
3.692333,1500.00,1499.81,1,1,39,0,0.000,0
3.693000,1500.00,1500.09,1,1,40,0,0.000,0
3.693667,1500.00,1500.09,1,1,41,0,0.000,0
3.694333,1500.00,1499.25,1,1,42,0,0.000,0
3.695000,1500.00,1499.53,1,1,43,0,0.000,0
3.695667,1500.00,1498.97,1,1,44,0,0.000,0
3.696333,1500.00,1500.09,1,1,45,0,0.000,0
3.697000,1500.00,1499.53,1,1,46,0,0.000,0
3.697667,1500.00,1500.09,1,1,47,0,0.000,0
3.698333,1500.00,1500.38,1,1,48,0,0.000,0
3.699000,1500.00,1500.38,1,1,49,0,0.000,0
3.699667,1500.00,1499.81,1,1,50,0,0.000,0
3.700333,1500.00,1500.09,1,1,51,0,0.000,0
3.701000,1500.00,1501.50,1,1,52,0,0.000,0
3.701667,1500.00,1500.09,1,1,53,0,0.000,0
3.702333,1500.00,1500.38,1,1,54,0,0.000,0
3.703000,1500.00,1501.22,1,1,55,0,0.000,0
3.703667,1500.00,1499.81,1,1,56,0,0.000,0
3.704333,1500.00,1499.81,1,1,57,0,0.000,0
3.706333,1500.00,1500.38,1,1,0,1,0.000,0
3.707000,1500.00,1500.38,1,1,1,1,0.000,0
3.707667,1500.00,1499.03,1,1,2,1,0.000,0
3.708333,1500.00,1499.93,1,1,3,1,0.000,0
3.709000,1500.00,1500.60,1,1,4,1,0.000,0
3.709667,1500.00,1499.48,1,1,5,1,0.000,0
3.710333,1500.00,1499.93,1,1,6,1,0.000,0
3.711000,1500.00,1499.70,1,1,7,1,0.000,0
3.711667,1500.00,1500.09,1,1,8,1,0.000,0
3.712333,1500.00,1500.09,1,1,9,1,0.000,0
3.713000,1500.00,1500.38,1,1,10,1,0.000,0
3.713667,1500.00,1500.09,1,1,11,1,0.000,0
3.714333,1500.00,1498.97,1,1,12,1,0.000,0
3.715000,1500.00,1499.53,1,1,13,1,0.000,0
3.715667,1500.00,1499.81,1,1,14,1,0.000,0
3.716333,1500.00,1500.66,1,1,15,1,0.000,0
3.717000,1500.00,1500.66,1,1,16,1,0.000,0
3.717667,1500.00,1500.09,1,1,17,1,0.000,0
3.718333,1500.00,1500.09,1,1,18,1,0.000,0
3.719000,1500.00,1499.53,1,1,19,1,0.000,0
3.719667,1500.00,1501.22,1,1,20,1,0.000,0
3.720333,1500.00,1500.66,1,1,21,1,0.000,0
3.721000,1500.00,1500.38,1,1,22,1,0.000,0
3.721667,1500.00,1499.25,1,1,23,1,0.000,0
3.722333,1500.00,1499.25,1,1,24,1,0.000,0
3.723000,1500.00,1499.53,1,1,25,1,0.000,0
3.723667,1500.00,1500.38,1,1,26,1,0.000,0
3.724333,1500.00,1500.66,1,1,27,1,0.000,0
3.725000,1500.00,1499.81,1,1,28,1,0.000,0
3.725667,1500.00,1499.81,1,1,29,1,0.000,0
3.726333,1500.00,1500.38,1,1,30,1,0.000,0
3.727000,1500.00,1500.38,1,1,31,1,0.000,0
3.727667,1500.00,1500.38,1,1,32,1,0.000,0
3.728333,1500.00,1500.09,1,1,33,1,0.000,0
3.729000,1500.00,1499.53,1,1,34,1,0.000,0
3.729667,1500.00,1499.25,1,1,35,1,0.000,0
3.730333,1500.00,1499.25,1,1,36,1,0.000,0
3.731000,1500.00,1499.81,1,1,37,1,0.000,0
3.731667,1500.00,1500.09,1,1,38,1,0.000,0
3.732333,1500.00,1500.09,1,1,39,1,0.000,0
3.733000,1500.00,1500.09,1,1,40,1,0.000,0
3.733667,1500.00,1500.38,1,1,41,1,0.000,0
3.734333,1500.00,1499.53,1,1,42,1,0.000,0
3.735000,1500.00,1500.66,1,1,43,1,0.000,0
3.735667,1500.00,1500.09,1,1,44,1,0.000,0
3.736333,1500.00,1499.81,1,1,45,1,0.000,0
3.737000,1500.00,1499.25,1,1,46,1,0.000,0
3.737667,1500.00,1500.09,1,1,47,1,0.000,0
3.738333,1500.00,1499.81,1,1,48,1,0.000,0
3.739000,1500.00,1498.97,1,1,49,1,0.000,0
3.739667,1500.00,1500.66,1,1,50,1,0.000,0
3.740333,1500.00,1499.81,1,1,51,1,0.000,0
3.741000,1500.00,1500.66,1,1,52,1,0.000,0
3.741667,1500.00,1500.09,1,1,53,1,0.000,0
3.742333,1500.00,1500.38,1,1,54,1,0.000,0
3.743000,1500.00,1499.81,1,1,55,1,0.000,0
3.743667,1500.00,1499.81,1,1,56,1,0.000,0
3.744333,1500.00,1500.94,1,1,57,1,0.000,0
3.746333,1500.00,1500.15,1,1,0,0,0.000,0
3.747000,1500.00,1499.93,1,1,1,0,0.000,0
3.747667,1500.00,1499.70,1,1,2,0,0.000,0
3.748333,1500.00,1500.38,1,1,3,0,0.000,0
3.749000,1500.00,1499.70,1,1,4,0,0.000,0
3.749667,1500.00,1499.93,1,1,5,0,0.000,0
3.750333,1500.00,1500.15,1,1,6,0,0.000,0
3.751000,1500.00,1500.38,1,1,7,0,0.000,0
3.751667,1500.00,1500.38,1,1,8,0,0.000,0
3.752333,1500.00,1500.38,1,1,9,0,0.000,0
3.753000,1500.00,1499.53,1,1,10,0,0.000,0
3.753667,1500.00,1499.25,1,1,11,0,0.000,0
3.754333,1500.00,1500.66,1,1,12,0,0.000,0
3.755000,1500.00,1499.81,1,1,13,0,0.000,0
3.755667,1500.00,1499.25,1,1,14,0,0.000,0
3.756333,1500.00,1499.53,1,1,15,0,0.000,0
3.757000,1500.00,1499.53,1,1,16,0,0.000,0
3.757667,1500.00,1499.25,1,1,17,0,0.000,0
3.758333,1500.00,1500.38,1,1,18,0,0.000,0
3.759000,1500.00,1499.81,1,1,19,0,0.000,0
3.759667,1500.00,1498.97,1,1,20,0,0.000,0
3.760333,1500.00,1500.38,1,1,21,0,0.000,0
3.761000,1500.00,1500.94,1,1,22,0,0.000,0
3.761667,1500.00,1500.09,1,1,23,0,0.000,0
3.762333,1500.00,1499.53,1,1,24,0,0.000,0
3.763000,1500.00,1500.09,1,1,25,0,0.000,0
3.763667,1500.00,1499.53,1,1,26,0,0.000,0
3.764333,1500.00,1500.38,1,1,27,0,0.000,0
3.765000,1500.00,1500.94,1,1,28,0,0.000,0
3.765667,1500.00,1500.66,1,1,29,0,0.000,0
3.766333,1500.00,1499.81,1,1,30,0,0.000,0
3.767000,1500.00,1499.81,1,1,31,0,0.000,0
3.767667,1500.00,1500.38,1,1,32,0,0.000,0
3.768333,1500.00,1500.09,1,1,33,0,0.000,0
3.769000,1500.00,1500.38,1,1,34,0,0.000,0
3.769667,1500.00,1500.09,1,1,35,0,0.000,0
3.770333,1500.00,1500.09,1,1,36,0,0.000,0
3.771000,1500.00,1498.97,1,1,37,0,0.000,0
3.771667,1500.00,1499.53,1,1,38,0,0.000,0
3.772333,1500.00,1500.09,1,1,39,0,0.000,0
3.773000,1500.00,1500.38,1,1,40,0,0.000,0
3.773667,1500.00,1500.66,1,1,41,0,0.000,0
3.774333,1500.00,1500.66,1,1,42,0,0.000,0
3.775000,1500.00,1499.25,1,1,43,0,0.000,0
3.775667,1500.00,1500.09,1,1,44,0,0.000,0
3.776333,1500.00,1500.38,1,1,45,0,0.000,0
3.777000,1500.00,1499.81,1,1,46,0,0.000,0
3.777667,1500.00,1499.81,1,1,47,0,0.000,0
3.778333,1500.00,1500.09,1,1,48,0,0.000,0
3.779000,1500.00,1500.66,1,1,49,0,0.000,0
3.779667,1500.00,1499.53,1,1,50,0,0.000,0
3.780333,1500.00,1500.38,1,1,51,0,0.000,0
3.781000,1500.00,1499.25,1,1,52,0,0.000,0
3.781667,1500.00,1500.09,1,1,53,0,0.000,0
3.782333,1500.00,1500.38,1,1,54,0,0.000,0
3.783000,1500.00,1500.38,1,1,55,0,0.000,0
3.783667,1500.00,1499.81,1,1,56,0,0.000,0
3.784333,1500.00,1499.53,1,1,57,0,0.000,0
3.786333,1500.00,1499.70,1,1,0,1,0.000,0
3.787000,1500.00,1500.15,1,1,1,1,0.000,0
3.787667,1500.00,1500.38,1,1,2,1,0.000,0
3.788333,1500.00,1499.70,1,1,3,1,0.000,0
3.789000,1500.00,1499.70,1,1,4,1,0.000,0
3.789667,1500.00,1499.70,1,1,5,1,0.000,0
3.790333,1500.00,1499.70,1,1,6,1,0.000,0
3.791000,1500.00,1499.25,1,1,7,1,0.000,0
3.791667,1500.00,1500.38,1,1,8,1,0.000,0
3.792333,1500.00,1499.81,1,1,9,1,0.000,0
3.793000,1500.00,1499.53,1,1,10,1,0.000,0
3.793667,1500.00,1500.09,1,1,11,1,0.000,0
3.794333,1500.00,1500.09,1,1,12,1,0.000,0
3.795000,1500.00,1500.09,1,1,13,1,0.000,0
3.795667,1500.00,1500.38,1,1,14,1,0.000,0
3.796333,1500.00,1500.38,1,1,15,1,0.000,0
3.797000,1500.00,1500.38,1,1,16,1,0.000,0
3.797667,1500.00,1500.38,1,1,17,1,0.000,0
3.798333,1500.00,1500.38,1,1,18,1,0.000,0
3.799000,1500.00,1500.09,1,1,19,1,0.000,0
3.799667,1500.00,1500.38,1,1,20,1,0.000,0
3.800333,1500.00,1499.81,1,1,21,1,0.000,0
3.801000,1500.00,1500.09,1,1,22,1,0.000,0
3.801667,1500.00,1500.09,1,1,23,1,0.000,0
3.802333,1500.00,1499.25,1,1,24,1,0.000,0
3.803000,1500.00,1499.81,1,1,25,1,0.000,0
3.803667,1500.00,1500.09,1,1,26,1,0.000,0
3.804333,1500.00,1499.25,1,1,27,1,0.000,0
3.805000,1500.00,1500.09,1,1,28,1,0.000,0
3.805667,1500.00,1499.81,1,1,29,1,0.000,0
3.806333,1500.00,1499.81,1,1,30,1,0.000,0
3.807000,1500.00,1499.53,1,1,31,1,0.000,0
3.807667,1500.00,1500.09,1,1,32,1,0.000,0
3.808333,1500.00,1499.81,1,1,33,1,0.000,0
3.809000,1500.00,1499.53,1,1,34,1,0.000,0
3.809667,1500.00,1500.38,1,1,35,1,0.000,0
3.810333,1500.00,1499.53,1,1,36,1,0.000,0
3.811000,1500.00,1500.38,1,1,37,1,0.000,0
3.811667,1500.00,1499.81,1,1,38,1,0.000,0
3.812333,1500.00,1500.09,1,1,39,1,0.000,0
3.813000,1500.00,1500.66,1,1,40,1,0.000,0
3.813667,1500.00,1499.81,1,1,41,1,0.000,0
3.814333,1500.00,1500.09,1,1,42,1,0.000,0
3.815000,1500.00,1500.38,1,1,43,1,0.000,0
3.815667,1500.00,1500.09,1,1,44,1,0.000,0
3.816333,1500.00,1499.81,1,1,45,1,0.000,0
3.817000,1500.00,1500.09,1,1,46,1,0.000,0
3.817667,1500.00,1499.81,1,1,47,1,0.000,0
3.818333,1500.00,1499.53,1,1,48,1,0.000,0
3.819000,1500.00,1500.09,1,1,49,1,0.000,0
3.819667,1500.00,1500.09,1,1,50,1,0.000,0
3.820333,1500.00,1500.38,1,1,51,1,0.000,0
3.821000,1500.00,1500.66,1,1,52,1,0.000,0
3.821667,1500.00,1500.09,1,1,53,1,0.000,0
3.822333,1500.00,1500.09,1,1,54,1,0.000,0
3.823000,1500.00,1500.09,1,1,55,1,0.000,0
3.823667,1500.00,1499.53,1,1,56,1,0.000,0
3.824333,1500.00,1500.38,1,1,57,1,0.000,0
3.826333,1500.00,1499.93,1,1,0,0,0.000,0
3.827000,1500.00,1500.15,1,1,1,0,0.000,0
3.827667,1500.00,1499.93,1,1,2,0,0.000,0
3.828333,1500.00,1499.93,1,1,3,0,0.000,0
3.829000,1500.00,1500.15,1,1,4,0,0.000,0
3.829667,1500.00,1499.70,1,1,5,0,0.000,0
3.830333,1500.00,1500.60,1,1,6,0,0.000,0
3.831000,1500.00,1499.70,1,1,7,0,0.000,0
3.831667,1500.00,1500.38,1,1,8,0,0.000,0
3.832333,1500.00,1499.25,1,1,9,0,0.000,0
3.833000,1500.00,1500.09,1,1,10,0,0.000,0
3.833667,1500.00,1500.94,1,1,11,0,0.000,0
3.834333,1500.00,1499.53,1,1,12,0,0.000,0
3.835000,1500.00,1500.66,1,1,13,0,0.000,0
3.835667,1500.00,1499.25,1,1,14,0,0.000,0
3.836333,1500.00,1500.09,1,1,15,0,0.000,0
3.837000,1500.00,1499.81,1,1,16,0,0.000,0
3.837667,1500.00,1500.09,1,1,17,0,0.000,0
3.838333,1500.00,1500.38,1,1,18,0,0.000,0
3.839000,1500.00,1499.81,1,1,19,0,0.000,0
3.839667,1500.00,1500.38,1,1,20,0,0.000,0
3.840333,1500.00,1500.38,1,1,21,0,0.000,0
3.841000,1500.00,1500.38,1,1,22,0,0.000,0
3.841667,1500.00,1500.38,1,1,23,0,0.000,0
3.842333,1500.00,1500.09,1,1,24,0,0.000,0
3.843000,1500.00,1500.09,1,1,25,0,0.000,0
3.843667,1500.00,1499.53,1,1,26,0,0.000,0
3.844333,1500.00,1499.25,1,1,27,0,0.000,0
3.845000,1500.00,1498.97,1,1,28,0,0.000,0
3.845667,1500.00,1499.81,1,1,29,0,0.000,0
3.846333,1500.00,1500.09,1,1,30,0,0.000,0
3.847000,1500.00,1499.81,1,1,31,0,0.000,0
3.847667,1500.00,1499.81,1,1,32,0,0.000,0
3.848333,1500.00,1499.53,1,1,33,0,0.000,0
3.849000,1500.00,1499.81,1,1,34,0,0.000,0
3.849667,1500.00,1500.09,1,1,35,0,0.000,0
3.850333,1500.00,1500.66,1,1,36,0,0.000,0
3.851000,1500.00,1500.38,1,1,37,0,0.000,0
3.851667,1500.00,1500.38,1,1,38,0,0.000,0
3.852333,1500.00,1500.09,1,1,39,0,0.000,0
3.853000,1500.00,1499.25,1,1,40,0,0.000,0
3.853667,1500.00,1500.66,1,1,41,0,0.000,0
3.854333,1500.00,1499.25,1,1,42,0,0.000,0
3.855000,1500.00,1500.66,1,1,43,0,0.000,0
3.855667,1500.00,1500.38,1,1,44,0,0.000,0
3.856333,1500.00,1499.25,1,1,45,0,0.000,0
3.857000,1500.00,1500.38,1,1,46,0,0.000,0
3.857667,1500.00,1499.53,1,1,47,0,0.000,0
3.858333,1500.00,1500.94,1,1,48,0,0.000,0
3.859000,1500.00,1499.25,1,1,49,0,0.000,0
3.859667,1500.00,1501.22,1,1,50,0,0.000,0
3.860333,1500.00,1499.25,1,1,51,0,0.000,0
3.861000,1500.00,1499.53,1,1,52,0,0.000,0
3.861667,1500.00,1499.53,1,1,53,0,0.000,0
3.862333,1500.00,1499.25,1,1,54,0,0.000,0
3.863000,1500.00,1500.94,1,1,55,0,0.000,0
3.863667,1500.00,1500.09,1,1,56,0,0.000,0
3.864333,1500.00,1500.38,1,1,57,0,0.000,0
3.866333,1500.00,1499.25,1,1,0,1,0.000,0
3.867000,1500.00,1499.93,1,1,1,1,0.000,0
3.867667,1500.00,1500.38,1,1,2,1,0.000,0
3.868333,1500.00,1500.83,1,1,3,1,0.000,0
3.869000,1500.00,1499.93,1,1,4,1,0.000,0
3.869667,1500.00,1499.03,1,1,5,1,0.000,0
3.870333,1500.00,1499.93,1,1,6,1,0.000,0
3.871000,1500.00,1499.70,1,1,7,1,0.000,0
3.871667,1500.00,1500.66,1,1,8,1,0.000,0
3.872333,1500.00,1500.66,1,1,9,1,0.000,0
3.873000,1500.00,1499.81,1,1,10,1,0.000,0
3.873667,1500.00,1499.81,1,1,11,1,0.000,0
3.874333,1500.00,1500.38,1,1,12,1,0.000,0
3.875000,1500.00,1500.94,1,1,13,1,0.000,0
3.875667,1500.00,1499.81,1,1,14,1,0.000,0
3.876333,1500.00,1500.38,1,1,15,1,0.000,0
3.877000,1500.00,1499.25,1,1,16,1,0.000,0
3.877667,1500.00,1499.25,1,1,17,1,0.000,0
3.878333,1500.00,1500.38,1,1,18,1,0.000,0
3.879000,1500.00,1499.81,1,1,19,1,0.000,0
3.879667,1500.00,1499.53,1,1,20,1,0.000,0
3.880333,1500.00,1500.38,1,1,21,1,0.000,0
3.881000,1500.00,1499.53,1,1,22,1,0.000,0
3.881667,1500.00,1499.53,1,1,23,1,0.000,0
3.882333,1500.00,1500.94,1,1,24,1,0.000,0
3.883000,1500.00,1500.66,1,1,25,1,0.000,0
3.883667,1500.00,1500.09,1,1,26,1,0.000,0
3.884333,1500.00,1500.66,1,1,27,1,0.000,0
3.885000,1500.00,1500.38,1,1,28,1,0.000,0
3.885667,1500.00,1498.97,1,1,29,1,0.000,0
3.886333,1500.00,1500.38,1,1,30,1,0.000,0
3.887000,1500.00,1500.66,1,1,31,1,0.000,0
3.887667,1500.00,1499.53,1,1,32,1,0.000,0
3.888333,1500.00,1499.81,1,1,33,1,0.000,0
3.889000,1500.00,1499.81,1,1,34,1,0.000,0
3.889667,1500.00,1499.53,1,1,35,1,0.000,0
3.890333,1500.00,1499.81,1,1,36,1,0.000,0
3.891000,1500.00,1499.81,1,1,37,1,0.000,0
3.891667,1500.00,1500.66,1,1,38,1,0.000,0
3.892333,1500.00,1499.53,1,1,39,1,0.000,0
3.893000,1500.00,1500.09,1,1,40,1,0.000,0
3.893667,1500.00,1499.53,1,1,41,1,0.000,0
3.894333,1500.00,1499.53,1,1,42,1,0.000,0
3.895000,1500.00,1500.09,1,1,43,1,0.000,0
3.895667,1500.00,1498.97,1,1,44,1,0.000,0
3.896333,1500.00,1500.66,1,1,45,1,0.000,0
3.897000,1500.00,1499.25,1,1,46,1,0.000,0
3.897667,1500.00,1500.66,1,1,47,1,0.000,0
3.898333,1500.00,1500.38,1,1,48,1,0.000,0
3.899000,1500.00,1500.38,1,1,49,1,0.000,0
3.899667,1500.00,1500.66,1,1,50,1,0.000,0
3.900333,1500.00,1499.53,1,1,51,1,0.000,0
3.901000,1500.00,1501.22,1,1,52,1,0.000,0
3.901667,1500.00,1500.09,1,1,53,1,0.000,0
3.902333,1500.00,1500.09,1,1,54,1,0.000,0
3.903000,1500.00,1500.38,1,1,55,1,0.000,0
3.903667,1500.00,1499.81,1,1,56,1,0.000,0
3.904333,1500.00,1499.25,1,1,57,1,0.000,0
3.906333,1500.00,1499.03,1,1,0,0,0.000,0
3.907000,1500.00,1499.93,1,1,1,0,0.000,0
3.907667,1500.00,1499.93,1,1,2,0,0.000,0
3.908333,1500.00,1500.38,1,1,3,0,0.000,0
3.909000,1500.00,1500.15,1,1,4,0,0.000,0
3.909667,1500.00,1499.25,1,1,5,0,0.000,0
3.910333,1500.00,1499.48,1,1,6,0,0.000,0
3.911000,1500.00,1500.83,1,1,7,0,0.000,0
3.911667,1500.00,1500.09,1,1,8,0,0.000,0
3.912333,1500.00,1500.09,1,1,9,0,0.000,0
3.913000,1500.00,1499.81,1,1,10,0,0.000,0
3.913667,1500.00,1500.09,1,1,11,0,0.000,0
3.914333,1500.00,1499.81,1,1,12,0,0.000,0
3.915000,1500.00,1500.38,1,1,13,0,0.000,0
3.915667,1500.00,1500.66,1,1,14,0,0.000,0
3.916333,1500.00,1498.97,1,1,15,0,0.000,0
3.917000,1500.00,1500.66,1,1,16,0,0.000,0
3.917667,1500.00,1500.66,1,1,17,0,0.000,0
3.918333,1500.00,1499.53,1,1,18,0,0.000,0
3.919000,1500.00,1498.97,1,1,19,0,0.000,0
3.919667,1500.00,1500.09,1,1,20,0,0.000,0
3.920333,1500.00,1499.81,1,1,21,0,0.000,0
3.921000,1500.00,1499.81,1,1,22,0,0.000,0
3.921667,1500.00,1501.22,1,1,23,0,0.000,0
3.922333,1500.00,1500.09,1,1,24,0,0.000,0
3.923000,1500.00,1499.53,1,1,25,0,0.000,0
3.923667,1500.00,1499.81,1,1,26,0,0.000,0
3.924333,1500.00,1499.81,1,1,27,0,0.000,0
3.925000,1500.00,1500.66,1,1,28,0,0.000,0
3.925667,1500.00,1500.38,1,1,29,0,0.000,0
3.926333,1500.00,1499.81,1,1,30,0,0.000,0
3.927000,1500.00,1499.53,1,1,31,0,0.000,0
3.927667,1500.00,1500.38,1,1,32,0,0.000,0
3.928333,1500.00,1499.81,1,1,33,0,0.000,0
3.929000,1500.00,1500.09,1,1,34,0,0.000,0
3.929667,1500.00,1500.38,1,1,35,0,0.000,0
3.930333,1500.00,1498.69,1,1,36,0,0.000,0
3.931000,1500.00,1499.81,1,1,37,0,0.000,0
3.931667,1500.00,1500.66,1,1,38,0,0.000,0
3.932333,1500.00,1499.81,1,1,39,0,0.000,0
3.933000,1500.00,1499.53,1,1,40,0,0.000,0
3.933667,1500.00,1500.09,1,1,41,0,0.000,0
3.934333,1500.00,1500.94,1,1,42,0,0.000,0
3.935000,1500.00,1500.38,1,1,43,0,0.000,0
3.935667,1500.00,1500.66,1,1,44,0,0.000,0
3.936333,1500.00,1500.09,1,1,45,0,0.000,0
3.937000,1500.00,1499.81,1,1,46,0,0.000,0
3.937667,1500.00,1500.66,1,1,47,0,0.000,0
3.938333,1500.00,1499.81,1,1,48,0,0.000,0
3.939000,1500.00,1499.53,1,1,49,0,0.000,0
3.939667,1500.00,1499.53,1,1,50,0,0.000,0
3.940333,1500.00,1499.53,1,1,51,0,0.000,0
3.941000,1500.00,1500.38,1,1,52,0,0.000,0
3.941667,1500.00,1499.81,1,1,53,0,0.000,0
3.942333,1500.00,1499.81,1,1,54,0,0.000,0
3.943000,1500.00,1499.53,1,1,55,0,0.000,0
3.943667,1500.00,1499.81,1,1,56,0,0.000,0
3.944333,1500.00,1500.94,1,1,57,0,0.000,0
3.946333,1500.00,1499.70,1,1,0,1,0.000,0
3.947000,1500.00,1500.15,1,1,1,1,0.000,0
3.947667,1500.00,1499.93,1,1,2,1,0.000,0
3.948333,1500.00,1499.70,1,1,3,1,0.000,0
3.949000,1500.00,1499.70,1,1,4,1,0.000,0
3.949667,1500.00,1499.70,1,1,5,1,0.000,0
3.950333,1500.00,1499.70,1,1,6,1,0.000,0
3.951000,1500.00,1499.70,1,1,7,1,0.000,0
3.951667,1500.00,1500.94,1,1,8,1,0.000,0
3.952333,1500.00,1500.09,1,1,9,1,0.000,0
3.953000,1500.00,1499.81,1,1,10,1,0.000,0
3.953667,1500.00,1500.38,1,1,11,1,0.000,0
3.954333,1500.00,1499.81,1,1,12,1,0.000,0
3.955000,1500.00,1499.81,1,1,13,1,0.000,0
3.955667,1500.00,1500.66,1,1,14,1,0.000,0
3.956333,1500.00,1500.38,1,1,15,1,0.000,0
3.957000,1500.00,1499.25,1,1,16,1,0.000,0
3.957667,1500.00,1500.09,1,1,17,1,0.000,0
3.958333,1500.00,1499.81,1,1,18,1,0.000,0
3.959000,1500.00,1500.09,1,1,19,1,0.000,0
3.959667,1500.00,1500.38,1,1,20,1,0.000,0
3.960333,1500.00,1500.38,1,1,21,1,0.000,0
3.961000,1500.00,1500.38,1,1,22,1,0.000,0
3.961667,1500.00,1500.38,1,1,23,1,0.000,0
3.962333,1500.00,1500.38,1,1,24,1,0.000,0
3.963000,1500.00,1500.09,1,1,25,1,0.000,0
3.963667,1500.00,1500.66,1,1,26,1,0.000,0
3.964333,1500.00,1499.81,1,1,27,1,0.000,0
3.965000,1500.00,1500.38,1,1,28,1,0.000,0
3.965667,1500.00,1498.97,1,1,29,1,0.000,0
3.966333,1500.00,1499.81,1,1,30,1,0.000,0
3.967000,1500.00,1499.53,1,1,31,1,0.000,0
3.967667,1500.00,1500.09,1,1,32,1,0.000,0
3.968333,1500.00,1499.25,1,1,33,1,0.000,0
3.969000,1500.00,1499.25,1,1,34,1,0.000,0
3.969667,1500.00,1500.38,1,1,35,1,0.000,0
3.970333,1500.00,1500.09,1,1,36,1,0.000,0
3.971000,1500.00,1500.38,1,1,37,1,0.000,0
3.971667,1500.00,1500.09,1,1,38,1,0.000,0
3.972333,1500.00,1500.09,1,1,39,1,0.000,0
3.973000,1500.00,1499.81,1,1,40,1,0.000,0
3.973667,1500.00,1500.94,1,1,41,1,0.000,0
3.974333,1500.00,1500.66,1,1,42,1,0.000,0
3.975000,1500.00,1500.09,1,1,43,1,0.000,0
3.975667,1500.00,1499.81,1,1,44,1,0.000,0
3.976333,1500.00,1500.94,1,1,45,1,0.000,0
3.977000,1500.00,1500.38,1,1,46,1,0.000,0
3.977667,1500.00,1499.53,1,1,47,1,0.000,0
3.978333,1500.00,1500.94,1,1,48,1,0.000,0
3.979000,1500.00,1498.97,1,1,49,1,0.000,0
3.979667,1500.00,1499.53,1,1,50,1,0.000,0
3.980333,1500.00,1499.53,1,1,51,1,0.000,0
3.981000,1500.00,1499.81,1,1,52,1,0.000,0
3.981667,1500.00,1500.09,1,1,53,1,0.000,0
3.982333,1500.00,1498.69,1,1,54,1,0.000,0
3.983000,1500.00,1499.25,1,1,55,1,0.000,0
3.983667,1500.00,1499.53,1,1,56,1,0.000,0
3.984333,1500.00,1500.38,1,1,57,1,0.000,0
3.986333,1500.00,1499.93,1,1,0,0,0.000,0
3.987000,1500.00,1500.38,1,1,1,0,0.000,0
3.987667,1500.00,1500.15,1,1,2,0,0.000,0
3.988333,1500.00,1499.48,1,1,3,0,0.000,0
3.989000,1500.00,1500.15,1,1,4,0,0.000,0
3.989667,1500.00,1500.60,1,1,5,0,0.000,0
3.990333,1500.00,1499.48,1,1,6,0,0.000,0
3.991000,1500.00,1500.15,1,1,7,0,0.000,0
3.991667,1500.00,1500.66,1,1,8,0,0.000,0
3.992333,1500.00,1499.81,1,1,9,0,0.000,0
3.993000,1500.00,1499.53,1,1,10,0,0.000,0
3.993667,1500.00,1499.81,1,1,11,0,0.000,0
3.994333,1500.00,1500.66,1,1,12,0,0.000,0
3.995000,1500.00,1500.09,1,1,13,0,0.000,0
3.995667,1500.00,1500.09,1,1,14,0,0.000,0
3.996333,1500.00,1499.81,1,1,15,0,0.000,0
3.997000,1500.00,1499.25,1,1,16,0,0.000,0
3.997667,1500.00,1500.09,1,1,17,0,0.000,0
3.998333,1500.00,1500.38,1,1,18,0,0.000,0
3.999000,1500.00,1500.38,1,1,19,0,0.000,0
3.999667,1500.00,1500.09,1,1,20,0,0.000,0
4.000333,1500.00,1500.38,1,1,21,0,0.000,0
4.001000,1500.00,1499.81,1,1,22,0,0.000,0
4.001667,1500.00,1500.09,1,1,23,0,0.000,0
4.002333,1500.00,1500.94,1,1,24,0,0.000,0
4.003000,1500.00,1499.25,1,1,25,0,0.000,0
4.003667,1500.00,1500.38,1,1,26,0,0.000,0
4.004333,1500.00,1499.81,1,1,27,0,0.000,0
4.005000,1500.00,1500.09,1,1,28,0,0.000,0
4.005667,1500.00,1498.97,1,1,29,0,0.000,0
4.006333,1500.00,1500.09,1,1,30,0,0.000,0
4.007000,1500.00,1500.66,1,1,31,0,0.000,0
4.007667,1500.00,1499.25,1,1,32,0,0.000,0
4.008333,1500.00,1499.81,1,1,33,0,0.000,0
4.009000,1500.00,1500.09,1,1,34,0,0.000,0
4.009667,1500.00,1499.53,1,1,35,0,0.000,0
4.010333,1500.00,1499.81,1,1,36,0,0.000,0
4.011000,1500.00,1500.66,1,1,37,0,0.000,0
4.011667,1500.00,1500.09,1,1,38,0,0.000,0
4.012333,1500.00,1499.81,1,1,39,0,0.000,0
4.013000,1500.00,1500.38,1,1,40,0,0.000,0
4.013667,1500.00,1500.94,1,1,41,0,0.000,0
4.014333,1500.00,1499.81,1,1,42,0,0.000,0
4.015000,1500.00,1500.66,1,1,43,0,0.000,0
4.015667,1500.00,1500.09,1,1,44,0,0.000,0
4.016333,1500.00,1499.53,1,1,45,0,0.000,0
4.017000,1500.00,1500.09,1,1,46,0,0.000,0
4.017667,1500.00,1499.81,1,1,47,0,0.000,0
4.018333,1500.00,1499.53,1,1,48,0,0.000,0
4.019000,1500.00,1500.09,1,1,49,0,0.000,0
4.019667,1500.00,1499.81,1,1,50,0,0.000,0
4.020333,1500.00,1499.81,1,1,51,0,0.000,0
4.021000,1500.00,1499.53,1,1,52,0,0.000,0
4.021667,1500.00,1500.94,1,1,53,0,0.000,0
4.022333,1500.00,1499.81,1,1,54,0,0.000,0
4.023000,1500.00,1499.81,1,1,55,0,0.000,0
4.023667,1500.00,1499.81,1,1,56,0,0.000,0
4.024333,1500.00,1499.81,1,1,57,0,0.000,0
4.026333,1500.00,1499.70,1,1,0,1,0.000,0
4.027000,1500.00,1499.70,1,1,1,1,0.000,0
4.027667,1500.00,1500.38,1,1,2,1,0.000,0
4.028333,1500.00,1499.70,1,1,3,1,0.000,0
4.029000,1500.00,1499.93,1,1,4,1,0.000,0
4.029667,1500.00,1499.93,1,1,5,1,0.000,0
4.030333,1500.00,1499.70,1,1,6,1,0.000,0
4.031000,1500.00,1499.70,1,1,7,1,0.000,0
4.031667,1500.00,1500.66,1,1,8,1,0.000,0
4.032333,1500.00,1501.50,1,1,9,1,0.000,0
4.033000,1500.00,1500.09,1,1,10,1,0.000,0
4.033667,1500.00,1499.81,1,1,11,1,0.000,0
4.034333,1500.00,1500.38,1,1,12,1,0.000,0
4.035000,1500.00,1500.38,1,1,13,1,0.000,0
4.035667,1500.00,1500.38,1,1,14,1,0.000,0
4.036333,1500.00,1500.38,1,1,15,1,0.000,0
4.037000,1500.00,1499.53,1,1,16,1,0.000,0
4.037667,1500.00,1499.25,1,1,17,1,0.000,0
4.038333,1500.00,1499.81,1,1,18,1,0.000,0
4.039000,1500.00,1499.81,1,1,19,1,0.000,0
4.039667,1500.00,1500.09,1,1,20,1,0.000,0
4.040333,1500.00,1500.09,1,1,21,1,0.000,0
4.041000,1500.00,1500.94,1,1,22,1,0.000,0
4.041667,1500.00,1500.09,1,1,23,1,0.000,0
4.042333,1500.00,1499.81,1,1,24,1,0.000,0
4.043000,1500.00,1500.38,1,1,25,1,0.000,0
4.043667,1500.00,1499.81,1,1,26,1,0.000,0
4.044333,1500.00,1500.38,1,1,27,1,0.000,0
4.045000,1500.00,1500.09,1,1,28,1,0.000,0
4.045667,1500.00,1500.38,1,1,29,1,0.000,0
4.046333,1500.00,1499.53,1,1,30,1,0.000,0
4.047000,1500.00,1499.25,1,1,31,1,0.000,0
4.047667,1500.00,1500.09,1,1,32,1,0.000,0
4.048333,1500.00,1499.81,1,1,33,1,0.000,0
4.049000,1500.00,1499.81,1,1,34,1,0.000,0
4.049667,1500.00,1500.66,1,1,35,1,0.000,0
4.050333,1500.00,1500.09,1,1,36,1,0.000,0
4.051000,1500.00,1499.25,1,1,37,1,0.000,0
4.051667,1500.00,1500.38,1,1,38,1,0.000,0
4.052333,1500.00,1500.66,1,1,39,1,0.000,0
4.053000,1500.00,1499.81,1,1,40,1,0.000,0
4.053667,1500.00,1499.81,1,1,41,1,0.000,0
4.054333,1500.00,1500.38,1,1,42,1,0.000,0
4.055000,1500.00,1498.41,1,1,43,1,0.000,0
4.055667,1500.00,1499.81,1,1,44,1,0.000,0
4.056333,1500.00,1500.38,1,1,45,1,0.000,0
4.057000,1500.00,1499.25,1,1,46,1,0.000,0
4.057667,1500.00,1500.38,1,1,47,1,0.000,0
4.058333,1500.00,1500.09,1,1,48,1,0.000,0
4.059000,1500.00,1500.94,1,1,49,1,0.000,0
4.059667,1500.00,1499.53,1,1,50,1,0.000,0
4.060333,1500.00,1501.22,1,1,51,1,0.000,0
4.061000,1500.00,1499.53,1,1,52,1,0.000,0
4.061667,1500.00,1498.97,1,1,53,1,0.000,0
4.062333,1500.00,1501.22,1,1,54,1,0.000,0
4.063000,1500.00,1499.53,1,1,55,1,0.000,0
4.063667,1500.00,1499.53,1,1,56,1,0.000,0
4.064333,1500.00,1499.53,1,1,57,1,0.000,0
4.066333,1500.00,1500.83,0,0,0,1,0.000,0
4.067000,1500.00,1499.70,0,0,1,1,0.000,0
4.067667,1500.00,1500.38,0,0,2,1,0.000,0
4.068333,1500.00,1500.15,0,0,3,1,0.000,0
4.069000,1500.00,1499.25,0,0,4,1,0.000,0
4.069667,1500.00,1499.93,0,0,5,1,0.000,0
4.070333,1500.00,1500.60,0,0,6,1,0.000,0
4.071000,1500.00,1499.48,0,0,7,1,0.000,0
4.071667,1500.00,1498.69,0,0,8,1,0.000,0
4.072333,1500.00,1500.09,0,0,9,1,0.000,0
4.073000,1500.00,1499.25,0,0,10,1,0.000,0
4.073667,1500.00,1500.66,0,0,11,1,0.000,0
4.074333,1500.00,1500.09,0,0,12,1,0.000,0
4.075000,1500.00,1500.66,0,0,13,1,0.000,0
4.075667,1500.00,1500.09,0,0,14,1,0.000,0
4.076333,1500.00,1500.38,0,0,15,1,0.000,0
4.077000,1500.00,1500.09,0,0,16,1,0.000,0
4.077667,1500.00,1499.53,0,0,17,1,0.000,0
4.078333,1500.00,1500.09,0,0,18,1,0.000,0
4.079000,1500.00,1499.25,0,0,19,1,0.000,0
4.079667,1500.00,1499.25,0,0,20,1,0.000,0
4.080333,1500.00,1499.81,0,0,21,1,0.000,0
4.081000,1500.00,1500.38,0,0,22,1,0.000,0
4.081667,1500.00,1499.81,0,0,23,1,0.000,0
4.082333,1500.00,1501.22,0,0,24,1,0.000,0
4.083000,1500.00,1499.81,0,0,25,1,0.000,0
4.083667,1500.00,1500.38,0,0,26,1,0.000,0
4.084333,1500.00,1500.94,0,0,27,1,0.000,0
4.085000,1500.00,1500.94,0,0,28,1,0.000,0
4.085667,1500.00,1500.09,0,0,29,1,0.000,0
4.086333,1500.00,1498.97,0,0,30,1,0.000,0
4.087000,1500.00,1500.09,0,0,31,1,0.000,0
4.087667,1500.00,1499.53,0,0,32,1,0.000,0
4.088333,1500.00,1500.09,0,0,33,1,0.000,0
4.089000,1500.00,1500.09,0,0,34,1,0.000,0
4.089667,1500.00,1500.09,0,0,35,1,0.000,0
4.090333,1500.00,1499.81,0,0,36,1,0.000,0
4.091000,1500.00,1498.97,0,0,37,1,0.000,0
4.091667,1500.00,1500.94,0,0,38,1,0.000,0
4.092333,1500.00,1500.09,0,0,39,1,0.000,0
4.093000,1500.00,1499.25,0,0,40,1,0.000,0
4.093667,1500.00,1500.38,0,0,41,1,0.000,0
4.094333,1500.00,1500.09,0,0,42,1,0.000,0
4.095000,1500.00,1499.25,0,0,43,1,0.000,0
4.095667,1500.00,1500.38,0,0,44,1,0.000,0
4.096333,1500.00,1501.22,0,0,45,1,0.000,0
4.097000,1500.00,1499.25,0,0,46,1,0.000,0
4.097667,1500.00,1498.97,0,0,47,1,0.000,0
4.098333,1500.00,1500.66,0,0,48,1,0.000,0
4.099000,1500.00,1500.38,0,0,49,1,0.000,0
4.099667,1500.00,1499.25,0,0,50,1,0.000,0
4.100333,1500.00,1500.38,0,0,51,1,0.000,0
4.101000,1500.00,1499.53,0,0,52,1,0.000,0
4.101667,1500.00,1499.53,0,0,53,1,0.000,0
4.102333,1500.00,1499.81,0,0,54,1,0.000,0
4.103000,1500.00,1501.50,0,0,55,1,0.000,0
4.103667,1500.00,1499.53,0,0,56,1,0.000,0
4.104333,1500.00,1499.53,0,0,57,1,0.000,0
4.106333,1500.00,1500.60,0,0,0,1,0.000,0
4.107000,1500.00,1499.93,0,0,1,1,0.000,0
4.107667,1500.00,1500.60,0,0,2,1,0.000,0
4.108333,1500.00,1499.70,0,0,3,1,0.000,0
4.109000,1500.00,1500.60,0,0,4,1,0.000,0
4.109667,1500.00,1499.70,0,0,5,1,0.000,0
4.110333,1500.00,1500.15,0,0,6,1,0.000,0
4.111000,1500.00,1500.15,0,0,7,1,0.000,0
4.111667,1500.00,1499.81,0,0,8,1,0.000,0
4.112333,1500.00,1500.38,0,0,9,1,0.000,0
4.113000,1500.00,1498.97,0,0,10,1,0.000,0
4.113667,1500.00,1499.53,0,0,11,1,0.000,0
4.114333,1500.00,1500.09,0,0,12,1,0.000,0
4.115000,1500.00,1499.53,0,0,13,1,0.000,0
4.115667,1500.00,1500.38,0,0,14,1,0.000,0
4.116333,1500.00,1499.81,0,0,15,1,0.000,0
4.117000,1500.00,1499.81,0,0,16,1,0.000,0
4.117667,1500.00,1499.81,0,0,17,1,0.000,0
4.118333,1500.00,1500.38,0,0,18,1,0.000,0
4.119000,1500.00,1500.66,0,0,19,1,0.000,0
4.119667,1500.00,1500.09,0,0,20,1,0.000,0
4.120333,1500.00,1500.09,0,0,21,1,0.000,0
4.121000,1500.00,1500.09,0,0,22,1,0.000,0
4.121667,1500.00,1499.81,0,0,23,1,0.000,0
4.122333,1500.00,1500.38,0,0,24,1,0.000,0
4.123000,1500.00,1499.53,0,0,25,1,0.000,0
4.123667,1500.00,1500.38,0,0,26,1,0.000,0
4.124333,1500.00,1500.09,0,0,27,1,0.000,0
4.125000,1500.00,1498.69,0,0,28,1,0.000,0
4.125667,1500.00,1499.81,0,0,29,1,0.000,0
4.126333,1500.00,1499.81,0,0,30,1,0.000,0
4.127000,1500.00,1500.09,0,0,31,1,0.000,0
4.127667,1500.00,1499.53,0,0,32,1,0.000,0
4.128333,1500.00,1499.81,0,0,33,1,0.000,0
4.129000,1500.00,1499.53,0,0,34,1,0.000,0
4.129667,1500.00,1499.53,0,0,35,1,0.000,0
4.130333,1500.00,1500.94,0,0,36,1,0.000,0
4.131000,1500.00,1499.53,0,0,37,1,0.000,0
4.131667,1500.00,1499.53,0,0,38,1,0.000,0
4.132333,1500.00,1500.09,0,0,39,1,0.000,0
4.133000,1500.00,1500.66,0,0,40,1,0.000,0
4.133667,1500.00,1500.38,0,0,41,1,0.000,0
4.134333,1500.00,1500.38,0,0,42,1,0.000,0
4.135000,1500.00,1499.81,0,0,43,1,0.000,0
4.135667,1500.00,1500.38,0,0,44,1,0.000,0
4.136333,1500.00,1500.66,0,0,45,1,0.000,0
4.137000,1500.00,1500.09,0,0,46,1,0.000,0
4.137667,1500.00,1500.38,0,0,47,1,0.000,0
4.138333,1500.00,1499.81,0,0,48,1,0.000,0
4.139000,1500.00,1500.09,0,0,49,1,0.000,0
4.139667,1500.00,1499.81,0,0,50,1,0.000,0
4.140333,1500.00,1500.09,0,0,51,1,0.000,0
4.141000,1500.00,1500.09,0,0,52,1,0.000,0
4.141667,1500.00,1500.09,0,0,53,1,0.000,0
4.142333,1500.00,1500.38,0,0,54,1,0.000,0
4.143000,1500.00,1499.53,0,0,55,1,0.000,0
4.143667,1500.00,1500.38,0,0,56,1,0.000,0
4.144333,1500.00,1499.81,0,0,57,1,0.000,0
4.146333,1500.00,1499.70,0,0,0,1,0.000,0
4.147000,1500.00,1500.15,0,0,1,1,0.000,0
4.147667,1500.00,1499.25,0,0,2,1,0.000,0
4.148333,1500.00,1500.38,0,0,3,1,0.000,0
4.149000,1500.00,1499.93,0,0,4,1,0.000,0
4.149667,1500.00,1500.38,0,0,5,1,0.000,0
4.150333,1500.00,1498.80,0,0,6,1,0.000,0
4.151000,1500.00,1499.93,0,0,7,1,0.000,0
4.151667,1500.00,1499.81,0,0,8,1,0.000,0
4.152333,1500.00,1500.66,0,0,9,1,0.000,0
4.153000,1500.00,1500.66,0,0,10,1,0.000,0
4.153667,1500.00,1500.09,0,0,11,1,0.000,0
4.154333,1500.00,1500.38,0,0,12,1,0.000,0
4.155000,1500.00,1499.81,0,0,13,1,0.000,0
4.155667,1500.00,1501.22,0,0,14,1,0.000,0
4.156333,1500.00,1500.38,0,0,15,1,0.000,0
4.157000,1500.00,1500.66,0,0,16,1,0.000,0
4.157667,1500.00,1499.53,0,0,17,1,0.000,0
4.158333,1500.00,1499.25,0,0,18,1,0.000,0
4.159000,1500.00,1498.97,0,0,19,1,0.000,0
4.159667,1500.00,1499.81,0,0,20,1,0.000,0
4.160333,1500.00,1500.38,0,0,21,1,0.000,0
4.161000,1500.00,1499.81,0,0,22,1,0.000,0
4.161667,1500.00,1499.81,0,0,23,1,0.000,0
4.162333,1500.00,1499.53,0,0,24,1,0.000,0
4.163000,1500.00,1500.66,0,0,25,1,0.000,0
4.163667,1500.00,1500.38,0,0,26,1,0.000,0
4.164333,1500.00,1501.22,0,0,27,1,0.000,0
4.165000,1500.00,1500.09,0,0,28,1,0.000,0
4.165667,1500.00,1499.53,0,0,29,1,0.000,0
4.166333,1500.00,1499.81,0,0,30,1,0.000,0
4.167000,1500.00,1500.66,0,0,31,1,0.000,0
4.167667,1500.00,1500.09,0,0,32,1,0.000,0
4.168333,1500.00,1500.09,0,0,33,1,0.000,0
4.169000,1500.00,1499.81,0,0,34,1,0.000,0
4.169667,1500.00,1500.09,0,0,35,1,0.000,0
4.170333,1500.00,1499.81,0,0,36,1,0.000,0
4.171000,1500.00,1500.09,0,0,37,1,0.000,0
4.171667,1500.00,1500.66,0,0,38,1,0.000,0
4.172333,1500.00,1499.53,0,0,39,1,0.000,0
4.173000,1500.00,1500.09,0,0,40,1,0.000,0
4.173667,1500.00,1498.97,0,0,41,1,0.000,0
4.174333,1500.00,1500.66,0,0,42,1,0.000,0
4.175000,1500.00,1499.53,0,0,43,1,0.000,0
4.175667,1500.00,1500.38,0,0,44,1,0.000,0
4.176333,1500.00,1500.38,0,0,45,1,0.000,0
4.177000,1500.00,1499.53,0,0,46,1,0.000,0
4.177667,1500.00,1500.09,0,0,47,1,0.000,0
4.178333,1500.00,1500.38,0,0,48,1,0.000,0
4.179000,1500.00,1500.66,0,0,49,1,0.000,0
4.179667,1500.00,1499.81,0,0,50,1,0.000,0
4.180333,1500.00,1499.81,0,0,51,1,0.000,0
4.181000,1500.00,1499.25,0,0,52,1,0.000,0
4.181667,1500.00,1499.53,0,0,53,1,0.000,0
4.182333,1500.00,1500.38,0,0,54,1,0.000,0
4.183000,1500.00,1498.97,0,0,55,1,0.000,0
4.183667,1500.00,1499.53,0,0,56,1,0.000,0
4.184333,1500.00,1499.25,0,0,57,1,0.000,0
4.186333,1500.00,1499.93,0,0,0,1,0.000,0
4.187000,1500.00,1500.38,0,0,1,1,0.000,0
4.187667,1500.00,1499.70,0,0,2,1,0.000,0
4.188333,1500.00,1500.15,0,0,3,1,0.000,0
4.189000,1500.00,1499.93,0,0,4,1,0.000,0
4.189667,1500.00,1500.38,0,0,5,1,0.000,0
4.190333,1500.00,1499.70,0,0,6,1,0.000,0
4.191000,1500.00,1500.38,0,0,7,1,0.000,0
4.191667,1500.00,1500.38,0,0,8,1,0.000,0
4.192333,1500.00,1499.53,0,0,9,1,0.000,0
4.193000,1500.00,1500.38,0,0,10,1,0.000,0
4.193667,1500.00,1499.81,0,0,11,1,0.000,0
4.194333,1500.00,1499.81,0,0,12,1,0.000,0
4.195000,1500.00,1500.09,0,0,13,1,0.000,0
4.195667,1500.00,1500.66,0,0,14,1,0.000,0
4.196333,1500.00,1499.53,0,0,15,1,0.000,0
4.197000,1500.00,1499.25,0,0,16,1,0.000,0
4.197667,1500.00,1500.09,0,0,17,1,0.000,0
4.198333,1500.00,1499.81,0,0,18,1,0.000,0
4.199000,1500.00,1499.53,0,0,19,1,0.000,0
4.199667,1500.00,1499.81,0,0,20,1,0.000,0
4.200333,1500.00,1500.94,0,0,21,1,0.000,0
4.201000,1500.00,1499.25,0,0,22,1,0.000,0
4.201667,1500.00,1499.53,0,0,23,1,0.000,0
4.202333,1500.00,1499.81,0,0,24,1,0.000,0
4.203000,1500.00,1500.09,0,0,25,1,0.000,0
4.203667,1500.00,1500.66,0,0,26,1,0.000,0
4.204333,1500.00,1500.94,0,0,27,1,0.000,0
4.205000,1500.00,1500.66,0,0,28,1,0.000,0
4.205667,1500.00,1498.69,0,0,29,1,0.000,0
4.206333,1500.00,1501.50,0,0,30,1,0.000,0
4.207000,1500.00,1501.50,0,0,31,1,0.000,0
4.207667,1500.00,1499.81,0,0,32,1,0.000,0
4.208333,1500.00,1500.38,0,0,33,1,0.000,0
4.209000,1500.00,1499.81,0,0,34,1,0.000,0
4.209667,1500.00,1499.25,0,0,35,1,0.000,0
4.210333,1500.00,1499.25,0,0,36,1,0.000,0
4.211000,1500.00,1501.22,0,0,37,1,0.000,0
4.211667,1500.00,1498.69,0,0,38,1,0.000,0
4.212333,1500.00,1498.69,0,0,39,1,0.000,0
4.213000,1500.00,1500.38,0,0,40,1,0.000,0
4.213667,1500.00,1499.25,0,0,41,1,0.000,0
4.214333,1500.00,1500.66,0,0,42,1,0.000,0
4.215000,1500.00,1500.09,0,0,43,1,0.000,0
4.215667,1500.00,1500.09,0,0,44,1,0.000,0
4.216333,1500.00,1499.53,0,0,45,1,0.000,0
4.217000,1500.00,1500.66,0,0,46,1,0.000,0
4.217667,1500.00,1500.09,0,0,47,1,0.000,0
4.218333,1500.00,1500.09,0,0,48,1,0.000,0
4.219000,1500.00,1500.09,0,0,49,1,0.000,0
4.219667,1500.00,1499.25,0,0,50,1,0.000,0
4.220333,1500.00,1500.09,0,0,51,1,0.000,0
4.221000,1500.00,1500.09,0,0,52,1,0.000,0
4.221667,1500.00,1499.81,0,0,53,1,0.000,0
4.222333,1500.00,1500.38,0,0,54,1,0.000,0
4.223000,1500.00,1501.22,0,0,55,1,0.000,0
4.223667,1500.00,1500.38,0,0,56,1,0.000,0
4.224333,1500.00,1500.38,0,0,57,1,0.000,0
4.226333,1500.00,1499.93,1,1,0,0,0.000,0
4.227000,1500.00,1500.38,1,1,1,0,0.000,0
4.227667,1500.00,1500.38,1,1,2,0,0.000,0
4.228333,1500.00,1499.70,1,1,3,0,0.000,0
4.229000,1500.00,1499.48,1,1,4,0,0.000,0
4.229667,1500.00,1499.70,1,1,5,0,0.000,0
4.230333,1500.00,1499.93,1,1,6,0,0.000,0
4.231000,1500.00,1499.70,1,1,7,0,0.000,0
4.231667,1500.00,1500.66,1,1,8,0,0.000,0
4.232333,1500.00,1499.25,1,1,9,0,0.000,0
4.233000,1500.00,1499.81,1,1,10,0,0.000,0
4.233667,1500.00,1500.38,1,1,11,0,0.000,0
4.234333,1500.00,1500.09,1,1,12,0,0.000,0
4.235000,1500.00,1500.09,1,1,13,0,0.000,0
4.235667,1500.00,1499.81,1,1,14,0,0.000,0
4.236333,1500.00,1499.81,1,1,15,0,0.000,0
4.237000,1500.00,1499.81,1,1,16,0,0.000,0
4.237667,1500.00,1500.09,1,1,17,0,0.000,0
4.238333,1500.00,1499.81,1,1,18,0,0.000,0
4.239000,1500.00,1500.09,1,1,19,0,0.000,0
4.239667,1500.00,1500.09,1,1,20,0,0.000,0
4.240333,1500.00,1499.81,1,1,21,0,0.000,0
4.241000,1500.00,1500.09,1,1,22,0,0.000,0
4.241667,1500.00,1500.66,1,1,23,0,0.000,0
4.242333,1500.00,1499.25,1,1,24,0,0.000,0
4.243000,1500.00,1500.09,1,1,25,0,0.000,0
4.243667,1500.00,1499.81,1,1,26,0,0.000,0
4.244333,1500.00,1500.09,1,1,27,0,0.000,0
4.245000,1500.00,1499.81,1,1,28,0,0.000,0
4.245667,1500.00,1500.09,1,1,29,0,0.000,0
4.246333,1500.00,1500.66,1,1,30,0,0.000,0
4.247000,1500.00,1499.53,1,1,31,0,0.000,0
4.247667,1500.00,1500.66,1,1,32,0,0.000,0
4.248333,1500.00,1500.94,1,1,33,0,0.000,0
4.249000,1500.00,1500.38,1,1,34,0,0.000,0
4.249667,1500.00,1499.81,1,1,35,0,0.000,0
4.250333,1500.00,1500.09,1,1,36,0,0.000,0
4.251000,1500.00,1499.53,1,1,37,0,0.000,0
4.251667,1500.00,1499.53,1,1,38,0,0.000,0
4.252333,1500.00,1499.81,1,1,39,0,0.000,0
4.253000,1500.00,1499.53,1,1,40,0,0.000,0
4.253667,1500.00,1498.97,1,1,41,0,0.000,0
4.254333,1500.00,1499.53,1,1,42,0,0.000,0
4.255000,1500.00,1499.81,1,1,43,0,0.000,0
4.255667,1500.00,1500.38,1,1,44,0,0.000,0
4.256333,1500.00,1500.94,1,1,45,0,0.000,0
4.257000,1500.00,1500.09,1,1,46,0,0.000,0
4.257667,1500.00,1499.81,1,1,47,0,0.000,0
4.258333,1500.00,1500.66,1,1,48,0,0.000,0
4.259000,1500.00,1500.66,1,1,49,0,0.000,0
4.259667,1500.00,1499.53,1,1,50,0,0.000,0
4.260333,1500.00,1500.66,1,1,51,0,0.000,0
4.261000,1500.00,1499.53,1,1,52,0,0.000,0
4.261667,1500.00,1498.69,1,1,53,0,0.000,0
4.262333,1500.00,1499.53,1,1,54,0,0.000,0
4.263000,1500.00,1500.66,1,1,55,0,0.000,0
4.263667,1500.00,1499.25,1,1,56,0,0.000,0
4.264333,1500.00,1499.81,1,1,57,0,0.000,0
4.266333,1500.00,1500.15,1,1,0,1,0.000,0
4.267000,1500.00,1499.48,1,1,1,1,0.000,0
4.267667,1500.00,1500.15,1,1,2,1,0.000,0
4.268333,1500.00,1500.38,1,1,3,1,0.000,0
4.269000,1500.00,1500.38,1,1,4,1,0.000,0
4.269667,1500.00,1499.70,1,1,5,1,0.000,0
4.270333,1500.00,1499.93,1,1,6,1,0.000,0
4.271000,1500.00,1499.93,1,1,7,1,0.000,0
4.271667,1500.00,1500.09,1,1,8,1,0.000,0
4.272333,1500.00,1500.66,1,1,9,1,0.000,0
4.273000,1500.00,1500.38,1,1,10,1,0.000,0
4.273667,1500.00,1500.09,1,1,11,1,0.000,0
4.274333,1500.00,1499.25,1,1,12,1,0.000,0
4.275000,1500.00,1500.09,1,1,13,1,0.000,0
4.275667,1500.00,1499.81,1,1,14,1,0.000,0
4.276333,1500.00,1499.81,1,1,15,1,0.000,0
4.277000,1500.00,1500.38,1,1,16,1,0.000,0
4.277667,1500.00,1499.53,1,1,17,1,0.000,0
4.278333,1500.00,1499.53,1,1,18,1,0.000,0
4.279000,1500.00,1500.09,1,1,19,1,0.000,0
4.279667,1500.00,1500.09,1,1,20,1,0.000,0
4.280333,1500.00,1500.94,1,1,21,1,0.000,0
4.281000,1500.00,1500.09,1,1,22,1,0.000,0
4.281667,1500.00,1500.09,1,1,23,1,0.000,0
4.282333,1500.00,1499.81,1,1,24,1,0.000,0
4.283000,1500.00,1500.09,1,1,25,1,0.000,0
4.283667,1500.00,1500.09,1,1,26,1,0.000,0
4.284333,1500.00,1499.81,1,1,27,1,0.000,0
4.285000,1500.00,1500.38,1,1,28,1,0.000,0
4.285667,1500.00,1499.53,1,1,29,1,0.000,0
4.286333,1500.00,1500.66,1,1,30,1,0.000,0
4.287000,1500.00,1500.38,1,1,31,1,0.000,0
4.287667,1500.00,1501.22,1,1,32,1,0.000,0
4.288333,1500.00,1500.38,1,1,33,1,0.000,0
4.289000,1500.00,1500.09,1,1,34,1,0.000,0
4.289667,1500.00,1500.66,1,1,35,1,0.000,0
4.290333,1500.00,1499.81,1,1,36,1,0.000,0
4.291000,1500.00,1500.09,1,1,37,1,0.000,0
4.291667,1500.00,1500.09,1,1,38,1,0.000,0
4.292333,1500.00,1499.25,1,1,39,1,0.000,0
4.293000,1500.00,1498.97,1,1,40,1,0.000,0
4.293667,1500.00,1499.81,1,1,41,1,0.000,0
4.294333,1500.00,1499.53,1,1,42,1,0.000,0
4.295000,1500.00,1499.81,1,1,43,1,0.000,0
4.295667,1500.00,1500.38,1,1,44,1,0.000,0
4.296333,1500.00,1499.53,1,1,45,1,0.000,0
4.297000,1500.00,1499.81,1,1,46,1,0.000,0
4.297667,1500.00,1500.09,1,1,47,1,0.000,0
4.298333,1500.00,1500.38,1,1,48,1,0.000,0
4.299000,1500.00,1499.81,1,1,49,1,0.000,0
4.299667,1500.00,1500.38,1,1,50,1,0.000,0
4.300333,1500.00,1500.09,1,1,51,1,0.000,0
4.301000,1500.00,1500.66,1,1,52,1,0.000,0
4.301667,1500.00,1499.53,1,1,53,1,0.000,0
4.302333,1500.00,1500.38,1,1,54,1,0.000,0
4.303000,1500.00,1500.09,1,1,55,1,0.000,0
4.303667,1500.00,1500.09,1,1,56,1,0.000,0
4.304333,1500.00,1500.09,1,1,57,1,0.000,0
4.306333,1500.00,1499.93,1,1,0,0,0.000,0
4.307000,1500.00,1499.48,1,1,1,0,0.000,0
4.307667,1500.00,1498.80,1,1,2,0,0.000,0
4.308333,1500.00,1500.38,1,1,3,0,0.000,0
4.309000,1500.00,1500.38,1,1,4,0,0.000,0
4.309667,1500.00,1500.38,1,1,5,0,0.000,0
4.310333,1500.00,1499.70,1,1,6,0,0.000,0
4.311000,1500.00,1500.15,1,1,7,0,0.000,0
4.311667,1500.00,1499.53,1,1,8,0,0.000,0
4.312333,1500.00,1500.38,1,1,9,0,0.000,0
4.313000,1500.00,1501.50,1,1,10,0,0.000,0
4.313667,1500.00,1500.38,1,1,11,0,0.000,0
4.314333,1500.00,1498.41,1,1,12,0,0.000,0
4.315000,1500.00,1500.09,1,1,13,0,0.000,0
4.315667,1500.00,1499.53,1,1,14,0,0.000,0
4.316333,1500.00,1500.38,1,1,15,0,0.000,0
4.317000,1500.00,1500.38,1,1,16,0,0.000,0
4.317667,1500.00,1499.25,1,1,17,0,0.000,0
4.318333,1500.00,1499.81,1,1,18,0,0.000,0
4.319000,1500.00,1499.53,1,1,19,0,0.000,0
4.319667,1500.00,1500.38,1,1,20,0,0.000,0
4.320333,1500.00,1499.53,1,1,21,0,0.000,0
4.321000,1500.00,1500.38,1,1,22,0,0.000,0
4.321667,1500.00,1499.25,1,1,23,0,0.000,0
4.322333,1500.00,1499.81,1,1,24,0,0.000,0
4.323000,1500.00,1500.09,1,1,25,0,0.000,0
4.323667,1500.00,1499.81,1,1,26,0,0.000,0
4.324333,1500.00,1499.81,1,1,27,0,0.000,0
4.325000,1500.00,1500.38,1,1,28,0,0.000,0
4.325667,1500.00,1500.94,1,1,29,0,0.000,0
4.326333,1500.00,1499.81,1,1,30,0,0.000,0
4.327000,1500.00,1499.53,1,1,31,0,0.000,0
4.327667,1500.00,1500.09,1,1,32,0,0.000,0
4.328333,1500.00,1500.66,1,1,33,0,0.000,0
4.329000,1500.00,1499.81,1,1,34,0,0.000,0
4.329667,1500.00,1500.66,1,1,35,0,0.000,0
4.330333,1500.00,1499.81,1,1,36,0,0.000,0
4.331000,1500.00,1499.25,1,1,37,0,0.000,0
4.331667,1500.00,1500.66,1,1,38,0,0.000,0
4.332333,1500.00,1501.22,1,1,39,0,0.000,0
4.333000,1500.00,1500.09,1,1,40,0,0.000,0
4.333667,1500.00,1500.66,1,1,41,0,0.000,0
4.334333,1500.00,1499.53,1,1,42,0,0.000,0
4.335000,1500.00,1499.81,1,1,43,0,0.000,0
4.335667,1500.00,1500.09,1,1,44,0,0.000,0
4.336333,1500.00,1500.94,1,1,45,0,0.000,0
4.337000,1500.00,1499.53,1,1,46,0,0.000,0
4.337667,1500.00,1499.53,1,1,47,0,0.000,0
4.338333,1500.00,1500.09,1,1,48,0,0.000,0
4.339000,1500.00,1499.53,1,1,49,0,0.000,0
4.339667,1500.00,1500.09,1,1,50,0,0.000,0
4.340333,1500.00,1499.25,1,1,51,0,0.000,0
4.341000,1500.00,1500.09,1,1,52,0,0.000,0
4.341667,1500.00,1499.25,1,1,53,0,0.000,0
4.342333,1500.00,1499.53,1,1,54,0,0.000,0
4.343000,1500.00,1500.09,1,1,55,0,0.000,0
4.343667,1500.00,1500.94,1,1,56,0,0.000,0
4.344333,1500.00,1499.53,1,1,57,0,0.000,0
4.346333,1500.00,1500.60,1,1,0,1,0.000,0
4.347000,1500.00,1500.15,1,1,1,1,0.000,0
4.347667,1500.00,1499.70,1,1,2,1,0.000,0
4.348333,1500.00,1500.15,1,1,3,1,0.000,0
4.349000,1500.00,1500.15,1,1,4,1,0.000,0
4.349667,1500.00,1499.93,1,1,5,1,0.000,0
4.350333,1500.00,1499.48,1,1,6,1,0.000,0
4.351000,1500.00,1500.83,1,1,7,1,0.000,0
4.351667,1500.00,1499.25,1,1,8,1,0.000,0
4.352333,1500.00,1499.81,1,1,9,1,0.000,0
4.353000,1500.00,1500.94,1,1,10,1,0.000,0
4.353667,1500.00,1499.53,1,1,11,1,0.000,0
4.354333,1500.00,1500.38,1,1,12,1,0.000,0
4.355000,1500.00,1500.09,1,1,13,1,0.000,0
4.355667,1500.00,1499.81,1,1,14,1,0.000,0
4.356333,1500.00,1499.25,1,1,15,1,0.000,0
4.357000,1500.00,1500.09,1,1,16,1,0.000,0
4.357667,1500.00,1500.09,1,1,17,1,0.000,0
4.358333,1500.00,1498.97,1,1,18,1,0.000,0
4.359000,1500.00,1500.66,1,1,19,1,0.000,0
4.359667,1500.00,1499.53,1,1,20,1,0.000,0
4.360333,1500.00,1500.09,1,1,21,1,0.000,0
4.361000,1500.00,1499.53,1,1,22,1,0.000,0
4.361667,1500.00,1500.09,1,1,23,1,0.000,0
4.362333,1500.00,1500.09,1,1,24,1,0.000,0
4.363000,1500.00,1500.66,1,1,25,1,0.000,0
4.363667,1500.00,1500.38,1,1,26,1,0.000,0
4.364333,1500.00,1499.25,1,1,27,1,0.000,0
4.365000,1500.00,1501.50,1,1,28,1,0.000,0
4.365667,1500.00,1498.69,1,1,29,1,0.000,0
4.366333,1500.00,1501.22,1,1,30,1,0.000,0
4.367000,1500.00,1499.53,1,1,31,1,0.000,0
4.367667,1500.00,1500.38,1,1,32,1,0.000,0
4.368333,1500.00,1499.53,1,1,33,1,0.000,0
4.369000,1500.00,1500.38,1,1,34,1,0.000,0
4.369667,1500.00,1500.38,1,1,35,1,0.000,0
4.370333,1500.00,1499.25,1,1,36,1,0.000,0
4.371000,1500.00,1500.94,1,1,37,1,0.000,0
4.371667,1500.00,1499.25,1,1,38,1,0.000,0
4.372333,1500.00,1500.09,1,1,39,1,0.000,0
4.373000,1500.00,1499.81,1,1,40,1,0.000,0
4.373667,1500.00,1500.66,1,1,41,1,0.000,0
4.374333,1500.00,1500.09,1,1,42,1,0.000,0
4.375000,1500.00,1499.81,1,1,43,1,0.000,0
4.375667,1500.00,1500.09,1,1,44,1,0.000,0
4.376333,1500.00,1500.09,1,1,45,1,0.000,0
4.377000,1500.00,1499.81,1,1,46,1,0.000,0
4.377667,1500.00,1499.81,1,1,47,1,0.000,0
4.378333,1500.00,1499.25,1,1,48,1,0.000,0
4.379000,1500.00,1499.81,1,1,49,1,0.000,0
4.379667,1500.00,1499.25,1,1,50,1,0.000,0
4.380333,1500.00,1499.53,1,1,51,1,0.000,0
4.381000,1500.00,1498.97,1,1,52,1,0.000,0
4.381667,1500.00,1498.97,1,1,53,1,0.000,0
4.382333,1500.00,1500.66,1,1,54,1,0.000,0
4.383000,1500.00,1500.66,1,1,55,1,0.000,0
4.383667,1500.00,1500.94,1,1,56,1,0.000,0
4.384333,1500.00,1500.66,1,1,57,1,0.000,0
4.386333,1500.00,1500.15,1,1,0,0,0.000,0
4.387000,1500.00,1500.38,1,1,1,0,0.000,0
4.387667,1500.00,1499.93,1,1,2,0,0.000,0
4.388333,1500.00,1500.60,1,1,3,0,0.000,0
4.389000,1500.00,1499.25,1,1,4,0,0.000,0
4.389667,1500.00,1500.15,1,1,5,0,0.000,0
4.390333,1500.00,1499.70,1,1,6,0,0.000,0
4.391000,1500.00,1499.48,1,1,7,0,0.000,0
4.391667,1500.00,1500.09,1,1,8,0,0.000,0
4.392333,1500.00,1500.09,1,1,9,0,0.000,0
4.393000,1500.00,1500.94,1,1,10,0,0.000,0
4.393667,1500.00,1499.53,1,1,11,0,0.000,0
4.394333,1500.00,1500.38,1,1,12,0,0.000,0
4.395000,1500.00,1499.53,1,1,13,0,0.000,0
4.395667,1500.00,1499.81,1,1,14,0,0.000,0
4.396333,1500.00,1498.97,1,1,15,0,0.000,0
4.397000,1500.00,1500.38,1,1,16,0,0.000,0
4.397667,1500.00,1499.25,1,1,17,0,0.000,0
4.398333,1500.00,1499.81,1,1,18,0,0.000,0
4.399000,1500.00,1500.38,1,1,19,0,0.000,0
4.399667,1500.00,1499.81,1,1,20,0,0.000,0
4.400333,1500.00,1499.53,1,1,21,0,0.000,0
4.401000,1500.00,1500.38,1,1,22,0,0.000,0
4.401667,1500.00,1500.66,1,1,23,0,0.000,0
4.402333,1500.00,1499.53,1,1,24,0,0.000,0
4.403000,1500.00,1500.09,1,1,25,0,0.000,0
4.403667,1500.00,1499.81,1,1,26,0,0.000,0
4.404333,1500.00,1499.53,1,1,27,0,0.000,0
4.405000,1500.00,1500.09,1,1,28,0,0.000,0
4.405667,1500.00,1501.22,1,1,29,0,0.000,0
4.406333,1500.00,1499.53,1,1,30,0,0.000,0
4.407000,1500.00,1500.94,1,1,31,0,0.000,0
4.407667,1500.00,1500.09,1,1,32,0,0.000,0
4.408333,1500.00,1500.38,1,1,33,0,0.000,0
4.409000,1500.00,1500.38,1,1,34,0,0.000,0
4.409667,1500.00,1500.38,1,1,35,0,0.000,0
4.410333,1500.00,1500.09,1,1,36,0,0.000,0
4.411000,1500.00,1499.25,1,1,37,0,0.000,0
4.411667,1500.00,1500.38,1,1,38,0,0.000,0
4.412333,1500.00,1499.25,1,1,39,0,0.000,0
4.413000,1500.00,1500.09,1,1,40,0,0.000,0
4.413667,1500.00,1500.09,1,1,41,0,0.000,0
4.414333,1500.00,1499.25,1,1,42,0,0.000,0
4.415000,1500.00,1500.38,1,1,43,0,0.000,0
4.415667,1500.00,1499.81,1,1,44,0,0.000,0
4.416333,1500.00,1499.53,1,1,45,0,0.000,0
4.417000,1500.00,1499.25,1,1,46,0,0.000,0
4.417667,1500.00,1499.81,1,1,47,0,0.000,0
4.418333,1500.00,1499.81,1,1,48,0,0.000,0
4.419000,1500.00,1500.38,1,1,49,0,0.000,0
4.419667,1500.00,1500.94,1,1,50,0,0.000,0
4.420333,1500.00,1500.38,1,1,51,0,0.000,0
4.421000,1500.00,1500.09,1,1,52,0,0.000,0
4.421667,1500.00,1500.38,1,1,53,0,0.000,0
4.422333,1500.00,1501.22,1,1,54,0,0.000,0
4.423000,1500.00,1500.09,1,1,55,0,0.000,0
4.423667,1500.00,1500.38,1,1,56,0,0.000,0
4.424333,1500.00,1499.81,1,1,57,0,0.000,0
4.426333,1500.00,1499.48,1,1,0,1,0.000,0
4.427000,1500.00,1499.70,1,1,1,1,0.000,0
4.427667,1500.00,1499.70,1,1,2,1,0.000,0
4.428333,1500.00,1500.15,1,1,3,1,0.000,0
4.429000,1500.00,1499.48,1,1,4,1,0.000,0
4.429667,1500.00,1499.93,1,1,5,1,0.000,0
4.430333,1500.00,1499.93,1,1,6,1,0.000,0
4.431000,1500.00,1499.93,1,1,7,1,0.000,0
4.431667,1500.00,1500.09,1,1,8,1,0.000,0
4.432333,1500.00,1500.09,1,1,9,1,0.000,0
4.433000,1500.00,1500.38,1,1,10,1,0.000,0
4.433667,1500.00,1499.81,1,1,11,1,0.000,0
4.434333,1500.00,1499.81,1,1,12,1,0.000,0
4.435000,1500.00,1500.38,1,1,13,1,0.000,0
4.435667,1500.00,1500.09,1,1,14,1,0.000,0
4.436333,1500.00,1500.66,1,1,15,1,0.000,0
4.437000,1500.00,1499.81,1,1,16,1,0.000,0
4.437667,1500.00,1499.81,1,1,17,1,0.000,0
4.438333,1500.00,1500.09,1,1,18,1,0.000,0
4.439000,1500.00,1500.38,1,1,19,1,0.000,0
4.439667,1500.00,1500.38,1,1,20,1,0.000,0
4.440333,1500.00,1500.09,1,1,21,1,0.000,0
4.441000,1500.00,1499.53,1,1,22,1,0.000,0
4.441667,1500.00,1499.25,1,1,23,1,0.000,0
4.442333,1500.00,1500.38,1,1,24,1,0.000,0
4.443000,1500.00,1500.38,1,1,25,1,0.000,0
4.443667,1500.00,1500.38,1,1,26,1,0.000,0
4.444333,1500.00,1499.53,1,1,27,1,0.000,0
4.445000,1500.00,1499.81,1,1,28,1,0.000,0
4.445667,1500.00,1500.09,1,1,29,1,0.000,0
4.446333,1500.00,1500.38,1,1,30,1,0.000,0
4.447000,1500.00,1499.81,1,1,31,1,0.000,0
4.447667,1500.00,1499.81,1,1,32,1,0.000,0
4.448333,1500.00,1499.81,1,1,33,1,0.000,0
4.449000,1500.00,1499.25,1,1,34,1,0.000,0
4.449667,1500.00,1500.09,1,1,35,1,0.000,0
4.450333,1500.00,1500.94,1,1,36,1,0.000,0
4.451000,1500.00,1499.81,1,1,37,1,0.000,0
4.451667,1500.00,1500.09,1,1,38,1,0.000,0
4.452333,1500.00,1499.81,1,1,39,1,0.000,0
4.453000,1500.00,1500.38,1,1,40,1,0.000,0
4.453667,1500.00,1499.25,1,1,41,1,0.000,0
4.454333,1500.00,1500.66,1,1,42,1,0.000,0
4.455000,1500.00,1499.81,1,1,43,1,0.000,0
4.455667,1500.00,1499.25,1,1,44,1,0.000,0
4.456333,1500.00,1499.53,1,1,45,1,0.000,0
4.457000,1500.00,1499.81,1,1,46,1,0.000,0
4.457667,1500.00,1500.38,1,1,47,1,0.000,0
4.458333,1500.00,1499.53,1,1,48,1,0.000,0
4.459000,1500.00,1500.94,1,1,49,1,0.000,0
4.459667,1500.00,1499.81,1,1,50,1,0.000,0
4.460333,1500.00,1500.09,1,1,51,1,0.000,0
4.461000,1500.00,1500.38,1,1,52,1,0.000,0
4.461667,1500.00,1499.53,1,1,53,1,0.000,0
4.462333,1500.00,1499.53,1,1,54,1,0.000,0
4.463000,1500.00,1500.09,1,1,55,1,0.000,0
4.463667,1500.00,1500.38,1,1,56,1,0.000,0
4.464333,1500.00,1500.09,1,1,57,1,0.000,0
4.466333,1500.00,1500.38,1,1,0,0,0.000,0
4.467000,1500.00,1499.70,1,1,1,0,0.000,0
4.467667,1500.00,1499.48,1,1,2,0,0.000,0
4.468333,1500.00,1500.38,1,1,3,0,0.000,0
4.469000,1500.00,1501.05,1,1,4,0,0.000,0
4.469667,1500.00,1499.93,1,1,5,0,0.000,0
4.470333,1500.00,1499.93,1,1,6,0,0.000,0
4.471000,1500.00,1499.48,1,1,7,0,0.000,0
4.471667,1500.00,1499.81,1,1,8,0,0.000,0
4.472333,1500.00,1500.94,1,1,9,0,0.000,0
4.473000,1500.00,1499.81,1,1,10,0,0.000,0
4.473667,1500.00,1500.66,1,1,11,0,0.000,0
4.474333,1500.00,1499.25,1,1,12,0,0.000,0
4.475000,1500.00,1500.09,1,1,13,0,0.000,0
4.475667,1500.00,1500.38,1,1,14,0,0.000,0
4.476333,1500.00,1500.38,1,1,15,0,0.000,0
4.477000,1500.00,1499.25,1,1,16,0,0.000,0
4.477667,1500.00,1500.09,1,1,17,0,0.000,0
4.478333,1500.00,1499.81,1,1,18,0,0.000,0
4.479000,1500.00,1498.97,1,1,19,0,0.000,0
4.479667,1500.00,1499.25,1,1,20,0,0.000,0
4.480333,1500.00,1500.09,1,1,21,0,0.000,0
4.481000,1500.00,1499.25,1,1,22,0,0.000,0
4.481667,1500.00,1500.09,1,1,23,0,0.000,0
4.482333,1500.00,1500.38,1,1,24,0,0.000,0
4.483000,1500.00,1499.81,1,1,25,0,0.000,0
4.483667,1500.00,1500.66,1,1,26,0,0.000,0
4.484333,1500.00,1501.78,1,1,27,0,0.000,0
4.485000,1500.00,1500.66,1,1,28,0,0.000,0
4.485667,1500.00,1500.38,1,1,29,0,0.000,0
4.486333,1500.00,1500.38,1,1,30,0,0.000,0
4.487000,1500.00,1500.09,1,1,31,0,0.000,0
4.487667,1500.00,1500.09,1,1,32,0,0.000,0
4.488333,1500.00,1500.09,1,1,33,0,0.000,0
4.489000,1500.00,1500.09,1,1,34,0,0.000,0
4.489667,1500.00,1498.97,1,1,35,0,0.000,0
4.490333,1500.00,1499.81,1,1,36,0,0.000,0
4.491000,1500.00,1499.81,1,1,37,0,0.000,0
4.491667,1500.00,1499.53,1,1,38,0,0.000,0
4.492333,1500.00,1500.09,1,1,39,0,0.000,0
4.493000,1500.00,1499.53,1,1,40,0,0.000,0
4.493667,1500.00,1500.09,1,1,41,0,0.000,0
4.494333,1500.00,1499.53,1,1,42,0,0.000,0
4.495000,1500.00,1500.09,1,1,43,0,0.000,0
4.495667,1500.00,1499.81,1,1,44,0,0.000,0
4.496333,1500.00,1499.53,1,1,45,0,0.000,0
4.497000,1500.00,1500.09,1,1,46,0,0.000,0
4.497667,1500.00,1499.53,1,1,47,0,0.000,0
4.498333,1500.00,1500.38,1,1,48,0,0.000,0
4.499000,1500.00,1499.25,1,1,49,0,0.000,0
4.499667,1500.00,1500.09,1,1,50,0,0.000,0
4.500333,1500.00,1499.53,1,1,51,0,0.000,0
4.501000,1500.00,1500.66,1,1,52,0,0.000,0
4.501667,1500.00,1500.09,1,1,53,0,0.000,0
4.502333,1500.00,1500.38,1,1,54,0,0.000,0
4.503000,1500.00,1500.38,1,1,55,0,0.000,0
4.503667,1500.00,1500.38,1,1,56,0,0.000,0
4.504333,1500.00,1500.09,1,1,57,0,0.000,0
4.506333,1500.00,1500.15,1,1,0,1,0.000,0
4.507000,1500.00,1500.15,1,1,1,1,0.000,0
4.507667,1500.00,1499.70,1,1,2,1,0.000,0
4.508333,1500.00,1500.15,1,1,3,1,0.000,0
4.509000,1500.00,1500.15,1,1,4,1,0.000,0
4.509667,1500.00,1499.93,1,1,5,1,0.000,0
4.510333,1500.00,1499.70,1,1,6,1,0.000,0
4.511000,1500.00,1500.15,1,1,7,1,0.000,0
4.511667,1500.00,1499.81,1,1,8,1,0.000,0
4.512333,1500.00,1500.09,1,1,9,1,0.000,0
4.513000,1500.00,1500.09,1,1,10,1,0.000,0
4.513667,1500.00,1500.09,1,1,11,1,0.000,0
4.514333,1500.00,1500.66,1,1,12,1,0.000,0
4.515000,1500.00,1499.53,1,1,13,1,0.000,0
4.515667,1500.00,1500.09,1,1,14,1,0.000,0
4.516333,1500.00,1500.09,1,1,15,1,0.000,0
4.517000,1500.00,1500.09,1,1,16,1,0.000,0
4.517667,1500.00,1500.09,1,1,17,1,0.000,0
4.518333,1500.00,1500.38,1,1,18,1,0.000,0
4.519000,1500.00,1500.09,1,1,19,1,0.000,0
4.519667,1500.00,1498.41,1,1,20,1,0.000,0
4.520333,1500.00,1500.09,1,1,21,1,0.000,0
4.521000,1500.00,1500.38,1,1,22,1,0.000,0
4.521667,1500.00,1499.81,1,1,23,1,0.000,0
4.522333,1500.00,1500.09,1,1,24,1,0.000,0
4.523000,1500.00,1499.81,1,1,25,1,0.000,0
4.523667,1500.00,1499.53,1,1,26,1,0.000,0
4.524333,1500.00,1500.38,1,1,27,1,0.000,0
4.525000,1500.00,1500.66,1,1,28,1,0.000,0
4.525667,1500.00,1500.09,1,1,29,1,0.000,0
4.526333,1500.00,1499.53,1,1,30,1,0.000,0
4.527000,1500.00,1500.09,1,1,31,1,0.000,0
4.527667,1500.00,1499.81,1,1,32,1,0.000,0
4.528333,1500.00,1500.09,1,1,33,1,0.000,0
4.529000,1500.00,1500.09,1,1,34,1,0.000,0
4.529667,1500.00,1499.53,1,1,35,1,0.000,0
4.530333,1500.00,1499.81,1,1,36,1,0.000,0
4.531000,1500.00,1500.38,1,1,37,1,0.000,0
4.531667,1500.00,1500.38,1,1,38,1,0.000,0
4.532333,1500.00,1500.09,1,1,39,1,0.000,0
4.533000,1500.00,1500.09,1,1,40,1,0.000,0
4.533667,1500.00,1499.81,1,1,41,1,0.000,0
4.534333,1500.00,1500.09,1,1,42,1,0.000,0
4.535000,1500.00,1500.09,1,1,43,1,0.000,0
4.535667,1500.00,1500.09,1,1,44,1,0.000,0
4.536333,1500.00,1498.97,1,1,45,1,0.000,0
4.537000,1500.00,1498.97,1,1,46,1,0.000,0
4.537667,1500.00,1499.81,1,1,47,1,0.000,0
4.538333,1500.00,1500.09,1,1,48,1,0.000,0
4.539000,1500.00,1499.81,1,1,49,1,0.000,0
4.539667,1500.00,1499.25,1,1,50,1,0.000,0
4.540333,1500.00,1499.25,1,1,51,1,0.000,0
4.541000,1500.00,1500.66,1,1,52,1,0.000,0
4.541667,1500.00,1500.66,1,1,53,1,0.000,0
4.542333,1500.00,1500.38,1,1,54,1,0.000,0
4.543000,1500.00,1500.38,1,1,55,1,0.000,0
4.543667,1500.00,1499.53,1,1,56,1,0.000,0
4.544333,1500.00,1500.38,1,1,57,1,0.000,0
4.546333,1500.00,1500.38,1,1,0,0,0.000,0
4.547000,1500.00,1500.83,1,1,1,0,0.000,0
4.547667,1500.00,1499.03,1,1,2,0,0.000,0
4.548333,1500.00,1499.93,1,1,3,0,0.000,0
4.549000,1500.00,1499.70,1,1,4,0,0.000,0
4.549667,1500.00,1499.93,1,1,5,0,0.000,0
4.550333,1500.00,1500.15,1,1,6,0,0.000,0
4.551000,1500.00,1499.70,1,1,7,0,0.000,0
4.551667,1500.00,1499.53,1,1,8,0,0.000,0
4.552333,1500.00,1499.81,1,1,9,0,0.000,0
4.553000,1500.00,1501.22,1,1,10,0,0.000,0
4.553667,1500.00,1500.94,1,1,11,0,0.000,0
4.554333,1500.00,1500.66,1,1,12,0,0.000,0
4.555000,1500.00,1499.81,1,1,13,0,0.000,0
4.555667,1500.00,1500.09,1,1,14,0,0.000,0
4.556333,1500.00,1500.66,1,1,15,0,0.000,0
4.557000,1500.00,1500.38,1,1,16,0,0.000,0
4.557667,1500.00,1499.53,1,1,17,0,0.000,0
4.558333,1500.00,1499.53,1,1,18,0,0.000,0
4.559000,1500.00,1499.53,1,1,19,0,0.000,0
4.559667,1500.00,1500.09,1,1,20,0,0.000,0
4.560333,1500.00,1499.81,1,1,21,0,0.000,0
4.561000,1500.00,1500.09,1,1,22,0,0.000,0
4.561667,1500.00,1499.53,1,1,23,0,0.000,0
4.562333,1500.00,1500.66,1,1,24,0,0.000,0
4.563000,1500.00,1500.38,1,1,25,0,0.000,0
4.563667,1500.00,1500.09,1,1,26,0,0.000,0
4.564333,1500.00,1499.53,1,1,27,0,0.000,0
4.565000,1500.00,1499.81,1,1,28,0,0.000,0
4.565667,1500.00,1499.81,1,1,29,0,0.000,0
4.566333,1500.00,1500.94,1,1,30,0,0.000,0
4.567000,1500.00,1500.09,1,1,31,0,0.000,0
4.567667,1500.00,1499.25,1,1,32,0,0.000,0
4.568333,1500.00,1499.81,1,1,33,0,0.000,0
4.569000,1500.00,1499.81,1,1,34,0,0.000,0
4.569667,1500.00,1500.38,1,1,35,0,0.000,0
4.570333,1500.00,1499.53,1,1,36,0,0.000,0
4.571000,1500.00,1500.66,1,1,37,0,0.000,0
4.571667,1500.00,1498.97,1,1,38,0,0.000,0
4.572333,1500.00,1500.09,1,1,39,0,0.000,0
4.573000,1500.00,1500.66,1,1,40,0,0.000,0
4.573667,1500.00,1499.53,1,1,41,0,0.000,0
4.574333,1500.00,1500.09,1,1,42,0,0.000,0
4.575000,1500.00,1500.09,1,1,43,0,0.000,0
4.575667,1500.00,1500.38,1,1,44,0,0.000,0
4.576333,1500.00,1499.81,1,1,45,0,0.000,0
4.577000,1500.00,1499.81,1,1,46,0,0.000,0
4.577667,1500.00,1500.09,1,1,47,0,0.000,0
4.578333,1500.00,1500.09,1,1,48,0,0.000,0
4.579000,1500.00,1499.53,1,1,49,0,0.000,0
4.579667,1500.00,1499.81,1,1,50,0,0.000,0
4.580333,1500.00,1499.25,1,1,51,0,0.000,0
4.581000,1500.00,1500.09,1,1,52,0,0.000,0
4.581667,1500.00,1500.09,1,1,53,0,0.000,0
4.582333,1500.00,1500.09,1,1,54,0,0.000,0
4.583000,1500.00,1499.81,1,1,55,0,0.000,0
4.583667,1500.00,1499.81,1,1,56,0,0.000,0
4.584333,1500.00,1501.22,1,1,57,0,0.000,0
4.586333,1500.00,1500.38,1,1,0,1,0.000,0
4.587000,1500.00,1500.38,1,1,1,1,0.000,0
4.587667,1500.00,1500.38,1,1,2,1,0.000,0
4.588333,1500.00,1499.93,1,1,3,1,0.000,0
4.589000,1500.00,1499.70,1,1,4,1,0.000,0
4.589667,1500.00,1500.60,1,1,5,1,0.000,0
4.590333,1500.00,1500.15,1,1,6,1,0.000,0
4.591000,1500.00,1499.70,1,1,7,1,0.000,0
4.591667,1500.00,1499.81,1,1,8,1,0.000,0
4.592333,1500.00,1500.38,1,1,9,1,0.000,0
4.593000,1500.00,1499.53,1,1,10,1,0.000,0
4.593667,1500.00,1500.38,1,1,11,1,0.000,0
4.594333,1500.00,1500.66,1,1,12,1,0.000,0
4.595000,1500.00,1498.69,1,1,13,1,0.000,0
4.595667,1500.00,1499.81,1,1,14,1,0.000,0
4.596333,1500.00,1500.38,1,1,15,1,0.000,0
4.597000,1500.00,1500.09,1,1,16,1,0.000,0
4.597667,1500.00,1499.81,1,1,17,1,0.000,0
4.598333,1500.00,1499.81,1,1,18,1,0.000,0
4.599000,1500.00,1498.97,1,1,19,1,0.000,0
4.599667,1500.00,1499.25,1,1,20,1,0.000,0
4.600333,1500.00,1500.38,1,1,21,1,0.000,0
4.601000,1500.00,1499.81,1,1,22,1,0.000,0
4.601667,1500.00,1500.09,1,1,23,1,0.000,0
4.602333,1500.00,1499.25,1,1,24,1,0.000,0
4.603000,1500.00,1500.38,1,1,25,1,0.000,0
4.603667,1500.00,1500.38,1,1,26,1,0.000,0
4.604333,1500.00,1500.09,1,1,27,1,0.000,0
4.605000,1500.00,1500.94,1,1,28,1,0.000,0
4.605667,1500.00,1500.38,1,1,29,1,0.000,0
4.606333,1500.00,1500.38,1,1,30,1,0.000,0
4.607000,1500.00,1500.09,1,1,31,1,0.000,0
4.607667,1500.00,1500.09,1,1,32,1,0.000,0
4.608333,1500.00,1499.53,1,1,33,1,0.000,0
4.609000,1500.00,1500.09,1,1,34,1,0.000,0
4.609667,1500.00,1499.81,1,1,35,1,0.000,0
4.610333,1500.00,1499.53,1,1,36,1,0.000,0
4.611000,1500.00,1500.09,1,1,37,1,0.000,0
4.611667,1500.00,1499.25,1,1,38,1,0.000,0
4.612333,1500.00,1498.97,1,1,39,1,0.000,0
4.613000,1500.00,1500.66,1,1,40,1,0.000,0
4.613667,1500.00,1499.53,1,1,41,1,0.000,0
4.614333,1500.00,1499.53,1,1,42,1,0.000,0
4.615000,1500.00,1500.66,1,1,43,1,0.000,0
4.615667,1500.00,1499.81,1,1,44,1,0.000,0
4.616333,1500.00,1499.81,1,1,45,1,0.000,0
4.617000,1500.00,1500.66,1,1,46,1,0.000,0
4.617667,1500.00,1500.38,1,1,47,1,0.000,0
4.618333,1500.00,1500.09,1,1,48,1,0.000,0
4.619000,1500.00,1500.94,1,1,49,1,0.000,0
4.619667,1500.00,1500.09,1,1,50,1,0.000,0
4.620333,1500.00,1499.53,1,1,51,1,0.000,0
4.621000,1500.00,1500.94,1,1,52,1,0.000,0
4.621667,1500.00,1499.25,1,1,53,1,0.000,0
4.622333,1500.00,1500.38,1,1,54,1,0.000,0
4.623000,1500.00,1500.09,1,1,55,1,0.000,0
4.623667,1500.00,1499.81,1,1,56,1,0.000,0
4.624333,1500.00,1499.81,1,1,57,1,0.000,0
4.626333,1500.00,1500.38,1,1,0,0,0.000,0
4.627000,1500.00,1499.93,1,1,1,0,0.000,0
4.627667,1500.00,1499.48,1,1,2,0,0.000,0
4.628333,1500.00,1500.38,1,1,3,0,0.000,0
4.629000,1500.00,1499.70,1,1,4,0,0.000,0
4.629667,1500.00,1499.25,1,1,5,0,0.000,0
4.630333,1500.00,1499.93,1,1,6,0,0.000,0
4.631000,1500.00,1499.93,1,1,7,0,0.000,0
4.631667,1500.00,1499.53,1,1,8,0,0.000,0
4.632333,1500.00,1500.94,1,1,9,0,0.000,0
4.633000,1500.00,1499.81,1,1,10,0,0.000,0
4.633667,1500.00,1500.09,1,1,11,0,0.000,0
4.634333,1500.00,1500.38,1,1,12,0,0.000,0
4.635000,1500.00,1500.94,1,1,13,0,0.000,0
4.635667,1500.00,1500.38,1,1,14,0,0.000,0
4.636333,1500.00,1500.09,1,1,15,0,0.000,0
4.637000,1500.00,1500.09,1,1,16,0,0.000,0
4.637667,1500.00,1499.81,1,1,17,0,0.000,0
4.638333,1500.00,1500.38,1,1,18,0,0.000,0
4.639000,1500.00,1500.38,1,1,19,0,0.000,0
4.639667,1500.00,1499.53,1,1,20,0,0.000,0
4.640333,1500.00,1500.09,1,1,21,0,0.000,0
4.641000,1500.00,1498.69,1,1,22,0,0.000,0
4.641667,1500.00,1499.53,1,1,23,0,0.000,0
4.642333,1500.00,1500.09,1,1,24,0,0.000,0
4.643000,1500.00,1499.81,1,1,25,0,0.000,0
4.643667,1500.00,1499.81,1,1,26,0,0.000,0
4.644333,1500.00,1499.25,1,1,27,0,0.000,0
4.645000,1500.00,1499.53,1,1,28,0,0.000,0
4.645667,1500.00,1500.38,1,1,29,0,0.000,0
4.646333,1500.00,1501.22,1,1,30,0,0.000,0
4.647000,1500.00,1499.53,1,1,31,0,0.000,0
4.647667,1500.00,1499.81,1,1,32,0,0.000,0
4.648333,1500.00,1500.09,1,1,33,0,0.000,0
4.649000,1500.00,1500.09,1,1,34,0,0.000,0
4.649667,1500.00,1499.81,1,1,35,0,0.000,0
4.650333,1500.00,1500.09,1,1,36,0,0.000,0
4.651000,1500.00,1500.38,1,1,37,0,0.000,0
4.651667,1500.00,1499.53,1,1,38,0,0.000,0
4.652333,1500.00,1500.66,1,1,39,0,0.000,0
4.653000,1500.00,1500.94,1,1,40,0,0.000,0
4.653667,1500.00,1500.09,1,1,41,0,0.000,0
4.654333,1500.00,1500.09,1,1,42,0,0.000,0
4.655000,1500.00,1500.38,1,1,43,0,0.000,0
4.655667,1500.00,1500.38,1,1,44,0,0.000,0
4.656333,1500.00,1499.25,1,1,45,0,0.000,0
4.657000,1500.00,1500.09,1,1,46,0,0.000,0
4.657667,1500.00,1500.66,1,1,47,0,0.000,0
4.658333,1500.00,1499.53,1,1,48,0,0.000,0
4.659000,1500.00,1499.81,1,1,49,0,0.000,0
4.659667,1500.00,1499.81,1,1,50,0,0.000,0
4.660333,1500.00,1500.09,1,1,51,0,0.000,0
4.661000,1500.00,1500.38,1,1,52,0,0.000,0
4.661667,1500.00,1500.09,1,1,53,0,0.000,0
4.662333,1500.00,1499.53,1,1,54,0,0.000,0
4.663000,1500.00,1499.25,1,1,55,0,0.000,0
4.663667,1500.00,1499.53,1,1,56,0,0.000,0
4.664333,1500.00,1500.66,1,1,57,0,0.000,0
4.666333,1500.00,1499.93,1,1,0,1,0.000,0
4.667000,1500.00,1500.15,1,1,1,1,0.000,0
4.667667,1500.00,1499.25,1,1,2,1,0.000,0
4.668333,1500.00,1499.70,1,1,3,1,0.000,0
4.669000,1500.00,1500.15,1,1,4,1,0.000,0
4.669667,1500.00,1500.15,1,1,5,1,0.000,0
4.670333,1500.00,1499.48,1,1,6,1,0.000,0
4.671000,1500.00,1499.48,1,1,7,1,0.000,0
4.671667,1500.00,1499.81,1,1,8,1,0.000,0
4.672333,1500.00,1499.53,1,1,9,1,0.000,0
4.673000,1500.00,1500.94,1,1,10,1,0.000,0
4.673667,1500.00,1499.53,1,1,11,1,0.000,0
4.674333,1500.00,1501.22,1,1,12,1,0.000,0
4.675000,1500.00,1499.53,1,1,13,1,0.000,0
4.675667,1500.00,1500.94,1,1,14,1,0.000,0
4.676333,1500.00,1500.09,1,1,15,1,0.000,0
4.677000,1500.00,1500.66,1,1,16,1,0.000,0
4.677667,1500.00,1500.38,1,1,17,1,0.000,0
4.678333,1500.00,1500.09,1,1,18,1,0.000,0
4.679000,1500.00,1500.66,1,1,19,1,0.000,0
4.679667,1500.00,1498.13,1,1,20,1,0.000,0
4.680333,1500.00,1500.38,1,1,21,1,0.000,0
4.681000,1500.00,1499.81,1,1,22,1,0.000,0
4.681667,1500.00,1499.53,1,1,23,1,0.000,0
4.682333,1500.00,1499.53,1,1,24,1,0.000,0
4.683000,1500.00,1500.38,1,1,25,1,0.000,0
4.683667,1500.00,1499.81,1,1,26,1,0.000,0
4.684333,1500.00,1499.81,1,1,27,1,0.000,0
4.685000,1500.00,1501.22,1,1,28,1,0.000,0
4.685667,1500.00,1500.09,1,1,29,1,0.000,0
4.686333,1500.00,1500.66,1,1,30,1,0.000,0
4.687000,1500.00,1500.66,1,1,31,1,0.000,0
4.687667,1500.00,1500.09,1,1,32,1,0.000,0
4.688333,1500.00,1499.53,1,1,33,1,0.000,0
4.689000,1500.00,1499.25,1,1,34,1,0.000,0
4.689667,1500.00,1500.09,1,1,35,1,0.000,0
4.690333,1500.00,1499.25,1,1,36,1,0.000,0
4.691000,1500.00,1499.81,1,1,37,1,0.000,0
4.691667,1500.00,1498.69,1,1,38,1,0.000,0
4.692333,1500.00,1499.81,1,1,39,1,0.000,0
4.693000,1500.00,1500.09,1,1,40,1,0.000,0
4.693667,1500.00,1500.09,1,1,41,1,0.000,0
4.694333,1500.00,1500.66,1,1,42,1,0.000,0
4.695000,1500.00,1499.81,1,1,43,1,0.000,0
4.695667,1500.00,1500.66,1,1,44,1,0.000,0
4.696333,1500.00,1500.09,1,1,45,1,0.000,0
4.697000,1500.00,1500.66,1,1,46,1,0.000,0
4.697667,1500.00,1500.38,1,1,47,1,0.000,0
4.698333,1500.00,1500.66,1,1,48,1,0.000,0
4.699000,1500.00,1500.09,1,1,49,1,0.000,0
4.699667,1500.00,1499.81,1,1,50,1,0.000,0
4.700333,1500.00,1500.09,1,1,51,1,0.000,0
4.701000,1500.00,1500.09,1,1,52,1,0.000,0
4.701667,1500.00,1500.09,1,1,53,1,0.000,0
4.702333,1500.00,1499.81,1,1,54,1,0.000,0
4.703000,1500.00,1499.53,1,1,55,1,0.000,0
4.703667,1500.00,1499.81,1,1,56,1,0.000,0
4.704333,1500.00,1500.09,1,1,57,1,0.000,0
4.706333,1500.00,1499.25,1,1,0,0,0.000,0
4.707000,1500.00,1499.93,1,1,1,0,0.000,0
4.707667,1500.00,1499.93,1,1,2,0,0.000,0
4.708333,1500.00,1500.15,1,1,3,0,0.000,0
4.709000,1500.00,1500.15,1,1,4,0,0.000,0
4.709667,1500.00,1500.15,1,1,5,0,0.000,0
4.710333,1500.00,1499.93,1,1,6,0,0.000,0
4.711000,1500.00,1499.93,1,1,7,0,0.000,0
4.711667,1500.00,1500.94,1,1,8,0,0.000,0
4.712333,1500.00,1500.38,1,1,9,0,0.000,0
4.713000,1500.00,1500.09,1,1,10,0,0.000,0
4.713667,1500.00,1499.25,1,1,11,0,0.000,0
4.714333,1500.00,1500.38,1,1,12,0,0.000,0
4.715000,1500.00,1499.53,1,1,13,0,0.000,0
4.715667,1500.00,1500.38,1,1,14,0,0.000,0
4.716333,1500.00,1499.81,1,1,15,0,0.000,0
4.717000,1500.00,1499.53,1,1,16,0,0.000,0
4.717667,1500.00,1500.38,1,1,17,0,0.000,0
4.718333,1500.00,1499.53,1,1,18,0,0.000,0
4.719000,1500.00,1500.09,1,1,19,0,0.000,0
4.719667,1500.00,1498.97,1,1,20,0,0.000,0
4.720333,1500.00,1499.81,1,1,21,0,0.000,0
4.721000,1500.00,1498.69,1,1,22,0,0.000,0
4.721667,1500.00,1499.81,1,1,23,0,0.000,0
4.722333,1500.00,1500.09,1,1,24,0,0.000,0
4.723000,1500.00,1499.53,1,1,25,0,0.000,0
4.723667,1500.00,1500.38,1,1,26,0,0.000,0
4.724333,1500.00,1500.09,1,1,27,0,0.000,0
4.725000,1500.00,1500.94,1,1,28,0,0.000,0
4.725667,1500.00,1500.09,1,1,29,0,0.000,0
4.726333,1500.00,1500.38,1,1,30,0,0.000,0
4.727000,1500.00,1500.66,1,1,31,0,0.000,0
4.727667,1500.00,1499.53,1,1,32,0,0.000,0
4.728333,1500.00,1500.94,1,1,33,0,0.000,0
4.729000,1500.00,1499.81,1,1,34,0,0.000,0
4.729667,1500.00,1499.81,1,1,35,0,0.000,0
4.730333,1500.00,1499.81,1,1,36,0,0.000,0
4.731000,1500.00,1500.38,1,1,37,0,0.000,0
4.731667,1500.00,1500.09,1,1,38,0,0.000,0
4.732333,1500.00,1500.38,1,1,39,0,0.000,0
4.733000,1500.00,1500.66,1,1,40,0,0.000,0
4.733667,1500.00,1498.97,1,1,41,0,0.000,0
4.734333,1500.00,1500.38,1,1,42,0,0.000,0
4.735000,1500.00,1500.38,1,1,43,0,0.000,0
4.735667,1500.00,1499.25,1,1,44,0,0.000,0
4.736333,1500.00,1500.09,1,1,45,0,0.000,0
4.737000,1500.00,1500.38,1,1,46,0,0.000,0
4.737667,1500.00,1499.81,1,1,47,0,0.000,0
4.738333,1500.00,1499.81,1,1,48,0,0.000,0
4.739000,1500.00,1500.38,1,1,49,0,0.000,0
4.739667,1500.00,1499.81,1,1,50,0,0.000,0
4.740333,1500.00,1499.25,1,1,51,0,0.000,0
4.741000,1500.00,1500.94,1,1,52,0,0.000,0
4.741667,1500.00,1499.53,1,1,53,0,0.000,0
4.742333,1500.00,1499.81,1,1,54,0,0.000,0
4.743000,1500.00,1499.25,1,1,55,0,0.000,0
4.743667,1500.00,1500.09,1,1,56,0,0.000,0
4.744333,1500.00,1499.81,1,1,57,0,0.000,0
4.746333,1500.00,1499.48,1,1,0,1,0.000,0
4.747000,1500.00,1500.60,1,1,1,1,0.000,0
4.747667,1500.00,1499.93,1,1,2,1,0.000,0
4.748333,1500.00,1500.38,1,1,3,1,0.000,0
4.749000,1500.00,1499.48,1,1,4,1,0.000,0
4.749667,1500.00,1499.93,1,1,5,1,0.000,0
4.750333,1500.00,1499.93,1,1,6,1,0.000,0
4.751000,1500.00,1499.48,1,1,7,1,0.000,0
4.751667,1500.00,1500.66,1,1,8,1,0.000,0
4.752333,1500.00,1499.81,1,1,9,1,0.000,0
4.753000,1500.00,1499.81,1,1,10,1,0.000,0
4.753667,1500.00,1499.81,1,1,11,1,0.000,0
4.754333,1500.00,1500.38,1,1,12,1,0.000,0
4.755000,1500.00,1500.38,1,1,13,1,0.000,0
4.755667,1500.00,1500.38,1,1,14,1,0.000,0
4.756333,1500.00,1500.94,1,1,15,1,0.000,0
4.757000,1500.00,1499.53,1,1,16,1,0.000,0
4.757667,1500.00,1501.22,1,1,17,1,0.000,0
4.758333,1500.00,1500.09,1,1,18,1,0.000,0
4.759000,1500.00,1500.38,1,1,19,1,0.000,0
4.759667,1500.00,1500.94,1,1,20,1,0.000,0
4.760333,1500.00,1500.09,1,1,21,1,0.000,0
4.761000,1500.00,1499.81,1,1,22,1,0.000,0
4.761667,1500.00,1499.25,1,1,23,1,0.000,0
4.762333,1500.00,1500.38,1,1,24,1,0.000,0
4.763000,1500.00,1498.69,1,1,25,1,0.000,0
4.763667,1500.00,1499.25,1,1,26,1,0.000,0
4.764333,1500.00,1499.81,1,1,27,1,0.000,0
4.765000,1500.00,1498.97,1,1,28,1,0.000,0
4.765667,1500.00,1499.81,1,1,29,1,0.000,0
4.766333,1500.00,1500.09,1,1,30,1,0.000,0
4.767000,1500.00,1500.94,1,1,31,1,0.000,0
4.767667,1500.00,1500.09,1,1,32,1,0.000,0
4.768333,1500.00,1500.09,1,1,33,1,0.000,0
4.769000,1500.00,1500.94,1,1,34,1,0.000,0
4.769667,1500.00,1499.81,1,1,35,1,0.000,0
4.770333,1500.00,1499.81,1,1,36,1,0.000,0
4.771000,1500.00,1500.09,1,1,37,1,0.000,0
4.771667,1500.00,1499.53,1,1,38,1,0.000,0
4.772333,1500.00,1498.97,1,1,39,1,0.000,0
4.773000,1500.00,1499.53,1,1,40,1,0.000,0
4.773667,1500.00,1500.09,1,1,41,1,0.000,0
4.774333,1500.00,1500.38,1,1,42,1,0.000,0
4.775000,1500.00,1500.66,1,1,43,1,0.000,0
4.775667,1500.00,1500.66,1,1,44,1,0.000,0
4.776333,1500.00,1500.38,1,1,45,1,0.000,0
4.777000,1500.00,1499.81,1,1,46,1,0.000,0
4.777667,1500.00,1500.38,1,1,47,1,0.000,0
4.778333,1500.00,1500.09,1,1,48,1,0.000,0
4.779000,1500.00,1500.09,1,1,49,1,0.000,0
4.779667,1500.00,1499.53,1,1,50,1,0.000,0
4.780333,1500.00,1498.97,1,1,51,1,0.000,0
4.781000,1500.00,1499.25,1,1,52,1,0.000,0
4.781667,1500.00,1500.09,1,1,53,1,0.000,0
4.782333,1500.00,1500.94,1,1,54,1,0.000,0
4.783000,1500.00,1500.09,1,1,55,1,0.000,0
4.783667,1500.00,1500.38,1,1,56,1,0.000,0
4.784333,1500.00,1500.38,1,1,57,1,0.000,0
4.786333,1500.00,1499.70,1,1,0,0,0.000,0
4.787000,1500.00,1500.15,1,1,1,0,0.000,0
4.787667,1500.00,1500.60,1,1,2,0,0.000,0
4.788333,1500.00,1499.48,1,1,3,0,0.000,0
4.789000,1500.00,1499.70,1,1,4,0,0.000,0
4.789667,1500.00,1499.93,1,1,5,0,0.000,0
4.790333,1500.00,1500.15,1,1,6,0,0.000,0
4.791000,1500.00,1499.48,1,1,7,0,0.000,0
4.791667,1500.00,1500.38,1,1,8,0,0.000,0
4.792333,1500.00,1500.38,1,1,9,0,0.000,0
4.793000,1500.00,1500.66,1,1,10,0,0.000,0
4.793667,1500.00,1500.66,1,1,11,0,0.000,0
4.794333,1500.00,1499.81,1,1,12,0,0.000,0
4.795000,1500.00,1500.66,1,1,13,0,0.000,0
4.795667,1500.00,1499.53,1,1,14,0,0.000,0
4.796333,1500.00,1500.38,1,1,15,0,0.000,0
4.797000,1500.00,1499.25,1,1,16,0,0.000,0
4.797667,1500.00,1500.38,1,1,17,0,0.000,0
4.798333,1500.00,1499.53,1,1,18,0,0.000,0
4.799000,1500.00,1499.81,1,1,19,0,0.000,0
4.799667,1500.00,1499.81,1,1,20,0,0.000,0
4.800333,1500.00,1499.25,1,1,21,0,0.000,0
4.801000,1500.00,1500.38,1,1,22,0,0.000,0
4.801667,1500.00,1500.38,1,1,23,0,0.000,0
4.802333,1500.00,1500.09,1,1,24,0,0.000,0
4.803000,1500.00,1499.25,1,1,25,0,0.000,0
4.803667,1500.00,1498.97,1,1,26,0,0.000,0
4.804333,1500.00,1499.81,1,1,27,0,0.000,0
4.805000,1500.00,1500.38,1,1,28,0,0.000,0
4.805667,1500.00,1500.09,1,1,29,0,0.000,0
4.806333,1500.00,1499.53,1,1,30,0,0.000,0
4.807000,1500.00,1499.53,1,1,31,0,0.000,0
4.807667,1500.00,1500.09,1,1,32,0,0.000,0
4.808333,1500.00,1500.66,1,1,33,0,0.000,0
4.809000,1500.00,1500.94,1,1,34,0,0.000,0
4.809667,1500.00,1499.81,1,1,35,0,0.000,0
4.810333,1500.00,1500.09,1,1,36,0,0.000,0
4.811000,1500.00,1499.81,1,1,37,0,0.000,0
4.811667,1500.00,1500.38,1,1,38,0,0.000,0
4.812333,1500.00,1499.81,1,1,39,0,0.000,0
4.813000,1500.00,1500.38,1,1,40,0,0.000,0
4.813667,1500.00,1499.81,1,1,41,0,0.000,0
4.814333,1500.00,1499.81,1,1,42,0,0.000,0
4.815000,1500.00,1500.09,1,1,43,0,0.000,0
4.815667,1500.00,1500.38,1,1,44,0,0.000,0
4.816333,1500.00,1500.38,1,1,45,0,0.000,0
4.817000,1500.00,1499.81,1,1,46,0,0.000,0
4.817667,1500.00,1499.81,1,1,47,0,0.000,0
4.818333,1500.00,1500.09,1,1,48,0,0.000,0
4.819000,1500.00,1500.66,1,1,49,0,0.000,0
4.819667,1500.00,1500.94,1,1,50,0,0.000,0
4.820333,1500.00,1499.81,1,1,51,0,0.000,0
4.821000,1500.00,1499.53,1,1,52,0,0.000,0
4.821667,1500.00,1500.38,1,1,53,0,0.000,0
4.822333,1500.00,1499.25,1,1,54,0,0.000,0
4.823000,1500.00,1500.09,1,1,55,0,0.000,0
4.823667,1500.00,1499.81,1,1,56,0,0.000,0
4.824333,1500.00,1499.53,1,1,57,0,0.000,0
4.826333,1500.00,1499.70,1,1,0,1,0.000,0
4.827000,1500.00,1499.70,1,1,1,1,0.000,0
4.827667,1500.00,1499.93,1,1,2,1,0.000,0
4.828333,1500.00,1499.48,1,1,3,1,0.000,0
4.829000,1500.00,1500.60,1,1,4,1,0.000,0
4.829667,1500.00,1500.60,1,1,5,1,0.000,0
4.830333,1500.00,1499.70,1,1,6,1,0.000,0
4.831000,1500.00,1500.15,1,1,7,1,0.000,0
4.831667,1500.00,1499.25,1,1,8,1,0.000,0
4.832333,1500.00,1500.38,1,1,9,1,0.000,0
4.833000,1500.00,1500.38,1,1,10,1,0.000,0
4.833667,1500.00,1500.38,1,1,11,1,0.000,0
4.834333,1500.00,1500.09,1,1,12,1,0.000,0
4.835000,1500.00,1499.25,1,1,13,1,0.000,0
4.835667,1500.00,1499.81,1,1,14,1,0.000,0
4.836333,1500.00,1499.81,1,1,15,1,0.000,0
4.837000,1500.00,1500.66,1,1,16,1,0.000,0
4.837667,1500.00,1500.38,1,1,17,1,0.000,0
4.838333,1500.00,1499.53,1,1,18,1,0.000,0
4.839000,1500.00,1500.38,1,1,19,1,0.000,0
4.839667,1500.00,1499.53,1,1,20,1,0.000,0
4.840333,1500.00,1500.38,1,1,21,1,0.000,0
4.841000,1500.00,1500.38,1,1,22,1,0.000,0
4.841667,1500.00,1500.38,1,1,23,1,0.000,0
4.842333,1500.00,1498.97,1,1,24,1,0.000,0
4.843000,1500.00,1500.09,1,1,25,1,0.000,0
4.843667,1500.00,1500.09,1,1,26,1,0.000,0
4.844333,1500.00,1498.97,1,1,27,1,0.000,0
4.845000,1500.00,1501.22,1,1,28,1,0.000,0
4.845667,1500.00,1499.81,1,1,29,1,0.000,0
4.846333,1500.00,1500.38,1,1,30,1,0.000,0
4.847000,1500.00,1498.97,1,1,31,1,0.000,0
4.847667,1500.00,1500.66,1,1,32,1,0.000,0
4.848333,1500.00,1499.81,1,1,33,1,0.000,0
4.849000,1500.00,1499.81,1,1,34,1,0.000,0
4.849667,1500.00,1500.38,1,1,35,1,0.000,0
4.850333,1500.00,1498.97,1,1,36,1,0.000,0
4.851000,1500.00,1499.53,1,1,37,1,0.000,0
4.851667,1500.00,1499.81,1,1,38,1,0.000,0
4.852333,1500.00,1499.53,1,1,39,1,0.000,0
4.853000,1500.00,1499.53,1,1,40,1,0.000,0
4.853667,1500.00,1499.81,1,1,41,1,0.000,0
4.854333,1500.00,1500.09,1,1,42,1,0.000,0
4.855000,1500.00,1500.09,1,1,43,1,0.000,0
4.855667,1500.00,1499.53,1,1,44,1,0.000,0
4.856333,1500.00,1500.94,1,1,45,1,0.000,0
4.857000,1500.00,1499.81,1,1,46,1,0.000,0
4.857667,1500.00,1500.94,1,1,47,1,0.000,0
4.858333,1500.00,1500.09,1,1,48,1,0.000,0
4.859000,1500.00,1500.38,1,1,49,1,0.000,0
4.859667,1500.00,1499.53,1,1,50,1,0.000,0
4.860333,1500.00,1499.25,1,1,51,1,0.000,0
4.861000,1500.00,1500.94,1,1,52,1,0.000,0
4.861667,1500.00,1499.53,1,1,53,1,0.000,0
4.862333,1500.00,1500.09,1,1,54,1,0.000,0
4.863000,1500.00,1500.09,1,1,55,1,0.000,0
4.863667,1500.00,1500.09,1,1,56,1,0.000,0
4.864333,1500.00,1499.25,1,1,57,1,0.000,0
4.866333,1500.00,1500.60,1,1,0,0,0.000,0
4.867000,1500.00,1501.05,1,1,1,0,0.000,0
4.867667,1500.00,1499.70,1,1,2,0,0.000,0
4.868333,1500.00,1500.38,1,1,3,0,0.000,0
4.869000,1500.00,1499.70,1,1,4,0,0.000,0
4.869667,1500.00,1499.93,1,1,5,0,0.000,0
4.870333,1500.00,1500.38,1,1,6,0,0.000,0
4.871000,1500.00,1500.83,1,1,7,0,0.000,0
4.871667,1500.00,1499.25,1,1,8,0,0.000,0
4.872333,1500.00,1499.81,1,1,9,0,0.000,0
4.873000,1500.00,1499.81,1,1,10,0,0.000,0
4.873667,1500.00,1498.97,1,1,11,0,0.000,0
4.874333,1500.00,1500.66,1,1,12,0,0.000,0
4.875000,1500.00,1499.81,1,1,13,0,0.000,0
4.875667,1500.00,1499.81,1,1,14,0,0.000,0
4.876333,1500.00,1499.53,1,1,15,0,0.000,0
4.877000,1500.00,1500.94,1,1,16,0,0.000,0
4.877667,1500.00,1500.09,1,1,17,0,0.000,0
4.878333,1500.00,1500.09,1,1,18,0,0.000,0
4.879000,1500.00,1500.66,1,1,19,0,0.000,0
4.879667,1500.00,1500.38,1,1,20,0,0.000,0
4.880333,1500.00,1500.66,1,1,21,0,0.000,0
4.881000,1500.00,1500.38,1,1,22,0,0.000,0
4.881667,1500.00,1499.81,1,1,23,0,0.000,0
4.882333,1500.00,1499.53,1,1,24,0,0.000,0
4.883000,1500.00,1499.81,1,1,25,0,0.000,0
4.883667,1500.00,1500.38,1,1,26,0,0.000,0
4.884333,1500.00,1500.38,1,1,27,0,0.000,0
4.885000,1500.00,1498.97,1,1,28,0,0.000,0
4.885667,1500.00,1499.25,1,1,29,0,0.000,0
4.886333,1500.00,1499.25,1,1,30,0,0.000,0
4.887000,1500.00,1500.09,1,1,31,0,0.000,0
4.887667,1500.00,1499.81,1,1,32,0,0.000,0
4.888333,1500.00,1499.25,1,1,33,0,0.000,0
4.889000,1500.00,1499.53,1,1,34,0,0.000,0
4.889667,1500.00,1499.53,1,1,35,0,0.000,0
4.890333,1500.00,1500.09,1,1,36,0,0.000,0
4.891000,1500.00,1499.81,1,1,37,0,0.000,0
4.891667,1500.00,1500.09,1,1,38,0,0.000,0
4.892333,1500.00,1500.38,1,1,39,0,0.000,0
4.893000,1500.00,1499.81,1,1,40,0,0.000,0
4.893667,1500.00,1500.66,1,1,41,0,0.000,0
4.894333,1500.00,1500.38,1,1,42,0,0.000,0
4.895000,1500.00,1500.09,1,1,43,0,0.000,0
4.895667,1500.00,1500.66,1,1,44,0,0.000,0
4.896333,1500.00,1500.66,1,1,45,0,0.000,0
4.897000,1500.00,1501.22,1,1,46,0,0.000,0
4.897667,1500.00,1499.53,1,1,47,0,0.000,0
4.898333,1500.00,1500.09,1,1,48,0,0.000,0
4.899000,1500.00,1500.09,1,1,49,0,0.000,0
4.899667,1500.00,1500.38,1,1,50,0,0.000,0
4.900333,1500.00,1499.53,1,1,51,0,0.000,0
4.901000,1500.00,1500.38,1,1,52,0,0.000,0
4.901667,1500.00,1499.81,1,1,53,0,0.000,0
4.902333,1500.00,1498.97,1,1,54,0,0.000,0
4.903000,1500.00,1501.22,1,1,55,0,0.000,0
4.903667,1500.00,1500.38,1,1,56,0,0.000,0
4.904333,1500.00,1499.81,1,1,57,0,0.000,0
4.906333,1500.00,1499.93,1,1,0,1,0.000,0
4.907000,1500.00,1500.38,1,1,1,1,0.000,0
4.907667,1500.00,1499.25,1,1,2,1,0.000,0
4.908333,1500.00,1499.70,1,1,3,1,0.000,0
4.909000,1500.00,1500.15,1,1,4,1,0.000,0
4.909667,1500.00,1498.80,1,1,5,1,0.000,0
4.910333,1500.00,1500.15,1,1,6,1,0.000,0
4.911000,1500.00,1499.93,1,1,7,1,0.000,0
4.911667,1500.00,1500.09,1,1,8,1,0.000,0
4.912333,1500.00,1500.66,1,1,9,1,0.000,0
4.913000,1500.00,1500.66,1,1,10,1,0.000,0
4.913667,1500.00,1500.38,1,1,11,1,0.000,0
4.914333,1500.00,1499.53,1,1,12,1,0.000,0
4.915000,1500.00,1500.66,1,1,13,1,0.000,0
4.915667,1500.00,1500.38,1,1,14,1,0.000,0
4.916333,1500.00,1500.38,1,1,15,1,0.000,0
4.917000,1500.00,1499.25,1,1,16,1,0.000,0
4.917667,1500.00,1498.69,1,1,17,1,0.000,0
4.918333,1500.00,1499.53,1,1,18,1,0.000,0
4.919000,1500.00,1500.09,1,1,19,1,0.000,0
4.919667,1500.00,1500.38,1,1,20,1,0.000,0
4.920333,1500.00,1500.09,1,1,21,1,0.000,0
4.921000,1500.00,1499.81,1,1,22,1,0.000,0
4.921667,1500.00,1499.25,1,1,23,1,0.000,0
4.922333,1500.00,1500.38,1,1,24,1,0.000,0
4.923000,1500.00,1499.81,1,1,25,1,0.000,0
4.923667,1500.00,1500.09,1,1,26,1,0.000,0
4.924333,1500.00,1500.66,1,1,27,1,0.000,0
4.925000,1500.00,1500.09,1,1,28,1,0.000,0
4.925667,1500.00,1499.53,1,1,29,1,0.000,0
4.926333,1500.00,1499.25,1,1,30,1,0.000,0
4.927000,1500.00,1500.38,1,1,31,1,0.000,0
4.927667,1500.00,1499.25,1,1,32,1,0.000,0
4.928333,1500.00,1500.66,1,1,33,1,0.000,0
4.929000,1500.00,1499.81,1,1,34,1,0.000,0
4.929667,1500.00,1499.25,1,1,35,1,0.000,0
4.930333,1500.00,1499.53,1,1,36,1,0.000,0
4.931000,1500.00,1500.09,1,1,37,1,0.000,0
4.931667,1500.00,1500.38,1,1,38,1,0.000,0
4.932333,1500.00,1500.09,1,1,39,1,0.000,0
4.933000,1500.00,1500.66,1,1,40,1,0.000,0
4.933667,1500.00,1499.81,1,1,41,1,0.000,0
4.934333,1500.00,1500.09,1,1,42,1,0.000,0
4.935000,1500.00,1500.09,1,1,43,1,0.000,0
4.935667,1500.00,1499.81,1,1,44,1,0.000,0
4.936333,1500.00,1499.53,1,1,45,1,0.000,0
4.937000,1500.00,1499.53,1,1,46,1,0.000,0
4.937667,1500.00,1500.09,1,1,47,1,0.000,0
4.938333,1500.00,1500.09,1,1,48,1,0.000,0
4.939000,1500.00,1500.38,1,1,49,1,0.000,0
4.939667,1500.00,1499.81,1,1,50,1,0.000,0
4.940333,1500.00,1500.94,1,1,51,1,0.000,0
4.941000,1500.00,1499.53,1,1,52,1,0.000,0
4.941667,1500.00,1500.09,1,1,53,1,0.000,0
4.942333,1500.00,1499.81,1,1,54,1,0.000,0
4.943000,1500.00,1500.09,1,1,55,1,0.000,0
4.943667,1500.00,1499.53,1,1,56,1,0.000,0
4.944333,1500.00,1500.09,1,1,57,1,0.000,0
4.946333,1500.00,1500.15,1,1,0,0,0.000,0
4.947000,1500.00,1499.25,1,1,1,0,0.000,0
4.947667,1500.00,1501.05,1,1,2,0,0.000,0
4.948333,1500.00,1500.38,1,1,3,0,0.000,0
4.949000,1500.00,1501.05,1,1,4,0,0.000,0
4.949667,1500.00,1499.70,1,1,5,0,0.000,0
4.950333,1500.00,1500.38,1,1,6,0,0.000,0
4.951000,1500.00,1500.15,1,1,7,0,0.000,0
4.951667,1500.00,1499.53,1,1,8,0,0.000,0
4.952333,1500.00,1499.81,1,1,9,0,0.000,0
4.953000,1500.00,1499.81,1,1,10,0,0.000,0
4.953667,1500.00,1499.81,1,1,11,0,0.000,0
4.954333,1500.00,1498.97,1,1,12,0,0.000,0
4.955000,1500.00,1500.09,1,1,13,0,0.000,0
4.955667,1500.00,1499.53,1,1,14,0,0.000,0
4.956333,1500.00,1499.81,1,1,15,0,0.000,0
4.957000,1500.00,1500.94,1,1,16,0,0.000,0
4.957667,1500.00,1500.09,1,1,17,0,0.000,0
4.958333,1500.00,1500.09,1,1,18,0,0.000,0
4.959000,1500.00,1500.38,1,1,19,0,0.000,0
4.959667,1500.00,1500.38,1,1,20,0,0.000,0
4.960333,1500.00,1500.66,1,1,21,0,0.000,0
4.961000,1500.00,1500.66,1,1,22,0,0.000,0
4.961667,1500.00,1500.09,1,1,23,0,0.000,0
4.962333,1500.00,1500.66,1,1,24,0,0.000,0
4.963000,1500.00,1500.38,1,1,25,0,0.000,0
4.963667,1500.00,1499.25,1,1,26,0,0.000,0
4.964333,1500.00,1499.25,1,1,27,0,0.000,0
4.965000,1500.00,1500.38,1,1,28,0,0.000,0
4.965667,1500.00,1498.97,1,1,29,0,0.000,0
4.966333,1500.00,1499.53,1,1,30,0,0.000,0
4.967000,1500.00,1500.38,1,1,31,0,0.000,0
4.967667,1500.00,1498.97,1,1,32,0,0.000,0
4.968333,1500.00,1499.53,1,1,33,0,0.000,0
4.969000,1500.00,1500.66,1,1,34,0,0.000,0
4.969667,1500.00,1499.53,1,1,35,0,0.000,0
4.970333,1500.00,1499.25,1,1,36,0,0.000,0
4.971000,1500.00,1500.09,1,1,37,0,0.000,0
4.971667,1500.00,1500.38,1,1,38,0,0.000,0
4.972333,1500.00,1499.53,1,1,39,0,0.000,0
4.973000,1500.00,1500.09,1,1,40,0,0.000,0
4.973667,1500.00,1499.81,1,1,41,0,0.000,0
4.974333,1500.00,1499.81,1,1,42,0,0.000,0
4.975000,1500.00,1501.50,1,1,43,0,0.000,0
4.975667,1500.00,1500.38,1,1,44,0,0.000,0
4.976333,1500.00,1500.09,1,1,45,0,0.000,0
4.977000,1500.00,1500.66,1,1,46,0,0.000,0
4.977667,1500.00,1500.66,1,1,47,0,0.000,0
4.978333,1500.00,1499.81,1,1,48,0,0.000,0
4.979000,1500.00,1500.09,1,1,49,0,0.000,0
4.979667,1500.00,1499.81,1,1,50,0,0.000,0
4.980333,1500.00,1498.97,1,1,51,0,0.000,0
4.981000,1500.00,1500.38,1,1,52,0,0.000,0
4.981667,1500.00,1499.53,1,1,53,0,0.000,0
4.982333,1500.00,1499.53,1,1,54,0,0.000,0
4.983000,1500.00,1498.97,1,1,55,0,0.000,0
4.983667,1500.00,1500.38,1,1,56,0,0.000,0
4.984333,1500.00,1500.09,1,1,57,0,0.000,0
4.986333,1500.00,1500.38,1,1,0,1,0.000,0
4.987000,1500.00,1500.60,1,1,1,1,0.000,0
4.987667,1500.00,1499.70,1,1,2,1,0.000,0
4.988333,1500.00,1500.60,1,1,3,1,0.000,0
4.989000,1500.00,1499.48,1,1,4,1,0.000,0
4.989667,1500.00,1500.38,1,1,5,1,0.000,0
4.990333,1500.00,1499.93,1,1,6,1,0.000,0
4.991000,1500.00,1500.15,1,1,7,1,0.000,0
4.991667,1500.00,1498.97,1,1,8,1,0.000,0
4.992333,1500.00,1499.25,1,1,9,1,0.000,0
4.993000,1500.00,1500.66,1,1,10,1,0.000,0
4.993667,1500.00,1500.09,1,1,11,1,0.000,0
4.994333,1500.00,1500.09,1,1,12,1,0.000,0
4.995000,1500.00,1499.53,1,1,13,1,0.000,0
4.995667,1500.00,1500.38,1,1,14,1,0.000,0
4.996333,1500.00,1498.69,1,1,15,1,0.000,0
4.997000,1500.00,1500.66,1,1,16,1,0.000,0
4.997667,1500.00,1500.94,1,1,17,1,0.000,0
4.998333,1500.00,1499.53,1,1,18,1,0.000,0
4.999000,1500.00,1500.09,1,1,19,1,0.000,0
4.999667,1500.00,1500.38,1,1,20,1,0.000,0
5.000333,1500.00,1500.38,1,1,21,1,0.000,0
5.001000,1500.00,1499.53,1,1,22,1,0.000,0
5.001667,1500.00,1500.94,1,1,23,1,0.000,0
5.002333,1500.00,1499.25,1,1,24,1,0.000,0
5.003000,1500.00,1500.09,1,1,25,1,0.000,0
5.003667,1500.00,1500.09,1,1,26,1,0.000,0
5.004333,1500.00,1499.81,1,1,27,1,0.000,0
5.005000,1500.00,1499.53,1,1,28,1,0.000,0
5.005667,1500.00,1500.38,1,1,29,1,0.000,0
5.006333,1500.00,1499.25,1,1,30,1,0.000,0
5.007000,1500.00,1500.38,1,1,31,1,0.000,0
5.007667,1500.00,1500.94,1,1,32,1,0.000,0
5.008333,1500.00,1499.53,1,1,33,1,0.000,0
5.009000,1500.00,1498.69,1,1,34,1,0.000,0
5.009667,1500.00,1500.09,1,1,35,1,0.000,0
5.010333,1500.00,1500.09,1,1,36,1,0.000,0
5.011000,1500.00,1499.53,1,1,37,1,0.000,0
5.011667,1500.00,1500.38,1,1,38,1,0.000,0
5.012333,1500.00,1499.81,1,1,39,1,0.000,0
5.013000,1500.00,1500.09,1,1,40,1,0.000,0
5.013667,1500.00,1499.81,1,1,41,1,0.000,0
5.014333,1500.00,1500.38,1,1,42,1,0.000,0
5.015000,1500.00,1499.53,1,1,43,1,0.000,0
5.015667,1500.00,1500.09,1,1,44,1,0.000,0
5.016333,1500.00,1499.81,1,1,45,1,0.000,0
5.017000,1500.00,1499.81,1,1,46,1,0.000,0
5.017667,1500.00,1500.09,1,1,47,1,0.000,0
5.018333,1500.00,1500.38,1,1,48,1,0.000,0
5.019000,1500.00,1499.81,1,1,49,1,0.000,0
5.019667,1500.00,1500.66,1,1,50,1,0.000,0
5.020333,1500.00,1500.94,1,1,51,1,0.000,0
5.021000,1500.00,1500.09,1,1,52,1,0.000,0
5.021667,1500.00,1500.38,1,1,53,1,0.000,0
5.022333,1500.00,1500.66,1,1,54,1,0.000,0
5.023000,1500.00,1499.25,1,1,55,1,0.000,0
5.023667,1500.00,1499.25,1,1,56,1,0.000,0
5.024333,1500.00,1500.38,1,1,57,1,0.000,0
5.026333,1500.00,1500.38,1,1,0,0,0.000,0
5.027000,1500.00,1499.25,1,1,1,0,0.000,0
5.027667,1500.00,1499.93,1,1,2,0,0.000,0
5.028333,1500.00,1500.38,1,1,3,0,0.000,0
5.029000,1500.00,1499.70,1,1,4,0,0.000,0
5.029667,1500.00,1500.60,1,1,5,0,0.000,0
5.030333,1500.00,1500.15,1,1,6,0,0.000,0
5.031000,1500.00,1499.93,1,1,7,0,0.000,0
5.031667,1500.00,1499.53,1,1,8,0,0.000,0
5.032333,1500.00,1500.38,1,1,9,0,0.000,0
5.033000,1500.00,1500.09,1,1,10,0,0.000,0
5.033667,1500.00,1499.53,1,1,11,0,0.000,0
5.034333,1500.00,1500.38,1,1,12,0,0.000,0
5.035000,1500.00,1499.81,1,1,13,0,0.000,0
5.035667,1500.00,1499.25,1,1,14,0,0.000,0
5.036333,1500.00,1499.53,1,1,15,0,0.000,0
5.037000,1500.00,1499.81,1,1,16,0,0.000,0
5.037667,1500.00,1499.53,1,1,17,0,0.000,0
5.038333,1500.00,1499.53,1,1,18,0,0.000,0
5.039000,1500.00,1499.81,1,1,19,0,0.000,0
5.039667,1500.00,1500.38,1,1,20,0,0.000,0
5.040333,1500.00,1500.38,1,1,21,0,0.000,0
5.041000,1500.00,1500.38,1,1,22,0,0.000,0
5.041667,1500.00,1500.94,1,1,23,0,0.000,0
5.042333,1500.00,1500.09,1,1,24,0,0.000,0
5.043000,1500.00,1500.66,1,1,25,0,0.000,0
5.043667,1500.00,1500.66,1,1,26,0,0.000,0
5.044333,1500.00,1499.81,1,1,27,0,0.000,0
5.045000,1500.00,1500.09,1,1,28,0,0.000,0
5.045667,1500.00,1499.81,1,1,29,0,0.000,0
5.046333,1500.00,1499.53,1,1,30,0,0.000,0
5.047000,1500.00,1499.81,1,1,31,0,0.000,0
5.047667,1500.00,1500.09,1,1,32,0,0.000,0
5.048333,1500.00,1499.25,1,1,33,0,0.000,0
5.049000,1500.00,1500.09,1,1,34,0,0.000,0
5.049667,1500.00,1499.81,1,1,35,0,0.000,0
5.050333,1500.00,1498.97,1,1,36,0,0.000,0
5.051000,1500.00,1499.25,1,1,37,0,0.000,0
5.051667,1500.00,1500.66,1,1,38,0,0.000,0
5.052333,1500.00,1499.53,1,1,39,0,0.000,0
5.053000,1500.00,1500.38,1,1,40,0,0.000,0
5.053667,1500.00,1499.81,1,1,41,0,0.000,0
5.054333,1500.00,1500.09,1,1,42,0,0.000,0
5.055000,1500.00,1499.81,1,1,43,0,0.000,0
5.055667,1500.00,1500.09,1,1,44,0,0.000,0
5.056333,1500.00,1500.38,1,1,45,0,0.000,0
5.057000,1500.00,1500.38,1,1,46,0,0.000,0
5.057667,1500.00,1500.38,1,1,47,0,0.000,0
5.058333,1500.00,1500.09,1,1,48,0,0.000,0
5.059000,1500.00,1500.38,1,1,49,0,0.000,0
5.059667,1500.00,1499.81,1,1,50,0,0.000,0
5.060333,1500.00,1499.81,1,1,51,0,0.000,0
5.061000,1500.00,1500.09,1,1,52,0,0.000,0
5.061667,1500.00,1500.09,1,1,53,0,0.000,0
5.062333,1500.00,1499.81,1,1,54,0,0.000,0
5.063000,1500.00,1499.53,1,1,55,0,0.000,0
5.063667,1500.00,1500.09,1,1,56,0,0.000,0
5.064333,1500.00,1500.38,1,1,57,0,0.000,0
5.066333,1500.00,1499.70,1,1,0,1,0.000,0
5.067000,1500.00,1500.60,1,1,1,1,0.000,0
5.067667,1500.00,1500.15,1,1,2,1,0.000,0
5.068333,1500.00,1499.93,1,1,3,1,0.000,0
5.069000,1500.00,1499.48,1,1,4,1,0.000,0
5.069667,1500.00,1499.93,1,1,5,1,0.000,0
5.070333,1500.00,1499.48,1,1,6,1,0.000,0
5.071000,1500.00,1500.15,1,1,7,1,0.000,0
5.071667,1500.00,1500.94,1,1,8,1,0.000,0
5.072333,1500.00,1500.09,1,1,9,1,0.000,0
5.073000,1500.00,1499.81,1,1,10,1,0.000,0
5.073667,1500.00,1500.38,1,1,11,1,0.000,0
5.074333,1500.00,1500.38,1,1,12,1,0.000,0
5.075000,1500.00,1500.94,1,1,13,1,0.000,0
5.075667,1500.00,1499.53,1,1,14,1,0.000,0
5.076333,1500.00,1499.81,1,1,15,1,0.000,0
5.077000,1500.00,1498.97,1,1,16,1,0.000,0
5.077667,1500.00,1500.09,1,1,17,1,0.000,0
5.078333,1500.00,1501.22,1,1,18,1,0.000,0
5.079000,1500.00,1500.09,1,1,19,1,0.000,0
5.079667,1500.00,1500.09,1,1,20,1,0.000,0
5.080333,1500.00,1499.81,1,1,21,1,0.000,0
5.081000,1500.00,1501.22,1,1,22,1,0.000,0
5.081667,1500.00,1500.09,1,1,23,1,0.000,0
5.082333,1500.00,1500.38,1,1,24,1,0.000,0
5.083000,1500.00,1500.38,1,1,25,1,0.000,0
5.083667,1500.00,1499.81,1,1,26,1,0.000,0
5.084333,1500.00,1499.81,1,1,27,1,0.000,0
5.085000,1500.00,1500.09,1,1,28,1,0.000,0
5.085667,1500.00,1500.09,1,1,29,1,0.000,0
5.086333,1500.00,1499.53,1,1,30,1,0.000,0
5.087000,1500.00,1500.09,1,1,31,1,0.000,0
5.087667,1500.00,1500.66,1,1,32,1,0.000,0
5.088333,1500.00,1499.25,1,1,33,1,0.000,0
5.089000,1500.00,1498.97,1,1,34,1,0.000,0
5.089667,1500.00,1500.09,1,1,35,1,0.000,0
5.090333,1500.00,1499.53,1,1,36,1,0.000,0
5.091000,1500.00,1499.25,1,1,37,1,0.000,0
5.091667,1500.00,1499.53,1,1,38,1,0.000,0
5.092333,1500.00,1499.81,1,1,39,1,0.000,0
5.093000,1500.00,1498.97,1,1,40,1,0.000,0
5.093667,1500.00,1499.81,1,1,41,1,0.000,0
5.094333,1500.00,1500.66,1,1,42,1,0.000,0
5.095000,1500.00,1500.09,1,1,43,1,0.000,0
5.095667,1500.00,1500.38,1,1,44,1,0.000,0
5.096333,1500.00,1500.94,1,1,45,1,0.000,0
5.097000,1500.00,1500.38,1,1,46,1,0.000,0
5.097667,1500.00,1500.38,1,1,47,1,0.000,0
5.098333,1500.00,1500.38,1,1,48,1,0.000,0
5.099000,1500.00,1500.09,1,1,49,1,0.000,0
5.099667,1500.00,1499.53,1,1,50,1,0.000,0
5.100333,1500.00,1500.09,1,1,51,1,0.000,0
5.101000,1500.00,1500.38,1,1,52,1,0.000,0
5.101667,1500.00,1499.81,1,1,53,1,0.000,0
5.102333,1500.00,1500.09,1,1,54,1,0.000,0
5.103000,1500.00,1499.25,1,1,55,1,0.000,0
5.103667,1500.00,1499.81,1,1,56,1,0.000,0
5.104333,1500.00,1500.38,1,1,57,1,0.000,0
5.106333,1500.00,1500.38,1,1,0,0,0.000,0
5.107000,1500.00,1499.25,1,1,1,0,0.000,0
5.107667,1500.00,1499.48,1,1,2,0,0.000,0
5.108333,1500.00,1500.38,1,1,3,0,0.000,0
5.109000,1500.00,1500.15,1,1,4,0,0.000,0
5.109667,1500.00,1499.93,1,1,5,0,0.000,0
5.110333,1500.00,1499.93,1,1,6,0,0.000,0
5.111000,1500.00,1499.93,1,1,7,0,0.000,0
5.111667,1500.00,1499.53,1,1,8,0,0.000,0
5.112333,1500.00,1500.94,1,1,9,0,0.000,0
5.113000,1500.00,1500.38,1,1,10,0,0.000,0
5.113667,1500.00,1499.81,1,1,11,0,0.000,0
5.114333,1500.00,1499.53,1,1,12,0,0.000,0
5.115000,1500.00,1500.66,1,1,13,0,0.000,0
5.115667,1500.00,1500.09,1,1,14,0,0.000,0
5.116333,1500.00,1500.09,1,1,15,0,0.000,0
5.117000,1500.00,1500.66,1,1,16,0,0.000,0
5.117667,1500.00,1498.97,1,1,17,0,0.000,0
5.118333,1500.00,1500.38,1,1,18,0,0.000,0
5.119000,1500.00,1498.69,1,1,19,0,0.000,0
5.119667,1500.00,1500.94,1,1,20,0,0.000,0
5.120333,1500.00,1499.53,1,1,21,0,0.000,0
5.121000,1500.00,1499.53,1,1,22,0,0.000,0
5.121667,1500.00,1500.09,1,1,23,0,0.000,0
5.122333,1500.00,1499.25,1,1,24,0,0.000,0
5.123000,1500.00,1500.94,1,1,25,0,0.000,0
5.123667,1500.00,1499.25,1,1,26,0,0.000,0
5.124333,1500.00,1500.94,1,1,27,0,0.000,0
5.125000,1500.00,1499.53,1,1,28,0,0.000,0
5.125667,1500.00,1500.38,1,1,29,0,0.000,0
5.126333,1500.00,1500.66,1,1,30,0,0.000,0
5.127000,1500.00,1500.09,1,1,31,0,0.000,0
5.127667,1500.00,1500.38,1,1,32,0,0.000,0
5.128333,1500.00,1499.53,1,1,33,0,0.000,0
5.129000,1500.00,1499.81,1,1,34,0,0.000,0
5.129667,1500.00,1499.53,1,1,35,0,0.000,0
5.130333,1500.00,1499.81,1,1,36,0,0.000,0
5.131000,1500.00,1499.81,1,1,37,0,0.000,0
5.131667,1500.00,1500.09,1,1,38,0,0.000,0
5.132333,1500.00,1499.25,1,1,39,0,0.000,0
5.133000,1500.00,1499.81,1,1,40,0,0.000,0
5.133667,1500.00,1500.09,1,1,41,0,0.000,0
5.134333,1500.00,1500.94,1,1,42,0,0.000,0
5.135000,1500.00,1500.38,1,1,43,0,0.000,0
5.135667,1500.00,1499.25,1,1,44,0,0.000,0
5.136333,1500.00,1499.81,1,1,45,0,0.000,0
5.137000,1500.00,1499.81,1,1,46,0,0.000,0
5.137667,1500.00,1500.38,1,1,47,0,0.000,0
5.138333,1500.00,1499.53,1,1,48,0,0.000,0
5.139000,1500.00,1500.38,1,1,49,0,0.000,0
5.139667,1500.00,1498.69,1,1,50,0,0.000,0
5.140333,1500.00,1500.09,1,1,51,0,0.000,0
5.141000,1500.00,1500.66,1,1,52,0,0.000,0
5.141667,1500.00,1500.09,1,1,53,0,0.000,0
5.142333,1500.00,1500.94,1,1,54,0,0.000,0
5.143000,1500.00,1499.81,1,1,55,0,0.000,0
5.143667,1500.00,1500.38,1,1,56,0,0.000,0
5.144333,1500.00,1499.25,1,1,57,0,0.000,0
5.146333,1500.00,1500.15,1,1,0,1,0.000,0
5.147000,1500.00,1499.70,1,1,1,1,0.000,0
5.147667,1500.00,1500.15,1,1,2,1,0.000,0
5.148333,1500.00,1500.15,1,1,3,1,0.000,0
5.149000,1500.00,1499.03,1,1,4,1,0.000,0
5.149667,1500.00,1500.15,1,1,5,1,0.000,0
5.150333,1500.00,1500.15,1,1,6,1,0.000,0
5.151000,1500.00,1500.38,1,1,7,1,0.000,0
5.151667,1500.00,1500.66,1,1,8,1,0.000,0
5.152333,1500.00,1500.38,1,1,9,1,0.000,0
5.153000,1500.00,1499.53,1,1,10,1,0.000,0
5.153667,1500.00,1499.81,1,1,11,1,0.000,0
5.154333,1500.00,1501.22,1,1,12,1,0.000,0
5.155000,1500.00,1500.09,1,1,13,1,0.000,0
5.155667,1500.00,1499.81,1,1,14,1,0.000,0
5.156333,1500.00,1499.81,1,1,15,1,0.000,0
5.157000,1500.00,1499.81,1,1,16,1,0.000,0
5.157667,1500.00,1499.81,1,1,17,1,0.000,0
5.158333,1500.00,1499.81,1,1,18,1,0.000,0
5.159000,1500.00,1500.09,1,1,19,1,0.000,0
5.159667,1500.00,1499.25,1,1,20,1,0.000,0
5.160333,1500.00,1500.38,1,1,21,1,0.000,0
5.161000,1500.00,1499.53,1,1,22,1,0.000,0
5.161667,1500.00,1500.09,1,1,23,1,0.000,0
5.162333,1500.00,1499.81,1,1,24,1,0.000,0
5.163000,1500.00,1499.53,1,1,25,1,0.000,0
5.163667,1500.00,1500.38,1,1,26,1,0.000,0
5.164333,1500.00,1499.81,1,1,27,1,0.000,0
5.165000,1500.00,1499.53,1,1,28,1,0.000,0
5.165667,1500.00,1499.53,1,1,29,1,0.000,0
5.166333,1500.00,1500.66,1,1,30,1,0.000,0
5.167000,1500.00,1500.66,1,1,31,1,0.000,0
5.167667,1500.00,1500.38,1,1,32,1,0.000,0
5.168333,1500.00,1500.38,1,1,33,1,0.000,0
5.169000,1500.00,1499.25,1,1,34,1,0.000,0
5.169667,1500.00,1500.38,1,1,35,1,0.000,0
5.170333,1500.00,1500.09,1,1,36,1,0.000,0
5.171000,1500.00,1500.09,1,1,37,1,0.000,0
5.171667,1500.00,1499.81,1,1,38,1,0.000,0
5.172333,1500.00,1499.81,1,1,39,1,0.000,0
5.173000,1500.00,1499.81,1,1,40,1,0.000,0
5.173667,1500.00,1499.53,1,1,41,1,0.000,0
5.174333,1500.00,1500.66,1,1,42,1,0.000,0
5.175000,1500.00,1499.53,1,1,43,1,0.000,0
5.175667,1500.00,1500.66,1,1,44,1,0.000,0
5.176333,1500.00,1500.09,1,1,45,1,0.000,0
5.177000,1500.00,1499.81,1,1,46,1,0.000,0
5.177667,1500.00,1499.25,1,1,47,1,0.000,0
5.178333,1500.00,1500.94,1,1,48,1,0.000,0
5.179000,1500.00,1500.38,1,1,49,1,0.000,0
5.179667,1500.00,1500.09,1,1,50,1,0.000,0
5.180333,1500.00,1500.94,1,1,51,1,0.000,0
5.181000,1500.00,1499.53,1,1,52,1,0.000,0
5.181667,1500.00,1500.38,1,1,53,1,0.000,0
5.182333,1500.00,1500.66,1,1,54,1,0.000,0
5.183000,1500.00,1499.81,1,1,55,1,0.000,0
5.183667,1500.00,1499.81,1,1,56,1,0.000,0
5.184333,1500.00,1500.09,1,1,57,1,0.000,0
5.186333,1500.00,1500.60,1,1,0,0,0.000,0
5.187000,1500.00,1499.93,1,1,1,0,0.000,0
5.187667,1500.00,1499.48,1,1,2,0,0.000,0
5.188333,1500.00,1499.93,1,1,3,0,0.000,0
5.189000,1500.00,1499.25,1,1,4,0,0.000,0
5.189667,1500.00,1500.60,1,1,5,0,0.000,0
5.190333,1500.00,1499.70,1,1,6,0,0.000,0
5.191000,1500.00,1500.38,1,1,7,0,0.000,0
5.191667,1500.00,1499.53,1,1,8,0,0.000,0
5.192333,1500.00,1499.53,1,1,9,0,0.000,0
5.193000,1500.00,1500.38,1,1,10,0,0.000,0
5.193667,1500.00,1500.38,1,1,11,0,0.000,0
5.194333,1500.00,1500.66,1,1,12,0,0.000,0
5.195000,1500.00,1500.38,1,1,13,0,0.000,0
5.195667,1500.00,1500.66,1,1,14,0,0.000,0
5.196333,1500.00,1498.97,1,1,15,0,0.000,0
5.197000,1500.00,1499.25,1,1,16,0,0.000,0
5.197667,1500.00,1500.09,1,1,17,0,0.000,0
5.198333,1500.00,1500.09,1,1,18,0,0.000,0
5.199000,1500.00,1499.25,1,1,19,0,0.000,0
5.199667,1500.00,1500.38,1,1,20,0,0.000,0
5.200333,1500.00,1500.09,1,1,21,0,0.000,0
5.201000,1500.00,1499.25,1,1,22,0,0.000,0
5.201667,1500.00,1500.66,1,1,23,0,0.000,0
5.202333,1500.00,1500.38,1,1,24,0,0.000,0
5.203000,1500.00,1499.53,1,1,25,0,0.000,0
5.203667,1500.00,1500.66,1,1,26,0,0.000,0
5.204333,1500.00,1499.81,1,1,27,0,0.000,0
5.205000,1500.00,1499.25,1,1,28,0,0.000,0
5.205667,1500.00,1499.53,1,1,29,0,0.000,0
5.206333,1500.00,1499.53,1,1,30,0,0.000,0
5.207000,1500.00,1499.81,1,1,31,0,0.000,0
5.207667,1500.00,1500.09,1,1,32,0,0.000,0
5.208333,1500.00,1500.38,1,1,33,0,0.000,0
5.209000,1500.00,1499.53,1,1,34,0,0.000,0
5.209667,1500.00,1500.09,1,1,35,0,0.000,0
5.210333,1500.00,1499.81,1,1,36,0,0.000,0
5.211000,1500.00,1499.25,1,1,37,0,0.000,0
5.211667,1500.00,1500.38,1,1,38,0,0.000,0
5.212333,1500.00,1500.09,1,1,39,0,0.000,0
5.213000,1500.00,1500.09,1,1,40,0,0.000,0
5.213667,1500.00,1500.38,1,1,41,0,0.000,0
5.214333,1500.00,1500.09,1,1,42,0,0.000,0
5.215000,1500.00,1499.81,1,1,43,0,0.000,0
5.215667,1500.00,1500.09,1,1,44,0,0.000,0
5.216333,1500.00,1500.38,1,1,45,0,0.000,0
5.217000,1500.00,1499.53,1,1,46,0,0.000,0
5.217667,1500.00,1500.38,1,1,47,0,0.000,0
5.218333,1500.00,1500.38,1,1,48,0,0.000,0
5.219000,1500.00,1500.09,1,1,49,0,0.000,0
5.219667,1500.00,1500.09,1,1,50,0,0.000,0
5.220333,1500.00,1500.38,1,1,51,0,0.000,0
5.221000,1500.00,1500.38,1,1,52,0,0.000,0
5.221667,1500.00,1500.38,1,1,53,0,0.000,0
5.222333,1500.00,1500.38,1,1,54,0,0.000,0
5.223000,1500.00,1499.81,1,1,55,0,0.000,0
5.223667,1500.00,1500.09,1,1,56,0,0.000,0
5.224333,1500.00,1499.81,1,1,57,0,0.000,0
5.226333,1500.00,1500.15,1,1,0,1,0.000,0
5.227000,1500.00,1500.38,1,1,1,1,0.000,0
5.227667,1500.00,1500.38,1,1,2,1,0.000,0
5.228333,1500.00,1499.93,1,1,3,1,0.000,0
5.229000,1500.00,1499.93,1,1,4,1,0.000,0
5.229667,1500.00,1499.70,1,1,5,1,0.000,0
5.230333,1500.00,1499.93,1,1,6,1,0.000,0
5.231000,1500.00,1499.48,1,1,7,1,0.000,0
5.231667,1500.00,1500.09,1,1,8,1,0.000,0
5.232333,1500.00,1499.25,1,1,9,1,0.000,0
5.233000,1500.00,1499.81,1,1,10,1,0.000,0
5.233667,1500.00,1499.81,1,1,11,1,0.000,0
5.234333,1500.00,1500.66,1,1,12,1,0.000,0
5.235000,1500.00,1500.09,1,1,13,1,0.000,0
5.235667,1500.00,1500.09,1,1,14,1,0.000,0
5.236333,1500.00,1500.09,1,1,15,1,0.000,0
5.237000,1500.00,1499.53,1,1,16,1,0.000,0
5.237667,1500.00,1500.09,1,1,17,1,0.000,0
5.238333,1500.00,1499.53,1,1,18,1,0.000,0
5.239000,1500.00,1500.09,1,1,19,1,0.000,0
5.239667,1500.00,1499.53,1,1,20,1,0.000,0
5.240333,1500.00,1500.09,1,1,21,1,0.000,0
5.241000,1500.00,1499.81,1,1,22,1,0.000,0
5.241667,1500.00,1499.81,1,1,23,1,0.000,0
5.242333,1500.00,1500.09,1,1,24,1,0.000,0
5.243000,1500.00,1500.38,1,1,25,1,0.000,0
5.243667,1500.00,1500.66,1,1,26,1,0.000,0
5.244333,1500.00,1499.53,1,1,27,1,0.000,0
5.245000,1500.00,1500.38,1,1,28,1,0.000,0
5.245667,1500.00,1500.09,1,1,29,1,0.000,0
5.246333,1500.00,1499.53,1,1,30,1,0.000,0
5.247000,1500.00,1499.81,1,1,31,1,0.000,0
5.247667,1500.00,1500.09,1,1,32,1,0.000,0
5.248333,1500.00,1499.81,1,1,33,1,0.000,0
5.249000,1500.00,1499.53,1,1,34,1,0.000,0
5.249667,1500.00,1500.66,1,1,35,1,0.000,0
5.250333,1500.00,1499.81,1,1,36,1,0.000,0
5.251000,1500.00,1499.25,1,1,37,1,0.000,0
5.251667,1500.00,1500.94,1,1,38,1,0.000,0
5.252333,1500.00,1500.66,1,1,39,1,0.000,0
5.253000,1500.00,1499.53,1,1,40,1,0.000,0
5.253667,1500.00,1500.38,1,1,41,1,0.000,0
5.254333,1500.00,1499.25,1,1,42,1,0.000,0
5.255000,1500.00,1499.81,1,1,43,1,0.000,0
5.255667,1500.00,1500.09,1,1,44,1,0.000,0
5.256333,1500.00,1500.66,1,1,45,1,0.000,0
5.257000,1500.00,1498.97,1,1,46,1,0.000,0
5.257667,1500.00,1499.53,1,1,47,1,0.000,0
5.258333,1500.00,1500.94,1,1,48,1,0.000,0
5.259000,1500.00,1500.09,1,1,49,1,0.000,0
5.259667,1500.00,1500.38,1,1,50,1,0.000,0
5.260333,1500.00,1499.81,1,1,51,1,0.000,0
5.261000,1500.00,1499.81,1,1,52,1,0.000,0
5.261667,1500.00,1499.25,1,1,53,1,0.000,0
5.262333,1500.00,1500.09,1,1,54,1,0.000,0
5.263000,1500.00,1500.66,1,1,55,1,0.000,0
5.263667,1500.00,1499.25,1,1,56,1,0.000,0
5.264333,1500.00,1499.53,1,1,57,1,0.000,0
5.266333,1500.00,1500.83,1,1,0,0,0.000,0
5.267000,1500.00,1500.60,1,1,1,0,0.000,0
5.267667,1500.00,1499.93,1,1,2,0,0.000,0
5.268333,1500.00,1500.38,1,1,3,0,0.000,0
5.269000,1500.00,1500.60,1,1,4,0,0.000,0
5.269667,1500.00,1500.15,1,1,5,0,0.000,0
5.270333,1500.00,1500.15,1,1,6,0,0.000,0
5.271000,1500.00,1499.93,1,1,7,0,0.000,0
5.271667,1500.00,1499.25,1,1,8,0,0.000,0
5.272333,1500.00,1499.53,1,1,9,0,0.000,0
5.273000,1500.00,1500.09,1,1,10,0,0.000,0
5.273667,1500.00,1500.09,1,1,11,0,0.000,0
5.274333,1500.00,1499.25,1,1,12,0,0.000,0
5.275000,1500.00,1499.25,1,1,13,0,0.000,0
5.275667,1500.00,1500.09,1,1,14,0,0.000,0
5.276333,1500.00,1500.09,1,1,15,0,0.000,0
5.277000,1500.00,1500.09,1,1,16,0,0.000,0
5.277667,1500.00,1499.53,1,1,17,0,0.000,0
5.278333,1500.00,1500.09,1,1,18,0,0.000,0
5.279000,1500.00,1499.53,1,1,19,0,0.000,0
5.279667,1500.00,1500.38,1,1,20,0,0.000,0
5.280333,1500.00,1500.38,1,1,21,0,0.000,0
5.281000,1500.00,1499.81,1,1,22,0,0.000,0
5.281667,1500.00,1500.09,1,1,23,0,0.000,0
5.282333,1500.00,1500.09,1,1,24,0,0.000,0
5.283000,1500.00,1500.09,1,1,25,0,0.000,0
5.283667,1500.00,1499.25,1,1,26,0,0.000,0
5.284333,1500.00,1500.94,1,1,27,0,0.000,0
5.285000,1500.00,1500.09,1,1,28,0,0.000,0
5.285667,1500.00,1499.81,1,1,29,0,0.000,0
5.286333,1500.00,1500.09,1,1,30,0,0.000,0
5.287000,1500.00,1499.81,1,1,31,0,0.000,0
5.287667,1500.00,1500.09,1,1,32,0,0.000,0
5.288333,1500.00,1499.81,1,1,33,0,0.000,0
5.289000,1500.00,1500.66,1,1,34,0,0.000,0
5.289667,1500.00,1499.81,1,1,35,0,0.000,0
5.290333,1500.00,1499.53,1,1,36,0,0.000,0
5.291000,1500.00,1500.09,1,1,37,0,0.000,0
5.291667,1500.00,1500.09,1,1,38,0,0.000,0
5.292333,1500.00,1498.97,1,1,39,0,0.000,0
5.293000,1500.00,1499.81,1,1,40,0,0.000,0
5.293667,1500.00,1500.66,1,1,41,0,0.000,0
5.294333,1500.00,1499.53,1,1,42,0,0.000,0
5.295000,1500.00,1499.53,1,1,43,0,0.000,0
5.295667,1500.00,1500.38,1,1,44,0,0.000,0
5.296333,1500.00,1500.38,1,1,45,0,0.000,0
5.297000,1500.00,1499.81,1,1,46,0,0.000,0
5.297667,1500.00,1500.09,1,1,47,0,0.000,0
5.298333,1500.00,1499.53,1,1,48,0,0.000,0
5.299000,1500.00,1500.66,1,1,49,0,0.000,0
5.299667,1500.00,1500.94,1,1,50,0,0.000,0
5.300333,1500.00,1500.38,1,1,51,0,0.000,0
5.301000,1500.00,1499.53,1,1,52,0,0.000,0
5.301667,1500.00,1499.25,1,1,53,0,0.000,0
5.302333,1500.00,1500.09,1,1,54,0,0.000,0
5.303000,1500.00,1501.22,1,1,55,0,0.000,0
5.303667,1500.00,1501.22,1,1,56,0,0.000,0
5.304333,1500.00,1499.25,1,1,57,0,0.000,0
5.306333,1500.00,1499.25,1,1,0,1,0.000,0
5.307000,1500.00,1499.70,1,1,1,1,0.000,0
5.307667,1500.00,1500.38,1,1,2,1,0.000,0
5.308333,1500.00,1500.60,1,1,3,1,0.000,0
5.309000,1500.00,1499.70,1,1,4,1,0.000,0
5.309667,1500.00,1499.48,1,1,5,1,0.000,0
5.310333,1500.00,1499.48,1,1,6,1,0.000,0
5.311000,1500.00,1499.70,1,1,7,1,0.000,0
5.311667,1500.00,1500.38,1,1,8,1,0.000,0
5.312333,1500.00,1500.38,1,1,9,1,0.000,0
5.313000,1500.00,1500.38,1,1,10,1,0.000,0
5.313667,1500.00,1499.53,1,1,11,1,0.000,0
5.314333,1500.00,1500.09,1,1,12,1,0.000,0
5.315000,1500.00,1500.66,1,1,13,1,0.000,0
5.315667,1500.00,1499.53,1,1,14,1,0.000,0
5.316333,1500.00,1500.38,1,1,15,1,0.000,0
5.317000,1500.00,1500.09,1,1,16,1,0.000,0
5.317667,1500.00,1500.09,1,1,17,1,0.000,0
5.318333,1500.00,1499.53,1,1,18,1,0.000,0
5.319000,1500.00,1500.38,1,1,19,1,0.000,0
5.319667,1500.00,1499.81,1,1,20,1,0.000,0
5.320333,1500.00,1499.81,1,1,21,1,0.000,0
5.321000,1500.00,1500.09,1,1,22,1,0.000,0
5.321667,1500.00,1499.81,1,1,23,1,0.000,0
5.322333,1500.00,1500.38,1,1,24,1,0.000,0
5.323000,1500.00,1499.25,1,1,25,1,0.000,0
5.323667,1500.00,1499.81,1,1,26,1,0.000,0
5.324333,1500.00,1499.25,1,1,27,1,0.000,0
5.325000,1500.00,1500.38,1,1,28,1,0.000,0
5.325667,1500.00,1500.38,1,1,29,1,0.000,0
5.326333,1500.00,1500.38,1,1,30,1,0.000,0
5.327000,1500.00,1500.09,1,1,31,1,0.000,0
5.327667,1500.00,1499.25,1,1,32,1,0.000,0
5.328333,1500.00,1500.66,1,1,33,1,0.000,0
5.329000,1500.00,1500.09,1,1,34,1,0.000,0
5.329667,1500.00,1500.38,1,1,35,1,0.000,0
5.330333,1500.00,1500.09,1,1,36,1,0.000,0
5.331000,1500.00,1499.53,1,1,37,1,0.000,0
5.331667,1500.00,1500.09,1,1,38,1,0.000,0
5.332333,1500.00,1499.81,1,1,39,1,0.000,0
5.333000,1500.00,1500.09,1,1,40,1,0.000,0
5.333667,1500.00,1500.09,1,1,41,1,0.000,0
5.334333,1500.00,1499.81,1,1,42,1,0.000,0
5.335000,1500.00,1499.25,1,1,43,1,0.000,0
5.335667,1500.00,1499.25,1,1,44,1,0.000,0
5.336333,1500.00,1499.53,1,1,45,1,0.000,0
5.337000,1500.00,1500.38,1,1,46,1,0.000,0
5.337667,1500.00,1499.81,1,1,47,1,0.000,0
5.338333,1500.00,1501.22,1,1,48,1,0.000,0
5.339000,1500.00,1499.81,1,1,49,1,0.000,0
5.339667,1500.00,1500.38,1,1,50,1,0.000,0
5.340333,1500.00,1501.22,1,1,51,1,0.000,0
5.341000,1500.00,1500.66,1,1,52,1,0.000,0
5.341667,1500.00,1500.94,1,1,53,1,0.000,0
5.342333,1500.00,1499.81,1,1,54,1,0.000,0
5.343000,1500.00,1500.66,1,1,55,1,0.000,0
5.343667,1500.00,1499.81,1,1,56,1,0.000,0
5.344333,1500.00,1499.53,1,1,57,1,0.000,0
5.346333,1500.00,1499.93,1,1,0,0,0.000,0
5.347000,1500.00,1499.93,1,1,1,0,0.000,0
5.347667,1500.00,1499.48,1,1,2,0,0.000,0
5.348333,1500.00,1499.93,1,1,3,0,0.000,0
5.349000,1500.00,1500.15,1,1,4,0,0.000,0
5.349667,1500.00,1499.48,1,1,5,0,0.000,0
5.350333,1500.00,1499.03,1,1,6,0,0.000,0
5.351000,1500.00,1500.38,1,1,7,0,0.000,0
5.351667,1500.00,1500.38,1,1,8,0,0.000,0
5.352333,1500.00,1499.53,1,1,9,0,0.000,0
5.353000,1500.00,1501.50,1,1,10,0,0.000,0
5.353667,1500.00,1498.97,1,1,11,0,0.000,0
5.354333,1500.00,1499.25,1,1,12,0,0.000,0
5.355000,1500.00,1500.09,1,1,13,0,0.000,0
5.355667,1500.00,1500.09,1,1,14,0,0.000,0
5.356333,1500.00,1500.38,1,1,15,0,0.000,0
5.357000,1500.00,1500.38,1,1,16,0,0.000,0
5.357667,1500.00,1499.81,1,1,17,0,0.000,0
5.358333,1500.00,1499.53,1,1,18,0,0.000,0
5.359000,1500.00,1501.22,1,1,19,0,0.000,0
5.359667,1500.00,1499.81,1,1,20,0,0.000,0
5.360333,1500.00,1500.94,1,1,21,0,0.000,0
5.361000,1500.00,1500.38,1,1,22,0,0.000,0
5.361667,1500.00,1500.09,1,1,23,0,0.000,0
5.362333,1500.00,1500.38,1,1,24,0,0.000,0
5.363000,1500.00,1500.09,1,1,25,0,0.000,0
5.363667,1500.00,1499.53,1,1,26,0,0.000,0
5.364333,1500.00,1499.53,1,1,27,0,0.000,0
5.365000,1500.00,1500.38,1,1,28,0,0.000,0
5.365667,1500.00,1499.81,1,1,29,0,0.000,0
5.366333,1500.00,1500.09,1,1,30,0,0.000,0
5.367000,1500.00,1499.53,1,1,31,0,0.000,0
5.367667,1500.00,1499.53,1,1,32,0,0.000,0
5.368333,1500.00,1500.09,1,1,33,0,0.000,0
5.369000,1500.00,1499.81,1,1,34,0,0.000,0
5.369667,1500.00,1499.53,1,1,35,0,0.000,0
5.370333,1500.00,1500.38,1,1,36,0,0.000,0
5.371000,1500.00,1499.25,1,1,37,0,0.000,0
5.371667,1500.00,1499.25,1,1,38,0,0.000,0
5.372333,1500.00,1500.38,1,1,39,0,0.000,0
5.373000,1500.00,1499.25,1,1,40,0,0.000,0
5.373667,1500.00,1500.38,1,1,41,0,0.000,0
5.374333,1500.00,1500.09,1,1,42,0,0.000,0
5.375000,1500.00,1499.81,1,1,43,0,0.000,0
5.375667,1500.00,1499.81,1,1,44,0,0.000,0
5.376333,1500.00,1499.81,1,1,45,0,0.000,0
5.377000,1500.00,1501.22,1,1,46,0,0.000,0
5.377667,1500.00,1499.81,1,1,47,0,0.000,0
5.378333,1500.00,1499.81,1,1,48,0,0.000,0
5.379000,1500.00,1499.25,1,1,49,0,0.000,0
5.379667,1500.00,1499.81,1,1,50,0,0.000,0
5.380333,1500.00,1500.38,1,1,51,0,0.000,0
5.381000,1500.00,1499.81,1,1,52,0,0.000,0
5.381667,1500.00,1499.53,1,1,53,0,0.000,0
5.382333,1500.00,1498.97,1,1,54,0,0.000,0
5.383000,1500.00,1500.09,1,1,55,0,0.000,0
5.383667,1500.00,1500.38,1,1,56,0,0.000,0
5.384333,1500.00,1500.66,1,1,57,0,0.000,0
5.386333,1500.00,1500.15,1,1,0,1,0.000,0
5.387000,1500.00,1500.15,1,1,1,1,0.000,0
5.387667,1500.00,1500.15,1,1,2,1,0.000,0
5.388333,1500.00,1499.93,1,1,3,1,0.000,0
5.389000,1500.00,1500.60,1,1,4,1,0.000,0
5.389667,1500.00,1499.70,1,1,5,1,0.000,0
5.390333,1500.00,1499.48,1,1,6,1,0.000,0
5.391000,1500.00,1499.48,1,1,7,1,0.000,0
5.391667,1500.00,1500.09,1,1,8,1,0.000,0
5.392333,1500.00,1500.38,1,1,9,1,0.000,0
5.393000,1500.00,1500.38,1,1,10,1,0.000,0
5.393667,1500.00,1500.94,1,1,11,1,0.000,0
5.394333,1500.00,1498.97,1,1,12,1,0.000,0
5.395000,1500.00,1500.66,1,1,13,1,0.000,0
5.395667,1500.00,1500.38,1,1,14,1,0.000,0
5.396333,1500.00,1500.38,1,1,15,1,0.000,0
5.397000,1500.00,1499.53,1,1,16,1,0.000,0
5.397667,1500.00,1499.53,1,1,17,1,0.000,0
5.398333,1500.00,1499.53,1,1,18,1,0.000,0
5.399000,1500.00,1500.09,1,1,19,1,0.000,0
5.399667,1500.00,1500.38,1,1,20,1,0.000,0
5.400333,1500.00,1499.53,1,1,21,1,0.000,0
5.401000,1500.00,1500.09,1,1,22,1,0.000,0
5.401667,1500.00,1500.38,1,1,23,1,0.000,0
5.402333,1500.00,1500.66,1,1,24,1,0.000,0
5.403000,1500.00,1499.53,1,1,25,1,0.000,0
5.403667,1500.00,1500.66,1,1,26,1,0.000,0
5.404333,1500.00,1499.81,1,1,27,1,0.000,0
5.405000,1500.00,1500.66,1,1,28,1,0.000,0
5.405667,1500.00,1500.09,1,1,29,1,0.000,0
5.406333,1500.00,1500.09,1,1,30,1,0.000,0
5.407000,1500.00,1499.81,1,1,31,1,0.000,0
5.407667,1500.00,1498.97,1,1,32,1,0.000,0
5.408333,1500.00,1500.94,1,1,33,1,0.000,0
5.409000,1500.00,1498.97,1,1,34,1,0.000,0
5.409667,1500.00,1500.38,1,1,35,1,0.000,0
5.410333,1500.00,1499.81,1,1,36,1,0.000,0
5.411000,1500.00,1500.09,1,1,37,1,0.000,0
5.411667,1500.00,1500.09,1,1,38,1,0.000,0
5.412333,1500.00,1499.81,1,1,39,1,0.000,0
5.413000,1500.00,1500.94,1,1,40,1,0.000,0
5.413667,1500.00,1500.09,1,1,41,1,0.000,0
5.414333,1500.00,1500.66,1,1,42,1,0.000,0
5.415000,1500.00,1499.53,1,1,43,1,0.000,0
5.415667,1500.00,1500.09,1,1,44,1,0.000,0
5.416333,1500.00,1499.53,1,1,45,1,0.000,0
5.417000,1500.00,1499.53,1,1,46,1,0.000,0
5.417667,1500.00,1500.09,1,1,47,1,0.000,0
5.418333,1500.00,1500.09,1,1,48,1,0.000,0
5.419000,1500.00,1500.38,1,1,49,1,0.000,0
5.419667,1500.00,1499.81,1,1,50,1,0.000,0
5.420333,1500.00,1500.09,1,1,51,1,0.000,0
5.421000,1500.00,1499.53,1,1,52,1,0.000,0
5.421667,1500.00,1500.38,1,1,53,1,0.000,0
5.422333,1500.00,1501.50,1,1,54,1,0.000,0
5.423000,1500.00,1499.81,1,1,55,1,0.000,0
5.423667,1500.00,1499.81,1,1,56,1,0.000,0
5.424333,1500.00,1499.53,1,1,57,1,0.000,0
5.426333,1500.00,1499.93,1,1,0,0,0.000,0
5.427000,1500.00,1500.38,1,1,1,0,0.000,0
5.427667,1500.00,1500.38,1,1,2,0,0.000,0
5.428333,1500.00,1499.93,1,1,3,0,0.000,0
5.429000,1500.00,1499.25,1,1,4,0,0.000,0
5.429667,1500.00,1499.70,1,1,5,0,0.000,0
5.430333,1500.00,1499.93,1,1,6,0,0.000,0
5.431000,1500.00,1500.15,1,1,7,0,0.000,0
5.431667,1500.00,1499.25,1,1,8,0,0.000,0
5.432333,1500.00,1500.09,1,1,9,0,0.000,0
5.433000,1500.00,1499.81,1,1,10,0,0.000,0
5.433667,1500.00,1499.81,1,1,11,0,0.000,0
5.434333,1500.00,1499.53,1,1,12,0,0.000,0
5.435000,1500.00,1500.38,1,1,13,0,0.000,0
5.435667,1500.00,1500.09,1,1,14,0,0.000,0
5.436333,1500.00,1499.81,1,1,15,0,0.000,0
5.437000,1500.00,1500.94,1,1,16,0,0.000,0
5.437667,1500.00,1499.53,1,1,17,0,0.000,0
5.438333,1500.00,1500.38,1,1,18,0,0.000,0
5.439000,1500.00,1499.53,1,1,19,0,0.000,0
5.439667,1500.00,1500.66,1,1,20,0,0.000,0
5.440333,1500.00,1499.53,1,1,21,0,0.000,0
5.441000,1500.00,1499.81,1,1,22,0,0.000,0
5.441667,1500.00,1500.38,1,1,23,0,0.000,0
5.442333,1500.00,1499.53,1,1,24,0,0.000,0
5.443000,1500.00,1499.25,1,1,25,0,0.000,0
5.443667,1500.00,1499.53,1,1,26,0,0.000,0
5.444333,1500.00,1500.38,1,1,27,0,0.000,0
5.445000,1500.00,1500.09,1,1,28,0,0.000,0
5.445667,1500.00,1500.66,1,1,29,0,0.000,0
5.446333,1500.00,1500.09,1,1,30,0,0.000,0
5.447000,1500.00,1498.97,1,1,31,0,0.000,0
5.447667,1500.00,1500.09,1,1,32,0,0.000,0
5.448333,1500.00,1500.94,1,1,33,0,0.000,0
5.449000,1500.00,1500.38,1,1,34,0,0.000,0
5.449667,1500.00,1500.38,1,1,35,0,0.000,0
5.450333,1500.00,1499.25,1,1,36,0,0.000,0
5.451000,1500.00,1499.81,1,1,37,0,0.000,0
5.451667,1500.00,1500.09,1,1,38,0,0.000,0
5.452333,1500.00,1500.94,1,1,39,0,0.000,0
5.453000,1500.00,1500.94,1,1,40,0,0.000,0
5.453667,1500.00,1499.81,1,1,41,0,0.000,0
5.454333,1500.00,1499.53,1,1,42,0,0.000,0
5.455000,1500.00,1499.81,1,1,43,0,0.000,0
5.455667,1500.00,1499.81,1,1,44,0,0.000,0
5.456333,1500.00,1500.38,1,1,45,0,0.000,0
5.457000,1500.00,1500.38,1,1,46,0,0.000,0
5.457667,1500.00,1498.97,1,1,47,0,0.000,0
5.458333,1500.00,1498.69,1,1,48,0,0.000,0
5.459000,1500.00,1499.53,1,1,49,0,0.000,0
5.459667,1500.00,1500.09,1,1,50,0,0.000,0
5.460333,1500.00,1500.38,1,1,51,0,0.000,0
5.461000,1500.00,1500.09,1,1,52,0,0.000,0
5.461667,1500.00,1499.53,1,1,53,0,0.000,0
5.462333,1500.00,1499.81,1,1,54,0,0.000,0
5.463000,1500.00,1500.66,1,1,55,0,0.000,0
5.463667,1500.00,1500.66,1,1,56,0,0.000,0
5.464333,1500.00,1500.94,1,1,57,0,0.000,0
5.466333,1500.00,1500.60,1,1,0,1,0.000,0
5.467000,1500.00,1500.15,1,1,1,1,0.000,0
5.467667,1500.00,1499.93,1,1,2,1,0.000,0
5.468333,1500.00,1500.38,1,1,3,1,0.000,0
5.469000,1500.00,1499.25,1,1,4,1,0.000,0
5.469667,1500.00,1499.25,1,1,5,1,0.000,0
5.470333,1500.00,1499.70,1,1,6,1,0.000,0
5.471000,1500.00,1499.48,1,1,7,1,0.000,0
5.471667,1500.00,1498.69,1,1,8,1,0.000,0
5.472333,1500.00,1499.25,1,1,9,1,0.000,0
5.473000,1500.00,1500.38,1,1,10,1,0.000,0
5.473667,1500.00,1500.09,1,1,11,1,0.000,0
5.474333,1500.00,1500.94,1,1,12,1,0.000,0
5.475000,1500.00,1500.66,1,1,13,1,0.000,0
5.475667,1500.00,1500.09,1,1,14,1,0.000,0
5.476333,1500.00,1500.38,1,1,15,1,0.000,0
5.477000,1500.00,1500.66,1,1,16,1,0.000,0
5.477667,1500.00,1500.66,1,1,17,1,0.000,0
5.478333,1500.00,1500.38,1,1,18,1,0.000,0
5.479000,1500.00,1499.53,1,1,19,1,0.000,0
5.479667,1500.00,1500.09,1,1,20,1,0.000,0
5.480333,1500.00,1499.53,1,1,21,1,0.000,0
5.481000,1500.00,1500.09,1,1,22,1,0.000,0
5.481667,1500.00,1499.81,1,1,23,1,0.000,0
5.482333,1500.00,1500.09,1,1,24,1,0.000,0
5.483000,1500.00,1500.09,1,1,25,1,0.000,0
5.483667,1500.00,1499.25,1,1,26,1,0.000,0
5.484333,1500.00,1500.66,1,1,27,1,0.000,0
5.485000,1500.00,1499.53,1,1,28,1,0.000,0
5.485667,1500.00,1501.22,1,1,29,1,0.000,0
5.486333,1500.00,1500.09,1,1,30,1,0.000,0
5.487000,1500.00,1500.38,1,1,31,1,0.000,0
5.487667,1500.00,1499.81,1,1,32,1,0.000,0
5.488333,1500.00,1499.81,1,1,33,1,0.000,0
5.489000,1500.00,1500.38,1,1,34,1,0.000,0
5.489667,1500.00,1499.53,1,1,35,1,0.000,0
5.490333,1500.00,1500.38,1,1,36,1,0.000,0
5.491000,1500.00,1498.97,1,1,37,1,0.000,0
5.491667,1500.00,1500.09,1,1,38,1,0.000,0
5.492333,1500.00,1500.09,1,1,39,1,0.000,0
5.493000,1500.00,1500.38,1,1,40,1,0.000,0
5.493667,1500.00,1500.09,1,1,41,1,0.000,0
5.494333,1500.00,1500.09,1,1,42,1,0.000,0
5.495000,1500.00,1500.09,1,1,43,1,0.000,0
5.495667,1500.00,1500.09,1,1,44,1,0.000,0
5.496333,1500.00,1500.38,1,1,45,1,0.000,0
5.497000,1500.00,1500.09,1,1,46,1,0.000,0
5.497667,1500.00,1499.53,1,1,47,1,0.000,0
5.498333,1500.00,1499.81,1,1,48,1,0.000,0
5.499000,1500.00,1499.25,1,1,49,1,0.000,0
5.499667,1500.00,1500.09,1,1,50,1,0.000,0
5.700000,1500.00,0.00,0,0,50,1,0.000,2
6.000333,1500.00,0.00,0,0,50,1,0.000,0
6.001000,1500.00,0.00,0,0,50,1,0.000,0
6.001667,1500.00,0.00,0,0,50,1,0.000,0
6.002333,1500.00,0.00,0,0,50,1,0.000,0
6.003000,1500.00,1499.81,0,0,50,1,0.000,0
6.003667,1500.00,1498.35,0,0,50,1,0.000,0
6.004333,1500.00,1500.00,0,0,50,1,0.000,0
6.005000,1500.00,1499.57,0,0,50,1,0.000,0
6.005667,1500.00,1499.53,0,0,50,1,0.000,0
6.006333,1500.00,1499.53,0,0,50,1,0.000,0
6.007000,1500.00,1500.66,0,0,50,1,0.000,0
6.007667,1500.00,1500.38,0,0,50,1,0.000,0
6.008333,1500.00,1499.53,0,0,50,1,0.000,0
6.009000,1500.00,1501.22,0,0,50,1,0.000,0
6.009667,1500.00,1499.53,0,0,50,1,0.000,0
6.010333,1500.00,1499.81,0,0,50,1,0.000,0
6.011000,1500.00,1500.38,0,0,50,1,0.000,0
6.011667,1500.00,1500.38,0,0,50,1,0.000,0
6.012333,1500.00,1498.97,0,0,50,1,0.000,0
6.013000,1500.00,1499.81,0,0,50,1,0.000,0
6.013667,1500.00,1499.81,0,0,50,1,0.000,0
6.014333,1500.00,1499.53,0,0,50,1,0.000,0
6.015000,1500.00,1500.09,0,0,50,1,0.000,0
6.015667,1500.00,1500.38,0,0,50,1,0.000,0
6.016333,1500.00,1499.53,0,0,50,1,0.000,0
6.017000,1500.00,1499.25,0,0,50,1,0.000,0
6.017667,1500.00,1500.38,0,0,50,1,0.000,0
6.018333,1500.00,1499.53,0,0,50,1,0.000,0
6.019000,1500.00,1500.38,0,0,50,1,0.000,0
6.019667,1500.00,1500.09,0,0,50,1,0.000,0
6.020333,1500.00,1500.09,0,0,50,1,0.000,0
6.021000,1500.00,1499.81,0,0,50,1,0.000,0
6.021667,1500.00,1500.66,0,0,50,1,0.000,0
6.022333,1500.00,1500.38,0,0,50,1,0.000,0
6.023000,1500.00,1500.09,0,0,50,1,0.000,0
6.023667,1500.00,1500.38,0,0,50,1,0.000,0
6.024333,1500.00,1499.53,0,0,50,1,0.000,0
6.026333,1500.00,1499.93,0,0,0,1,0.000,0
6.027000,1500.00,1500.15,0,0,1,1,0.000,0
6.027667,1500.00,1500.15,0,0,2,1,0.000,0
6.028333,1500.00,1499.70,0,0,3,1,0.000,0
6.029000,1500.00,1500.38,0,0,4,1,0.000,0
6.029667,1500.00,1500.15,0,0,5,1,0.000,0
6.030333,1500.00,1500.15,0,0,6,1,0.000,0
6.031000,1500.00,1500.38,0,0,7,1,0.000,0
6.031667,1500.00,1499.81,0,0,8,1,0.000,0
6.032333,1500.00,1499.25,0,0,9,1,0.000,0
6.033000,1500.00,1500.66,0,0,10,1,0.000,0
6.033667,1500.00,1500.09,0,0,11,1,0.000,0
6.034333,1500.00,1500.94,0,0,12,1,0.000,0
6.035000,1500.00,1499.53,0,0,13,1,0.000,0
6.035667,1500.00,1499.81,0,0,14,1,0.000,0
6.036333,1500.00,1499.81,0,0,15,1,0.000,0
6.037000,1500.00,1500.66,0,0,16,1,0.000,0
6.037667,1500.00,1500.38,0,0,17,1,0.000,0
6.038333,1500.00,1499.81,0,0,18,1,0.000,0
6.039000,1500.00,1500.38,0,0,19,1,0.000,0
6.039667,1500.00,1499.81,0,0,20,1,0.000,0
6.040333,1500.00,1500.94,0,0,21,1,0.000,0
6.041000,1500.00,1499.81,0,0,22,1,0.000,0
6.041667,1500.00,1500.38,0,0,23,1,0.000,0
6.042333,1500.00,1499.25,0,0,24,1,0.000,0
6.043000,1500.00,1499.53,0,0,25,1,0.000,0
6.043667,1500.00,1498.69,0,0,26,1,0.000,0
6.044333,1500.00,1499.53,0,0,27,1,0.000,0
6.045000,1500.00,1499.53,0,0,28,1,0.000,0
6.045667,1500.00,1499.25,0,0,29,1,0.000,0
6.046333,1500.00,1500.38,0,0,30,1,0.000,0
6.047000,1500.00,1499.81,0,0,31,1,0.000,0
6.047667,1500.00,1500.09,0,0,32,1,0.000,0
6.048333,1500.00,1500.66,0,0,33,1,0.000,0
6.049000,1500.00,1500.94,0,0,34,1,0.000,0
6.049667,1500.00,1499.81,0,0,35,1,0.000,0
6.050333,1500.00,1499.25,0,0,36,1,0.000,0
6.051000,1500.00,1500.09,0,0,37,1,0.000,0
6.051667,1500.00,1499.25,0,0,38,1,0.000,0
6.052333,1500.00,1500.38,0,0,39,1,0.000,0
6.053000,1500.00,1500.09,0,0,40,1,0.000,0
6.053667,1500.00,1500.38,0,0,41,1,0.000,0
6.054333,1500.00,1499.81,0,0,42,1,0.000,0
6.055000,1500.00,1500.09,0,0,43,1,0.000,0
6.055667,1500.00,1500.66,0,0,44,1,0.000,0
6.056333,1500.00,1499.53,0,0,45,1,0.000,0
6.057000,1500.00,1500.38,0,0,46,1,0.000,0
6.057667,1500.00,1499.53,0,0,47,1,0.000,0
6.058333,1500.00,1499.81,0,0,48,1,0.000,0
6.059000,1500.00,1499.53,0,0,49,1,0.000,0
6.059667,1500.00,1500.09,0,0,50,1,0.000,0
6.060333,1500.00,1500.38,0,0,51,1,0.000,0
6.061000,1500.00,1499.53,0,0,52,1,0.000,0
6.061667,1500.00,1500.09,0,0,53,1,0.000,0
6.062333,1500.00,1500.66,0,0,54,1,0.000,0
6.063000,1500.00,1499.81,0,0,55,1,0.000,0
6.063667,1500.00,1500.38,0,0,56,1,0.000,0
6.064333,1500.00,1499.81,0,0,57,1,0.000,0
6.066333,1500.00,1499.93,1,1,0,0,0.000,0
6.067000,1500.00,1499.70,1,1,1,0,0.000,0
6.067667,1500.00,1499.93,1,1,2,0,0.000,0
6.068333,1500.00,1500.83,1,1,3,0,0.000,0
6.069000,1500.00,1499.48,1,1,4,0,0.000,0
6.069667,1500.00,1500.60,1,1,5,0,0.000,0
6.070333,1500.00,1499.48,1,1,6,0,0.000,0
6.071000,1500.00,1500.38,1,1,7,0,0.000,0
6.071667,1500.00,1500.38,1,1,8,0,0.000,0
6.072333,1500.00,1500.66,1,1,9,0,0.000,0
6.073000,1500.00,1500.09,1,1,10,0,0.000,0
6.073667,1500.00,1499.53,1,1,11,0,0.000,0
6.074333,1500.00,1499.81,1,1,12,0,0.000,0
6.075000,1500.00,1499.53,1,1,13,0,0.000,0
6.075667,1500.00,1500.38,1,1,14,0,0.000,0
6.076333,1500.00,1500.09,1,1,15,0,0.000,0
6.077000,1500.00,1499.81,1,1,16,0,0.000,0
6.077667,1500.00,1499.53,1,1,17,0,0.000,0
6.078333,1500.00,1500.94,1,1,18,0,0.000,0
6.079000,1500.00,1499.81,1,1,19,0,0.000,0
6.079667,1500.00,1500.38,1,1,20,0,0.000,0
6.080333,1500.00,1499.81,1,1,21,0,0.000,0
6.081000,1500.00,1499.81,1,1,22,0,0.000,0
6.081667,1500.00,1499.25,1,1,23,0,0.000,0
6.082333,1500.00,1499.53,1,1,24,0,0.000,0
6.083000,1500.00,1499.53,1,1,25,0,0.000,0
6.083667,1500.00,1498.97,1,1,26,0,0.000,0
6.084333,1500.00,1499.53,1,1,27,0,0.000,0
6.085000,1500.00,1500.09,1,1,28,0,0.000,0
6.085667,1500.00,1499.53,1,1,29,0,0.000,0
6.086333,1500.00,1500.94,1,1,30,0,0.000,0
6.087000,1500.00,1500.09,1,1,31,0,0.000,0
6.087667,1500.00,1500.09,1,1,32,0,0.000,0
6.088333,1500.00,1500.66,1,1,33,0,0.000,0
6.089000,1500.00,1500.09,1,1,34,0,0.000,0
6.089667,1500.00,1500.94,1,1,35,0,0.000,0
6.090333,1500.00,1499.81,1,1,36,0,0.000,0
6.091000,1500.00,1500.38,1,1,37,0,0.000,0
6.091667,1500.00,1499.53,1,1,38,0,0.000,0
6.092333,1500.00,1499.81,1,1,39,0,0.000,0
6.093000,1500.00,1500.09,1,1,40,0,0.000,0
6.093667,1500.00,1499.81,1,1,41,0,0.000,0
6.094333,1500.00,1500.09,1,1,42,0,0.000,0
6.095000,1500.00,1499.53,1,1,43,0,0.000,0
6.095667,1500.00,1500.38,1,1,44,0,0.000,0
6.096333,1500.00,1500.38,1,1,45,0,0.000,0
6.097000,1500.00,1500.09,1,1,46,0,0.000,0
6.097667,1500.00,1500.38,1,1,47,0,0.000,0
6.098333,1500.00,1499.81,1,1,48,0,0.000,0
6.099000,1500.00,1500.09,1,1,49,0,0.000,0
6.099667,1500.00,1500.66,1,1,50,0,0.000,0
6.100333,1500.00,1499.53,1,1,51,0,0.000,0
6.101000,1500.00,1500.09,1,1,52,0,0.000,0
6.101667,1500.00,1499.53,1,1,53,0,0.000,0
6.102333,1500.00,1499.53,1,1,54,0,0.000,0
6.103000,1500.00,1500.38,1,1,55,0,0.000,0
6.103667,1500.00,1500.09,1,1,56,0,0.000,0
6.104333,1500.00,1499.81,1,1,57,0,0.000,0
6.106333,1500.00,1499.70,1,1,0,1,0.000,0
6.107000,1500.00,1500.15,1,1,1,1,0.000,0
6.107667,1500.00,1499.70,1,1,2,1,0.000,0
6.108333,1500.00,1499.93,1,1,3,1,0.000,0
6.109000,1500.00,1500.15,1,1,4,1,0.000,0
6.109667,1500.00,1499.03,1,1,5,1,0.000,0
6.110333,1500.00,1500.15,1,1,6,1,0.000,0
6.111000,1500.00,1499.93,1,1,7,1,0.000,0
6.111667,1500.00,1499.81,1,1,8,1,0.000,0
6.112333,1500.00,1499.81,1,1,9,1,0.000,0
6.113000,1500.00,1500.09,1,1,10,1,0.000,0
6.113667,1500.00,1500.66,1,1,11,1,0.000,0
6.114333,1500.00,1500.09,1,1,12,1,0.000,0
6.115000,1500.00,1501.50,1,1,13,1,0.000,0
6.115667,1500.00,1500.09,1,1,14,1,0.000,0
6.116333,1500.00,1499.25,1,1,15,1,0.000,0
6.117000,1500.00,1500.38,1,1,16,1,0.000,0
6.117667,1500.00,1500.66,1,1,17,1,0.000,0
6.118333,1500.00,1499.53,1,1,18,1,0.000,0
6.119000,1500.00,1500.09,1,1,19,1,0.000,0
6.119667,1500.00,1499.81,1,1,20,1,0.000,0
6.120333,1500.00,1499.81,1,1,21,1,0.000,0
6.121000,1500.00,1499.25,1,1,22,1,0.000,0
6.121667,1500.00,1500.66,1,1,23,1,0.000,0
6.122333,1500.00,1499.53,1,1,24,1,0.000,0
6.123000,1500.00,1499.81,1,1,25,1,0.000,0
6.123667,1500.00,1500.38,1,1,26,1,0.000,0
6.124333,1500.00,1500.38,1,1,27,1,0.000,0
6.125000,1500.00,1499.81,1,1,28,1,0.000,0
6.125667,1500.00,1499.53,1,1,29,1,0.000,0
6.126333,1500.00,1500.94,1,1,30,1,0.000,0
6.127000,1500.00,1499.81,1,1,31,1,0.000,0
6.127667,1500.00,1500.09,1,1,32,1,0.000,0
6.128333,1500.00,1499.81,1,1,33,1,0.000,0
6.129000,1500.00,1500.09,1,1,34,1,0.000,0
6.129667,1500.00,1499.81,1,1,35,1,0.000,0
6.130333,1500.00,1500.09,1,1,36,1,0.000,0
6.131000,1500.00,1500.09,1,1,37,1,0.000,0
6.131667,1500.00,1499.81,1,1,38,1,0.000,0
6.132333,1500.00,1500.09,1,1,39,1,0.000,0
6.133000,1500.00,1500.38,1,1,40,1,0.000,0
6.133667,1500.00,1500.38,1,1,41,1,0.000,0
6.134333,1500.00,1499.81,1,1,42,1,0.000,0
6.135000,1500.00,1499.53,1,1,43,1,0.000,0
6.135667,1500.00,1499.81,1,1,44,1,0.000,0
6.136333,1500.00,1500.09,1,1,45,1,0.000,0
6.137000,1500.00,1500.09,1,1,46,1,0.000,0
6.137667,1500.00,1501.22,1,1,47,1,0.000,0
6.138333,1500.00,1498.97,1,1,48,1,0.000,0
6.139000,1500.00,1500.09,1,1,49,1,0.000,0
6.139667,1500.00,1500.09,1,1,50,1,0.000,0
6.140333,1500.00,1499.81,1,1,51,1,0.000,0
6.141000,1500.00,1500.66,1,1,52,1,0.000,0
6.141667,1500.00,1499.25,1,1,53,1,0.000,0
6.142333,1500.00,1499.81,1,1,54,1,0.000,0
6.143000,1500.00,1498.41,1,1,55,1,0.000,0
6.143667,1500.00,1500.38,1,1,56,1,0.000,0
6.144333,1500.00,1499.81,1,1,57,1,0.000,0
6.146333,1500.00,1499.93,1,1,0,0,0.000,0
6.147000,1500.00,1500.15,1,1,1,0,0.000,0
6.147667,1500.00,1499.70,1,1,2,0,0.000,0
6.148333,1500.00,1500.83,1,1,3,0,0.000,0
6.149000,1500.00,1499.48,1,1,4,0,0.000,0
6.149667,1500.00,1499.93,1,1,5,0,0.000,0
6.150333,1500.00,1499.93,1,1,6,0,0.000,0
6.151000,1500.00,1499.70,1,1,7,0,0.000,0
6.151667,1500.00,1500.09,1,1,8,0,0.000,0
6.152333,1500.00,1500.09,1,1,9,0,0.000,0
6.153000,1500.00,1500.38,1,1,10,0,0.000,0
6.153667,1500.00,1500.09,1,1,11,0,0.000,0
6.154333,1500.00,1500.38,1,1,12,0,0.000,0
6.155000,1500.00,1501.22,1,1,13,0,0.000,0
6.155667,1500.00,1500.94,1,1,14,0,0.000,0
6.156333,1500.00,1500.38,1,1,15,0,0.000,0
6.157000,1500.00,1499.81,1,1,16,0,0.000,0
6.157667,1500.00,1499.81,1,1,17,0,0.000,0
6.158333,1500.00,1499.81,1,1,18,0,0.000,0
6.159000,1500.00,1499.53,1,1,19,0,0.000,0
6.159667,1500.00,1500.09,1,1,20,0,0.000,0
6.160333,1500.00,1499.81,1,1,21,0,0.000,0
6.161000,1500.00,1499.81,1,1,22,0,0.000,0
6.161667,1500.00,1499.81,1,1,23,0,0.000,0
6.162333,1500.00,1500.38,1,1,24,0,0.000,0
6.163000,1500.00,1500.09,1,1,25,0,0.000,0
6.163667,1500.00,1499.53,1,1,26,0,0.000,0
6.164333,1500.00,1500.38,1,1,27,0,0.000,0
6.165000,1500.00,1500.09,1,1,28,0,0.000,0
6.165667,1500.00,1499.81,1,1,29,0,0.000,0
6.166333,1500.00,1499.81,1,1,30,0,0.000,0
6.167000,1500.00,1500.94,1,1,31,0,0.000,0
6.167667,1500.00,1500.66,1,1,32,0,0.000,0
6.168333,1500.00,1499.25,1,1,33,0,0.000,0
6.169000,1500.00,1500.38,1,1,34,0,0.000,0
6.169667,1500.00,1499.53,1,1,35,0,0.000,0
6.170333,1500.00,1500.38,1,1,36,0,0.000,0
6.171000,1500.00,1499.25,1,1,37,0,0.000,0
6.171667,1500.00,1500.09,1,1,38,0,0.000,0
6.172333,1500.00,1499.81,1,1,39,0,0.000,0
6.173000,1500.00,1500.09,1,1,40,0,0.000,0
6.173667,1500.00,1500.66,1,1,41,0,0.000,0
6.174333,1500.00,1500.09,1,1,42,0,0.000,0
6.175000,1500.00,1500.09,1,1,43,0,0.000,0
6.175667,1500.00,1500.09,1,1,44,0,0.000,0
6.176333,1500.00,1501.22,1,1,45,0,0.000,0
6.177000,1500.00,1498.97,1,1,46,0,0.000,0
6.177667,1500.00,1499.53,1,1,47,0,0.000,0
6.178333,1500.00,1499.53,1,1,48,0,0.000,0
6.179000,1500.00,1499.81,1,1,49,0,0.000,0
6.179667,1500.00,1500.09,1,1,50,0,0.000,0
6.180333,1500.00,1500.66,1,1,51,0,0.000,0
6.181000,1500.00,1499.81,1,1,52,0,0.000,0
6.181667,1500.00,1499.81,1,1,53,0,0.000,0
6.182333,1500.00,1500.66,1,1,54,0,0.000,0
6.183000,1500.00,1499.81,1,1,55,0,0.000,0
6.183667,1500.00,1498.97,1,1,56,0,0.000,0
6.184333,1500.00,1499.25,1,1,57,0,0.000,0
6.186333,1500.00,1500.15,1,1,0,1,0.000,0
6.187000,1500.00,1499.25,1,1,1,1,0.000,0
6.187667,1500.00,1499.93,1,1,2,1,0.000,0
6.188333,1500.00,1499.70,1,1,3,1,0.000,0
6.189000,1500.00,1500.15,1,1,4,1,0.000,0
6.189667,1500.00,1500.38,1,1,5,1,0.000,0
6.190333,1500.00,1500.15,1,1,6,1,0.000,0
6.191000,1500.00,1500.60,1,1,7,1,0.000,0
6.191667,1500.00,1500.66,1,1,8,1,0.000,0
6.192333,1500.00,1499.81,1,1,9,1,0.000,0
6.193000,1500.00,1499.53,1,1,10,1,0.000,0
6.193667,1500.00,1499.81,1,1,11,1,0.000,0
6.194333,1500.00,1499.81,1,1,12,1,0.000,0
6.195000,1500.00,1499.25,1,1,13,1,0.000,0
6.195667,1500.00,1499.81,1,1,14,1,0.000,0
6.196333,1500.00,1499.81,1,1,15,1,0.000,0
6.197000,1500.00,1498.97,1,1,16,1,0.000,0
6.197667,1500.00,1500.38,1,1,17,1,0.000,0
6.198333,1500.00,1500.66,1,1,18,1,0.000,0
6.199000,1500.00,1500.09,1,1,19,1,0.000,0
6.199667,1500.00,1500.09,1,1,20,1,0.000,0
6.200333,1500.00,1500.38,1,1,21,1,0.000,0
6.201000,1500.00,1500.38,1,1,22,1,0.000,0
6.201667,1500.00,1500.09,1,1,23,1,0.000,0
6.202333,1500.00,1499.81,1,1,24,1,0.000,0
6.203000,1500.00,1500.66,1,1,25,1,0.000,0
6.203667,1500.00,1499.53,1,1,26,1,0.000,0
6.204333,1500.00,1499.81,1,1,27,1,0.000,0
6.205000,1500.00,1500.09,1,1,28,1,0.000,0
6.205667,1500.00,1500.09,1,1,29,1,0.000,0
6.206333,1500.00,1500.09,1,1,30,1,0.000,0
6.207000,1500.00,1501.50,1,1,31,1,0.000,0
6.207667,1500.00,1500.09,1,1,32,1,0.000,0
6.208333,1500.00,1499.25,1,1,33,1,0.000,0
6.209000,1500.00,1500.09,1,1,34,1,0.000,0
6.209667,1500.00,1501.22,1,1,35,1,0.000,0
6.210333,1500.00,1499.81,1,1,36,1,0.000,0
6.211000,1500.00,1499.81,1,1,37,1,0.000,0
6.211667,1500.00,1500.66,1,1,38,1,0.000,0
6.212333,1500.00,1498.97,1,1,39,1,0.000,0
6.213000,1500.00,1500.09,1,1,40,1,0.000,0
6.213667,1500.00,1500.09,1,1,41,1,0.000,0
6.214333,1500.00,1500.09,1,1,42,1,0.000,0
6.215000,1500.00,1499.53,1,1,43,1,0.000,0
6.215667,1500.00,1500.09,1,1,44,1,0.000,0
6.216333,1500.00,1499.25,1,1,45,1,0.000,0
6.217000,1500.00,1499.53,1,1,46,1,0.000,0
6.217667,1500.00,1499.81,1,1,47,1,0.000,0
6.218333,1500.00,1499.81,1,1,48,1,0.000,0
6.219000,1500.00,1500.66,1,1,49,1,0.000,0
6.219667,1500.00,1500.38,1,1,50,1,0.000,0
6.220333,1500.00,1499.53,1,1,51,1,0.000,0
6.221000,1500.00,1500.09,1,1,52,1,0.000,0
6.221667,1500.00,1500.38,1,1,53,1,0.000,0
6.222333,1500.00,1499.53,1,1,54,1,0.000,0
6.223000,1500.00,1500.38,1,1,55,1,0.000,0
6.223667,1500.00,1500.38,1,1,56,1,0.000,0
6.224333,1500.00,1499.81,1,1,57,1,0.000,0
6.226333,1500.00,1499.93,1,1,0,0,0.000,0
6.227000,1500.00,1499.48,1,1,1,0,0.000,0
6.227667,1500.00,1500.15,1,1,2,0,0.000,0
6.228333,1500.00,1500.15,1,1,3,0,0.000,0
6.229000,1500.00,1499.93,1,1,4,0,0.000,0
6.229667,1500.00,1499.70,1,1,5,0,0.000,0
6.230333,1500.00,1499.70,1,1,6,0,0.000,0
6.231000,1500.00,1499.25,1,1,7,0,0.000,0
6.231667,1500.00,1499.81,1,1,8,0,0.000,0
6.232333,1500.00,1501.22,1,1,9,0,0.000,0
6.233000,1500.00,1499.81,1,1,10,0,0.000,0
6.233667,1500.00,1500.09,1,1,11,0,0.000,0
6.234333,1500.00,1500.09,1,1,12,0,0.000,0
6.235000,1500.00,1500.09,1,1,13,0,0.000,0
6.235667,1500.00,1499.53,1,1,14,0,0.000,0
6.236333,1500.00,1500.66,1,1,15,0,0.000,0
6.237000,1500.00,1500.09,1,1,16,0,0.000,0
6.237667,1500.00,1499.25,1,1,17,0,0.000,0
6.238333,1500.00,1500.94,1,1,18,0,0.000,0
6.239000,1500.00,1499.53,1,1,19,0,0.000,0
6.239667,1500.00,1500.38,1,1,20,0,0.000,0
6.240333,1500.00,1499.53,1,1,21,0,0.000,0
6.241000,1500.00,1499.81,1,1,22,0,0.000,0
6.241667,1500.00,1499.81,1,1,23,0,0.000,0
6.242333,1500.00,1499.81,1,1,24,0,0.000,0
6.243000,1500.00,1500.09,1,1,25,0,0.000,0
6.243667,1500.00,1498.97,1,1,26,0,0.000,0
6.244333,1500.00,1500.66,1,1,27,0,0.000,0
6.245000,1500.00,1499.81,1,1,28,0,0.000,0
6.245667,1500.00,1500.94,1,1,29,0,0.000,0
6.246333,1500.00,1500.66,1,1,30,0,0.000,0
6.247000,1500.00,1500.66,1,1,31,0,0.000,0
6.247667,1500.00,1500.09,1,1,32,0,0.000,0
6.248333,1500.00,1499.25,1,1,33,0,0.000,0
6.249000,1500.00,1500.09,1,1,34,0,0.000,0
6.249667,1500.00,1499.81,1,1,35,0,0.000,0
6.250333,1500.00,1500.09,1,1,36,0,0.000,0
6.251000,1500.00,1499.53,1,1,37,0,0.000,0
6.251667,1500.00,1500.09,1,1,38,0,0.000,0
6.252333,1500.00,1499.81,1,1,39,0,0.000,0
6.253000,1500.00,1499.25,1,1,40,0,0.000,0
6.253667,1500.00,1500.38,1,1,41,0,0.000,0
6.254333,1500.00,1499.81,1,1,42,0,0.000,0
6.255000,1500.00,1500.09,1,1,43,0,0.000,0
6.255667,1500.00,1499.53,1,1,44,0,0.000,0
6.256333,1500.00,1500.09,1,1,45,0,0.000,0
6.257000,1500.00,1500.66,1,1,46,0,0.000,0
6.257667,1500.00,1499.81,1,1,47,0,0.000,0
6.258333,1500.00,1500.09,1,1,48,0,0.000,0
6.259000,1500.00,1500.38,1,1,49,0,0.000,0
6.259667,1500.00,1500.38,1,1,50,0,0.000,0
6.260333,1500.00,1500.09,1,1,51,0,0.000,0
6.261000,1500.00,1501.22,1,1,52,0,0.000,0
6.261667,1500.00,1500.09,1,1,53,0,0.000,0
6.262333,1500.00,1498.97,1,1,54,0,0.000,0
6.263000,1500.00,1499.53,1,1,55,0,0.000,0
6.263667,1500.00,1500.66,1,1,56,0,0.000,0
6.264333,1500.00,1499.53,1,1,57,0,0.000,0
6.266333,1500.00,1499.48,1,1,0,1,0.000,0
6.267000,1500.00,1499.70,1,1,1,1,0.000,0
6.267667,1500.00,1499.25,1,1,2,1,0.000,0
6.268333,1500.00,1499.93,1,1,3,1,0.000,0
6.269000,1500.00,1500.60,1,1,4,1,0.000,0
6.269667,1500.00,1499.93,1,1,5,1,0.000,0
6.270333,1500.00,1499.48,1,1,6,1,0.000,0
6.271000,1500.00,1500.38,1,1,7,1,0.000,0
6.271667,1500.00,1500.38,1,1,8,1,0.000,0
6.272333,1500.00,1500.38,1,1,9,1,0.000,0
6.273000,1500.00,1500.94,1,1,10,1,0.000,0
6.273667,1500.00,1499.53,1,1,11,1,0.000,0
6.274333,1500.00,1499.25,1,1,12,1,0.000,0
6.275000,1500.00,1500.38,1,1,13,1,0.000,0
6.275667,1500.00,1500.38,1,1,14,1,0.000,0
6.276333,1500.00,1500.38,1,1,15,1,0.000,0
6.277000,1500.00,1499.25,1,1,16,1,0.000,0
6.277667,1500.00,1499.53,1,1,17,1,0.000,0
6.278333,1500.00,1499.53,1,1,18,1,0.000,0
6.279000,1500.00,1499.81,1,1,19,1,0.000,0
6.279667,1500.00,1499.81,1,1,20,1,0.000,0
6.280333,1500.00,1499.81,1,1,21,1,0.000,0
6.281000,1500.00,1500.94,1,1,22,1,0.000,0
6.281667,1500.00,1500.09,1,1,23,1,0.000,0
6.282333,1500.00,1501.22,1,1,24,1,0.000,0
6.283000,1500.00,1500.66,1,1,25,1,0.000,0
6.283667,1500.00,1499.81,1,1,26,1,0.000,0
6.284333,1500.00,1500.38,1,1,27,1,0.000,0
6.285000,1500.00,1500.66,1,1,28,1,0.000,0
6.285667,1500.00,1500.94,1,1,29,1,0.000,0
6.286333,1500.00,1500.09,1,1,30,1,0.000,0
6.287000,1500.00,1499.53,1,1,31,1,0.000,0
6.287667,1500.00,1500.38,1,1,32,1,0.000,0
6.288333,1500.00,1498.97,1,1,33,1,0.000,0
6.289000,1500.00,1500.38,1,1,34,1,0.000,0
6.289667,1500.00,1500.38,1,1,35,1,0.000,0
6.290333,1500.00,1500.09,1,1,36,1,0.000,0
6.291000,1500.00,1499.53,1,1,37,1,0.000,0
6.291667,1500.00,1499.25,1,1,38,1,0.000,0
6.292333,1500.00,1499.25,1,1,39,1,0.000,0
6.293000,1500.00,1499.53,1,1,40,1,0.000,0
6.293667,1500.00,1500.66,1,1,41,1,0.000,0
6.294333,1500.00,1499.81,1,1,42,1,0.000,0
6.295000,1500.00,1499.81,1,1,43,1,0.000,0
6.295667,1500.00,1499.81,1,1,44,1,0.000,0
6.296333,1500.00,1500.09,1,1,45,1,0.000,0
6.297000,1500.00,1499.53,1,1,46,1,0.000,0
6.297667,1500.00,1500.09,1,1,47,1,0.000,0
6.298333,1500.00,1500.38,1,1,48,1,0.000,0
6.299000,1500.00,1500.09,1,1,49,1,0.000,0
6.299667,1500.00,1500.09,1,1,50,1,0.000,0
6.300333,1500.00,1499.81,1,1,51,1,0.000,0
6.301000,1500.00,1500.09,1,1,52,1,0.000,0
6.301667,1500.00,1499.53,1,1,53,1,0.000,0
6.302333,1500.00,1500.38,1,1,54,1,0.000,0
6.303000,1500.00,1500.94,1,1,55,1,0.000,0
6.303667,1500.00,1499.25,1,1,56,1,0.000,0
6.304333,1500.00,1500.09,1,1,57,1,0.000,0
6.306333,1500.00,1500.15,1,1,0,0,0.000,0
6.307000,1500.00,1500.15,1,1,1,0,0.000,0
6.307667,1500.00,1500.15,1,1,2,0,0.000,0
6.308333,1500.00,1500.15,1,1,3,0,0.000,0
6.309000,1500.00,1499.93,1,1,4,0,0.000,0
6.309667,1500.00,1499.93,1,1,5,0,0.000,0
6.310333,1500.00,1499.93,1,1,6,0,0.000,0
6.311000,1500.00,1499.70,1,1,7,0,0.000,0
6.311667,1500.00,1500.38,1,1,8,0,0.000,0
6.312333,1500.00,1500.94,1,1,9,0,0.000,0
6.313000,1500.00,1500.38,1,1,10,0,0.000,0
6.313667,1500.00,1500.09,1,1,11,0,0.000,0
6.314333,1500.00,1499.81,1,1,12,0,0.000,0
6.315000,1500.00,1500.09,1,1,13,0,0.000,0
6.315667,1500.00,1500.66,1,1,14,0,0.000,0
6.316333,1500.00,1500.38,1,1,15,0,0.000,0
6.317000,1500.00,1498.69,1,1,16,0,0.000,0
6.317667,1500.00,1498.97,1,1,17,0,0.000,0
6.318333,1500.00,1499.53,1,1,18,0,0.000,0
6.319000,1500.00,1498.97,1,1,19,0,0.000,0
6.319667,1500.00,1500.38,1,1,20,0,0.000,0
6.320333,1500.00,1500.09,1,1,21,0,0.000,0
6.321000,1500.00,1499.53,1,1,22,0,0.000,0
6.321667,1500.00,1499.25,1,1,23,0,0.000,0
6.322333,1500.00,1499.81,1,1,24,0,0.000,0
6.323000,1500.00,1500.09,1,1,25,0,0.000,0
6.323667,1500.00,1500.09,1,1,26,0,0.000,0
6.324333,1500.00,1501.50,1,1,27,0,0.000,0
6.325000,1500.00,1499.81,1,1,28,0,0.000,0
6.325667,1500.00,1499.81,1,1,29,0,0.000,0
6.326333,1500.00,1500.09,1,1,30,0,0.000,0
6.327000,1500.00,1500.38,1,1,31,0,0.000,0
6.327667,1500.00,1500.94,1,1,32,0,0.000,0
6.328333,1500.00,1499.25,1,1,33,0,0.000,0
6.329000,1500.00,1499.53,1,1,34,0,0.000,0
6.329667,1500.00,1499.53,1,1,35,0,0.000,0
6.330333,1500.00,1500.09,1,1,36,0,0.000,0
6.331000,1500.00,1499.81,1,1,37,0,0.000,0
6.331667,1500.00,1499.53,1,1,38,0,0.000,0
6.332333,1500.00,1499.81,1,1,39,0,0.000,0
6.333000,1500.00,1499.81,1,1,40,0,0.000,0
6.333667,1500.00,1501.22,1,1,41,0,0.000,0
6.334333,1500.00,1500.38,1,1,42,0,0.000,0
6.335000,1500.00,1498.97,1,1,43,0,0.000,0
6.335667,1500.00,1500.38,1,1,44,0,0.000,0
6.336333,1500.00,1500.66,1,1,45,0,0.000,0
6.337000,1500.00,1500.09,1,1,46,0,0.000,0
6.337667,1500.00,1500.09,1,1,47,0,0.000,0
6.338333,1500.00,1499.53,1,1,48,0,0.000,0
6.339000,1500.00,1500.09,1,1,49,0,0.000,0
6.339667,1500.00,1499.53,1,1,50,0,0.000,0
6.340333,1500.00,1501.22,1,1,51,0,0.000,0
6.341000,1500.00,1499.53,1,1,52,0,0.000,0
6.341667,1500.00,1499.53,1,1,53,0,0.000,0
6.342333,1500.00,1500.38,1,1,54,0,0.000,0
6.343000,1500.00,1500.66,1,1,55,0,0.000,0
6.343667,1500.00,1500.38,1,1,56,0,0.000,0
6.344333,1500.00,1499.53,1,1,57,0,0.000,0
6.346333,1500.00,1500.38,1,1,0,1,0.000,0
6.347000,1500.00,1499.25,1,1,1,1,0.000,0
6.347667,1500.00,1500.15,1,1,2,1,0.000,0
6.348333,1500.00,1499.93,1,1,3,1,0.000,0
6.349000,1500.00,1499.93,1,1,4,1,0.000,0
6.349667,1500.00,1499.93,1,1,5,1,0.000,0
6.350333,1500.00,1500.60,1,1,6,1,0.000,0
6.351000,1500.00,1499.93,1,1,7,1,0.000,0
6.351667,1500.00,1500.09,1,1,8,1,0.000,0
6.352333,1500.00,1500.66,1,1,9,1,0.000,0
6.353000,1500.00,1500.09,1,1,10,1,0.000,0
6.353667,1500.00,1499.53,1,1,11,1,0.000,0
6.354333,1500.00,1499.81,1,1,12,1,0.000,0
6.355000,1500.00,1500.09,1,1,13,1,0.000,0
6.355667,1500.00,1498.97,1,1,14,1,0.000,0
6.356333,1500.00,1499.53,1,1,15,1,0.000,0
6.357000,1500.00,1499.81,1,1,16,1,0.000,0
6.357667,1500.00,1500.66,1,1,17,1,0.000,0
6.358333,1500.00,1499.25,1,1,18,1,0.000,0
6.359000,1500.00,1500.66,1,1,19,1,0.000,0
6.359667,1500.00,1499.81,1,1,20,1,0.000,0
6.360333,1500.00,1500.09,1,1,21,1,0.000,0
6.361000,1500.00,1500.66,1,1,22,1,0.000,0
6.361667,1500.00,1500.38,1,1,23,1,0.000,0
6.362333,1500.00,1500.38,1,1,24,1,0.000,0
6.363000,1500.00,1499.53,1,1,25,1,0.000,0
6.363667,1500.00,1500.38,1,1,26,1,0.000,0
6.364333,1500.00,1499.81,1,1,27,1,0.000,0
6.365000,1500.00,1500.09,1,1,28,1,0.000,0
6.365667,1500.00,1499.53,1,1,29,1,0.000,0
6.366333,1500.00,1500.09,1,1,30,1,0.000,0
6.367000,1500.00,1500.38,1,1,31,1,0.000,0
6.367667,1500.00,1499.53,1,1,32,1,0.000,0
6.368333,1500.00,1499.53,1,1,33,1,0.000,0
6.369000,1500.00,1500.38,1,1,34,1,0.000,0
6.369667,1500.00,1499.53,1,1,35,1,0.000,0
6.370333,1500.00,1500.94,1,1,36,1,0.000,0
6.371000,1500.00,1500.09,1,1,37,1,0.000,0
6.371667,1500.00,1499.81,1,1,38,1,0.000,0
6.372333,1500.00,1500.09,1,1,39,1,0.000,0
6.373000,1500.00,1500.09,1,1,40,1,0.000,0
6.373667,1500.00,1499.81,1,1,41,1,0.000,0
6.374333,1500.00,1499.81,1,1,42,1,0.000,0
6.375000,1500.00,1499.81,1,1,43,1,0.000,0
6.375667,1500.00,1500.09,1,1,44,1,0.000,0
6.376333,1500.00,1500.09,1,1,45,1,0.000,0
6.377000,1500.00,1499.53,1,1,46,1,0.000,0
6.377667,1500.00,1499.53,1,1,47,1,0.000,0
6.378333,1500.00,1500.66,1,1,48,1,0.000,0
6.379000,1500.00,1500.38,1,1,49,1,0.000,0
6.379667,1500.00,1500.09,1,1,50,1,0.000,0
6.380333,1500.00,1500.09,1,1,51,1,0.000,0
6.381000,1500.00,1499.53,1,1,52,1,0.000,0
6.381667,1500.00,1500.38,1,1,53,1,0.000,0
6.382333,1500.00,1500.38,1,1,54,1,0.000,0
6.383000,1500.00,1500.38,1,1,55,1,0.000,0
6.383667,1500.00,1498.97,1,1,56,1,0.000,0
6.384333,1500.00,1500.38,1,1,57,1,0.000,0
6.386333,1500.00,1500.15,1,1,0,0,0.000,0
6.387000,1500.00,1500.60,1,1,1,0,0.000,0
6.387667,1500.00,1499.93,1,1,2,0,0.000,0
6.388333,1500.00,1499.70,1,1,3,0,0.000,0
6.389000,1500.00,1500.15,1,1,4,0,0.000,0
6.389667,1500.00,1500.15,1,1,5,0,0.000,0
6.390333,1500.00,1500.38,1,1,6,0,0.000,0
6.391000,1500.00,1499.48,1,1,7,0,0.000,0
6.391667,1500.00,1499.25,1,1,8,0,0.000,0
6.392333,1500.00,1499.81,1,1,9,0,0.000,0
6.393000,1500.00,1500.09,1,1,10,0,0.000,0
6.393667,1500.00,1499.53,1,1,11,0,0.000,0
6.394333,1500.00,1499.81,1,1,12,0,0.000,0
6.395000,1500.00,1499.81,1,1,13,0,0.000,0
6.395667,1500.00,1499.53,1,1,14,0,0.000,0
6.396333,1500.00,1500.09,1,1,15,0,0.000,0
6.397000,1500.00,1500.38,1,1,16,0,0.000,0
6.397667,1500.00,1499.81,1,1,17,0,0.000,0
6.398333,1500.00,1499.53,1,1,18,0,0.000,0
6.399000,1500.00,1500.38,1,1,19,0,0.000,0
6.399667,1500.00,1499.81,1,1,20,0,0.000,0
6.400333,1500.00,1499.81,1,1,21,0,0.000,0
6.401000,1500.00,1500.66,1,1,22,0,0.000,0
6.401667,1500.00,1500.09,1,1,23,0,0.000,0
6.402333,1500.00,1500.38,1,1,24,0,0.000,0
6.403000,1500.00,1499.25,1,1,25,0,0.000,0
6.403667,1500.00,1500.09,1,1,26,0,0.000,0
6.404333,1500.00,1500.38,1,1,27,0,0.000,0
6.405000,1500.00,1500.09,1,1,28,0,0.000,0
6.405667,1500.00,1500.09,1,1,29,0,0.000,0
6.406333,1500.00,1498.97,1,1,30,0,0.000,0
6.407000,1500.00,1500.09,1,1,31,0,0.000,0
6.407667,1500.00,1499.53,1,1,32,0,0.000,0
6.408333,1500.00,1501.22,1,1,33,0,0.000,0
6.409000,1500.00,1500.09,1,1,34,0,0.000,0
6.409667,1500.00,1499.25,1,1,35,0,0.000,0
6.410333,1500.00,1498.97,1,1,36,0,0.000,0
6.411000,1500.00,1500.09,1,1,37,0,0.000,0
6.411667,1500.00,1500.94,1,1,38,0,0.000,0
6.412333,1500.00,1500.09,1,1,39,0,0.000,0
6.413000,1500.00,1500.38,1,1,40,0,0.000,0
6.413667,1500.00,1500.09,1,1,41,0,0.000,0
6.414333,1500.00,1500.09,1,1,42,0,0.000,0
6.415000,1500.00,1500.94,1,1,43,0,0.000,0
6.415667,1500.00,1500.66,1,1,44,0,0.000,0
6.416333,1500.00,1499.81,1,1,45,0,0.000,0
6.417000,1500.00,1499.81,1,1,46,0,0.000,0
6.417667,1500.00,1499.53,1,1,47,0,0.000,0
6.418333,1500.00,1499.53,1,1,48,0,0.000,0
6.419000,1500.00,1499.25,1,1,49,0,0.000,0
6.419667,1500.00,1500.09,1,1,50,0,0.000,0
6.420333,1500.00,1498.97,1,1,51,0,0.000,0
6.421000,1500.00,1500.66,1,1,52,0,0.000,0
6.421667,1500.00,1499.53,1,1,53,0,0.000,0
6.422333,1500.00,1500.38,1,1,54,0,0.000,0
6.423000,1500.00,1500.09,1,1,55,0,0.000,0
6.423667,1500.00,1499.53,1,1,56,0,0.000,0
6.424333,1500.00,1500.09,1,1,57,0,0.000,0
6.426333,1500.00,1499.93,1,1,0,1,0.000,0
6.427000,1500.00,1500.38,1,1,1,1,0.000,0
6.427667,1500.00,1499.93,1,1,2,1,0.000,0
6.428333,1500.00,1500.15,1,1,3,1,0.000,0
6.429000,1500.00,1499.48,1,1,4,1,0.000,0
6.429667,1500.00,1499.93,1,1,5,1,0.000,0
6.430333,1500.00,1500.83,1,1,6,1,0.000,0
6.431000,1500.00,1500.60,1,1,7,1,0.000,0
6.431667,1500.00,1499.81,1,1,8,1,0.000,0
6.432333,1500.00,1499.81,1,1,9,1,0.000,0
6.433000,1500.00,1499.53,1,1,10,1,0.000,0
6.433667,1500.00,1500.09,1,1,11,1,0.000,0
6.434333,1500.00,1500.38,1,1,12,1,0.000,0
6.435000,1500.00,1500.09,1,1,13,1,0.000,0
6.435667,1500.00,1500.09,1,1,14,1,0.000,0
6.436333,1500.00,1499.25,1,1,15,1,0.000,0
6.437000,1500.00,1500.94,1,1,16,1,0.000,0
6.437667,1500.00,1500.38,1,1,17,1,0.000,0
6.438333,1500.00,1500.09,1,1,18,1,0.000,0
6.439000,1500.00,1499.81,1,1,19,1,0.000,0
6.439667,1500.00,1499.81,1,1,20,1,0.000,0
6.440333,1500.00,1500.38,1,1,21,1,0.000,0
6.441000,1500.00,1498.97,1,1,22,1,0.000,0
6.441667,1500.00,1500.38,1,1,23,1,0.000,0
6.442333,1500.00,1498.97,1,1,24,1,0.000,0
6.443000,1500.00,1500.38,1,1,25,1,0.000,0
6.443667,1500.00,1499.53,1,1,26,1,0.000,0
6.444333,1500.00,1500.66,1,1,27,1,0.000,0
6.445000,1500.00,1500.09,1,1,28,1,0.000,0
6.445667,1500.00,1500.38,1,1,29,1,0.000,0
6.446333,1500.00,1500.09,1,1,30,1,0.000,0
6.447000,1500.00,1500.09,1,1,31,1,0.000,0
6.447667,1500.00,1500.94,1,1,32,1,0.000,0
6.448333,1500.00,1499.53,1,1,33,1,0.000,0
6.449000,1500.00,1500.66,1,1,34,1,0.000,0
6.449667,1500.00,1499.81,1,1,35,1,0.000,0
6.450333,1500.00,1499.81,1,1,36,1,0.000,0
6.451000,1500.00,1498.97,1,1,37,1,0.000,0
6.451667,1500.00,1500.94,1,1,38,1,0.000,0
6.452333,1500.00,1500.09,1,1,39,1,0.000,0
6.453000,1500.00,1498.97,1,1,40,1,0.000,0
6.453667,1500.00,1500.66,1,1,41,1,0.000,0
6.454333,1500.00,1500.09,1,1,42,1,0.000,0
6.455000,1500.00,1499.81,1,1,43,1,0.000,0
6.455667,1500.00,1500.66,1,1,44,1,0.000,0
6.456333,1500.00,1500.66,1,1,45,1,0.000,0
6.457000,1500.00,1499.25,1,1,46,1,0.000,0
6.457667,1500.00,1498.69,1,1,47,1,0.000,0
6.458333,1500.00,1500.38,1,1,48,1,0.000,0
6.459000,1500.00,1498.97,1,1,49,1,0.000,0
6.459667,1500.00,1499.81,1,1,50,1,0.000,0
6.460333,1500.00,1500.66,1,1,51,1,0.000,0
6.461000,1500.00,1498.97,1,1,52,1,0.000,0
6.461667,1500.00,1500.09,1,1,53,1,0.000,0
6.462333,1500.00,1499.81,1,1,54,1,0.000,0
6.463000,1500.00,1501.22,1,1,55,1,0.000,0
6.463667,1500.00,1500.09,1,1,56,1,0.000,0
6.464333,1500.00,1499.81,1,1,57,1,0.000,0
6.466333,1500.00,1500.38,1,1,0,0,0.000,0
6.467000,1500.00,1499.93,1,1,1,0,0.000,0
6.467667,1500.00,1500.15,1,1,2,0,0.000,0
6.468333,1500.00,1499.48,1,1,3,0,0.000,0
6.469000,1500.00,1500.60,1,1,4,0,0.000,0
6.469667,1500.00,1499.70,1,1,5,0,0.000,0
6.470333,1500.00,1500.15,1,1,6,0,0.000,0
6.471000,1500.00,1500.38,1,1,7,0,0.000,0
6.471667,1500.00,1499.25,1,1,8,0,0.000,0
6.472333,1500.00,1499.25,1,1,9,0,0.000,0
6.473000,1500.00,1500.66,1,1,10,0,0.000,0
6.473667,1500.00,1499.81,1,1,11,0,0.000,0
6.474333,1500.00,1500.09,1,1,12,0,0.000,0
6.475000,1500.00,1500.09,1,1,13,0,0.000,0
6.475667,1500.00,1499.25,1,1,14,0,0.000,0
6.476333,1500.00,1499.25,1,1,15,0,0.000,0
6.477000,1500.00,1500.66,1,1,16,0,0.000,0
6.477667,1500.00,1500.09,1,1,17,0,0.000,0
6.478333,1500.00,1499.81,1,1,18,0,0.000,0
6.479000,1500.00,1500.38,1,1,19,0,0.000,0
6.479667,1500.00,1500.09,1,1,20,0,0.000,0
6.480333,1500.00,1499.25,1,1,21,0,0.000,0
6.481000,1500.00,1500.38,1,1,22,0,0.000,0
6.481667,1500.00,1500.09,1,1,23,0,0.000,0
6.482333,1500.00,1499.53,1,1,24,0,0.000,0
6.483000,1500.00,1499.53,1,1,25,0,0.000,0
6.483667,1500.00,1498.97,1,1,26,0,0.000,0
6.484333,1500.00,1500.09,1,1,27,0,0.000,0
6.485000,1500.00,1499.25,1,1,28,0,0.000,0
6.485667,1500.00,1500.66,1,1,29,0,0.000,0
6.486333,1500.00,1499.81,1,1,30,0,0.000,0
6.487000,1500.00,1500.09,1,1,31,0,0.000,0
6.487667,1500.00,1500.09,1,1,32,0,0.000,0
6.488333,1500.00,1500.66,1,1,33,0,0.000,0
6.489000,1500.00,1500.94,1,1,34,0,0.000,0
6.489667,1500.00,1500.38,1,1,35,0,0.000,0
6.490333,1500.00,1500.09,1,1,36,0,0.000,0
6.491000,1500.00,1500.09,1,1,37,0,0.000,0
6.491667,1500.00,1500.66,1,1,38,0,0.000,0
6.492333,1500.00,1500.66,1,1,39,0,0.000,0
6.493000,1500.00,1500.09,1,1,40,0,0.000,0
6.493667,1500.00,1500.09,1,1,41,0,0.000,0
6.494333,1500.00,1499.53,1,1,42,0,0.000,0
6.495000,1500.00,1500.38,1,1,43,0,0.000,0
6.495667,1500.00,1500.38,1,1,44,0,0.000,0
6.496333,1500.00,1500.66,1,1,45,0,0.000,0
6.497000,1500.00,1499.25,1,1,46,0,0.000,0
6.497667,1500.00,1500.66,1,1,47,0,0.000,0
6.498333,1500.00,1499.53,1,1,48,0,0.000,0
6.499000,1500.00,1499.53,1,1,49,0,0.000,0
6.499667,1500.00,1501.50,1,1,50,0,0.000,0
6.500333,1500.00,1499.81,1,1,51,0,0.000,0
6.501000,1500.00,1500.09,1,1,52,0,0.000,0
6.501667,1500.00,1499.53,1,1,53,0,0.000,0
6.502333,1500.00,1500.38,1,1,54,0,0.000,0
6.503000,1500.00,1499.81,1,1,55,0,0.000,0
6.503667,1500.00,1500.09,1,1,56,0,0.000,0
6.504333,1500.00,1500.94,1,1,57,0,0.000,0
6.506333,1500.00,1498.58,1,1,0,1,0.000,0
6.507000,1500.00,1499.70,1,1,1,1,0.000,0
6.507667,1500.00,1499.48,1,1,2,1,0.000,0
6.508333,1500.00,1500.15,1,1,3,1,0.000,0
6.509000,1500.00,1499.93,1,1,4,1,0.000,0
6.509667,1500.00,1499.48,1,1,5,1,0.000,0
6.510333,1500.00,1500.38,1,1,6,1,0.000,0
6.511000,1500.00,1499.03,1,1,7,1,0.000,0
6.511667,1500.00,1500.09,1,1,8,1,0.000,0
6.512333,1500.00,1500.09,1,1,9,1,0.000,0
6.513000,1500.00,1499.81,1,1,10,1,0.000,0
6.513667,1500.00,1499.53,1,1,11,1,0.000,0
6.514333,1500.00,1499.53,1,1,12,1,0.000,0
6.515000,1500.00,1499.81,1,1,13,1,0.000,0
6.515667,1500.00,1499.81,1,1,14,1,0.000,0
6.516333,1500.00,1500.94,1,1,15,1,0.000,0
6.517000,1500.00,1500.66,1,1,16,1,0.000,0
6.517667,1500.00,1500.09,1,1,17,1,0.000,0
6.518333,1500.00,1500.38,1,1,18,1,0.000,0
6.519000,1500.00,1500.38,1,1,19,1,0.000,0
6.519667,1500.00,1499.25,1,1,20,1,0.000,0
6.520333,1500.00,1500.38,1,1,21,1,0.000,0
6.521000,1500.00,1499.81,1,1,22,1,0.000,0
6.521667,1500.00,1499.53,1,1,23,1,0.000,0
6.522333,1500.00,1499.81,1,1,24,1,0.000,0
6.523000,1500.00,1500.09,1,1,25,1,0.000,0
6.523667,1500.00,1500.09,1,1,26,1,0.000,0
6.524333,1500.00,1499.81,1,1,27,1,0.000,0
6.525000,1500.00,1500.94,1,1,28,1,0.000,0
6.525667,1500.00,1499.53,1,1,29,1,0.000,0
6.526333,1500.00,1500.66,1,1,30,1,0.000,0
6.527000,1500.00,1500.09,1,1,31,1,0.000,0
6.527667,1500.00,1499.81,1,1,32,1,0.000,0
6.528333,1500.00,1499.53,1,1,33,1,0.000,0
6.529000,1500.00,1500.09,1,1,34,1,0.000,0
6.529667,1500.00,1499.53,1,1,35,1,0.000,0
6.530333,1500.00,1500.09,1,1,36,1,0.000,0
6.531000,1500.00,1500.66,1,1,37,1,0.000,0
6.531667,1500.00,1499.25,1,1,38,1,0.000,0
6.532333,1500.00,1500.09,1,1,39,1,0.000,0
6.533000,1500.00,1500.38,1,1,40,1,0.000,0
6.533667,1500.00,1500.66,1,1,41,1,0.000,0
6.534333,1500.00,1499.25,1,1,42,1,0.000,0
6.535000,1500.00,1500.66,1,1,43,1,0.000,0
6.535667,1500.00,1499.81,1,1,44,1,0.000,0
6.536333,1500.00,1498.97,1,1,45,1,0.000,0
6.537000,1500.00,1500.38,1,1,46,1,0.000,0
6.537667,1500.00,1500.09,1,1,47,1,0.000,0
6.538333,1500.00,1499.81,1,1,48,1,0.000,0
6.539000,1500.00,1498.69,1,1,49,1,0.000,0
6.539667,1500.00,1500.66,1,1,50,1,0.000,0
6.540333,1500.00,1499.53,1,1,51,1,0.000,0
6.541000,1500.00,1500.66,1,1,52,1,0.000,0
6.541667,1500.00,1500.94,1,1,53,1,0.000,0
6.542333,1500.00,1500.38,1,1,54,1,0.000,0
6.543000,1500.00,1499.25,1,1,55,1,0.000,0
6.543667,1500.00,1500.09,1,1,56,1,0.000,0
6.544333,1500.00,1500.38,1,1,57,1,0.000,0
6.546333,1500.00,1500.15,1,1,0,0,0.000,0
6.547000,1500.00,1500.15,1,1,1,0,0.000,0
6.547667,1500.00,1500.15,1,1,2,0,0.000,0
6.548333,1500.00,1500.15,1,1,3,0,0.000,0
6.549000,1500.00,1499.93,1,1,4,0,0.000,0
6.549667,1500.00,1501.05,1,1,5,0,0.000,0
6.550333,1500.00,1499.93,1,1,6,0,0.000,0
6.551000,1500.00,1500.15,1,1,7,0,0.000,0
6.551667,1500.00,1500.38,1,1,8,0,0.000,0
6.552333,1500.00,1500.09,1,1,9,0,0.000,0
6.553000,1500.00,1499.25,1,1,10,0,0.000,0
6.553667,1500.00,1498.97,1,1,11,0,0.000,0
6.554333,1500.00,1499.81,1,1,12,0,0.000,0
6.555000,1500.00,1499.25,1,1,13,0,0.000,0
6.555667,1500.00,1500.38,1,1,14,0,0.000,0
6.556333,1500.00,1499.81,1,1,15,0,0.000,0
6.557000,1500.00,1499.53,1,1,16,0,0.000,0
6.557667,1500.00,1500.09,1,1,17,0,0.000,0
6.558333,1500.00,1499.81,1,1,18,0,0.000,0
6.559000,1500.00,1501.50,1,1,19,0,0.000,0
6.559667,1500.00,1500.38,1,1,20,0,0.000,0
6.560333,1500.00,1500.09,1,1,21,0,0.000,0
6.561000,1500.00,1499.53,1,1,22,0,0.000,0
6.561667,1500.00,1500.66,1,1,23,0,0.000,0
6.562333,1500.00,1499.81,1,1,24,0,0.000,0
6.563000,1500.00,1500.09,1,1,25,0,0.000,0
6.563667,1500.00,1500.94,1,1,26,0,0.000,0
6.564333,1500.00,1499.53,1,1,27,0,0.000,0
6.565000,1500.00,1498.69,1,1,28,0,0.000,0
6.565667,1500.00,1500.09,1,1,29,0,0.000,0
6.566333,1500.00,1500.94,1,1,30,0,0.000,0
6.567000,1500.00,1499.81,1,1,31,0,0.000,0
6.567667,1500.00,1499.81,1,1,32,0,0.000,0
6.568333,1500.00,1499.25,1,1,33,0,0.000,0
6.569000,1500.00,1499.81,1,1,34,0,0.000,0
6.569667,1500.00,1500.09,1,1,35,0,0.000,0
6.570333,1500.00,1500.66,1,1,36,0,0.000,0
6.571000,1500.00,1499.81,1,1,37,0,0.000,0
6.571667,1500.00,1499.53,1,1,38,0,0.000,0
6.572333,1500.00,1499.81,1,1,39,0,0.000,0
6.573000,1500.00,1500.38,1,1,40,0,0.000,0
6.573667,1500.00,1500.66,1,1,41,0,0.000,0
6.574333,1500.00,1500.09,1,1,42,0,0.000,0
6.575000,1500.00,1498.97,1,1,43,0,0.000,0
6.575667,1500.00,1500.09,1,1,44,0,0.000,0
6.576333,1500.00,1499.81,1,1,45,0,0.000,0
6.577000,1500.00,1499.25,1,1,46,0,0.000,0
6.577667,1500.00,1500.66,1,1,47,0,0.000,0
6.578333,1500.00,1499.53,1,1,48,0,0.000,0
6.579000,1500.00,1499.53,1,1,49,0,0.000,0
6.579667,1500.00,1500.09,1,1,50,0,0.000,0
6.580333,1500.00,1500.38,1,1,51,0,0.000,0
6.581000,1500.00,1499.81,1,1,52,0,0.000,0
6.581667,1500.00,1500.09,1,1,53,0,0.000,0
6.582333,1500.00,1500.09,1,1,54,0,0.000,0
6.583000,1500.00,1499.25,1,1,55,0,0.000,0
6.583667,1500.00,1500.09,1,1,56,0,0.000,0
6.584333,1500.00,1500.94,1,1,57,0,0.000,0
6.586333,1500.00,1499.25,1,1,0,1,0.000,0
6.587000,1500.00,1500.15,1,1,1,1,0.000,0
6.587667,1500.00,1500.38,1,1,2,1,0.000,0
6.588333,1500.00,1500.15,1,1,3,1,0.000,0
6.589000,1500.00,1500.15,1,1,4,1,0.000,0
6.589667,1500.00,1499.93,1,1,5,1,0.000,0
6.590333,1500.00,1499.93,1,1,6,1,0.000,0
6.591000,1500.00,1498.80,1,1,7,1,0.000,0
6.591667,1500.00,1500.66,1,1,8,1,0.000,0
6.592333,1500.00,1499.25,1,1,9,1,0.000,0
6.593000,1500.00,1499.81,1,1,10,1,0.000,0
6.593667,1500.00,1499.81,1,1,11,1,0.000,0
6.594333,1500.00,1499.81,1,1,12,1,0.000,0
6.595000,1500.00,1500.66,1,1,13,1,0.000,0
6.595667,1500.00,1500.66,1,1,14,1,0.000,0
6.596333,1500.00,1500.94,1,1,15,1,0.000,0
6.597000,1500.00,1500.38,1,1,16,1,0.000,0
6.597667,1500.00,1500.66,1,1,17,1,0.000,0
6.598333,1500.00,1500.38,1,1,18,1,0.000,0
6.599000,1500.00,1500.09,1,1,19,1,0.000,0
6.599667,1500.00,1500.38,1,1,20,1,0.000,0
6.600333,1500.00,1499.81,1,1,21,1,0.000,0
6.601000,1500.00,1500.38,1,1,22,1,0.000,0
6.601667,1500.00,1499.53,1,1,23,1,0.000,0
6.602333,1500.00,1499.81,1,1,24,1,0.000,0
6.603000,1500.00,1500.94,1,1,25,1,0.000,0
6.603667,1500.00,1499.25,1,1,26,1,0.000,0
6.604333,1500.00,1500.38,1,1,27,1,0.000,0
6.605000,1500.00,1499.53,1,1,28,1,0.000,0
6.605667,1500.00,1500.09,1,1,29,1,0.000,0
6.606333,1500.00,1499.25,1,1,30,1,0.000,0
6.607000,1500.00,1501.22,1,1,31,1,0.000,0
6.607667,1500.00,1499.25,1,1,32,1,0.000,0
6.608333,1500.00,1499.53,1,1,33,1,0.000,0
6.609000,1500.00,1500.66,1,1,34,1,0.000,0
6.609667,1500.00,1499.53,1,1,35,1,0.000,0
6.610333,1500.00,1500.94,1,1,36,1,0.000,0
6.611000,1500.00,1500.38,1,1,37,1,0.000,0
6.611667,1500.00,1500.09,1,1,38,1,0.000,0
6.612333,1500.00,1498.97,1,1,39,1,0.000,0
6.613000,1500.00,1500.09,1,1,40,1,0.000,0
6.613667,1500.00,1499.81,1,1,41,1,0.000,0
6.614333,1500.00,1499.81,1,1,42,1,0.000,0
6.615000,1500.00,1500.09,1,1,43,1,0.000,0
6.615667,1500.00,1499.53,1,1,44,1,0.000,0
6.616333,1500.00,1499.25,1,1,45,1,0.000,0
6.617000,1500.00,1500.38,1,1,46,1,0.000,0
6.617667,1500.00,1500.94,1,1,47,1,0.000,0
6.618333,1500.00,1500.94,1,1,48,1,0.000,0
6.619000,1500.00,1499.25,1,1,49,1,0.000,0
6.619667,1500.00,1500.38,1,1,50,1,0.000,0
6.620333,1500.00,1499.53,1,1,51,1,0.000,0
6.621000,1500.00,1499.81,1,1,52,1,0.000,0
6.621667,1500.00,1499.81,1,1,53,1,0.000,0
6.622333,1500.00,1499.25,1,1,54,1,0.000,0
6.623000,1500.00,1498.97,1,1,55,1,0.000,0
6.623667,1500.00,1499.81,1,1,56,1,0.000,0
6.624333,1500.00,1500.66,1,1,57,1,0.000,0
6.626333,1500.00,1499.03,1,1,0,0,0.000,0
6.627000,1500.00,1500.38,1,1,1,0,0.000,0
6.627667,1500.00,1500.38,1,1,2,0,0.000,0
6.628333,1500.00,1500.15,1,1,3,0,0.000,0
6.629000,1500.00,1500.15,1,1,4,0,0.000,0
6.629667,1500.00,1500.15,1,1,5,0,0.000,0
6.630333,1500.00,1499.70,1,1,6,0,0.000,0
6.631000,1500.00,1500.15,1,1,7,0,0.000,0
6.631667,1500.00,1501.22,1,1,8,0,0.000,0
6.632333,1500.00,1499.81,1,1,9,0,0.000,0
6.633000,1500.00,1499.53,1,1,10,0,0.000,0
6.633667,1500.00,1500.38,1,1,11,0,0.000,0
6.634333,1500.00,1500.38,1,1,12,0,0.000,0
6.635000,1500.00,1500.09,1,1,13,0,0.000,0
6.635667,1500.00,1499.53,1,1,14,0,0.000,0
6.636333,1500.00,1500.38,1,1,15,0,0.000,0
6.637000,1500.00,1499.81,1,1,16,0,0.000,0
6.637667,1500.00,1500.66,1,1,17,0,0.000,0
6.638333,1500.00,1499.81,1,1,18,0,0.000,0
6.639000,1500.00,1499.53,1,1,19,0,0.000,0
6.639667,1500.00,1499.81,1,1,20,0,0.000,0
6.640333,1500.00,1500.09,1,1,21,0,0.000,0
6.641000,1500.00,1500.94,1,1,22,0,0.000,0
6.641667,1500.00,1498.69,1,1,23,0,0.000,0
6.642333,1500.00,1499.81,1,1,24,0,0.000,0
6.643000,1500.00,1499.53,1,1,25,0,0.000,0
6.643667,1500.00,1500.38,1,1,26,0,0.000,0
6.644333,1500.00,1500.38,1,1,27,0,0.000,0
6.645000,1500.00,1499.53,1,1,28,0,0.000,0
6.645667,1500.00,1499.53,1,1,29,0,0.000,0
6.646333,1500.00,1498.69,1,1,30,0,0.000,0
6.647000,1500.00,1500.66,1,1,31,0,0.000,0
6.647667,1500.00,1499.53,1,1,32,0,0.000,0
6.648333,1500.00,1499.81,1,1,33,0,0.000,0
6.649000,1500.00,1500.09,1,1,34,0,0.000,0
6.649667,1500.00,1499.25,1,1,35,0,0.000,0
6.650333,1500.00,1500.66,1,1,36,0,0.000,0
6.651000,1500.00,1500.09,1,1,37,0,0.000,0
6.651667,1500.00,1500.66,1,1,38,0,0.000,0
6.652333,1500.00,1500.38,1,1,39,0,0.000,0
6.653000,1500.00,1500.66,1,1,40,0,0.000,0
6.653667,1500.00,1500.38,1,1,41,0,0.000,0
6.654333,1500.00,1500.09,1,1,42,0,0.000,0
6.655000,1500.00,1500.66,1,1,43,0,0.000,0
6.655667,1500.00,1499.25,1,1,44,0,0.000,0
6.656333,1500.00,1500.66,1,1,45,0,0.000,0
6.657000,1500.00,1500.09,1,1,46,0,0.000,0
6.657667,1500.00,1499.81,1,1,47,0,0.000,0
6.658333,1500.00,1500.09,1,1,48,0,0.000,0
6.659000,1500.00,1499.53,1,1,49,0,0.000,0
6.659667,1500.00,1499.53,1,1,50,0,0.000,0
6.660333,1500.00,1499.81,1,1,51,0,0.000,0
6.661000,1500.00,1501.22,1,1,52,0,0.000,0
6.661667,1500.00,1499.53,1,1,53,0,0.000,0
6.662333,1500.00,1500.38,1,1,54,0,0.000,0
6.663000,1500.00,1500.09,1,1,55,0,0.000,0
6.663667,1500.00,1500.38,1,1,56,0,0.000,0
6.664333,1500.00,1499.81,1,1,57,0,0.000,0
6.666333,1500.00,1500.38,1,1,0,1,0.000,0
6.667000,1500.00,1500.15,1,1,1,1,0.000,0
6.667667,1500.00,1500.15,1,1,2,1,0.000,0
6.668333,1500.00,1499.48,1,1,3,1,0.000,0
6.669000,1500.00,1499.93,1,1,4,1,0.000,0
6.669667,1500.00,1500.15,1,1,5,1,0.000,0
6.670333,1500.00,1499.25,1,1,6,1,0.000,0
6.671000,1500.00,1500.38,1,1,7,1,0.000,0
6.671667,1500.00,1499.25,1,1,8,1,0.000,0
6.672333,1500.00,1499.81,1,1,9,1,0.000,0
6.673000,1500.00,1499.25,1,1,10,1,0.000,0
6.673667,1500.00,1500.66,1,1,11,1,0.000,0
6.674333,1500.00,1499.53,1,1,12,1,0.000,0
6.675000,1500.00,1498.97,1,1,13,1,0.000,0
6.675667,1500.00,1500.38,1,1,14,1,0.000,0
6.676333,1500.00,1500.38,1,1,15,1,0.000,0
6.677000,1500.00,1501.50,1,1,16,1,0.000,0
6.677667,1500.00,1500.38,1,1,17,1,0.000,0
6.678333,1500.00,1499.81,1,1,18,1,0.000,0
6.679000,1500.00,1500.38,1,1,19,1,0.000,0
6.679667,1500.00,1500.09,1,1,20,1,0.000,0
6.680333,1500.00,1500.09,1,1,21,1,0.000,0
6.681000,1500.00,1499.25,1,1,22,1,0.000,0
6.681667,1500.00,1499.81,1,1,23,1,0.000,0
6.682333,1500.00,1498.69,1,1,24,1,0.000,0
6.683000,1500.00,1500.09,1,1,25,1,0.000,0
6.683667,1500.00,1500.66,1,1,26,1,0.000,0
6.684333,1500.00,1499.53,1,1,27,1,0.000,0
6.685000,1500.00,1500.38,1,1,28,1,0.000,0
6.685667,1500.00,1500.66,1,1,29,1,0.000,0
6.686333,1500.00,1500.66,1,1,30,1,0.000,0
6.687000,1500.00,1499.81,1,1,31,1,0.000,0
6.687667,1500.00,1500.38,1,1,32,1,0.000,0
6.688333,1500.00,1499.81,1,1,33,1,0.000,0
6.689000,1500.00,1499.53,1,1,34,1,0.000,0
6.689667,1500.00,1499.81,1,1,35,1,0.000,0
6.690333,1500.00,1499.53,1,1,36,1,0.000,0
6.691000,1500.00,1499.81,1,1,37,1,0.000,0
6.691667,1500.00,1500.09,1,1,38,1,0.000,0
6.692333,1500.00,1499.81,1,1,39,1,0.000,0
6.693000,1500.00,1499.25,1,1,40,1,0.000,0
6.693667,1500.00,1499.81,1,1,41,1,0.000,0
6.694333,1500.00,1500.09,1,1,42,1,0.000,0
6.695000,1500.00,1500.09,1,1,43,1,0.000,0
6.695667,1500.00,1500.09,1,1,44,1,0.000,0
6.696333,1500.00,1500.09,1,1,45,1,0.000,0
6.697000,1500.00,1500.09,1,1,46,1,0.000,0
6.697667,1500.00,1499.53,1,1,47,1,0.000,0
6.698333,1500.00,1501.50,1,1,48,1,0.000,0
6.699000,1500.00,1500.38,1,1,49,1,0.000,0
6.699667,1500.00,1499.53,1,1,50,1,0.000,0
6.700333,1500.00,1500.66,1,1,51,1,0.000,0
6.701000,1500.00,1500.66,1,1,52,1,0.000,0
6.701667,1500.00,1500.38,1,1,53,1,0.000,0
6.702333,1500.00,1499.53,1,1,54,1,0.000,0
6.703000,1500.00,1501.22,1,1,55,1,0.000,0
6.703667,1500.00,1498.69,1,1,56,1,0.000,0
6.704333,1500.00,1500.09,1,1,57,1,0.000,0
6.706333,1500.00,1500.38,1,1,0,0,0.000,0
6.707000,1500.00,1499.93,1,1,1,0,0.000,0
6.707667,1500.00,1499.25,1,1,2,0,0.000,0
6.708333,1500.00,1499.93,1,1,3,0,0.000,0
6.709000,1500.00,1499.93,1,1,4,0,0.000,0
6.709667,1500.00,1499.93,1,1,5,0,0.000,0
6.710333,1500.00,1500.38,1,1,6,0,0.000,0
6.711000,1500.00,1499.70,1,1,7,0,0.000,0
6.711667,1500.00,1499.53,1,1,8,0,0.000,0
6.712333,1500.00,1499.53,1,1,9,0,0.000,0
6.713000,1500.00,1499.81,1,1,10,0,0.000,0
6.713667,1500.00,1499.25,1,1,11,0,0.000,0
6.714333,1500.00,1500.94,1,1,12,0,0.000,0
6.715000,1500.00,1499.53,1,1,13,0,0.000,0
6.715667,1500.00,1500.38,1,1,14,0,0.000,0
6.716333,1500.00,1500.09,1,1,15,0,0.000,0
6.717000,1500.00,1500.09,1,1,16,0,0.000,0
6.717667,1500.00,1499.81,1,1,17,0,0.000,0
6.718333,1500.00,1500.66,1,1,18,0,0.000,0
6.719000,1500.00,1500.09,1,1,19,0,0.000,0
6.719667,1500.00,1499.53,1,1,20,0,0.000,0
6.720333,1500.00,1500.38,1,1,21,0,0.000,0
6.721000,1500.00,1500.09,1,1,22,0,0.000,0
6.721667,1500.00,1500.38,1,1,23,0,0.000,0
6.722333,1500.00,1500.66,1,1,24,0,0.000,0
6.723000,1500.00,1500.38,1,1,25,0,0.000,0
6.723667,1500.00,1499.81,1,1,26,0,0.000,0
6.724333,1500.00,1500.09,1,1,27,0,0.000,0
6.725000,1500.00,1499.53,1,1,28,0,0.000,0
6.725667,1500.00,1499.81,1,1,29,0,0.000,0
6.726333,1500.00,1500.09,1,1,30,0,0.000,0
6.727000,1500.00,1499.53,1,1,31,0,0.000,0
6.727667,1500.00,1500.09,1,1,32,0,0.000,0
6.728333,1500.00,1500.38,1,1,33,0,0.000,0
6.729000,1500.00,1499.81,1,1,34,0,0.000,0
6.729667,1500.00,1499.81,1,1,35,0,0.000,0
6.730333,1500.00,1500.09,1,1,36,0,0.000,0
6.731000,1500.00,1499.81,1,1,37,0,0.000,0
6.731667,1500.00,1500.09,1,1,38,0,0.000,0
6.732333,1500.00,1500.09,1,1,39,0,0.000,0
6.733000,1500.00,1499.25,1,1,40,0,0.000,0
6.733667,1500.00,1500.09,1,1,41,0,0.000,0
6.734333,1500.00,1500.09,1,1,42,0,0.000,0
6.735000,1500.00,1500.94,1,1,43,0,0.000,0
6.735667,1500.00,1500.38,1,1,44,0,0.000,0
6.736333,1500.00,1500.38,1,1,45,0,0.000,0
6.737000,1500.00,1499.53,1,1,46,0,0.000,0
6.737667,1500.00,1500.09,1,1,47,0,0.000,0
6.738333,1500.00,1500.38,1,1,48,0,0.000,0
6.739000,1500.00,1499.81,1,1,49,0,0.000,0
6.739667,1500.00,1500.66,1,1,50,0,0.000,0
6.740333,1500.00,1499.81,1,1,51,0,0.000,0
6.741000,1500.00,1500.38,1,1,52,0,0.000,0
6.741667,1500.00,1498.97,1,1,53,0,0.000,0
6.742333,1500.00,1499.25,1,1,54,0,0.000,0
6.743000,1500.00,1499.81,1,1,55,0,0.000,0
6.743667,1500.00,1499.81,1,1,56,0,0.000,0
6.744333,1500.00,1499.81,1,1,57,0,0.000,0
6.746333,1500.00,1499.25,1,1,0,1,0.000,0
6.747000,1500.00,1499.70,1,1,1,1,0.000,0
6.747667,1500.00,1499.48,1,1,2,1,0.000,0
6.748333,1500.00,1500.60,1,1,3,1,0.000,0
6.749000,1500.00,1500.60,1,1,4,1,0.000,0
6.749667,1500.00,1500.15,1,1,5,1,0.000,0
6.750333,1500.00,1499.70,1,1,6,1,0.000,0
6.751000,1500.00,1499.70,1,1,7,1,0.000,0
6.751667,1500.00,1500.94,1,1,8,1,0.000,0
6.752333,1500.00,1499.81,1,1,9,1,0.000,0
6.753000,1500.00,1500.09,1,1,10,1,0.000,0
6.753667,1500.00,1500.09,1,1,11,1,0.000,0
6.754333,1500.00,1500.38,1,1,12,1,0.000,0
6.755000,1500.00,1499.53,1,1,13,1,0.000,0
6.755667,1500.00,1500.66,1,1,14,1,0.000,0
6.756333,1500.00,1500.66,1,1,15,1,0.000,0
6.757000,1500.00,1500.09,1,1,16,1,0.000,0
6.757667,1500.00,1499.81,1,1,17,1,0.000,0
6.758333,1500.00,1499.81,1,1,18,1,0.000,0
6.759000,1500.00,1499.81,1,1,19,1,0.000,0
6.759667,1500.00,1499.81,1,1,20,1,0.000,0
6.760333,1500.00,1500.66,1,1,21,1,0.000,0
6.761000,1500.00,1499.81,1,1,22,1,0.000,0
6.761667,1500.00,1500.09,1,1,23,1,0.000,0
6.762333,1500.00,1499.53,1,1,24,1,0.000,0
6.763000,1500.00,1500.66,1,1,25,1,0.000,0
6.763667,1500.00,1500.66,1,1,26,1,0.000,0
6.764333,1500.00,1500.09,1,1,27,1,0.000,0
6.765000,1500.00,1499.81,1,1,28,1,0.000,0
6.765667,1500.00,1498.97,1,1,29,1,0.000,0
6.766333,1500.00,1500.38,1,1,30,1,0.000,0
6.767000,1500.00,1499.25,1,1,31,1,0.000,0
6.767667,1500.00,1499.81,1,1,32,1,0.000,0
6.768333,1500.00,1499.81,1,1,33,1,0.000,0
6.769000,1500.00,1499.53,1,1,34,1,0.000,0
6.769667,1500.00,1500.09,1,1,35,1,0.000,0
6.770333,1500.00,1500.09,1,1,36,1,0.000,0
6.771000,1500.00,1500.09,1,1,37,1,0.000,0
6.771667,1500.00,1498.97,1,1,38,1,0.000,0
6.772333,1500.00,1500.66,1,1,39,1,0.000,0
6.773000,1500.00,1500.09,1,1,40,1,0.000,0
6.773667,1500.00,1499.53,1,1,41,1,0.000,0
6.774333,1500.00,1499.53,1,1,42,1,0.000,0
6.775000,1500.00,1500.38,1,1,43,1,0.000,0
6.775667,1500.00,1500.09,1,1,44,1,0.000,0
6.776333,1500.00,1500.66,1,1,45,1,0.000,0
6.777000,1500.00,1500.94,1,1,46,1,0.000,0
6.777667,1500.00,1499.81,1,1,47,1,0.000,0
6.778333,1500.00,1499.81,1,1,48,1,0.000,0
6.779000,1500.00,1500.09,1,1,49,1,0.000,0
6.779667,1500.00,1500.66,1,1,50,1,0.000,0
6.780333,1500.00,1499.81,1,1,51,1,0.000,0
6.781000,1500.00,1500.38,1,1,52,1,0.000,0
6.781667,1500.00,1500.38,1,1,53,1,0.000,0
6.782333,1500.00,1499.81,1,1,54,1,0.000,0
6.783000,1500.00,1499.53,1,1,55,1,0.000,0
6.783667,1500.00,1500.66,1,1,56,1,0.000,0
6.784333,1500.00,1500.09,1,1,57,1,0.000,0
6.786333,1500.00,1499.48,1,1,0,0,0.000,0
6.787000,1500.00,1500.15,1,1,1,0,0.000,0
6.787667,1500.00,1499.48,1,1,2,0,0.000,0
6.788333,1500.00,1499.03,1,1,3,0,0.000,0
6.789000,1500.00,1500.38,1,1,4,0,0.000,0
6.789667,1500.00,1501.05,1,1,5,0,0.000,0
6.790333,1500.00,1499.25,1,1,6,0,0.000,0
6.791000,1500.00,1500.15,1,1,7,0,0.000,0
6.791667,1500.00,1499.81,1,1,8,0,0.000,0
6.792333,1500.00,1498.41,1,1,9,0,0.000,0
6.793000,1500.00,1500.66,1,1,10,0,0.000,0
6.793667,1500.00,1500.66,1,1,11,0,0.000,0
6.794333,1500.00,1499.25,1,1,12,0,0.000,0
6.795000,1500.00,1499.25,1,1,13,0,0.000,0
6.795667,1500.00,1500.09,1,1,14,0,0.000,0
6.796333,1500.00,1500.38,1,1,15,0,0.000,0
6.797000,1500.00,1500.38,1,1,16,0,0.000,0
6.797667,1500.00,1500.94,1,1,17,0,0.000,0
6.798333,1500.00,1499.81,1,1,18,0,0.000,0
6.799000,1500.00,1499.81,1,1,19,0,0.000,0
6.799667,1500.00,1500.38,1,1,20,0,0.000,0
6.800333,1500.00,1499.53,1,1,21,0,0.000,0
6.801000,1500.00,1500.38,1,1,22,0,0.000,0
6.801667,1500.00,1499.53,1,1,23,0,0.000,0
6.802333,1500.00,1500.66,1,1,24,0,0.000,0
6.803000,1500.00,1500.38,1,1,25,0,0.000,0
6.803667,1500.00,1499.81,1,1,26,0,0.000,0
6.804333,1500.00,1500.38,1,1,27,0,0.000,0
6.805000,1500.00,1500.38,1,1,28,0,0.000,0
6.805667,1500.00,1500.66,1,1,29,0,0.000,0
6.806333,1500.00,1499.53,1,1,30,0,0.000,0
6.807000,1500.00,1499.81,1,1,31,0,0.000,0
6.807667,1500.00,1500.09,1,1,32,0,0.000,0
6.808333,1500.00,1499.81,1,1,33,0,0.000,0
6.809000,1500.00,1499.81,1,1,34,0,0.000,0
6.809667,1500.00,1500.38,1,1,35,0,0.000,0
6.810333,1500.00,1499.53,1,1,36,0,0.000,0
6.811000,1500.00,1500.09,1,1,37,0,0.000,0
6.811667,1500.00,1500.66,1,1,38,0,0.000,0
6.812333,1500.00,1500.94,1,1,39,0,0.000,0
6.813000,1500.00,1499.81,1,1,40,0,0.000,0
6.813667,1500.00,1499.25,1,1,41,0,0.000,0
6.814333,1500.00,1499.81,1,1,42,0,0.000,0
6.815000,1500.00,1499.53,1,1,43,0,0.000,0
6.815667,1500.00,1499.53,1,1,44,0,0.000,0
6.816333,1500.00,1499.81,1,1,45,0,0.000,0
6.817000,1500.00,1499.81,1,1,46,0,0.000,0
6.817667,1500.00,1498.97,1,1,47,0,0.000,0
6.818333,1500.00,1499.53,1,1,48,0,0.000,0
6.819000,1500.00,1500.94,1,1,49,0,0.000,0
6.819667,1500.00,1500.38,1,1,50,0,0.000,0
6.820333,1500.00,1500.09,1,1,51,0,0.000,0
6.821000,1500.00,1500.94,1,1,52,0,0.000,0
6.821667,1500.00,1499.53,1,1,53,0,0.000,0
6.822333,1500.00,1499.81,1,1,54,0,0.000,0
6.823000,1500.00,1500.09,1,1,55,0,0.000,0
6.823667,1500.00,1499.53,1,1,56,0,0.000,0
6.824333,1500.00,1500.38,1,1,57,0,0.000,0
6.826333,1500.00,1499.93,1,1,0,1,0.000,0
6.827000,1500.00,1500.15,1,1,1,1,0.000,0
6.827667,1500.00,1499.48,1,1,2,1,0.000,0
6.828333,1500.00,1500.15,1,1,3,1,0.000,0
6.829000,1500.00,1499.93,1,1,4,1,0.000,0
6.829667,1500.00,1500.83,1,1,5,1,0.000,0
6.830333,1500.00,1500.83,1,1,6,1,0.000,0
6.831000,1500.00,1499.70,1,1,7,1,0.000,0
6.831667,1500.00,1499.81,1,1,8,1,0.000,0
6.832333,1500.00,1500.09,1,1,9,1,0.000,0
6.833000,1500.00,1500.66,1,1,10,1,0.000,0
6.833667,1500.00,1500.66,1,1,11,1,0.000,0
6.834333,1500.00,1500.38,1,1,12,1,0.000,0
6.835000,1500.00,1499.53,1,1,13,1,0.000,0
6.835667,1500.00,1499.81,1,1,14,1,0.000,0
6.836333,1500.00,1499.81,1,1,15,1,0.000,0
6.837000,1500.00,1500.09,1,1,16,1,0.000,0
6.837667,1500.00,1499.81,1,1,17,1,0.000,0
6.838333,1500.00,1500.09,1,1,18,1,0.000,0
6.839000,1500.00,1499.25,1,1,19,1,0.000,0
6.839667,1500.00,1500.66,1,1,20,1,0.000,0
6.840333,1500.00,1499.25,1,1,21,1,0.000,0
6.841000,1500.00,1500.09,1,1,22,1,0.000,0
6.841667,1500.00,1500.09,1,1,23,1,0.000,0
6.842333,1500.00,1499.53,1,1,24,1,0.000,0
6.843000,1500.00,1499.81,1,1,25,1,0.000,0
6.843667,1500.00,1498.97,1,1,26,1,0.000,0
6.844333,1500.00,1500.09,1,1,27,1,0.000,0
6.845000,1500.00,1499.53,1,1,28,1,0.000,0
6.845667,1500.00,1500.66,1,1,29,1,0.000,0
6.846333,1500.00,1499.25,1,1,30,1,0.000,0
6.847000,1500.00,1499.53,1,1,31,1,0.000,0
6.847667,1500.00,1500.38,1,1,32,1,0.000,0
6.848333,1500.00,1500.09,1,1,33,1,0.000,0
6.849000,1500.00,1500.66,1,1,34,1,0.000,0
6.849667,1500.00,1500.09,1,1,35,1,0.000,0
6.850333,1500.00,1499.53,1,1,36,1,0.000,0
6.851000,1500.00,1499.53,1,1,37,1,0.000,0
6.851667,1500.00,1500.09,1,1,38,1,0.000,0
6.852333,1500.00,1500.09,1,1,39,1,0.000,0
6.853000,1500.00,1499.81,1,1,40,1,0.000,0
6.853667,1500.00,1499.25,1,1,41,1,0.000,0
6.854333,1500.00,1500.09,1,1,42,1,0.000,0
6.855000,1500.00,1500.38,1,1,43,1,0.000,0
6.855667,1500.00,1500.66,1,1,44,1,0.000,0
6.856333,1500.00,1500.94,1,1,45,1,0.000,0
6.857000,1500.00,1500.38,1,1,46,1,0.000,0
6.857667,1500.00,1500.66,1,1,47,1,0.000,0
6.858333,1500.00,1499.81,1,1,48,1,0.000,0
6.859000,1500.00,1500.94,1,1,49,1,0.000,0
6.859667,1500.00,1499.25,1,1,50,1,0.000,0
6.860333,1500.00,1500.09,1,1,51,1,0.000,0
6.861000,1500.00,1499.81,1,1,52,1,0.000,0
6.861667,1500.00,1498.97,1,1,53,1,0.000,0
6.862333,1500.00,1499.81,1,1,54,1,0.000,0
6.863000,1500.00,1499.25,1,1,55,1,0.000,0
6.863667,1500.00,1500.09,1,1,56,1,0.000,0
6.864333,1500.00,1499.53,1,1,57,1,0.000,0
6.866333,1500.00,1500.83,1,1,0,0,0.000,0
6.867000,1500.00,1499.93,1,1,1,0,0.000,0
6.867667,1500.00,1499.70,1,1,2,0,0.000,0
6.868333,1500.00,1500.15,1,1,3,0,0.000,0
6.869000,1500.00,1500.38,1,1,4,0,0.000,0
6.869667,1500.00,1499.93,1,1,5,0,0.000,0
6.870333,1500.00,1499.93,1,1,6,0,0.000,0
6.871000,1500.00,1500.15,1,1,7,0,0.000,0
6.871667,1500.00,1498.69,1,1,8,0,0.000,0
6.872333,1500.00,1499.81,1,1,9,0,0.000,0
6.873000,1500.00,1499.81,1,1,10,0,0.000,0
6.873667,1500.00,1500.09,1,1,11,0,0.000,0
6.874333,1500.00,1499.25,1,1,12,0,0.000,0
6.875000,1500.00,1500.66,1,1,13,0,0.000,0
6.875667,1500.00,1500.38,1,1,14,0,0.000,0
6.876333,1500.00,1499.25,1,1,15,0,0.000,0
6.877000,1500.00,1500.38,1,1,16,0,0.000,0
6.877667,1500.00,1499.25,1,1,17,0,0.000,0
6.878333,1500.00,1500.38,1,1,18,0,0.000,0
6.879000,1500.00,1499.81,1,1,19,0,0.000,0
6.879667,1500.00,1500.94,1,1,20,0,0.000,0
6.880333,1500.00,1499.81,1,1,21,0,0.000,0
6.881000,1500.00,1499.25,1,1,22,0,0.000,0
6.881667,1500.00,1500.94,1,1,23,0,0.000,0
6.882333,1500.00,1500.66,1,1,24,0,0.000,0
6.883000,1500.00,1500.38,1,1,25,0,0.000,0
6.883667,1500.00,1499.81,1,1,26,0,0.000,0
6.884333,1500.00,1500.38,1,1,27,0,0.000,0
6.885000,1500.00,1499.81,1,1,28,0,0.000,0
6.885667,1500.00,1499.53,1,1,29,0,0.000,0
6.886333,1500.00,1500.94,1,1,30,0,0.000,0
6.887000,1500.00,1500.66,1,1,31,0,0.000,0
6.887667,1500.00,1500.09,1,1,32,0,0.000,0
6.888333,1500.00,1499.81,1,1,33,0,0.000,0
6.889000,1500.00,1500.38,1,1,34,0,0.000,0
6.889667,1500.00,1499.81,1,1,35,0,0.000,0
6.890333,1500.00,1499.81,1,1,36,0,0.000,0
6.891000,1500.00,1500.66,1,1,37,0,0.000,0
6.891667,1500.00,1500.38,1,1,38,0,0.000,0
6.892333,1500.00,1499.25,1,1,39,0,0.000,0
6.893000,1500.00,1499.53,1,1,40,0,0.000,0
6.893667,1500.00,1500.09,1,1,41,0,0.000,0
6.894333,1500.00,1500.09,1,1,42,0,0.000,0
6.895000,1500.00,1499.81,1,1,43,0,0.000,0
6.895667,1500.00,1500.09,1,1,44,0,0.000,0
6.896333,1500.00,1500.38,1,1,45,0,0.000,0
6.897000,1500.00,1499.81,1,1,46,0,0.000,0
6.897667,1500.00,1500.09,1,1,47,0,0.000,0
6.898333,1500.00,1500.38,1,1,48,0,0.000,0
6.899000,1500.00,1499.81,1,1,49,0,0.000,0
6.899667,1500.00,1499.53,1,1,50,0,0.000,0
6.900333,1500.00,1500.66,1,1,51,0,0.000,0
6.901000,1500.00,1499.25,1,1,52,0,0.000,0
6.901667,1500.00,1499.53,1,1,53,0,0.000,0
6.902333,1500.00,1499.53,1,1,54,0,0.000,0
6.903000,1500.00,1499.53,1,1,55,0,0.000,0
6.903667,1500.00,1499.53,1,1,56,0,0.000,0
6.904333,1500.00,1500.94,1,1,57,0,0.000,0
6.906333,1500.00,1500.15,1,1,0,1,0.000,0
6.907000,1500.00,1499.03,1,1,1,1,0.000,0
6.907667,1500.00,1500.60,1,1,2,1,0.000,0
6.908333,1500.00,1499.25,1,1,3,1,0.000,0
6.909000,1500.00,1500.38,1,1,4,1,0.000,0
6.909667,1500.00,1500.60,1,1,5,1,0.000,0
6.910333,1500.00,1499.93,1,1,6,1,0.000,0
6.911000,1500.00,1499.48,1,1,7,1,0.000,0
6.911667,1500.00,1499.81,1,1,8,1,0.000,0
6.912333,1500.00,1500.94,1,1,9,1,0.000,0
6.913000,1500.00,1499.53,1,1,10,1,0.000,0
6.913667,1500.00,1501.50,1,1,11,1,0.000,0
6.914333,1500.00,1500.38,1,1,12,1,0.000,0
6.915000,1500.00,1498.97,1,1,13,1,0.000,0
6.915667,1500.00,1500.38,1,1,14,1,0.000,0
6.916333,1500.00,1500.38,1,1,15,1,0.000,0
6.917000,1500.00,1500.09,1,1,16,1,0.000,0
6.917667,1500.00,1499.53,1,1,17,1,0.000,0
6.918333,1500.00,1500.09,1,1,18,1,0.000,0
6.919000,1500.00,1499.81,1,1,19,1,0.000,0
6.919667,1500.00,1499.25,1,1,20,1,0.000,0
6.920333,1500.00,1500.66,1,1,21,1,0.000,0
6.921000,1500.00,1500.09,1,1,22,1,0.000,0
6.921667,1500.00,1499.53,1,1,23,1,0.000,0
6.922333,1500.00,1500.09,1,1,24,1,0.000,0
6.923000,1500.00,1500.38,1,1,25,1,0.000,0
6.923667,1500.00,1499.81,1,1,26,1,0.000,0
6.924333,1500.00,1498.41,1,1,27,1,0.000,0
6.925000,1500.00,1499.53,1,1,28,1,0.000,0
6.925667,1500.00,1500.09,1,1,29,1,0.000,0
6.926333,1500.00,1500.94,1,1,30,1,0.000,0
6.927000,1500.00,1499.53,1,1,31,1,0.000,0
6.927667,1500.00,1499.53,1,1,32,1,0.000,0
6.928333,1500.00,1500.66,1,1,33,1,0.000,0
6.929000,1500.00,1500.09,1,1,34,1,0.000,0
6.929667,1500.00,1501.78,1,1,35,1,0.000,0
6.930333,1500.00,1500.66,1,1,36,1,0.000,0
6.931000,1500.00,1500.09,1,1,37,1,0.000,0
6.931667,1500.00,1498.41,1,1,38,1,0.000,0
6.932333,1500.00,1500.66,1,1,39,1,0.000,0
6.933000,1500.00,1500.09,1,1,40,1,0.000,0
6.933667,1500.00,1499.53,1,1,41,1,0.000,0
6.934333,1500.00,1500.38,1,1,42,1,0.000,0
6.935000,1500.00,1499.53,1,1,43,1,0.000,0
6.935667,1500.00,1499.81,1,1,44,1,0.000,0
6.936333,1500.00,1499.53,1,1,45,1,0.000,0
6.937000,1500.00,1499.81,1,1,46,1,0.000,0
6.937667,1500.00,1500.09,1,1,47,1,0.000,0
6.938333,1500.00,1500.94,1,1,48,1,0.000,0
6.939000,1500.00,1499.25,1,1,49,1,0.000,0
6.939667,1500.00,1500.66,1,1,50,1,0.000,0
6.940333,1500.00,1499.25,1,1,51,1,0.000,0
6.941000,1500.00,1499.81,1,1,52,1,0.000,0
6.941667,1500.00,1500.66,1,1,53,1,0.000,0
6.942333,1500.00,1500.66,1,1,54,1,0.000,0
6.943000,1500.00,1499.53,1,1,55,1,0.000,0
6.943667,1500.00,1499.81,1,1,56,1,0.000,0
6.944333,1500.00,1500.38,1,1,57,1,0.000,0
6.946333,1500.00,1499.48,1,1,0,0,0.000,0
6.947000,1500.00,1500.15,1,1,1,0,0.000,0
6.947667,1500.00,1500.60,1,1,2,0,0.000,0
6.948333,1500.00,1499.48,1,1,3,0,0.000,0
6.949000,1500.00,1499.48,1,1,4,0,0.000,0
6.949667,1500.00,1500.15,1,1,5,0,0.000,0
6.950333,1500.00,1499.70,1,1,6,0,0.000,0
6.951000,1500.00,1500.38,1,1,7,0,0.000,0
6.951667,1500.00,1499.25,1,1,8,0,0.000,0
6.952333,1500.00,1499.81,1,1,9,0,0.000,0
6.953000,1500.00,1500.38,1,1,10,0,0.000,0
6.953667,1500.00,1500.38,1,1,11,0,0.000,0
6.954333,1500.00,1500.94,1,1,12,0,0.000,0
6.955000,1500.00,1499.81,1,1,13,0,0.000,0
6.955667,1500.00,1500.38,1,1,14,0,0.000,0
6.956333,1500.00,1499.81,1,1,15,0,0.000,0
6.957000,1500.00,1501.50,1,1,16,0,0.000,0
6.957667,1500.00,1500.94,1,1,17,0,0.000,0
6.958333,1500.00,1498.69,1,1,18,0,0.000,0
6.959000,1500.00,1500.09,1,1,19,0,0.000,0
6.959667,1500.00,1500.09,1,1,20,0,0.000,0
6.960333,1500.00,1500.66,1,1,21,0,0.000,0
6.961000,1500.00,1499.81,1,1,22,0,0.000,0
6.961667,1500.00,1500.09,1,1,23,0,0.000,0
6.962333,1500.00,1499.25,1,1,24,0,0.000,0
6.963000,1500.00,1499.53,1,1,25,0,0.000,0
6.963667,1500.00,1501.22,1,1,26,0,0.000,0
6.964333,1500.00,1499.81,1,1,27,0,0.000,0
6.965000,1500.00,1499.81,1,1,28,0,0.000,0
6.965667,1500.00,1499.53,1,1,29,0,0.000,0
6.966333,1500.00,1499.53,1,1,30,0,0.000,0
6.967000,1500.00,1499.81,1,1,31,0,0.000,0
6.967667,1500.00,1500.09,1,1,32,0,0.000,0
6.968333,1500.00,1499.81,1,1,33,0,0.000,0
6.969000,1500.00,1499.53,1,1,34,0,0.000,0
6.969667,1500.00,1500.09,1,1,35,0,0.000,0
6.970333,1500.00,1499.25,1,1,36,0,0.000,0
6.971000,1500.00,1499.81,1,1,37,0,0.000,0
6.971667,1500.00,1500.09,1,1,38,0,0.000,0
6.972333,1500.00,1500.09,1,1,39,0,0.000,0
6.973000,1500.00,1499.81,1,1,40,0,0.000,0
6.973667,1500.00,1500.66,1,1,41,0,0.000,0
6.974333,1500.00,1499.53,1,1,42,0,0.000,0
6.975000,1500.00,1500.38,1,1,43,0,0.000,0
6.975667,1500.00,1500.66,1,1,44,0,0.000,0
6.976333,1500.00,1500.38,1,1,45,0,0.000,0
6.977000,1500.00,1499.53,1,1,46,0,0.000,0
6.977667,1500.00,1499.81,1,1,47,0,0.000,0
6.978333,1500.00,1500.09,1,1,48,0,0.000,0
6.979000,1500.00,1499.53,1,1,49,0,0.000,0
6.979667,1500.00,1500.09,1,1,50,0,0.000,0
6.980333,1500.00,1499.25,1,1,51,0,0.000,0
6.981000,1500.00,1500.09,1,1,52,0,0.000,0
6.981667,1500.00,1499.25,1,1,53,0,0.000,0
6.982333,1500.00,1500.66,1,1,54,0,0.000,0
6.983000,1500.00,1500.38,1,1,55,0,0.000,0
6.983667,1500.00,1500.38,1,1,56,0,0.000,0
6.984333,1500.00,1500.66,1,1,57,0,0.000,0
6.986333,1500.00,1499.93,1,1,0,1,0.000,0
6.987000,1500.00,1500.38,1,1,1,1,0.000,0
6.987667,1500.00,1499.70,1,1,2,1,0.000,0
6.988333,1500.00,1500.38,1,1,3,1,0.000,0
6.989000,1500.00,1499.93,1,1,4,1,0.000,0
6.989667,1500.00,1499.48,1,1,5,1,0.000,0
6.990333,1500.00,1499.70,1,1,6,1,0.000,0
6.991000,1500.00,1499.03,1,1,7,1,0.000,0
6.991667,1500.00,1500.38,1,1,8,1,0.000,0
6.992333,1500.00,1499.25,1,1,9,1,0.000,0
6.993000,1500.00,1500.09,1,1,10,1,0.000,0
6.993667,1500.00,1499.25,1,1,11,1,0.000,0
6.994333,1500.00,1500.09,1,1,12,1,0.000,0
6.995000,1500.00,1500.09,1,1,13,1,0.000,0
6.995667,1500.00,1500.38,1,1,14,1,0.000,0
6.996333,1500.00,1500.66,1,1,15,1,0.000,0
6.997000,1500.00,1500.38,1,1,16,1,0.000,0
6.997667,1500.00,1500.38,1,1,17,1,0.000,0
6.998333,1500.00,1499.25,1,1,18,1,0.000,0
6.999000,1500.00,1500.66,1,1,19,1,0.000,0
6.999667,1500.00,1500.09,1,1,20,1,0.000,0
7.000333,1500.00,1499.81,1,1,21,1,0.000,0
7.001000,1500.00,1499.53,1,1,22,1,0.000,0
7.001667,1500.00,1499.81,1,1,23,1,0.000,0
7.002333,1500.00,1499.53,1,1,24,1,0.000,0
7.003000,1500.00,1499.53,1,1,25,1,0.000,0
7.003667,1500.00,1500.38,1,1,26,1,0.000,0
7.004333,1500.00,1500.09,1,1,27,1,0.000,0
7.005000,1500.00,1499.81,1,1,28,1,0.000,0
7.005667,1500.00,1500.09,1,1,29,1,0.000,0
7.006333,1500.00,1499.25,1,1,30,1,0.000,0
7.007000,1500.00,1500.09,1,1,31,1,0.000,0
7.007667,1500.00,1500.66,1,1,32,1,0.000,0
7.008333,1500.00,1501.22,1,1,33,1,0.000,0
7.009000,1500.00,1500.09,1,1,34,1,0.000,0
7.009667,1500.00,1500.38,1,1,35,1,0.000,0
7.010333,1500.00,1500.09,1,1,36,1,0.000,0
7.011000,1500.00,1501.22,1,1,37,1,0.000,0
7.011667,1500.00,1500.94,1,1,38,1,0.000,0
7.012333,1500.00,1500.09,1,1,39,1,0.000,0
7.013000,1500.00,1499.25,1,1,40,1,0.000,0
7.013667,1500.00,1499.25,1,1,41,1,0.000,0
7.014333,1500.00,1500.66,1,1,42,1,0.000,0
7.015000,1500.00,1499.81,1,1,43,1,0.000,0
7.015667,1500.00,1499.53,1,1,44,1,0.000,0
7.016333,1500.00,1499.25,1,1,45,1,0.000,0
7.017000,1500.00,1500.38,1,1,46,1,0.000,0
7.017667,1500.00,1500.66,1,1,47,1,0.000,0
7.018333,1500.00,1500.94,1,1,48,1,0.000,0
7.019000,1500.00,1499.53,1,1,49,1,0.000,0
7.019667,1500.00,1499.81,1,1,50,1,0.000,0
7.020333,1500.00,1500.38,1,1,51,1,0.000,0
7.021000,1500.00,1500.09,1,1,52,1,0.000,0
7.021667,1500.00,1500.09,1,1,53,1,0.000,0
7.022333,1500.00,1499.25,1,1,54,1,0.000,0
7.023000,1500.00,1499.53,1,1,55,1,0.000,0
7.023667,1500.00,1499.53,1,1,56,1,0.000,0
7.024333,1500.00,1500.38,1,1,57,1,0.000,0
7.026333,1500.00,1500.15,1,1,0,0,0.000,0
7.027000,1500.00,1499.93,1,1,1,0,0.000,0
7.027667,1500.00,1499.93,1,1,2,0,0.000,0
7.028333,1500.00,1499.93,1,1,3,0,0.000,0
7.029000,1500.00,1499.93,1,1,4,0,0.000,0
7.029667,1500.00,1499.48,1,1,5,0,0.000,0
7.030333,1500.00,1499.48,1,1,6,0,0.000,0
7.031000,1500.00,1500.15,1,1,7,0,0.000,0
7.031667,1500.00,1498.97,1,1,8,0,0.000,0
7.032333,1500.00,1499.53,1,1,9,0,0.000,0
7.033000,1500.00,1499.53,1,1,10,0,0.000,0
7.033667,1500.00,1499.81,1,1,11,0,0.000,0
7.034333,1500.00,1500.09,1,1,12,0,0.000,0
7.035000,1500.00,1500.66,1,1,13,0,0.000,0
7.035667,1500.00,1500.38,1,1,14,0,0.000,0
7.036333,1500.00,1499.53,1,1,15,0,0.000,0
7.037000,1500.00,1500.09,1,1,16,0,0.000,0
7.037667,1500.00,1500.38,1,1,17,0,0.000,0
7.038333,1500.00,1501.22,1,1,18,0,0.000,0
7.039000,1500.00,1499.81,1,1,19,0,0.000,0
7.039667,1500.00,1500.09,1,1,20,0,0.000,0
7.040333,1500.00,1499.53,1,1,21,0,0.000,0
7.041000,1500.00,1499.53,1,1,22,0,0.000,0
7.041667,1500.00,1500.38,1,1,23,0,0.000,0
7.042333,1500.00,1499.81,1,1,24,0,0.000,0
7.043000,1500.00,1500.38,1,1,25,0,0.000,0
7.043667,1500.00,1500.09,1,1,26,0,0.000,0
7.044333,1500.00,1499.81,1,1,27,0,0.000,0
7.045000,1500.00,1500.09,1,1,28,0,0.000,0
7.045667,1500.00,1499.81,1,1,29,0,0.000,0
7.046333,1500.00,1500.94,1,1,30,0,0.000,0
7.047000,1500.00,1500.94,1,1,31,0,0.000,0
7.047667,1500.00,1501.50,1,1,32,0,0.000,0
7.048333,1500.00,1499.81,1,1,33,0,0.000,0
7.049000,1500.00,1499.81,1,1,34,0,0.000,0
7.049667,1500.00,1500.94,1,1,35,0,0.000,0
7.050333,1500.00,1499.81,1,1,36,0,0.000,0
7.051000,1500.00,1500.38,1,1,37,0,0.000,0
7.051667,1500.00,1498.97,1,1,38,0,0.000,0
7.052333,1500.00,1498.97,1,1,39,0,0.000,0
7.053000,1500.00,1499.53,1,1,40,0,0.000,0
7.053667,1500.00,1500.09,1,1,41,0,0.000,0
7.054333,1500.00,1498.97,1,1,42,0,0.000,0
7.055000,1500.00,1499.81,1,1,43,0,0.000,0
7.055667,1500.00,1499.81,1,1,44,0,0.000,0
7.056333,1500.00,1500.38,1,1,45,0,0.000,0
7.057000,1500.00,1500.38,1,1,46,0,0.000,0
7.057667,1500.00,1500.38,1,1,47,0,0.000,0
7.058333,1500.00,1499.81,1,1,48,0,0.000,0
7.059000,1500.00,1499.25,1,1,49,0,0.000,0
7.059667,1500.00,1500.94,1,1,50,0,0.000,0
7.060333,1500.00,1499.81,1,1,51,0,0.000,0
7.061000,1500.00,1500.09,1,1,52,0,0.000,0
7.061667,1500.00,1499.25,1,1,53,0,0.000,0
7.062333,1500.00,1499.81,1,1,54,0,0.000,0
7.063000,1500.00,1499.81,1,1,55,0,0.000,0
7.063667,1500.00,1499.81,1,1,56,0,0.000,0
7.064333,1500.00,1500.38,1,1,57,0,0.000,0
7.066333,1500.00,1499.93,1,1,0,1,0.000,0
7.067000,1500.00,1499.70,1,1,1,1,0.000,0
7.067667,1500.00,1500.38,1,1,2,1,0.000,0
7.068333,1500.00,1499.93,1,1,3,1,0.000,0
7.069000,1500.00,1499.48,1,1,4,1,0.000,0
7.069667,1500.00,1499.70,1,1,5,1,0.000,0
7.070333,1500.00,1499.93,1,1,6,1,0.000,0
7.071000,1500.00,1499.70,1,1,7,1,0.000,0
7.071667,1500.00,1499.81,1,1,8,1,0.000,0
7.072333,1500.00,1500.38,1,1,9,1,0.000,0
7.073000,1500.00,1500.38,1,1,10,1,0.000,0
7.073667,1500.00,1500.38,1,1,11,1,0.000,0
7.074333,1500.00,1500.94,1,1,12,1,0.000,0
7.075000,1500.00,1500.66,1,1,13,1,0.000,0
7.075667,1500.00,1500.66,1,1,14,1,0.000,0
7.076333,1500.00,1499.53,1,1,15,1,0.000,0
7.077000,1500.00,1499.53,1,1,16,1,0.000,0
7.077667,1500.00,1499.81,1,1,17,1,0.000,0
7.078333,1500.00,1499.81,1,1,18,1,0.000,0
7.079000,1500.00,1500.09,1,1,19,1,0.000,0
7.079667,1500.00,1499.81,1,1,20,1,0.000,0
7.080333,1500.00,1500.66,1,1,21,1,0.000,0
7.081000,1500.00,1499.53,1,1,22,1,0.000,0
7.081667,1500.00,1500.66,1,1,23,1,0.000,0
7.082333,1500.00,1500.38,1,1,24,1,0.000,0
7.083000,1500.00,1499.53,1,1,25,1,0.000,0
7.083667,1500.00,1499.81,1,1,26,1,0.000,0
7.084333,1500.00,1500.66,1,1,27,1,0.000,0
7.085000,1500.00,1500.09,1,1,28,1,0.000,0
7.085667,1500.00,1498.97,1,1,29,1,0.000,0
7.086333,1500.00,1500.66,1,1,30,1,0.000,0
7.087000,1500.00,1499.81,1,1,31,1,0.000,0
7.087667,1500.00,1500.09,1,1,32,1,0.000,0
7.088333,1500.00,1500.38,1,1,33,1,0.000,0
7.089000,1500.00,1499.53,1,1,34,1,0.000,0
7.089667,1500.00,1498.13,1,1,35,1,0.000,0
7.090333,1500.00,1500.94,1,1,36,1,0.000,0
7.091000,1500.00,1500.09,1,1,37,1,0.000,0
7.091667,1500.00,1499.81,1,1,38,1,0.000,0
7.092333,1500.00,1500.09,1,1,39,1,0.000,0
7.093000,1500.00,1499.81,1,1,40,1,0.000,0
7.093667,1500.00,1500.66,1,1,41,1,0.000,0
7.094333,1500.00,1500.38,1,1,42,1,0.000,0
7.095000,1500.00,1501.22,1,1,43,1,0.000,0
7.095667,1500.00,1499.25,1,1,44,1,0.000,0
7.096333,1500.00,1500.09,1,1,45,1,0.000,0
7.097000,1500.00,1499.81,1,1,46,1,0.000,0
7.097667,1500.00,1499.81,1,1,47,1,0.000,0
7.098333,1500.00,1500.09,1,1,48,1,0.000,0
7.099000,1500.00,1499.25,1,1,49,1,0.000,0
7.099667,1500.00,1499.25,1,1,50,1,0.000,0
7.100333,1500.00,1499.81,1,1,51,1,0.000,0
7.101000,1500.00,1500.09,1,1,52,1,0.000,0
7.101667,1500.00,1500.09,1,1,53,1,0.000,0
7.102333,1500.00,1499.53,1,1,54,1,0.000,0
7.103000,1500.00,1500.66,1,1,55,1,0.000,0
7.103667,1500.00,1499.81,1,1,56,1,0.000,0
7.104333,1500.00,1500.09,1,1,57,1,0.000,0
7.106333,1500.00,1500.60,1,1,0,0,0.000,0
7.107000,1500.00,1499.93,1,1,1,0,0.000,0
7.107667,1500.00,1499.70,1,1,2,0,0.000,0
7.108333,1500.00,1499.70,1,1,3,0,0.000,0
7.109000,1500.00,1499.70,1,1,4,0,0.000,0
7.109667,1500.00,1499.93,1,1,5,0,0.000,0
7.110333,1500.00,1500.38,1,1,6,0,0.000,0
7.111000,1500.00,1499.70,1,1,7,0,0.000,0
7.111667,1500.00,1500.38,1,1,8,0,0.000,0
7.112333,1500.00,1500.38,1,1,9,0,0.000,0
7.113000,1500.00,1500.09,1,1,10,0,0.000,0
7.113667,1500.00,1500.09,1,1,11,0,0.000,0
7.114333,1500.00,1500.38,1,1,12,0,0.000,0
7.115000,1500.00,1499.81,1,1,13,0,0.000,0
7.115667,1500.00,1499.81,1,1,14,0,0.000,0
7.116333,1500.00,1500.66,1,1,15,0,0.000,0
7.117000,1500.00,1499.53,1,1,16,0,0.000,0
7.117667,1500.00,1499.81,1,1,17,0,0.000,0
7.118333,1500.00,1500.38,1,1,18,0,0.000,0
7.119000,1500.00,1500.38,1,1,19,0,0.000,0
7.119667,1500.00,1500.38,1,1,20,0,0.000,0
7.120333,1500.00,1500.38,1,1,21,0,0.000,0
7.121000,1500.00,1499.81,1,1,22,0,0.000,0
7.121667,1500.00,1499.53,1,1,23,0,0.000,0
7.122333,1500.00,1500.09,1,1,24,0,0.000,0
7.123000,1500.00,1500.38,1,1,25,0,0.000,0
7.123667,1500.00,1499.25,1,1,26,0,0.000,0
7.124333,1500.00,1500.09,1,1,27,0,0.000,0
7.125000,1500.00,1500.09,1,1,28,0,0.000,0
7.125667,1500.00,1500.38,1,1,29,0,0.000,0
7.126333,1500.00,1499.81,1,1,30,0,0.000,0
7.127000,1500.00,1500.94,1,1,31,0,0.000,0
7.127667,1500.00,1499.53,1,1,32,0,0.000,0
7.128333,1500.00,1499.25,1,1,33,0,0.000,0
7.129000,1500.00,1500.09,1,1,34,0,0.000,0
7.129667,1500.00,1499.81,1,1,35,0,0.000,0
7.130333,1500.00,1499.53,1,1,36,0,0.000,0
7.131000,1500.00,1498.97,1,1,37,0,0.000,0
7.131667,1500.00,1501.22,1,1,38,0,0.000,0
7.132333,1500.00,1499.25,1,1,39,0,0.000,0
7.133000,1500.00,1500.09,1,1,40,0,0.000,0
7.133667,1500.00,1499.81,1,1,41,0,0.000,0
7.134333,1500.00,1499.25,1,1,42,0,0.000,0
7.135000,1500.00,1499.81,1,1,43,0,0.000,0
7.135667,1500.00,1500.66,1,1,44,0,0.000,0
7.136333,1500.00,1500.09,1,1,45,0,0.000,0
7.137000,1500.00,1498.97,1,1,46,0,0.000,0
7.137667,1500.00,1500.09,1,1,47,0,0.000,0
7.138333,1500.00,1500.09,1,1,48,0,0.000,0
7.139000,1500.00,1500.66,1,1,49,0,0.000,0
7.139667,1500.00,1500.94,1,1,50,0,0.000,0
7.140333,1500.00,1499.53,1,1,51,0,0.000,0
7.141000,1500.00,1499.53,1,1,52,0,0.000,0
7.141667,1500.00,1499.81,1,1,53,0,0.000,0
7.142333,1500.00,1499.81,1,1,54,0,0.000,0
7.143000,1500.00,1499.81,1,1,55,0,0.000,0
7.143667,1500.00,1500.38,1,1,56,0,0.000,0
7.144333,1500.00,1499.81,1,1,57,0,0.000,0
7.146333,1500.00,1500.38,1,1,0,1,0.000,0
7.147000,1500.00,1500.38,1,1,1,1,0.000,0
7.147667,1500.00,1500.15,1,1,2,1,0.000,0
7.148333,1500.00,1500.60,1,1,3,1,0.000,0
7.149000,1500.00,1500.60,1,1,4,1,0.000,0
7.149667,1500.00,1500.60,1,1,5,1,0.000,0
7.150333,1500.00,1499.70,1,1,6,1,0.000,0
7.151000,1500.00,1500.38,1,1,7,1,0.000,0
7.151667,1500.00,1499.25,1,1,8,1,0.000,0
7.152333,1500.00,1500.38,1,1,9,1,0.000,0
7.153000,1500.00,1500.38,1,1,10,1,0.000,0
7.153667,1500.00,1499.53,1,1,11,1,0.000,0
7.154333,1500.00,1499.53,1,1,12,1,0.000,0
7.155000,1500.00,1499.53,1,1,13,1,0.000,0
7.155667,1500.00,1499.53,1,1,14,1,0.000,0
7.156333,1500.00,1499.81,1,1,15,1,0.000,0
7.157000,1500.00,1501.22,1,1,16,1,0.000,0
7.157667,1500.00,1499.25,1,1,17,1,0.000,0
7.158333,1500.00,1499.53,1,1,18,1,0.000,0
7.159000,1500.00,1499.81,1,1,19,1,0.000,0
7.159667,1500.00,1500.09,1,1,20,1,0.000,0
7.160333,1500.00,1500.09,1,1,21,1,0.000,0
7.161000,1500.00,1500.66,1,1,22,1,0.000,0
7.161667,1500.00,1500.66,1,1,23,1,0.000,0
7.162333,1500.00,1499.25,1,1,24,1,0.000,0
7.163000,1500.00,1499.53,1,1,25,1,0.000,0
7.163667,1500.00,1499.53,1,1,26,1,0.000,0
7.164333,1500.00,1500.38,1,1,27,1,0.000,0
7.165000,1500.00,1500.38,1,1,28,1,0.000,0
7.165667,1500.00,1500.38,1,1,29,1,0.000,0
7.166333,1500.00,1500.09,1,1,30,1,0.000,0
7.167000,1500.00,1498.97,1,1,31,1,0.000,0
7.167667,1500.00,1499.53,1,1,32,1,0.000,0
7.168333,1500.00,1500.94,1,1,33,1,0.000,0
7.169000,1500.00,1500.66,1,1,34,1,0.000,0
7.169667,1500.00,1499.81,1,1,35,1,0.000,0
7.170333,1500.00,1500.09,1,1,36,1,0.000,0
7.171000,1500.00,1500.09,1,1,37,1,0.000,0
7.171667,1500.00,1499.25,1,1,38,1,0.000,0
7.172333,1500.00,1500.38,1,1,39,1,0.000,0
7.173000,1500.00,1499.81,1,1,40,1,0.000,0
7.173667,1500.00,1499.25,1,1,41,1,0.000,0
7.174333,1500.00,1499.81,1,1,42,1,0.000,0
7.175000,1500.00,1499.81,1,1,43,1,0.000,0
7.175667,1500.00,1499.53,1,1,44,1,0.000,0
7.176333,1500.00,1499.25,1,1,45,1,0.000,0
7.177000,1500.00,1500.66,1,1,46,1,0.000,0
7.177667,1500.00,1500.09,1,1,47,1,0.000,0
7.178333,1500.00,1500.09,1,1,48,1,0.000,0
7.179000,1500.00,1501.50,1,1,49,1,0.000,0
7.179667,1500.00,1499.81,1,1,50,1,0.000,0
7.180333,1500.00,1500.94,1,1,51,1,0.000,0
7.181000,1500.00,1499.81,1,1,52,1,0.000,0
7.181667,1500.00,1500.66,1,1,53,1,0.000,0
7.182333,1500.00,1499.25,1,1,54,1,0.000,0
7.183000,1500.00,1500.09,1,1,55,1,0.000,0
7.183667,1500.00,1500.38,1,1,56,1,0.000,0
7.184333,1500.00,1498.97,1,1,57,1,0.000,0
7.186333,1500.00,1500.15,1,1,0,0,0.000,0
7.187000,1500.00,1499.70,1,1,1,0,0.000,0
7.187667,1500.00,1500.60,1,1,2,0,0.000,0
7.188333,1500.00,1499.70,1,1,3,0,0.000,0
7.189000,1500.00,1500.60,1,1,4,0,0.000,0
7.189667,1500.00,1500.15,1,1,5,0,0.000,0
7.190333,1500.00,1500.15,1,1,6,0,0.000,0
7.191000,1500.00,1499.93,1,1,7,0,0.000,0
7.191667,1500.00,1499.25,1,1,8,0,0.000,0
7.192333,1500.00,1499.81,1,1,9,0,0.000,0
7.193000,1500.00,1499.53,1,1,10,0,0.000,0
7.193667,1500.00,1499.81,1,1,11,0,0.000,0
7.194333,1500.00,1500.66,1,1,12,0,0.000,0
7.195000,1500.00,1499.25,1,1,13,0,0.000,0
7.195667,1500.00,1500.09,1,1,14,0,0.000,0
7.196333,1500.00,1500.38,1,1,15,0,0.000,0
7.197000,1500.00,1500.66,1,1,16,0,0.000,0
7.197667,1500.00,1499.81,1,1,17,0,0.000,0
7.198333,1500.00,1500.09,1,1,18,0,0.000,0
7.199000,1500.00,1499.81,1,1,19,0,0.000,0
7.199667,1500.00,1498.97,1,1,20,0,0.000,0
7.200333,1500.00,1499.81,1,1,21,0,0.000,0
7.201000,1500.00,1499.81,1,1,22,0,0.000,0
7.201667,1500.00,1500.09,1,1,23,0,0.000,0
7.202333,1500.00,1499.81,1,1,24,0,0.000,0
7.203000,1500.00,1500.09,1,1,25,0,0.000,0
7.203667,1500.00,1499.81,1,1,26,0,0.000,0
7.204333,1500.00,1499.81,1,1,27,0,0.000,0
7.205000,1500.00,1500.38,1,1,28,0,0.000,0
7.205667,1500.00,1501.22,1,1,29,0,0.000,0
7.206333,1500.00,1500.38,1,1,30,0,0.000,0
7.207000,1500.00,1499.81,1,1,31,0,0.000,0
7.207667,1500.00,1500.09,1,1,32,0,0.000,0
7.208333,1500.00,1499.81,1,1,33,0,0.000,0
7.209000,1500.00,1500.38,1,1,34,0,0.000,0
7.209667,1500.00,1500.66,1,1,35,0,0.000,0
7.210333,1500.00,1500.38,1,1,36,0,0.000,0
7.211000,1500.00,1498.97,1,1,37,0,0.000,0
7.211667,1500.00,1499.81,1,1,38,0,0.000,0
7.212333,1500.00,1499.81,1,1,39,0,0.000,0
7.213000,1500.00,1500.38,1,1,40,0,0.000,0
7.213667,1500.00,1500.38,1,1,41,0,0.000,0
7.214333,1500.00,1500.09,1,1,42,0,0.000,0
7.215000,1500.00,1499.53,1,1,43,0,0.000,0
7.215667,1500.00,1500.09,1,1,44,0,0.000,0
7.216333,1500.00,1499.81,1,1,45,0,0.000,0
7.217000,1500.00,1499.53,1,1,46,0,0.000,0
7.217667,1500.00,1500.38,1,1,47,0,0.000,0
7.218333,1500.00,1500.09,1,1,48,0,0.000,0
7.219000,1500.00,1499.53,1,1,49,0,0.000,0
7.219667,1500.00,1499.81,1,1,50,0,0.000,0
7.220333,1500.00,1500.09,1,1,51,0,0.000,0
7.221000,1500.00,1499.81,1,1,52,0,0.000,0
7.221667,1500.00,1500.66,1,1,53,0,0.000,0
7.222333,1500.00,1500.09,1,1,54,0,0.000,0
7.223000,1500.00,1499.81,1,1,55,0,0.000,0
7.223667,1500.00,1499.81,1,1,56,0,0.000,0
7.224333,1500.00,1499.81,1,1,57,0,0.000,0
7.226333,1500.00,1499.70,1,1,0,1,0.000,0
7.227000,1500.00,1500.38,1,1,1,1,0.000,0
7.227667,1500.00,1499.93,1,1,2,1,0.000,0
7.228333,1500.00,1499.93,1,1,3,1,0.000,0
7.229000,1500.00,1500.60,1,1,4,1,0.000,0
7.229667,1500.00,1500.15,1,1,5,1,0.000,0
7.230333,1500.00,1499.93,1,1,6,1,0.000,0
7.231000,1500.00,1499.93,1,1,7,1,0.000,0
7.231667,1500.00,1499.81,1,1,8,1,0.000,0
7.232333,1500.00,1499.81,1,1,9,1,0.000,0
7.233000,1500.00,1500.09,1,1,10,1,0.000,0
7.233667,1500.00,1499.81,1,1,11,1,0.000,0
7.234333,1500.00,1499.81,1,1,12,1,0.000,0
7.235000,1500.00,1500.09,1,1,13,1,0.000,0
7.235667,1500.00,1499.53,1,1,14,1,0.000,0
7.236333,1500.00,1500.09,1,1,15,1,0.000,0
7.237000,1500.00,1500.66,1,1,16,1,0.000,0
7.237667,1500.00,1500.09,1,1,17,1,0.000,0
7.238333,1500.00,1500.38,1,1,18,1,0.000,0
7.239000,1500.00,1500.09,1,1,19,1,0.000,0
7.239667,1500.00,1499.53,1,1,20,1,0.000,0
7.240333,1500.00,1499.81,1,1,21,1,0.000,0
7.241000,1500.00,1500.66,1,1,22,1,0.000,0
7.241667,1500.00,1500.38,1,1,23,1,0.000,0
7.242333,1500.00,1499.81,1,1,24,1,0.000,0
7.243000,1500.00,1500.09,1,1,25,1,0.000,0
7.243667,1500.00,1498.97,1,1,26,1,0.000,0
7.244333,1500.00,1499.81,1,1,27,1,0.000,0
7.245000,1500.00,1499.81,1,1,28,1,0.000,0
7.245667,1500.00,1500.09,1,1,29,1,0.000,0
7.246333,1500.00,1499.25,1,1,30,1,0.000,0
7.247000,1500.00,1499.81,1,1,31,1,0.000,0
7.247667,1500.00,1500.94,1,1,32,1,0.000,0
7.248333,1500.00,1500.09,1,1,33,1,0.000,0
7.249000,1500.00,1500.66,1,1,34,1,0.000,0
7.249667,1500.00,1500.38,1,1,35,1,0.000,0
7.250333,1500.00,1500.66,1,1,36,1,0.000,0
7.251000,1500.00,1499.53,1,1,37,1,0.000,0
7.251667,1500.00,1500.38,1,1,38,1,0.000,0
7.252333,1500.00,1500.38,1,1,39,1,0.000,0
7.253000,1500.00,1498.97,1,1,40,1,0.000,0
7.253667,1500.00,1498.97,1,1,41,1,0.000,0
7.254333,1500.00,1499.81,1,1,42,1,0.000,0
7.255000,1500.00,1499.81,1,1,43,1,0.000,0
7.255667,1500.00,1499.81,1,1,44,1,0.000,0
7.256333,1500.00,1500.09,1,1,45,1,0.000,0
7.257000,1500.00,1500.66,1,1,46,1,0.000,0
7.257667,1500.00,1499.53,1,1,47,1,0.000,0
7.258333,1500.00,1500.38,1,1,48,1,0.000,0
7.259000,1500.00,1500.94,1,1,49,1,0.000,0
7.259667,1500.00,1499.53,1,1,50,1,0.000,0
7.260333,1500.00,1500.66,1,1,51,1,0.000,0
7.261000,1500.00,1499.53,1,1,52,1,0.000,0
7.261667,1500.00,1500.38,1,1,53,1,0.000,0
7.262333,1500.00,1499.81,1,1,54,1,0.000,0
7.263000,1500.00,1500.09,1,1,55,1,0.000,0
7.263667,1500.00,1499.53,1,1,56,1,0.000,0
7.264333,1500.00,1499.53,1,1,57,1,0.000,0
7.266333,1500.00,1500.15,1,1,0,0,0.000,0
7.267000,1500.00,1498.80,1,1,1,0,0.000,0
7.267667,1500.00,1500.60,1,1,2,0,0.000,0
7.268333,1500.00,1499.93,1,1,3,0,0.000,0
7.269000,1500.00,1499.25,1,1,4,0,0.000,0
7.269667,1500.00,1500.60,1,1,5,0,0.000,0
7.270333,1500.00,1500.38,1,1,6,0,0.000,0
7.271000,1500.00,1499.48,1,1,7,0,0.000,0
7.271667,1500.00,1500.09,1,1,8,0,0.000,0
7.272333,1500.00,1501.50,1,1,9,0,0.000,0
7.273000,1500.00,1499.25,1,1,10,0,0.000,0
7.273667,1500.00,1500.38,1,1,11,0,0.000,0
7.274333,1500.00,1500.09,1,1,12,0,0.000,0
7.275000,1500.00,1500.38,1,1,13,0,0.000,0
7.275667,1500.00,1499.53,1,1,14,0,0.000,0
7.276333,1500.00,1500.66,1,1,15,0,0.000,0
7.277000,1500.00,1500.66,1,1,16,0,0.000,0
7.277667,1500.00,1499.81,1,1,17,0,0.000,0
7.278333,1500.00,1500.66,1,1,18,0,0.000,0
7.279000,1500.00,1499.25,1,1,19,0,0.000,0
7.279667,1500.00,1500.38,1,1,20,0,0.000,0
7.280333,1500.00,1498.41,1,1,21,0,0.000,0
7.281000,1500.00,1500.66,1,1,22,0,0.000,0
7.281667,1500.00,1500.09,1,1,23,0,0.000,0
7.282333,1500.00,1499.81,1,1,24,0,0.000,0
7.283000,1500.00,1499.53,1,1,25,0,0.000,0
7.283667,1500.00,1498.97,1,1,26,0,0.000,0
7.284333,1500.00,1499.53,1,1,27,0,0.000,0
7.285000,1500.00,1500.09,1,1,28,0,0.000,0
7.285667,1500.00,1501.22,1,1,29,0,0.000,0
7.286333,1500.00,1499.25,1,1,30,0,0.000,0
7.287000,1500.00,1500.38,1,1,31,0,0.000,0
7.287667,1500.00,1498.97,1,1,32,0,0.000,0
7.288333,1500.00,1499.53,1,1,33,0,0.000,0
7.289000,1500.00,1500.38,1,1,34,0,0.000,0
7.289667,1500.00,1500.66,1,1,35,0,0.000,0
7.290333,1500.00,1500.38,1,1,36,0,0.000,0
7.291000,1500.00,1499.25,1,1,37,0,0.000,0
7.291667,1500.00,1500.38,1,1,38,0,0.000,0
7.292333,1500.00,1499.81,1,1,39,0,0.000,0
7.293000,1500.00,1500.38,1,1,40,0,0.000,0
7.293667,1500.00,1500.38,1,1,41,0,0.000,0
7.294333,1500.00,1500.38,1,1,42,0,0.000,0
7.295000,1500.00,1500.38,1,1,43,0,0.000,0
7.295667,1500.00,1499.25,1,1,44,0,0.000,0
7.296333,1500.00,1499.53,1,1,45,0,0.000,0
7.297000,1500.00,1500.09,1,1,46,0,0.000,0
7.297667,1500.00,1499.53,1,1,47,0,0.000,0
7.298333,1500.00,1499.53,1,1,48,0,0.000,0
7.299000,1500.00,1499.81,1,1,49,0,0.000,0
7.299667,1500.00,1499.53,1,1,50,0,0.000,0
7.300333,1500.00,1499.53,1,1,51,0,0.000,0
7.301000,1500.00,1500.38,1,1,52,0,0.000,0
7.301667,1500.00,1500.66,1,1,53,0,0.000,0
7.302333,1500.00,1499.53,1,1,54,0,0.000,0
7.303000,1500.00,1500.94,1,1,55,0,0.000,0
7.303667,1500.00,1500.94,1,1,56,0,0.000,0
7.304333,1500.00,1500.38,1,1,57,0,0.000,0
7.306333,1500.00,1500.15,1,1,0,1,0.000,0
7.307000,1500.00,1500.38,1,1,1,1,0.000,0
7.307667,1500.00,1499.93,1,1,2,1,0.000,0
7.308333,1500.00,1500.38,1,1,3,1,0.000,0
7.309000,1500.00,1499.93,1,1,4,1,0.000,0
7.309667,1500.00,1499.48,1,1,5,1,0.000,0
7.310333,1500.00,1499.93,1,1,6,1,0.000,0
7.311000,1500.00,1499.93,1,1,7,1,0.000,0
7.311667,1500.00,1499.25,1,1,8,1,0.000,0
7.312333,1500.00,1500.09,1,1,9,1,0.000,0
7.313000,1500.00,1499.81,1,1,10,1,0.000,0
7.313667,1500.00,1499.81,1,1,11,1,0.000,0
7.314333,1500.00,1500.09,1,1,12,1,0.000,0
7.315000,1500.00,1500.38,1,1,13,1,0.000,0
7.315667,1500.00,1500.09,1,1,14,1,0.000,0
7.316333,1500.00,1499.25,1,1,15,1,0.000,0
7.317000,1500.00,1500.66,1,1,16,1,0.000,0
7.317667,1500.00,1499.53,1,1,17,1,0.000,0
7.318333,1500.00,1500.09,1,1,18,1,0.000,0
7.319000,1500.00,1499.81,1,1,19,1,0.000,0
7.319667,1500.00,1500.38,1,1,20,1,0.000,0
7.320333,1500.00,1500.09,1,1,21,1,0.000,0
7.321000,1500.00,1500.09,1,1,22,1,0.000,0
7.321667,1500.00,1500.66,1,1,23,1,0.000,0
7.322333,1500.00,1499.81,1,1,24,1,0.000,0
7.323000,1500.00,1499.81,1,1,25,1,0.000,0
7.323667,1500.00,1499.81,1,1,26,1,0.000,0
7.324333,1500.00,1500.09,1,1,27,1,0.000,0
7.325000,1500.00,1499.81,1,1,28,1,0.000,0
7.325667,1500.00,1500.09,1,1,29,1,0.000,0
7.326333,1500.00,1499.81,1,1,30,1,0.000,0
7.327000,1500.00,1500.38,1,1,31,1,0.000,0
7.327667,1500.00,1500.66,1,1,32,1,0.000,0
7.328333,1500.00,1500.09,1,1,33,1,0.000,0
7.329000,1500.00,1500.66,1,1,34,1,0.000,0
7.329667,1500.00,1499.53,1,1,35,1,0.000,0
7.330333,1500.00,1500.38,1,1,36,1,0.000,0
7.331000,1500.00,1499.53,1,1,37,1,0.000,0
7.331667,1500.00,1499.81,1,1,38,1,0.000,0
7.332333,1500.00,1499.53,1,1,39,1,0.000,0
7.333000,1500.00,1499.25,1,1,40,1,0.000,0
7.333667,1500.00,1500.66,1,1,41,1,0.000,0
7.334333,1500.00,1500.38,1,1,42,1,0.000,0
7.335000,1500.00,1500.09,1,1,43,1,0.000,0
7.335667,1500.00,1499.81,1,1,44,1,0.000,0
7.336333,1500.00,1501.22,1,1,45,1,0.000,0
7.337000,1500.00,1500.38,1,1,46,1,0.000,0
7.337667,1500.00,1500.09,1,1,47,1,0.000,0
7.338333,1500.00,1501.22,1,1,48,1,0.000,0
7.339000,1500.00,1499.81,1,1,49,1,0.000,0
7.339667,1500.00,1499.81,1,1,50,1,0.000,0
7.340333,1500.00,1499.81,1,1,51,1,0.000,0
7.341000,1500.00,1499.81,1,1,52,1,0.000,0
7.341667,1500.00,1498.69,1,1,53,1,0.000,0
7.342333,1500.00,1499.53,1,1,54,1,0.000,0
7.343000,1500.00,1499.81,1,1,55,1,0.000,0
7.343667,1500.00,1499.81,1,1,56,1,0.000,0
7.344333,1500.00,1499.25,1,1,57,1,0.000,0
7.346333,1500.00,1499.48,1,1,0,0,0.000,0
7.347000,1500.00,1500.38,1,1,1,0,0.000,0
7.347667,1500.00,1499.93,1,1,2,0,0.000,0
7.348333,1500.00,1499.93,1,1,3,0,0.000,0
7.349000,1500.00,1500.15,1,1,4,0,0.000,0
7.349667,1500.00,1499.93,1,1,5,0,0.000,0
7.350333,1500.00,1499.48,1,1,6,0,0.000,0
7.351000,1500.00,1500.15,1,1,7,0,0.000,0
7.351667,1500.00,1500.94,1,1,8,0,0.000,0
7.352333,1500.00,1500.38,1,1,9,0,0.000,0
7.353000,1500.00,1500.94,1,1,10,0,0.000,0
7.353667,1500.00,1500.09,1,1,11,0,0.000,0
7.354333,1500.00,1499.81,1,1,12,0,0.000,0
7.355000,1500.00,1500.94,1,1,13,0,0.000,0
7.355667,1500.00,1500.09,1,1,14,0,0.000,0
7.356333,1500.00,1499.53,1,1,15,0,0.000,0
7.357000,1500.00,1498.69,1,1,16,0,0.000,0
7.357667,1500.00,1499.81,1,1,17,0,0.000,0
7.358333,1500.00,1499.53,1,1,18,0,0.000,0
7.359000,1500.00,1500.38,1,1,19,0,0.000,0
7.359667,1500.00,1499.53,1,1,20,0,0.000,0
7.360333,1500.00,1500.09,1,1,21,0,0.000,0
7.361000,1500.00,1500.09,1,1,22,0,0.000,0
7.361667,1500.00,1500.66,1,1,23,0,0.000,0
7.362333,1500.00,1500.38,1,1,24,0,0.000,0
7.363000,1500.00,1500.38,1,1,25,0,0.000,0
7.363667,1500.00,1500.09,1,1,26,0,0.000,0
7.364333,1500.00,1500.38,1,1,27,0,0.000,0
7.365000,1500.00,1499.53,1,1,28,0,0.000,0
7.365667,1500.00,1499.25,1,1,29,0,0.000,0
7.366333,1500.00,1500.38,1,1,30,0,0.000,0
7.367000,1500.00,1500.38,1,1,31,0,0.000,0
7.367667,1500.00,1499.81,1,1,32,0,0.000,0
7.368333,1500.00,1500.09,1,1,33,0,0.000,0
7.369000,1500.00,1499.81,1,1,34,0,0.000,0
7.369667,1500.00,1499.81,1,1,35,0,0.000,0
7.370333,1500.00,1501.22,1,1,36,0,0.000,0
7.371000,1500.00,1500.66,1,1,37,0,0.000,0
7.371667,1500.00,1499.25,1,1,38,0,0.000,0
7.372333,1500.00,1500.09,1,1,39,0,0.000,0
7.373000,1500.00,1500.09,1,1,40,0,0.000,0
7.373667,1500.00,1499.25,1,1,41,0,0.000,0
7.374333,1500.00,1499.53,1,1,42,0,0.000,0
7.375000,1500.00,1499.53,1,1,43,0,0.000,0
7.375667,1500.00,1500.09,1,1,44,0,0.000,0
7.376333,1500.00,1499.53,1,1,45,0,0.000,0
7.377000,1500.00,1500.94,1,1,46,0,0.000,0
7.377667,1500.00,1499.25,1,1,47,0,0.000,0
7.378333,1500.00,1500.09,1,1,48,0,0.000,0
7.379000,1500.00,1500.09,1,1,49,0,0.000,0
7.379667,1500.00,1500.66,1,1,50,0,0.000,0
7.380333,1500.00,1500.94,1,1,51,0,0.000,0
7.381000,1500.00,1499.25,1,1,52,0,0.000,0
7.381667,1500.00,1500.94,1,1,53,0,0.000,0
7.382333,1500.00,1499.81,1,1,54,0,0.000,0
7.383000,1500.00,1500.38,1,1,55,0,0.000,0
7.383667,1500.00,1500.66,1,1,56,0,0.000,0
7.384333,1500.00,1500.09,1,1,57,0,0.000,0
7.386333,1500.00,1499.93,1,1,0,1,0.000,0
7.387000,1500.00,1499.70,1,1,1,1,0.000,0
7.387667,1500.00,1500.60,1,1,2,1,0.000,0
7.388333,1500.00,1499.03,1,1,3,1,0.000,0
7.389000,1500.00,1499.70,1,1,4,1,0.000,0
7.389667,1500.00,1500.15,1,1,5,1,0.000,0
7.390333,1500.00,1499.70,1,1,6,1,0.000,0
7.391000,1500.00,1500.15,1,1,7,1,0.000,0
7.391667,1500.00,1499.25,1,1,8,1,0.000,0
7.392333,1500.00,1498.97,1,1,9,1,0.000,0
7.393000,1500.00,1499.53,1,1,10,1,0.000,0
7.393667,1500.00,1500.38,1,1,11,1,0.000,0
7.394333,1500.00,1500.38,1,1,12,1,0.000,0
7.395000,1500.00,1499.81,1,1,13,1,0.000,0
7.395667,1500.00,1500.66,1,1,14,1,0.000,0
7.396333,1500.00,1499.81,1,1,15,1,0.000,0
7.397000,1500.00,1500.38,1,1,16,1,0.000,0
7.397667,1500.00,1500.09,1,1,17,1,0.000,0
7.398333,1500.00,1500.38,1,1,18,1,0.000,0
7.399000,1500.00,1499.53,1,1,19,1,0.000,0
7.399667,1500.00,1499.53,1,1,20,1,0.000,0
7.400333,1500.00,1500.09,1,1,21,1,0.000,0
7.401000,1500.00,1498.97,1,1,22,1,0.000,0
7.401667,1500.00,1500.09,1,1,23,1,0.000,0
7.402333,1500.00,1500.09,1,1,24,1,0.000,0
7.403000,1500.00,1500.66,1,1,25,1,0.000,0
7.403667,1500.00,1499.81,1,1,26,1,0.000,0
7.404333,1500.00,1500.09,1,1,27,1,0.000,0
7.405000,1500.00,1499.25,1,1,28,1,0.000,0
7.405667,1500.00,1500.38,1,1,29,1,0.000,0
7.406333,1500.00,1499.81,1,1,30,1,0.000,0
7.407000,1500.00,1500.09,1,1,31,1,0.000,0
7.407667,1500.00,1500.09,1,1,32,1,0.000,0
7.408333,1500.00,1499.81,1,1,33,1,0.000,0
7.409000,1500.00,1499.81,1,1,34,1,0.000,0
7.409667,1500.00,1500.09,1,1,35,1,0.000,0
7.410333,1500.00,1500.66,1,1,36,1,0.000,0
7.411000,1500.00,1499.53,1,1,37,1,0.000,0
7.411667,1500.00,1500.66,1,1,38,1,0.000,0
7.412333,1500.00,1500.09,1,1,39,1,0.000,0
7.413000,1500.00,1499.25,1,1,40,1,0.000,0
7.413667,1500.00,1499.53,1,1,41,1,0.000,0
7.414333,1500.00,1500.38,1,1,42,1,0.000,0
7.415000,1500.00,1500.09,1,1,43,1,0.000,0
7.415667,1500.00,1500.09,1,1,44,1,0.000,0
7.416333,1500.00,1499.81,1,1,45,1,0.000,0
7.417000,1500.00,1499.53,1,1,46,1,0.000,0
7.417667,1500.00,1499.53,1,1,47,1,0.000,0
7.418333,1500.00,1501.50,1,1,48,1,0.000,0
7.419000,1500.00,1501.50,1,1,49,1,0.000,0
7.419667,1500.00,1500.09,1,1,50,1,0.000,0
7.420333,1500.00,1499.81,1,1,51,1,0.000,0
7.421000,1500.00,1500.38,1,1,52,1,0.000,0
7.421667,1500.00,1500.66,1,1,53,1,0.000,0
7.422333,1500.00,1500.66,1,1,54,1,0.000,0
7.423000,1500.00,1500.66,1,1,55,1,0.000,0
7.423667,1500.00,1499.53,1,1,56,1,0.000,0
7.424333,1500.00,1498.69,1,1,57,1,0.000,0
7.426333,1500.00,1499.93,1,1,0,0,0.000,0
7.427000,1500.00,1500.38,1,1,1,0,0.000,0
7.427667,1500.00,1499.70,1,1,2,0,0.000,0
7.428333,1500.00,1499.48,1,1,3,0,0.000,0
7.429000,1500.00,1499.70,1,1,4,0,0.000,0
7.429667,1500.00,1499.48,1,1,5,0,0.000,0
7.430333,1500.00,1499.48,1,1,6,0,0.000,0
7.431000,1500.00,1500.60,1,1,7,0,0.000,0
7.431667,1500.00,1499.81,1,1,8,0,0.000,0
7.432333,1500.00,1499.81,1,1,9,0,0.000,0
7.433000,1500.00,1500.94,1,1,10,0,0.000,0
7.433667,1500.00,1499.53,1,1,11,0,0.000,0
7.434333,1500.00,1500.09,1,1,12,0,0.000,0
7.435000,1500.00,1500.38,1,1,13,0,0.000,0
7.435667,1500.00,1500.09,1,1,14,0,0.000,0
7.436333,1500.00,1499.53,1,1,15,0,0.000,0
7.437000,1500.00,1500.09,1,1,16,0,0.000,0
7.437667,1500.00,1499.53,1,1,17,0,0.000,0
7.438333,1500.00,1498.69,1,1,18,0,0.000,0
7.439000,1500.00,1501.50,1,1,19,0,0.000,0
7.439667,1500.00,1499.53,1,1,20,0,0.000,0
7.440333,1500.00,1499.81,1,1,21,0,0.000,0
7.441000,1500.00,1500.09,1,1,22,0,0.000,0
7.441667,1500.00,1500.09,1,1,23,0,0.000,0
7.442333,1500.00,1500.94,1,1,24,0,0.000,0
7.443000,1500.00,1499.81,1,1,25,0,0.000,0
7.443667,1500.00,1500.38,1,1,26,0,0.000,0
7.444333,1500.00,1499.53,1,1,27,0,0.000,0
7.445000,1500.00,1500.38,1,1,28,0,0.000,0
7.445667,1500.00,1498.69,1,1,29,0,0.000,0
7.446333,1500.00,1499.81,1,1,30,0,0.000,0
7.447000,1500.00,1499.53,1,1,31,0,0.000,0
7.447667,1500.00,1498.69,1,1,32,0,0.000,0
7.448333,1500.00,1500.38,1,1,33,0,0.000,0
7.449000,1500.00,1499.25,1,1,34,0,0.000,0
7.449667,1500.00,1499.53,1,1,35,0,0.000,0
7.450333,1500.00,1499.81,1,1,36,0,0.000,0
7.451000,1500.00,1500.94,1,1,37,0,0.000,0
7.451667,1500.00,1500.38,1,1,38,0,0.000,0
7.452333,1500.00,1500.38,1,1,39,0,0.000,0
7.453000,1500.00,1500.66,1,1,40,0,0.000,0
7.453667,1500.00,1500.66,1,1,41,0,0.000,0
7.454333,1500.00,1500.09,1,1,42,0,0.000,0
7.455000,1500.00,1500.09,1,1,43,0,0.000,0
7.455667,1500.00,1500.09,1,1,44,0,0.000,0
7.456333,1500.00,1500.09,1,1,45,0,0.000,0
7.457000,1500.00,1499.81,1,1,46,0,0.000,0
7.457667,1500.00,1500.38,1,1,47,0,0.000,0
7.458333,1500.00,1500.09,1,1,48,0,0.000,0
7.459000,1500.00,1500.09,1,1,49,0,0.000,0
7.459667,1500.00,1500.94,1,1,50,0,0.000,0
7.460333,1500.00,1500.09,1,1,51,0,0.000,0
7.461000,1500.00,1499.81,1,1,52,0,0.000,0
7.461667,1500.00,1500.38,1,1,53,0,0.000,0
7.462333,1500.00,1500.38,1,1,54,0,0.000,0
7.463000,1500.00,1499.25,1,1,55,0,0.000,0
7.463667,1500.00,1499.53,1,1,56,0,0.000,0
7.464333,1500.00,1498.69,1,1,57,0,0.000,0
7.466333,1500.00,1499.48,1,1,0,1,0.000,0
7.467000,1500.00,1500.15,1,1,1,1,0.000,0
7.467667,1500.00,1500.15,1,1,2,1,0.000,0
7.468333,1500.00,1500.38,1,1,3,1,0.000,0
7.469000,1500.00,1500.38,1,1,4,1,0.000,0
7.469667,1500.00,1500.15,1,1,5,1,0.000,0
7.470333,1500.00,1499.93,1,1,6,1,0.000,0
7.471000,1500.00,1500.60,1,1,7,1,0.000,0
7.471667,1500.00,1500.09,1,1,8,1,0.000,0
7.472333,1500.00,1499.81,1,1,9,1,0.000,0
7.473000,1500.00,1500.38,1,1,10,1,0.000,0
7.473667,1500.00,1498.41,1,1,11,1,0.000,0
7.474333,1500.00,1498.97,1,1,12,1,0.000,0
7.475000,1500.00,1500.38,1,1,13,1,0.000,0
7.475667,1500.00,1500.09,1,1,14,1,0.000,0
7.476333,1500.00,1499.25,1,1,15,1,0.000,0
7.477000,1500.00,1500.38,1,1,16,1,0.000,0
7.477667,1500.00,1500.66,1,1,17,1,0.000,0
7.478333,1500.00,1499.81,1,1,18,1,0.000,0
7.479000,1500.00,1501.50,1,1,19,1,0.000,0
7.479667,1500.00,1500.09,1,1,20,1,0.000,0
7.480333,1500.00,1500.09,1,1,21,1,0.000,0
7.481000,1500.00,1499.81,1,1,22,1,0.000,0
7.481667,1500.00,1500.94,1,1,23,1,0.000,0
7.482333,1500.00,1499.81,1,1,24,1,0.000,0
7.483000,1500.00,1499.25,1,1,25,1,0.000,0
7.483667,1500.00,1499.81,1,1,26,1,0.000,0
7.484333,1500.00,1499.53,1,1,27,1,0.000,0
7.485000,1500.00,1499.53,1,1,28,1,0.000,0
7.485667,1500.00,1499.25,1,1,29,1,0.000,0
7.486333,1500.00,1500.66,1,1,30,1,0.000,0
7.487000,1500.00,1499.81,1,1,31,1,0.000,0
7.487667,1500.00,1500.09,1,1,32,1,0.000,0
7.488333,1500.00,1499.53,1,1,33,1,0.000,0
7.489000,1500.00,1499.81,1,1,34,1,0.000,0
7.489667,1500.00,1499.81,1,1,35,1,0.000,0
7.490333,1500.00,1500.66,1,1,36,1,0.000,0
7.491000,1500.00,1500.38,1,1,37,1,0.000,0
7.491667,1500.00,1499.53,1,1,38,1,0.000,0
7.492333,1500.00,1499.81,1,1,39,1,0.000,0
7.493000,1500.00,1499.53,1,1,40,1,0.000,0
7.493667,1500.00,1500.09,1,1,41,1,0.000,0
7.494333,1500.00,1501.50,1,1,42,1,0.000,0
7.495000,1500.00,1500.09,1,1,43,1,0.000,0
7.495667,1500.00,1500.09,1,1,44,1,0.000,0
7.496333,1500.00,1500.66,1,1,45,1,0.000,0
7.497000,1500.00,1500.09,1,1,46,1,0.000,0
7.497667,1500.00,1500.38,1,1,47,1,0.000,0
7.498333,1500.00,1500.09,1,1,48,1,0.000,0
7.499000,1500.00,1500.09,1,1,49,1,0.000,0
7.499667,1500.00,1498.69,1,1,50,1,0.000,0
