t_s,rpm_true,rpm_est,state,outputs_enabled,tooth_idx,phase,angle_err_deg,spurious
0.000333,1500.00,0.00,0,0,0,0,0.000,0
0.001000,1500.00,0.00,0,0,0,0,0.000,0
0.001667,1500.00,0.00,0,0,0,0,0.000,0
0.002333,1500.00,0.00,0,0,0,0,0.000,0
0.003000,1500.00,1500.38,0,0,0,0,0.000,0
0.003667,1500.00,1500.15,0,0,0,0,0.000,0
0.004333,1500.00,1501.13,0,0,0,0,0.000,0
0.005000,1500.00,1499.57,0,0,0,0,0.000,0
0.005667,1500.00,1500.09,0,0,0,0,0.000,0
0.006333,1500.00,1500.09,0,0,0,0,0.000,0
0.007000,1500.00,1500.66,0,0,0,0,0.000,0
0.007667,1500.00,1500.38,0,0,0,0,0.000,0
0.008333,1500.00,1499.53,0,0,0,0,0.000,0
0.009000,1500.00,1499.53,0,0,0,0,0.000,0
0.009667,1500.00,1498.97,0,0,0,0,0.000,0
0.010333,1500.00,1499.81,0,0,0,0,0.000,0
0.011000,1500.00,1499.81,0,0,0,0,0.000,0
0.011667,1500.00,1499.81,0,0,0,0,0.000,0
0.012333,1500.00,1499.81,0,0,0,0,0.000,0
0.013000,1500.00,1500.38,0,0,0,0,0.000,0
0.013667,1500.00,1499.81,0,0,0,0,0.000,0
0.014333,1500.00,1499.81,0,0,0,0,0.000,0
0.015000,1500.00,1500.94,0,0,0,0,0.000,0
0.015667,1500.00,1500.09,0,0,0,0,0.000,0
0.016333,1500.00,1500.09,0,0,0,0,0.000,0
0.017000,1500.00,1499.25,0,0,0,0,0.000,0
0.017667,1500.00,1500.09,0,0,0,0,0.000,0
0.018333,1500.00,1500.38,0,0,0,0,0.000,0
0.019000,1500.00,1499.81,0,0,0,0,0.000,0
0.019667,1500.00,1500.94,0,0,0,0,0.000,0
0.020333,1500.00,1498.97,0,0,0,0,0.000,0
0.021000,1500.00,1500.38,0,0,0,0,0.000,0
0.021667,1500.00,1499.81,0,0,0,0,0.000,0
0.022333,1500.00,1500.94,0,0,0,0,0.000,0
0.023000,1500.00,1499.53,0,0,0,0,0.000,0
0.023667,1500.00,1499.53,0,0,0,0,0.000,0
0.024333,1500.00,1500.38,0,0,0,0,0.000,0
0.026333,1500.00,1499.70,0,0,0,1,0.000,0
0.027000,1500.00,1500.15,0,0,1,1,0.000,0
0.027667,1500.00,1500.15,0,0,2,1,0.000,0
0.028333,1500.00,1500.15,0,0,3,1,0.000,0
0.029000,1500.00,1499.70,0,0,4,1,0.000,0
0.029667,1500.00,1500.83,0,0,5,1,0.000,0
0.030333,1500.00,1499.48,0,0,6,1,0.000,0
0.031000,1500.00,1499.93,0,0,7,1,0.000,0
0.031667,1500.00,1500.09,0,0,8,1,0.000,0
0.032333,1500.00,1500.09,0,0,9,1,0.000,0
0.033000,1500.00,1499.53,0,0,10,1,0.000,0
0.033667,1500.00,1500.09,0,0,11,1,0.000,0
0.034333,1500.00,1501.22,0,0,12,1,0.000,0
0.035000,1500.00,1500.09,0,0,13,1,0.000,0
0.035667,1500.00,1500.94,0,0,14,1,0.000,0
0.036333,1500.00,1499.81,0,0,15,1,0.000,0
0.037000,1500.00,1499.53,0,0,16,1,0.000,0
0.037667,1500.00,1500.09,0,0,17,1,0.000,0
0.038333,1500.00,1500.38,0,0,18,1,0.000,0
0.039000,1500.00,1500.09,0,0,19,1,0.000,0
0.039667,1500.00,1499.25,0,0,20,1,0.000,0
0.040333,1500.00,1499.53,0,0,21,1,0.000,0
0.041000,1500.00,1499.81,0,0,22,1,0.000,0
0.041667,1500.00,1500.09,0,0,23,1,0.000,0
0.042333,1500.00,1500.66,0,0,24,1,0.000,0
0.043000,1500.00,1500.94,0,0,25,1,0.000,0
0.043667,1500.00,1499.81,0,0,26,1,0.000,0
0.044333,1500.00,1499.53,0,0,27,1,0.000,0
0.045000,1500.00,1499.53,0,0,28,1,0.000,0
0.045667,1500.00,1499.53,0,0,29,1,0.000,0
0.046333,1500.00,1500.38,0,0,30,1,0.000,0
0.047000,1500.00,1500.38,0,0,31,1,0.000,0
0.047667,1500.00,1500.09,0,0,32,1,0.000,0
0.048333,1500.00,1498.41,0,0,33,1,0.000,0
0.049000,1500.00,1500.66,0,0,34,1,0.000,0
0.049667,1500.00,1500.66,0,0,35,1,0.000,0
0.050333,1500.00,1500.38,0,0,36,1,0.000,0
0.051000,1500.00,1500.94,0,0,37,1,0.000,0
0.051667,1500.00,1499.25,0,0,38,1,0.000,0
0.052333,1500.00,1499.81,0,0,39,1,0.000,0
0.053000,1500.00,1499.81,0,0,40,1,0.000,0
0.053667,1500.00,1500.66,0,0,41,1,0.000,0
0.054333,1500.00,1499.81,0,0,42,1,0.000,0
0.055000,1500.00,1499.53,0,0,43,1,0.000,0
0.055667,1500.00,1500.38,0,0,44,1,0.000,0
0.056333,1500.00,1499.53,0,0,45,1,0.000,0
0.057000,1500.00,1500.09,0,0,46,1,0.000,0
0.057667,1500.00,1500.38,0,0,47,1,0.000,0
0.058333,1500.00,1500.38,0,0,48,1,0.000,0
0.059000,1500.00,1499.53,0,0,49,1,0.000,0
0.059667,1500.00,1499.81,0,0,50,1,0.000,0
0.060333,1500.00,1500.09,0,0,51,1,0.000,0
0.061000,1500.00,1499.53,0,0,52,1,0.000,0
0.061667,1500.00,1499.53,0,0,53,1,0.000,0
0.062333,1500.00,1500.09,0,0,54,1,0.000,0
0.063000,1500.00,1500.09,0,0,55,1,0.000,0
0.063667,1500.00,1499.81,0,0,56,1,0.000,0
0.064333,1500.00,1500.38,0,0,57,1,0.000,0
0.066333,1500.00,1499.25,1,1,0,0,0.000,0
0.067000,1500.00,1499.70,1,1,1,0,0.000,0
0.067667,1500.00,1499.93,1,1,2,0,0.000,0
0.068333,1500.00,1500.15,1,1,3,0,0.000,0
0.069000,1500.00,1500.15,1,1,4,0,0.000,0
0.069667,1500.00,1499.70,1,1,5,0,0.000,0
0.070333,1500.00,1500.15,1,1,6,0,0.000,0
0.071000,1500.00,1500.15,1,1,7,0,0.000,0
0.071667,1500.00,1500.66,1,1,8,0,0.000,0
0.072333,1500.00,1500.09,1,1,9,0,0.000,0
0.073000,1500.00,1500.38,1,1,10,0,0.000,0
0.073667,1500.00,1499.81,1,1,11,0,0.000,0
0.074333,1500.00,1499.81,1,1,12,0,0.000,0
0.075000,1500.00,1500.38,1,1,13,0,0.000,0
0.075667,1500.00,1499.53,1,1,14,0,0.000,0
0.076333,1500.00,1499.81,1,1,15,0,0.000,0
0.077000,1500.00,1499.81,1,1,16,0,0.000,0
0.077667,1500.00,1500.09,1,1,17,0,0.000,0
0.078333,1500.00,1499.53,1,1,18,0,0.000,0
0.079000,1500.00,1499.81,1,1,19,0,0.000,0
0.079667,1500.00,1500.66,1,1,20,0,0.000,0
0.080333,1500.00,1499.25,1,1,21,0,0.000,0
0.081000,1500.00,1499.53,1,1,22,0,0.000,0
0.081667,1500.00,1499.53,1,1,23,0,0.000,0
0.082333,1500.00,1500.94,1,1,24,0,0.000,0
0.083000,1500.00,1500.38,1,1,25,0,0.000,0
0.083667,1500.00,1499.81,1,1,26,0,0.000,0
0.084333,1500.00,1499.81,1,1,27,0,0.000,0
0.085000,1500.00,1499.53,1,1,28,0,0.000,0
0.085667,1500.00,1500.94,1,1,29,0,0.000,0
0.086333,1500.00,1500.94,1,1,30,0,0.000,0
0.087000,1500.00,1499.81,1,1,31,0,0.000,0
0.087667,1500.00,1499.25,1,1,32,0,0.000,0
0.088333,1500.00,1500.09,1,1,33,0,0.000,0
0.089000,1500.00,1500.66,1,1,34,0,0.000,0
0.089667,1500.00,1500.94,1,1,35,0,0.000,0
0.090333,1500.00,1500.09,1,1,36,0,0.000,0
0.091000,1500.00,1499.81,1,1,37,0,0.000,0
0.091667,1500.00,1498.97,1,1,38,0,0.000,0
0.092333,1500.00,1500.66,1,1,39,0,0.000,0
0.093000,1500.00,1500.09,1,1,40,0,0.000,0
0.093667,1500.00,1499.81,1,1,41,0,0.000,0
0.094333,1500.00,1499.25,1,1,42,0,0.000,0
0.095000,1500.00,1499.81,1,1,43,0,0.000,0
0.095667,1500.00,1500.09,1,1,44,0,0.000,0
0.096333,1500.00,1499.81,1,1,45,0,0.000,0
0.097000,1500.00,1500.66,1,1,46,0,0.000,0
0.097667,1500.00,1500.38,1,1,47,0,0.000,0
0.098333,1500.00,1500.09,1,1,48,0,0.000,0
0.099000,1500.00,1499.81,1,1,49,0,0.000,0
0.099667,1500.00,1500.66,1,1,50,0,0.000,0
0.100333,1500.00,1500.38,1,1,51,0,0.000,0
0.101000,1500.00,1499.53,1,1,52,0,0.000,0
0.101667,1500.00,1500.09,1,1,53,0,0.000,0
0.102333,1500.00,1499.53,1,1,54,0,0.000,0
0.103000,1500.00,1500.09,1,1,55,0,0.000,0
0.103667,1500.00,1500.38,1,1,56,0,0.000,0
0.104333,1500.00,1500.66,1,1,57,0,0.000,0
0.106333,1500.00,1499.48,1,1,0,1,0.000,0
0.107000,1500.00,1499.03,1,1,1,1,0.000,0
0.107667,1500.00,1500.15,1,1,2,1,0.000,0
0.108333,1500.00,1499.48,1,1,3,1,0.000,0
0.109000,1500.00,1500.15,1,1,4,1,0.000,0
0.109667,1500.00,1499.70,1,1,5,1,0.000,0
0.110333,1500.00,1499.03,1,1,6,1,0.000,0
0.111000,1500.00,1499.70,1,1,7,1,0.000,0
0.111667,1500.00,1501.22,1,1,8,1,0.000,0
0.112333,1500.00,1499.81,1,1,9,1,0.000,0
0.113000,1500.00,1499.81,1,1,10,1,0.000,0
0.113667,1500.00,1500.38,1,1,11,1,0.000,0
0.114333,1500.00,1500.66,1,1,12,1,0.000,0
0.115000,1500.00,1499.81,1,1,13,1,0.000,0
0.115667,1500.00,1500.66,1,1,14,1,0.000,0
0.116333,1500.00,1499.81,1,1,15,1,0.000,0
0.117000,1500.00,1499.81,1,1,16,1,0.000,0
0.117667,1500.00,1500.66,1,1,17,1,0.000,0
0.118333,1500.00,1499.81,1,1,18,1,0.000,0
0.119000,1500.00,1500.38,1,1,19,1,0.000,0
0.119667,1500.00,1499.53,1,1,20,1,0.000,0
0.120333,1500.00,1499.53,1,1,21,1,0.000,0
0.121000,1500.00,1500.38,1,1,22,1,0.000,0
0.121667,1500.00,1499.81,1,1,23,1,0.000,0
0.122333,1500.00,1500.09,1,1,24,1,0.000,0
0.123000,1500.00,1499.81,1,1,25,1,0.000,0
0.123667,1500.00,1500.38,1,1,26,1,0.000,0
0.124333,1500.00,1499.53,1,1,27,1,0.000,0
0.125000,1500.00,1499.81,1,1,28,1,0.000,0
0.125667,1500.00,1500.38,1,1,29,1,0.000,0
0.126333,1500.00,1499.81,1,1,30,1,0.000,0
0.127000,1500.00,1499.81,1,1,31,1,0.000,0
0.127667,1500.00,1499.81,1,1,32,1,0.000,0
0.128333,1500.00,1500.09,1,1,33,1,0.000,0
0.129000,1500.00,1500.09,1,1,34,1,0.000,0
0.129667,1500.00,1500.38,1,1,35,1,0.000,0
0.130333,1500.00,1499.81,1,1,36,1,0.000,0
0.131000,1500.00,1500.09,1,1,37,1,0.000,0
0.131667,1500.00,1500.38,1,1,38,1,0.000,0
0.132333,1500.00,1500.38,1,1,39,1,0.000,0
0.133000,1500.00,1499.81,1,1,40,1,0.000,0
0.133667,1500.00,1500.66,1,1,41,1,0.000,0
0.134333,1500.00,1500.09,1,1,42,1,0.000,0
0.135000,1500.00,1499.81,1,1,43,1,0.000,0
0.135667,1500.00,1500.38,1,1,44,1,0.000,0
0.136333,1500.00,1499.81,1,1,45,1,0.000,0
0.137000,1500.00,1499.53,1,1,46,1,0.000,0
0.137667,1500.00,1500.09,1,1,47,1,0.000,0
0.138333,1500.00,1499.53,1,1,48,1,0.000,0
0.139000,1500.00,1499.53,1,1,49,1,0.000,0
0.139667,1500.00,1500.38,1,1,50,1,0.000,0
0.140333,1500.00,1500.09,1,1,51,1,0.000,0
0.141000,1500.00,1499.53,1,1,52,1,0.000,0
0.141667,1500.00,1500.66,1,1,53,1,0.000,0
0.142333,1500.00,1500.66,1,1,54,1,0.000,0
0.143000,1500.00,1499.81,1,1,55,1,0.000,0
0.143667,1500.00,1500.94,1,1,56,1,0.000,0
0.144333,1500.00,1500.09,1,1,57,1,0.000,0
0.146333,1500.00,1499.93,1,1,0,0,0.000,0
0.147000,1500.00,1499.48,1,1,1,0,0.000,0
0.147667,1500.00,1499.93,1,1,2,0,0.000,0
0.148333,1500.00,1499.48,1,1,3,0,0.000,0
0.149000,1500.00,1499.70,1,1,4,0,0.000,0
0.149667,1500.00,1499.70,1,1,5,0,0.000,0
0.150333,1500.00,1499.25,1,1,6,0,0.000,0
0.151000,1500.00,1500.15,1,1,7,0,0.000,0
0.151667,1500.00,1499.81,1,1,8,0,0.000,0
0.152333,1500.00,1500.38,1,1,9,0,0.000,0
0.153000,1500.00,1500.09,1,1,10,0,0.000,0
0.153667,1500.00,1500.38,1,1,11,0,0.000,0
0.154333,1500.00,1498.97,1,1,12,0,0.000,0
0.155000,1500.00,1501.22,1,1,13,0,0.000,0
0.155667,1500.00,1500.09,1,1,14,0,0.000,0
0.156333,1500.00,1499.81,1,1,15,0,0.000,0
0.157000,1500.00,1500.09,1,1,16,0,0.000,0
0.157667,1500.00,1500.09,1,1,17,0,0.000,0
0.158333,1500.00,1500.38,1,1,18,0,0.000,0
0.159000,1500.00,1499.53,1,1,19,0,0.000,0
0.159667,1500.00,1500.66,1,1,20,0,0.000,0
0.160333,1500.00,1498.69,1,1,21,0,0.000,0
0.161000,1500.00,1499.81,1,1,22,0,0.000,0
0.161667,1500.00,1500.09,1,1,23,0,0.000,0
0.162333,1500.00,1499.81,1,1,24,0,0.000,0
0.163000,1500.00,1500.09,1,1,25,0,0.000,0
0.163667,1500.00,1499.81,1,1,26,0,0.000,0
0.164333,1500.00,1499.81,1,1,27,0,0.000,0
0.165000,1500.00,1499.81,1,1,28,0,0.000,0
0.165667,1500.00,1500.09,1,1,29,0,0.000,0
0.166333,1500.00,1500.66,1,1,30,0,0.000,0
0.167000,1500.00,1500.09,1,1,31,0,0.000,0
0.167667,1500.00,1500.38,1,1,32,0,0.000,0
0.168333,1500.00,1499.53,1,1,33,0,0.000,0
0.169000,1500.00,1499.81,1,1,34,0,0.000,0
0.169667,1500.00,1501.22,1,1,35,0,0.000,0
0.170333,1500.00,1500.94,1,1,36,0,0.000,0
0.171000,1500.00,1500.38,1,1,37,0,0.000,0
0.171667,1500.00,1500.09,1,1,38,0,0.000,0
0.172333,1500.00,1499.53,1,1,39,0,0.000,0
0.173000,1500.00,1499.53,1,1,40,0,0.000,0
0.173667,1500.00,1500.09,1,1,41,0,0.000,0
0.174333,1500.00,1500.66,1,1,42,0,0.000,0
0.175000,1500.00,1498.97,1,1,43,0,0.000,0
0.175667,1500.00,1498.97,1,1,44,0,0.000,0
0.176333,1500.00,1499.53,1,1,45,0,0.000,0
0.177000,1500.00,1499.81,1,1,46,0,0.000,0
0.177667,1500.00,1500.38,1,1,47,0,0.000,0
0.178333,1500.00,1499.81,1,1,48,0,0.000,0
0.179000,1500.00,1500.66,1,1,49,0,0.000,0
0.179667,1500.00,1499.53,1,1,50,0,0.000,0
0.180333,1500.00,1499.81,1,1,51,0,0.000,0
0.181000,1500.00,1500.66,1,1,52,0,0.000,0
0.181667,1500.00,1500.66,1,1,53,0,0.000,0
0.182333,1500.00,1499.81,1,1,54,0,0.000,0
0.183000,1500.00,1500.09,1,1,55,0,0.000,0
0.183667,1500.00,1500.09,1,1,56,0,0.000,0
0.184333,1500.00,1500.09,1,1,57,0,0.000,0
0.186333,1500.00,1500.15,1,1,0,1,0.000,0
0.187000,1500.00,1500.38,1,1,1,1,0.000,0
0.187667,1500.00,1500.38,1,1,2,1,0.000,0
0.188333,1500.00,1500.15,1,1,3,1,0.000,0
0.189000,1500.00,1499.25,1,1,4,1,0.000,0
0.189667,1500.00,1499.48,1,1,5,1,0.000,0
0.190333,1500.00,1500.38,1,1,6,1,0.000,0
0.191000,1500.00,1499.48,1,1,7,1,0.000,0
0.191667,1500.00,1499.25,1,1,8,1,0.000,0
0.192333,1500.00,1499.81,1,1,9,1,0.000,0
0.193000,1500.00,1499.25,1,1,10,1,0.000,0
0.193667,1500.00,1500.09,1,1,11,1,0.000,0
0.194333,1500.00,1501.22,1,1,12,1,0.000,0
0.195000,1500.00,1500.66,1,1,13,1,0.000,0
0.195667,1500.00,1499.81,1,1,14,1,0.000,0
0.196333,1500.00,1499.81,1,1,15,1,0.000,0
0.197000,1500.00,1500.94,1,1,16,1,0.000,0
0.197667,1500.00,1500.38,1,1,17,1,0.000,0
0.198333,1500.00,1499.81,1,1,18,1,0.000,0
0.199000,1500.00,1499.25,1,1,19,1,0.000,0
0.199667,1500.00,1499.81,1,1,20,1,0.000,0
0.200333,1500.00,1499.81,1,1,21,1,0.000,0
0.201000,1500.00,1498.97,1,1,22,1,0.000,0
0.201667,1500.00,1500.09,1,1,23,1,0.000,0
0.202333,1500.00,1500.38,1,1,24,1,0.000,0
0.203000,1500.00,1500.09,1,1,25,1,0.000,0
0.203667,1500.00,1500.09,1,1,26,1,0.000,0
0.204333,1500.00,1500.94,1,1,27,1,0.000,0
0.205000,1500.00,1499.53,1,1,28,1,0.000,0
0.205667,1500.00,1500.09,1,1,29,1,0.000,0
0.206333,1500.00,1500.94,1,1,30,1,0.000,0
0.207000,1500.00,1500.38,1,1,31,1,0.000,0
0.207667,1500.00,1499.25,1,1,32,1,0.000,0
0.208333,1500.00,1499.53,1,1,33,1,0.000,0
0.209000,1500.00,1500.09,1,1,34,1,0.000,0
0.209667,1500.00,1499.81,1,1,35,1,0.000,0
0.210333,1500.00,1499.53,1,1,36,1,0.000,0
0.211000,1500.00,1498.97,1,1,37,1,0.000,0
0.211667,1500.00,1499.25,1,1,38,1,0.000,0
0.212333,1500.00,1499.25,1,1,39,1,0.000,0
0.213000,1500.00,1500.66,1,1,40,1,0.000,0
0.213667,1500.00,1500.09,1,1,41,1,0.000,0
0.214333,1500.00,1500.09,1,1,42,1,0.000,0
0.215000,1500.00,1499.25,1,1,43,1,0.000,0
0.215667,1500.00,1500.94,1,1,44,1,0.000,0
0.216333,1500.00,1500.66,1,1,45,1,0.000,0
0.217000,1500.00,1500.66,1,1,46,1,0.000,0
0.217667,1500.00,1500.94,1,1,47,1,0.000,0
0.218333,1500.00,1499.53,1,1,48,1,0.000,0
0.219000,1500.00,1500.38,1,1,49,1,0.000,0
0.219667,1500.00,1500.09,1,1,50,1,0.000,0
0.220333,1500.00,1499.53,1,1,51,1,0.000,0
0.221000,1500.00,1500.09,1,1,52,1,0.000,0
0.221667,1500.00,1500.94,1,1,53,1,0.000,0
0.222333,1500.00,1499.25,1,1,54,1,0.000,0
0.223000,1500.00,1499.81,1,1,55,1,0.000,0
0.223667,1500.00,1499.81,1,1,56,1,0.000,0
0.224333,1500.00,1499.81,1,1,57,1,0.000,0
0.226333,1500.00,1500.60,1,1,0,0,0.000,0
0.227000,1500.00,1500.83,1,1,1,0,0.000,0
0.227667,1500.00,1499.70,1,1,2,0,0.000,0
0.228333,1500.00,1499.25,1,1,3,0,0.000,0
0.229000,1500.00,1501.05,1,1,4,0,0.000,0
0.229667,1500.00,1500.15,1,1,5,0,0.000,0
0.230333,1500.00,1500.38,1,1,6,0,0.000,0
0.231000,1500.00,1499.70,1,1,7,0,0.000,0
0.231667,1500.00,1498.69,1,1,8,0,0.000,0
0.232333,1500.00,1499.81,1,1,9,0,0.000,0
0.233000,1500.00,1500.66,1,1,10,0,0.000,0
0.233667,1500.00,1500.09,1,1,11,0,0.000,0
0.234333,1500.00,1499.53,1,1,12,0,0.000,0
0.235000,1500.00,1500.38,1,1,13,0,0.000,0
0.235667,1500.00,1499.25,1,1,14,0,0.000,0
0.236333,1500.00,1499.81,1,1,15,0,0.000,0
0.237000,1500.00,1500.66,1,1,16,0,0.000,0
0.237667,1500.00,1499.81,1,1,17,0,0.000,0
0.238333,1500.00,1498.97,1,1,18,0,0.000,0
0.239000,1500.00,1500.66,1,1,19,0,0.000,0
0.239667,1500.00,1499.81,1,1,20,0,0.000,0
0.240333,1500.00,1499.81,1,1,21,0,0.000,0
0.241000,1500.00,1499.53,1,1,22,0,0.000,0
0.241667,1500.00,1500.66,1,1,23,0,0.000,0
0.242333,1500.00,1499.25,1,1,24,0,0.000,0
0.243000,1500.00,1500.09,1,1,25,0,0.000,0
0.243667,1500.00,1500.38,1,1,26,0,0.000,0
0.244333,1500.00,1499.25,1,1,27,0,0.000,0
0.245000,1500.00,1500.38,1,1,28,0,0.000,0
0.245667,1500.00,1499.81,1,1,29,0,0.000,0
0.246333,1500.00,1501.22,1,1,30,0,0.000,0
0.247000,1500.00,1500.09,1,1,31,0,0.000,0
0.247667,1500.00,1500.09,1,1,32,0,0.000,0
0.248333,1500.00,1500.38,1,1,33,0,0.000,0
0.249000,1500.00,1499.81,1,1,34,0,0.000,0
0.249667,1500.00,1499.81,1,1,35,0,0.000,0
0.250333,1500.00,1499.81,1,1,36,0,0.000,0
0.251000,1500.00,1499.53,1,1,37,0,0.000,0
0.251667,1500.00,1500.09,1,1,38,0,0.000,0
0.252333,1500.00,1500.38,1,1,39,0,0.000,0
0.253000,1500.00,1500.66,1,1,40,0,0.000,0
0.253667,1500.00,1499.53,1,1,41,0,0.000,0
0.254333,1500.00,1499.81,1,1,42,0,0.000,0
0.255000,1500.00,1500.38,1,1,43,0,0.000,0
0.255667,1500.00,1500.09,1,1,44,0,0.000,0
0.256333,1500.00,1500.38,1,1,45,0,0.000,0
0.257000,1500.00,1499.53,1,1,46,0,0.000,0
0.257667,1500.00,1499.25,1,1,47,0,0.000,0
0.258333,1500.00,1499.81,1,1,48,0,0.000,0
0.259000,1500.00,1500.09,1,1,49,0,0.000,0
0.259667,1500.00,1499.81,1,1,50,0,0.000,0
0.260333,1500.00,1499.53,1,1,51,0,0.000,0
0.261000,1500.00,1499.81,1,1,52,0,0.000,0
0.261667,1500.00,1500.66,1,1,53,0,0.000,0
0.262333,1500.00,1500.09,1,1,54,0,0.000,0
0.263000,1500.00,1499.81,1,1,55,0,0.000,0
0.263667,1500.00,1499.25,1,1,56,0,0.000,0
0.264333,1500.00,1500.09,1,1,57,0,0.000,0
0.266333,1500.00,1500.60,1,1,0,1,0.000,0
0.267000,1500.00,1500.38,1,1,1,1,0.000,0
0.267667,1500.00,1499.93,1,1,2,1,0.000,0
0.268333,1500.00,1500.38,1,1,3,1,0.000,0
0.269000,1500.00,1499.93,1,1,4,1,0.000,0
0.269667,1500.00,1500.15,1,1,5,1,0.000,0
0.270333,1500.00,1500.60,1,1,6,1,0.000,0
0.271000,1500.00,1499.93,1,1,7,1,0.000,0
0.271667,1500.00,1499.53,1,1,8,1,0.000,0
0.272333,1500.00,1500.38,1,1,9,1,0.000,0
0.273000,1500.00,1499.53,1,1,10,1,0.000,0
0.273667,1500.00,1498.41,1,1,11,1,0.000,0
0.274333,1500.00,1499.53,1,1,12,1,0.000,0
0.275000,1500.00,1499.53,1,1,13,1,0.000,0
0.275667,1500.00,1500.09,1,1,14,1,0.000,0
0.276333,1500.00,1499.81,1,1,15,1,0.000,0
0.277000,1500.00,1500.09,1,1,16,1,0.000,0
0.277667,1500.00,1499.53,1,1,17,1,0.000,0
0.278333,1500.00,1500.66,1,1,18,1,0.000,0
0.279000,1500.00,1500.38,1,1,19,1,0.000,0
0.279667,1500.00,1500.09,1,1,20,1,0.000,0
0.280333,1500.00,1500.94,1,1,21,1,0.000,0
0.281000,1500.00,1500.38,1,1,22,1,0.000,0
0.281667,1500.00,1499.81,1,1,23,1,0.000,0
0.282333,1500.00,1499.81,1,1,24,1,0.000,0
0.283000,1500.00,1500.09,1,1,25,1,0.000,0
0.283667,1500.00,1500.09,1,1,26,1,0.000,0
0.284333,1500.00,1500.38,1,1,27,1,0.000,0
0.285000,1500.00,1500.38,1,1,28,1,0.000,0
0.285667,1500.00,1500.09,1,1,29,1,0.000,0
0.286333,1500.00,1498.69,1,1,30,1,0.000,0
0.287000,1500.00,1500.94,1,1,31,1,0.000,0
0.287667,1500.00,1500.09,1,1,32,1,0.000,0
0.288333,1500.00,1499.81,1,1,33,1,0.000,0
0.289000,1500.00,1500.38,1,1,34,1,0.000,0
0.289667,1500.00,1499.53,1,1,35,1,0.000,0
0.290333,1500.00,1500.38,1,1,36,1,0.000,0
0.291000,1500.00,1498.97,1,1,37,1,0.000,0
0.291667,1500.00,1501.22,1,1,38,1,0.000,0
0.292333,1500.00,1498.97,1,1,39,1,0.000,0
0.293000,1500.00,1500.38,1,1,40,1,0.000,0
0.293667,1500.00,1500.09,1,1,41,1,0.000,0
0.294333,1500.00,1499.53,1,1,42,1,0.000,0
0.295000,1500.00,1500.09,1,1,43,1,0.000,0
0.295667,1500.00,1500.09,1,1,44,1,0.000,0
0.296333,1500.00,1500.94,1,1,45,1,0.000,0
0.297000,1500.00,1499.53,1,1,46,1,0.000,0
0.297667,1500.00,1500.09,1,1,47,1,0.000,0
0.298333,1500.00,1500.09,1,1,48,1,0.000,0
0.299000,1500.00,1500.38,1,1,49,1,0.000,0
0.299667,1500.00,1499.53,1,1,50,1,0.000,0
0.300333,1500.00,1499.81,1,1,51,1,0.000,0
0.301000,1500.00,1499.25,1,1,52,1,0.000,0
0.301667,1500.00,1499.25,1,1,53,1,0.000,0
0.302333,1500.00,1499.81,1,1,54,1,0.000,0
0.303000,1500.00,1500.66,1,1,55,1,0.000,0
0.303667,1500.00,1500.66,1,1,56,1,0.000,0
0.304333,1500.00,1499.81,1,1,57,1,0.000,0
0.306333,1500.00,1499.25,1,1,0,0,0.000,0
0.307000,1500.00,1499.93,1,1,1,0,0.000,0
0.307667,1500.00,1500.38,1,1,2,0,0.000,0
0.308333,1500.00,1500.60,1,1,3,0,0.000,0
0.309000,1500.00,1500.38,1,1,4,0,0.000,0
0.309667,1500.00,1500.38,1,1,5,0,0.000,0
0.310333,1500.00,1499.25,1,1,6,0,0.000,0
0.311000,1500.00,1499.93,1,1,7,0,0.000,0
0.311667,1500.00,1500.66,1,1,8,0,0.000,0
0.312333,1500.00,1499.81,1,1,9,0,0.000,0
0.313000,1500.00,1499.81,1,1,10,0,0.000,0
0.313667,1500.00,1499.53,1,1,11,0,0.000,0
0.314333,1500.00,1499.81,1,1,12,0,0.000,0
0.315000,1500.00,1499.25,1,1,13,0,0.000,0
0.315667,1500.00,1500.38,1,1,14,0,0.000,0
0.316333,1500.00,1500.38,1,1,15,0,0.000,0
0.317000,1500.00,1500.66,1,1,16,0,0.000,0
0.317667,1500.00,1500.94,1,1,17,0,0.000,0
0.318333,1500.00,1500.09,1,1,18,0,0.000,0
0.319000,1500.00,1500.38,1,1,19,0,0.000,0
0.319667,1500.00,1499.53,1,1,20,0,0.000,0
0.320333,1500.00,1499.53,1,1,21,0,0.000,0
0.321000,1500.00,1499.53,1,1,22,0,0.000,0
0.321667,1500.00,1499.53,1,1,23,0,0.000,0
0.322333,1500.00,1499.81,1,1,24,0,0.000,0
0.323000,1500.00,1499.81,1,1,25,0,0.000,0
0.323667,1500.00,1500.09,1,1,26,0,0.000,0
0.324333,1500.00,1499.25,1,1,27,0,0.000,0
0.325000,1500.00,1500.38,1,1,28,0,0.000,0
0.325667,1500.00,1500.09,1,1,29,0,0.000,0
0.326333,1500.00,1500.09,1,1,30,0,0.000,0
0.327000,1500.00,1500.09,1,1,31,0,0.000,0
0.327667,1500.00,1500.09,1,1,32,0,0.000,0
0.328333,1500.00,1499.53,1,1,33,0,0.000,0
0.329000,1500.00,1500.09,1,1,34,0,0.000,0
0.329667,1500.00,1500.38,1,1,35,0,0.000,0
0.330333,1500.00,1499.81,1,1,36,0,0.000,0
0.331000,1500.00,1500.66,1,1,37,0,0.000,0
0.331667,1500.00,1500.66,1,1,38,0,0.000,0
0.332333,1500.00,1499.81,1,1,39,0,0.000,0
0.333000,1500.00,1500.09,1,1,40,0,0.000,0
0.333667,1500.00,1499.53,1,1,41,0,0.000,0
0.334333,1500.00,1500.09,1,1,42,0,0.000,0
0.335000,1500.00,1499.53,1,1,43,0,0.000,0
0.335667,1500.00,1500.38,1,1,44,0,0.000,0
0.336333,1500.00,1499.25,1,1,45,0,0.000,0
0.337000,1500.00,1499.81,1,1,46,0,0.000,0
0.337667,1500.00,1500.66,1,1,47,0,0.000,0
0.338333,1500.00,1500.38,1,1,48,0,0.000,0
0.339000,1500.00,1500.38,1,1,49,0,0.000,0
0.339667,1500.00,1500.38,1,1,50,0,0.000,0
0.340333,1500.00,1501.50,1,1,51,0,0.000,0
0.341000,1500.00,1499.53,1,1,52,0,0.000,0
0.341667,1500.00,1500.94,1,1,53,0,0.000,0
0.342333,1500.00,1499.53,1,1,54,0,0.000,0
0.343000,1500.00,1499.53,1,1,55,0,0.000,0
0.343667,1500.00,1499.25,1,1,56,0,0.000,0
0.344333,1500.00,1500.09,1,1,57,0,0.000,0
0.346333,1500.00,1499.70,1,1,0,1,0.000,0
0.347000,1500.00,1499.03,1,1,1,1,0.000,0
0.347667,1500.00,1499.93,1,1,2,1,0.000,0
0.348333,1500.00,1499.93,1,1,3,1,0.000,0
0.349000,1500.00,1500.38,1,1,4,1,0.000,0
0.349667,1500.00,1499.93,1,1,5,1,0.000,0
0.350333,1500.00,1500.60,1,1,6,1,0.000,0
0.351000,1500.00,1500.15,1,1,7,1,0.000,0
0.351667,1500.00,1498.69,1,1,8,1,0.000,0
0.352333,1500.00,1500.09,1,1,9,1,0.000,0
0.353000,1500.00,1500.66,1,1,10,1,0.000,0
0.353667,1500.00,1499.25,1,1,11,1,0.000,0
0.354333,1500.00,1500.09,1,1,12,1,0.000,0
0.355000,1500.00,1499.81,1,1,13,1,0.000,0
0.355667,1500.00,1499.53,1,1,14,1,0.000,0
0.356333,1500.00,1499.53,1,1,15,1,0.000,0
0.357000,1500.00,1501.22,1,1,16,1,0.000,0
0.357667,1500.00,1499.81,1,1,17,1,0.000,0
0.358333,1500.00,1499.53,1,1,18,1,0.000,0
0.359000,1500.00,1500.66,1,1,19,1,0.000,0
0.359667,1500.00,1499.25,1,1,20,1,0.000,0
0.360333,1500.00,1500.09,1,1,21,1,0.000,0
0.361000,1500.00,1499.53,1,1,22,1,0.000,0
0.361667,1500.00,1500.09,1,1,23,1,0.000,0
0.362333,1500.00,1498.97,1,1,24,1,0.000,0
0.363000,1500.00,1500.66,1,1,25,1,0.000,0
0.363667,1500.00,1500.09,1,1,26,1,0.000,0
0.364333,1500.00,1500.38,1,1,27,1,0.000,0
0.365000,1500.00,1500.66,1,1,28,1,0.000,0
0.365667,1500.00,1499.81,1,1,29,1,0.000,0
0.366333,1500.00,1500.94,1,1,30,1,0.000,0
0.367000,1500.00,1500.66,1,1,31,1,0.000,0
0.367667,1500.00,1501.50,1,1,32,1,0.000,0
0.368333,1500.00,1500.09,1,1,33,1,0.000,0
0.369000,1500.00,1500.09,1,1,34,1,0.000,0
0.369667,1500.00,1498.97,1,1,35,1,0.000,0
0.370333,1500.00,1499.81,1,1,36,1,0.000,0
0.371000,1500.00,1500.38,1,1,37,1,0.000,0
0.371667,1500.00,1499.81,1,1,38,1,0.000,0
0.372333,1500.00,1498.97,1,1,39,1,0.000,0
0.373000,1500.00,1499.25,1,1,40,1,0.000,0
0.373667,1500.00,1500.09,1,1,41,1,0.000,0
0.374333,1500.00,1500.38,1,1,42,1,0.000,0
0.375000,1500.00,1500.38,1,1,43,1,0.000,0
0.375667,1500.00,1498.97,1,1,44,1,0.000,0
0.376333,1500.00,1500.38,1,1,45,1,0.000,0
0.377000,1500.00,1500.09,1,1,46,1,0.000,0
0.377667,1500.00,1500.66,1,1,47,1,0.000,0
0.378333,1500.00,1499.81,1,1,48,1,0.000,0
0.379000,1500.00,1500.66,1,1,49,1,0.000,0
0.379667,1500.00,1499.25,1,1,50,1,0.000,0
0.380333,1500.00,1499.53,1,1,51,1,0.000,0
0.381000,1500.00,1500.94,1,1,52,1,0.000,0
0.381667,1500.00,1499.25,1,1,53,1,0.000,0
0.382333,1500.00,1500.38,1,1,54,1,0.000,0
0.383000,1500.00,1499.81,1,1,55,1,0.000,0
0.383667,1500.00,1500.38,1,1,56,1,0.000,0
0.384333,1500.00,1498.41,1,1,57,1,0.000,0
0.386333,1500.00,1500.38,1,1,0,0,0.000,0
0.387000,1500.00,1500.15,1,1,1,0,0.000,0
0.387667,1500.00,1500.38,1,1,2,0,0.000,0
0.388333,1500.00,1500.15,1,1,3,0,0.000,0
0.389000,1500.00,1499.25,1,1,4,0,0.000,0
0.389667,1500.00,1499.48,1,1,5,0,0.000,0
0.390333,1500.00,1500.15,1,1,6,0,0.000,0
0.391000,1500.00,1500.60,1,1,7,0,0.000,0
0.391667,1500.00,1500.38,1,1,8,0,0.000,0
0.392333,1500.00,1499.81,1,1,9,0,0.000,0
0.393000,1500.00,1499.81,1,1,10,0,0.000,0
0.393667,1500.00,1500.66,1,1,11,0,0.000,0
0.394333,1500.00,1499.81,1,1,12,0,0.000,0
0.395000,1500.00,1500.38,1,1,13,0,0.000,0
0.395667,1500.00,1499.25,1,1,14,0,0.000,0
0.396333,1500.00,1499.81,1,1,15,0,0.000,0
0.397000,1500.00,1499.53,1,1,16,0,0.000,0
0.397667,1500.00,1500.94,1,1,17,0,0.000,0
0.398333,1500.00,1500.09,1,1,18,0,0.000,0
0.399000,1500.00,1499.81,1,1,19,0,0.000,0
0.399667,1500.00,1500.94,1,1,20,0,0.000,0
0.400333,1500.00,1500.09,1,1,21,0,0.000,0
0.401000,1500.00,1500.94,1,1,22,0,0.000,0
0.401667,1500.00,1499.53,1,1,23,0,0.000,0
0.402333,1500.00,1499.81,1,1,24,0,0.000,0
0.403000,1500.00,1499.53,1,1,25,0,0.000,0
0.403667,1500.00,1499.81,1,1,26,0,0.000,0
0.404333,1500.00,1499.53,1,1,27,0,0.000,0
0.405000,1500.00,1499.53,1,1,28,0,0.000,0
0.405667,1500.00,1500.38,1,1,29,0,0.000,0
0.406333,1500.00,1499.25,1,1,30,0,0.000,0
0.407000,1500.00,1500.66,1,1,31,0,0.000,0
0.407667,1500.00,1499.53,1,1,32,0,0.000,0
0.408333,1500.00,1499.81,1,1,33,0,0.000,0
0.409000,1500.00,1499.25,1,1,34,0,0.000,0
0.409667,1500.00,1500.09,1,1,35,0,0.000,0
0.410333,1500.00,1499.53,1,1,36,0,0.000,0
0.411000,1500.00,1499.81,1,1,37,0,0.000,0
0.411667,1500.00,1500.66,1,1,38,0,0.000,0
0.412333,1500.00,1500.09,1,1,39,0,0.000,0
0.413000,1500.00,1500.38,1,1,40,0,0.000,0
0.413667,1500.00,1499.81,1,1,41,0,0.000,0
0.414333,1500.00,1500.94,1,1,42,0,0.000,0
0.415000,1500.00,1500.09,1,1,43,0,0.000,0
0.415667,1500.00,1499.53,1,1,44,0,0.000,0
0.416333,1500.00,1499.81,1,1,45,0,0.000,0
0.417000,1500.00,1500.38,1,1,46,0,0.000,0
0.417667,1500.00,1500.38,1,1,47,0,0.000,0
0.418333,1500.00,1500.66,1,1,48,0,0.000,0
0.419000,1500.00,1500.09,1,1,49,0,0.000,0
0.419667,1500.00,1499.81,1,1,50,0,0.000,0
0.420333,1500.00,1499.53,1,1,51,0,0.000,0
0.421000,1500.00,1500.94,1,1,52,0,0.000,0
0.421667,1500.00,1500.38,1,1,53,0,0.000,0
0.422333,1500.00,1499.25,1,1,54,0,0.000,0
0.423000,1500.00,1499.53,1,1,55,0,0.000,0
0.423667,1500.00,1499.81,1,1,56,0,0.000,0
0.424333,1500.00,1500.66,1,1,57,0,0.000,0
0.426333,1500.00,1499.70,1,1,0,1,0.000,0
0.427000,1500.00,1500.38,1,1,1,1,0.000,0
0.427667,1500.00,1499.93,1,1,2,1,0.000,0
0.428333,1500.00,1500.15,1,1,3,1,0.000,0
0.429000,1500.00,1500.15,1,1,4,1,0.000,0
0.429667,1500.00,1499.70,1,1,5,1,0.000,0
0.430333,1500.00,1499.93,1,1,6,1,0.000,0
0.431000,1500.00,1499.25,1,1,7,1,0.000,0
0.431667,1500.00,1500.09,1,1,8,1,0.000,0
0.432333,1500.00,1499.25,1,1,9,1,0.000,0
0.433000,1500.00,1500.38,1,1,10,1,0.000,0
0.433667,1500.00,1500.09,1,1,11,1,0.000,0
0.434333,1500.00,1499.81,1,1,12,1,0.000,0
0.435000,1500.00,1500.94,1,1,13,1,0.000,0
0.435667,1500.00,1500.09,1,1,14,1,0.000,0
0.436333,1500.00,1500.38,1,1,15,1,0.000,0
0.437000,1500.00,1499.81,1,1,16,1,0.000,0
0.437667,1500.00,1501.22,1,1,17,1,0.000,0
0.438333,1500.00,1499.25,1,1,18,1,0.000,0
0.439000,1500.00,1499.53,1,1,19,1,0.000,0
0.439667,1500.00,1499.53,1,1,20,1,0.000,0
0.440333,1500.00,1498.69,1,1,21,1,0.000,0
0.441000,1500.00,1499.25,1,1,22,1,0.000,0
0.441667,1500.00,1500.09,1,1,23,1,0.000,0
0.442333,1500.00,1499.53,1,1,24,1,0.000,0
0.443000,1500.00,1499.53,1,1,25,1,0.000,0
0.443667,1500.00,1500.66,1,1,26,1,0.000,0
0.444333,1500.00,1499.81,1,1,27,1,0.000,0
0.445000,1500.00,1500.66,1,1,28,1,0.000,0
0.445667,1500.00,1500.66,1,1,29,1,0.000,0
0.446333,1500.00,1501.22,1,1,30,1,0.000,0
0.447000,1500.00,1500.09,1,1,31,1,0.000,0
0.447667,1500.00,1500.38,1,1,32,1,0.000,0
0.448333,1500.00,1500.09,1,1,33,1,0.000,0
0.449000,1500.00,1499.53,1,1,34,1,0.000,0
0.449667,1500.00,1500.38,1,1,35,1,0.000,0
0.450333,1500.00,1499.25,1,1,36,1,0.000,0
0.451000,1500.00,1499.53,1,1,37,1,0.000,0
0.451667,1500.00,1499.53,1,1,38,1,0.000,0
0.452333,1500.00,1499.53,1,1,39,1,0.000,0
0.453000,1500.00,1500.94,1,1,40,1,0.000,0
0.453667,1500.00,1500.38,1,1,41,1,0.000,0
0.454333,1500.00,1500.66,1,1,42,1,0.000,0
0.455000,1500.00,1500.66,1,1,43,1,0.000,0
0.455667,1500.00,1500.38,1,1,44,1,0.000,0
0.456333,1500.00,1500.09,1,1,45,1,0.000,0
0.457000,1500.00,1499.53,1,1,46,1,0.000,0
0.457667,1500.00,1500.66,1,1,47,1,0.000,0
0.458333,1500.00,1499.25,1,1,48,1,0.000,0
0.459000,1500.00,1500.09,1,1,49,1,0.000,0
0.459667,1500.00,1499.53,1,1,50,1,0.000,0
0.460333,1500.00,1499.53,1,1,51,1,0.000,0
0.461000,1500.00,1500.94,1,1,52,1,0.000,0
0.461667,1500.00,1500.38,1,1,53,1,0.000,0
0.462333,1500.00,1500.38,1,1,54,1,0.000,0
0.463000,1500.00,1500.09,1,1,55,1,0.000,0
0.463667,1500.00,1499.81,1,1,56,1,0.000,0
0.464333,1500.00,1498.69,1,1,57,1,0.000,0
0.466333,1500.00,1500.15,1,1,0,0,0.000,0
0.467000,1500.00,1500.15,1,1,1,0,0.000,0
0.467667,1500.00,1499.48,1,1,2,0,0.000,0
0.468333,1500.00,1499.70,1,1,3,0,0.000,0
0.469000,1500.00,1500.60,1,1,4,0,0.000,0
0.469667,1500.00,1500.15,1,1,5,0,0.000,0
0.470333,1500.00,1500.60,1,1,6,0,0.000,0
0.471000,1500.00,1500.38,1,1,7,0,0.000,0
0.471667,1500.00,1500.09,1,1,8,0,0.000,0
0.472333,1500.00,1499.81,1,1,9,0,0.000,0
0.473000,1500.00,1499.53,1,1,10,0,0.000,0
0.473667,1500.00,1500.09,1,1,11,0,0.000,0
0.474333,1500.00,1498.41,1,1,12,0,0.000,0
0.475000,1500.00,1499.81,1,1,13,0,0.000,0
0.475667,1500.00,1500.09,1,1,14,0,0.000,0
0.476333,1500.00,1499.81,1,1,15,0,0.000,0
0.477000,1500.00,1499.81,1,1,16,0,0.000,0
0.477667,1500.00,1498.97,1,1,17,0,0.000,0
0.478333,1500.00,1500.38,1,1,18,0,0.000,0
0.479000,1500.00,1500.38,1,1,19,0,0.000,0
0.479667,1500.00,1500.66,1,1,20,0,0.000,0
0.480333,1500.00,1499.53,1,1,21,0,0.000,0
0.481000,1500.00,1499.25,1,1,22,0,0.000,0
0.481667,1500.00,1500.38,1,1,23,0,0.000,0
0.482333,1500.00,1499.25,1,1,24,0,0.000,0
0.483000,1500.00,1500.94,1,1,25,0,0.000,0
0.483667,1500.00,1499.53,1,1,26,0,0.000,0
0.484333,1500.00,1498.97,1,1,27,0,0.000,0
0.485000,1500.00,1499.53,1,1,28,0,0.000,0
0.485667,1500.00,1500.09,1,1,29,0,0.000,0
0.486333,1500.00,1499.81,1,1,30,0,0.000,0
0.487000,1500.00,1500.09,1,1,31,0,0.000,0
0.487667,1500.00,1500.66,1,1,32,0,0.000,0
0.488333,1500.00,1499.81,1,1,33,0,0.000,0
0.489000,1500.00,1500.09,1,1,34,0,0.000,0
0.489667,1500.00,1500.66,1,1,35,0,0.000,0
0.490333,1500.00,1500.66,1,1,36,0,0.000,0
0.491000,1500.00,1500.38,1,1,37,0,0.000,0
0.491667,1500.00,1500.09,1,1,38,0,0.000,0
0.492333,1500.00,1499.81,1,1,39,0,0.000,0
0.493000,1500.00,1498.97,1,1,40,0,0.000,0
0.493667,1500.00,1499.53,1,1,41,0,0.000,0
0.494333,1500.00,1500.09,1,1,42,0,0.000,0
0.495000,1500.00,1500.09,1,1,43,0,0.000,0
0.495667,1500.00,1500.09,1,1,44,0,0.000,0
0.496333,1500.00,1499.53,1,1,45,0,0.000,0
0.497000,1500.00,1500.66,1,1,46,0,0.000,0
0.497667,1500.00,1499.81,1,1,47,0,0.000,0
0.498333,1500.00,1501.50,1,1,48,0,0.000,0
0.499000,1500.00,1500.66,1,1,49,0,0.000,0
0.499667,1500.00,1500.38,1,1,50,0,0.000,0
0.500333,1500.00,1500.09,1,1,51,0,0.000,0
0.501000,1500.00,1500.66,1,1,52,0,0.000,0
0.501667,1500.00,1500.38,1,1,53,0,0.000,0
0.502333,1500.00,1499.25,1,1,54,0,0.000,0
0.503000,1500.00,1500.09,1,1,55,0,0.000,0
0.503667,1500.00,1499.53,1,1,56,0,0.000,0
0.504333,1500.00,1500.09,1,1,57,0,0.000,0
0.506333,1500.00,1499.70,1,1,0,1,0.000,0
0.507000,1500.00,1500.38,1,1,1,1,0.000,0
0.507667,1500.00,1499.48,1,1,2,1,0.000,0
0.508333,1500.00,1500.38,1,1,3,1,0.000,0
0.509000,1500.00,1500.38,1,1,4,1,0.000,0
0.509667,1500.00,1499.93,1,1,5,1,0.000,0
0.510333,1500.00,1500.15,1,1,6,1,0.000,0
0.511000,1500.00,1500.15,1,1,7,1,0.000,0
0.511667,1500.00,1499.53,1,1,8,1,0.000,0
0.512333,1500.00,1499.25,1,1,9,1,0.000,0
0.513000,1500.00,1499.53,1,1,10,1,0.000,0
0.513667,1500.00,1499.53,1,1,11,1,0.000,0
0.514333,1500.00,1499.53,1,1,12,1,0.000,0
0.515000,1500.00,1500.09,1,1,13,1,0.000,0
0.515667,1500.00,1499.53,1,1,14,1,0.000,0
0.516333,1500.00,1499.25,1,1,15,1,0.000,0
0.517000,1500.00,1500.38,1,1,16,1,0.000,0
0.517667,1500.00,1499.81,1,1,17,1,0.000,0
0.518333,1500.00,1499.81,1,1,18,1,0.000,0
0.519000,1500.00,1500.66,1,1,19,1,0.000,0
0.519667,1500.00,1500.09,1,1,20,1,0.000,0
0.520333,1500.00,1500.09,1,1,21,1,0.000,0
0.521000,1500.00,1499.81,1,1,22,1,0.000,0
0.521667,1500.00,1499.81,1,1,23,1,0.000,0
0.522333,1500.00,1500.38,1,1,24,1,0.000,0
0.523000,1500.00,1500.66,1,1,25,1,0.000,0
0.523667,1500.00,1500.09,1,1,26,1,0.000,0
0.524333,1500.00,1499.53,1,1,27,1,0.000,0
0.525000,1500.00,1500.38,1,1,28,1,0.000,0
0.525667,1500.00,1500.09,1,1,29,1,0.000,0
0.526333,1500.00,1500.94,1,1,30,1,0.000,0
0.527000,1500.00,1500.38,1,1,31,1,0.000,0
0.527667,1500.00,1500.38,1,1,32,1,0.000,0
0.528333,1500.00,1499.53,1,1,33,1,0.000,0
0.529000,1500.00,1500.09,1,1,34,1,0.000,0
0.529667,1500.00,1500.09,1,1,35,1,0.000,0
0.530333,1500.00,1500.38,1,1,36,1,0.000,0
0.531000,1500.00,1500.09,1,1,37,1,0.000,0
0.531667,1500.00,1499.81,1,1,38,1,0.000,0
0.532333,1500.00,1500.38,1,1,39,1,0.000,0
0.533000,1500.00,1499.53,1,1,40,1,0.000,0
0.533667,1500.00,1500.09,1,1,41,1,0.000,0
0.534333,1500.00,1499.81,1,1,42,1,0.000,0
0.535000,1500.00,1499.25,1,1,43,1,0.000,0
0.535667,1500.00,1499.81,1,1,44,1,0.000,0
0.536333,1500.00,1499.53,1,1,45,1,0.000,0
0.537000,1500.00,1499.81,1,1,46,1,0.000,0
0.537667,1500.00,1499.53,1,1,47,1,0.000,0
0.538333,1500.00,1499.81,1,1,48,1,0.000,0
0.539000,1500.00,1500.38,1,1,49,1,0.000,0
0.539667,1500.00,1500.94,1,1,50,1,0.000,0
0.540333,1500.00,1499.53,1,1,51,1,0.000,0
0.541000,1500.00,1499.53,1,1,52,1,0.000,0
0.541667,1500.00,1500.66,1,1,53,1,0.000,0
0.542333,1500.00,1500.09,1,1,54,1,0.000,0
0.543000,1500.00,1500.38,1,1,55,1,0.000,0
0.543667,1500.00,1499.81,1,1,56,1,0.000,0
0.544333,1500.00,1499.25,1,1,57,1,0.000,0
0.546333,1500.00,1499.70,1,1,0,0,0.000,0
0.547000,1500.00,1500.38,1,1,1,0,0.000,0
0.547667,1500.00,1500.15,1,1,2,0,0.000,0
0.548333,1500.00,1499.93,1,1,3,0,0.000,0
0.549000,1500.00,1499.93,1,1,4,0,0.000,0
0.549667,1500.00,1500.15,1,1,5,0,0.000,0
0.550333,1500.00,1501.05,1,1,6,0,0.000,0
0.551000,1500.00,1500.15,1,1,7,0,0.000,0
0.551667,1500.00,1499.81,1,1,8,0,0.000,0
0.552333,1500.00,1500.09,1,1,9,0,0.000,0
0.553000,1500.00,1500.09,1,1,10,0,0.000,0
0.553667,1500.00,1500.09,1,1,11,0,0.000,0
0.554333,1500.00,1499.81,1,1,12,0,0.000,0
0.555000,1500.00,1500.38,1,1,13,0,0.000,0
0.555667,1500.00,1499.81,1,1,14,0,0.000,0
0.556333,1500.00,1500.09,1,1,15,0,0.000,0
0.557000,1500.00,1500.38,1,1,16,0,0.000,0
0.557667,1500.00,1499.53,1,1,17,0,0.000,0
0.558333,1500.00,1500.09,1,1,18,0,0.000,0
0.559000,1500.00,1500.38,1,1,19,0,0.000,0
0.559667,1500.00,1500.38,1,1,20,0,0.000,0
0.560333,1500.00,1499.53,1,1,21,0,0.000,0
0.561000,1500.00,1499.53,1,1,22,0,0.000,0
0.561667,1500.00,1500.09,1,1,23,0,0.000,0
0.562333,1500.00,1498.97,1,1,24,0,0.000,0
0.563000,1500.00,1500.94,1,1,25,0,0.000,0
0.563667,1500.00,1500.09,1,1,26,0,0.000,0
0.564333,1500.00,1499.81,1,1,27,0,0.000,0
0.565000,1500.00,1500.09,1,1,28,0,0.000,0
0.565667,1500.00,1501.22,1,1,29,0,0.000,0
0.566333,1500.00,1499.81,1,1,30,0,0.000,0
0.567000,1500.00,1499.81,1,1,31,0,0.000,0
0.567667,1500.00,1500.94,1,1,32,0,0.000,0
0.568333,1500.00,1499.25,1,1,33,0,0.000,0
0.569000,1500.00,1499.25,1,1,34,0,0.000,0
0.569667,1500.00,1499.81,1,1,35,0,0.000,0
0.570333,1500.00,1500.09,1,1,36,0,0.000,0
0.571000,1500.00,1498.13,1,1,37,0,0.000,0
0.571667,1500.00,1499.81,1,1,38,0,0.000,0
0.572333,1500.00,1500.66,1,1,39,0,0.000,0
0.573000,1500.00,1499.25,1,1,40,0,0.000,0
0.573667,1500.00,1500.38,1,1,41,0,0.000,0
0.574333,1500.00,1500.94,1,1,42,0,0.000,0
0.575000,1500.00,1499.81,1,1,43,0,0.000,0
0.575667,1500.00,1499.53,1,1,44,0,0.000,0
0.576333,1500.00,1500.38,1,1,45,0,0.000,0
0.577000,1500.00,1499.81,1,1,46,0,0.000,0
0.577667,1500.00,1499.81,1,1,47,0,0.000,0
0.578333,1500.00,1500.66,1,1,48,0,0.000,0
0.579000,1500.00,1500.66,1,1,49,0,0.000,0
0.579667,1500.00,1500.09,1,1,50,0,0.000,0
0.580333,1500.00,1500.09,1,1,51,0,0.000,0
0.581000,1500.00,1500.38,1,1,52,0,0.000,0
0.581667,1500.00,1500.09,1,1,53,0,0.000,0
0.582333,1500.00,1500.09,1,1,54,0,0.000,0
0.583000,1500.00,1499.81,1,1,55,0,0.000,0
0.583667,1500.00,1499.25,1,1,56,0,0.000,0
0.584333,1500.00,1498.97,1,1,57,0,0.000,0
0.586333,1500.00,1499.25,1,1,0,1,0.000,0
0.587000,1500.00,1499.48,1,1,1,1,0.000,0
0.587667,1500.00,1499.93,1,1,2,1,0.000,0
0.588333,1500.00,1500.15,1,1,3,1,0.000,0
0.589000,1500.00,1500.60,1,1,4,1,0.000,0
0.589667,1500.00,1500.15,1,1,5,1,0.000,0
0.590333,1500.00,1500.60,1,1,6,1,0.000,0
0.591000,1500.00,1501.05,1,1,7,1,0.000,0
0.591667,1500.00,1499.81,1,1,8,1,0.000,0
0.592333,1500.00,1500.09,1,1,9,1,0.000,0
0.593000,1500.00,1499.25,1,1,10,1,0.000,0
0.593667,1500.00,1500.09,1,1,11,1,0.000,0
0.594333,1500.00,1498.69,1,1,12,1,0.000,0
0.595000,1500.00,1499.81,1,1,13,1,0.000,0
0.595667,1500.00,1499.81,1,1,14,1,0.000,0
0.596333,1500.00,1499.25,1,1,15,1,0.000,0
0.597000,1500.00,1501.22,1,1,16,1,0.000,0
0.597667,1500.00,1500.66,1,1,17,1,0.000,0
0.598333,1500.00,1500.38,1,1,18,1,0.000,0
0.599000,1500.00,1500.66,1,1,19,1,0.000,0
0.599667,1500.00,1500.66,1,1,20,1,0.000,0
0.600333,1500.00,1499.81,1,1,21,1,0.000,0
0.601000,1500.00,1500.66,1,1,22,1,0.000,0
0.601667,1500.00,1500.09,1,1,23,1,0.000,0
0.602333,1500.00,1500.09,1,1,24,1,0.000,0
0.603000,1500.00,1500.38,1,1,25,1,0.000,0
0.603667,1500.00,1500.38,1,1,26,1,0.000,0
0.604333,1500.00,1498.97,1,1,27,1,0.000,0
0.605000,1500.00,1500.09,1,1,28,1,0.000,0
0.605667,1500.00,1500.66,1,1,29,1,0.000,0
0.606333,1500.00,1499.25,1,1,30,1,0.000,0
0.607000,1500.00,1500.09,1,1,31,1,0.000,0
0.607667,1500.00,1499.53,1,1,32,1,0.000,0
0.608333,1500.00,1499.25,1,1,33,1,0.000,0
0.609000,1500.00,1500.09,1,1,34,1,0.000,0
0.609667,1500.00,1500.66,1,1,35,1,0.000,0
0.610333,1500.00,1500.66,1,1,36,1,0.000,0
0.611000,1500.00,1499.25,1,1,37,1,0.000,0
0.611667,1500.00,1500.38,1,1,38,1,0.000,0
0.612333,1500.00,1499.53,1,1,39,1,0.000,0
0.613000,1500.00,1499.53,1,1,40,1,0.000,0
0.613667,1500.00,1500.66,1,1,41,1,0.000,0
0.614333,1500.00,1500.09,1,1,42,1,0.000,0
0.615000,1500.00,1499.25,1,1,43,1,0.000,0
0.615667,1500.00,1499.25,1,1,44,1,0.000,0
0.616333,1500.00,1500.38,1,1,45,1,0.000,0
0.617000,1500.00,1500.09,1,1,46,1,0.000,0
0.617667,1500.00,1499.53,1,1,47,1,0.000,0
0.618333,1500.00,1500.09,1,1,48,1,0.000,0
0.619000,1500.00,1498.69,1,1,49,1,0.000,0
0.619667,1500.00,1499.25,1,1,50,1,0.000,0
0.620333,1500.00,1500.09,1,1,51,1,0.000,0
0.621000,1500.00,1499.53,1,1,52,1,0.000,0
0.621667,1500.00,1500.09,1,1,53,1,0.000,0
0.622333,1500.00,1499.81,1,1,54,1,0.000,0
0.623000,1500.00,1500.94,1,1,55,1,0.000,0
0.623667,1500.00,1500.66,1,1,56,1,0.000,0
0.624333,1500.00,1500.94,1,1,57,1,0.000,0
0.626333,1500.00,1500.15,1,1,0,0,0.000,0
0.627000,1500.00,1500.60,1,1,1,0,0.000,0
0.627667,1500.00,1500.38,1,1,2,0,0.000,0
0.628333,1500.00,1500.15,1,1,3,0,0.000,0
0.629000,1500.00,1500.15,1,1,4,0,0.000,0
0.629667,1500.00,1499.93,1,1,5,0,0.000,0
0.630333,1500.00,1499.48,1,1,6,0,0.000,0
0.631000,1500.00,1499.70,1,1,7,0,0.000,0
0.631667,1500.00,1500.09,1,1,8,0,0.000,0
0.632333,1500.00,1499.53,1,1,9,0,0.000,0
0.633000,1500.00,1500.09,1,1,10,0,0.000,0
0.633667,1500.00,1499.53,1,1,11,0,0.000,0
0.634333,1500.00,1499.53,1,1,12,0,0.000,0
0.635000,1500.00,1500.38,1,1,13,0,0.000,0
0.635667,1500.00,1500.38,1,1,14,0,0.000,0
0.636333,1500.00,1499.81,1,1,15,0,0.000,0
0.637000,1500.00,1500.66,1,1,16,0,0.000,0
0.637667,1500.00,1499.81,1,1,17,0,0.000,0
0.638333,1500.00,1500.09,1,1,18,0,0.000,0
0.639000,1500.00,1500.09,1,1,19,0,0.000,0
0.639667,1500.00,1500.38,1,1,20,0,0.000,0
0.640333,1500.00,1500.09,1,1,21,0,0.000,0
0.641000,1500.00,1500.38,1,1,22,0,0.000,0
0.641667,1500.00,1500.66,1,1,23,0,0.000,0
0.642333,1500.00,1499.53,1,1,24,0,0.000,0
0.643000,1500.00,1499.81,1,1,25,0,0.000,0
0.643667,1500.00,1499.81,1,1,26,0,0.000,0
0.644333,1500.00,1501.22,1,1,27,0,0.000,0
0.645000,1500.00,1499.81,1,1,28,0,0.000,0
0.645667,1500.00,1499.53,1,1,29,0,0.000,0
0.646333,1500.00,1500.09,1,1,30,0,0.000,0
0.647000,1500.00,1499.81,1,1,31,0,0.000,0
0.647667,1500.00,1500.09,1,1,32,0,0.000,0
0.648333,1500.00,1500.94,1,1,33,0,0.000,0
0.649000,1500.00,1500.09,1,1,34,0,0.000,0
0.649667,1500.00,1498.41,1,1,35,0,0.000,0
0.650333,1500.00,1499.81,1,1,36,0,0.000,0
0.651000,1500.00,1499.25,1,1,37,0,0.000,0
0.651667,1500.00,1499.81,1,1,38,0,0.000,0
0.652333,1500.00,1500.38,1,1,39,0,0.000,0
0.653000,1500.00,1500.38,1,1,40,0,0.000,0
0.653667,1500.00,1498.69,1,1,41,0,0.000,0
0.654333,1500.00,1499.25,1,1,42,0,0.000,0
0.655000,1500.00,1500.94,1,1,43,0,0.000,0
0.655667,1500.00,1499.53,1,1,44,0,0.000,0
0.656333,1500.00,1500.09,1,1,45,0,0.000,0
0.657000,1500.00,1499.81,1,1,46,0,0.000,0
0.657667,1500.00,1499.25,1,1,47,0,0.000,0
0.658333,1500.00,1499.25,1,1,48,0,0.000,0
0.659000,1500.00,1500.38,1,1,49,0,0.000,0
0.659667,1500.00,1500.94,1,1,50,0,0.000,0
0.660333,1500.00,1499.25,1,1,51,0,0.000,0
0.661000,1500.00,1500.66,1,1,52,0,0.000,0
0.661667,1500.00,1500.66,1,1,53,0,0.000,0
0.662333,1500.00,1499.25,1,1,54,0,0.000,0
0.663000,1500.00,1499.81,1,1,55,0,0.000,0
0.663667,1500.00,1500.38,1,1,56,0,0.000,0
0.664333,1500.00,1500.66,1,1,57,0,0.000,0
0.666333,1500.00,1499.70,1,1,0,1,0.000,0
0.667000,1500.00,1500.60,1,1,1,1,0.000,0
0.667667,1500.00,1500.38,1,1,2,1,0.000,0
0.668333,1500.00,1500.38,1,1,3,1,0.000,0
0.669000,1500.00,1500.15,1,1,4,1,0.000,0
0.669667,1500.00,1499.93,1,1,5,1,0.000,0
0.670333,1500.00,1499.48,1,1,6,1,0.000,0
0.671000,1500.00,1499.48,1,1,7,1,0.000,0
0.671667,1500.00,1500.66,1,1,8,1,0.000,0
0.672333,1500.00,1498.97,1,1,9,1,0.000,0
0.673000,1500.00,1499.25,1,1,10,1,0.000,0
0.673667,1500.00,1499.25,1,1,11,1,0.000,0
0.674333,1500.00,1500.09,1,1,12,1,0.000,0
0.675000,1500.00,1500.94,1,1,13,1,0.000,0
0.675667,1500.00,1500.94,1,1,14,1,0.000,0
0.676333,1500.00,1500.38,1,1,15,1,0.000,0
0.677000,1500.00,1499.53,1,1,16,1,0.000,0
0.677667,1500.00,1500.38,1,1,17,1,0.000,0
0.678333,1500.00,1499.81,1,1,18,1,0.000,0
0.679000,1500.00,1499.25,1,1,19,1,0.000,0
0.679667,1500.00,1500.38,1,1,20,1,0.000,0
0.680333,1500.00,1499.25,1,1,21,1,0.000,0
0.681000,1500.00,1499.53,1,1,22,1,0.000,0
0.681667,1500.00,1499.81,1,1,23,1,0.000,0
0.682333,1500.00,1499.53,1,1,24,1,0.000,0
0.683000,1500.00,1500.09,1,1,25,1,0.000,0
0.683667,1500.00,1500.09,1,1,26,1,0.000,0
0.684333,1500.00,1500.38,1,1,27,1,0.000,0
0.685000,1500.00,1499.53,1,1,28,1,0.000,0
0.685667,1500.00,1500.66,1,1,29,1,0.000,0
0.686333,1500.00,1500.09,1,1,30,1,0.000,0
0.687000,1500.00,1500.38,1,1,31,1,0.000,0
0.687667,1500.00,1499.81,1,1,32,1,0.000,0
0.688333,1500.00,1499.53,1,1,33,1,0.000,0
0.689000,1500.00,1500.09,1,1,34,1,0.000,0
0.689667,1500.00,1500.94,1,1,35,1,0.000,0
0.690333,1500.00,1500.38,1,1,36,1,0.000,0
0.691000,1500.00,1499.81,1,1,37,1,0.000,0
0.691667,1500.00,1499.81,1,1,38,1,0.000,0
0.692333,1500.00,1500.09,1,1,39,1,0.000,0
0.693000,1500.00,1500.38,1,1,40,1,0.000,0
0.693667,1500.00,1500.09,1,1,41,1,0.000,0
0.694333,1500.00,1500.09,1,1,42,1,0.000,0
0.695000,1500.00,1500.09,1,1,43,1,0.000,0
0.695667,1500.00,1499.25,1,1,44,1,0.000,0
0.696333,1500.00,1500.38,1,1,45,1,0.000,0
0.697000,1500.00,1500.94,1,1,46,1,0.000,0
0.697667,1500.00,1499.25,1,1,47,1,0.000,0
0.698333,1500.00,1500.38,1,1,48,1,0.000,0
0.699000,1500.00,1500.38,1,1,49,1,0.000,0
0.699667,1500.00,1499.81,1,1,50,1,0.000,0
0.700333,1500.00,1499.81,1,1,51,1,0.000,0
0.701000,1500.00,1500.38,1,1,52,1,0.000,0
0.701667,1500.00,1499.53,1,1,53,1,0.000,0
0.702333,1500.00,1499.53,1,1,54,1,0.000,0
0.703000,1500.00,1500.38,1,1,55,1,0.000,0
0.703667,1500.00,1500.66,1,1,56,1,0.000,0
0.704333,1500.00,1500.09,1,1,57,1,0.000,0
0.706333,1500.00,1500.15,1,1,0,0,0.000,0
0.707000,1500.00,1499.93,1,1,1,0,0.000,0
0.707667,1500.00,1500.38,1,1,2,0,0.000,0
0.708333,1500.00,1499.93,1,1,3,0,0.000,0
0.709000,1500.00,1499.70,1,1,4,0,0.000,0
0.709667,1500.00,1500.38,1,1,5,0,0.000,0
0.710333,1500.00,1499.48,1,1,6,0,0.000,0
0.711000,1500.00,1500.15,1,1,7,0,0.000,0
0.711667,1500.00,1500.09,1,1,8,0,0.000,0
0.712333,1500.00,1499.81,1,1,9,0,0.000,0
0.713000,1500.00,1499.25,1,1,10,0,0.000,0
0.713667,1500.00,1500.66,1,1,11,0,0.000,0
0.714333,1500.00,1500.38,1,1,12,0,0.000,0
0.715000,1500.00,1499.53,1,1,13,0,0.000,0
0.715667,1500.00,1499.81,1,1,14,0,0.000,0
0.716333,1500.00,1499.81,1,1,15,0,0.000,0
0.717000,1500.00,1500.09,1,1,16,0,0.000,0
0.717667,1500.00,1500.09,1,1,17,0,0.000,0
0.718333,1500.00,1500.66,1,1,18,0,0.000,0
0.719000,1500.00,1499.81,1,1,19,0,0.000,0
0.719667,1500.00,1499.81,1,1,20,0,0.000,0
0.720333,1500.00,1500.38,1,1,21,0,0.000,0
0.721000,1500.00,1500.09,1,1,22,0,0.000,0
0.721667,1500.00,1499.53,1,1,23,0,0.000,0
0.722333,1500.00,1499.53,1,1,24,0,0.000,0
0.723000,1500.00,1500.09,1,1,25,0,0.000,0
0.723667,1500.00,1499.81,1,1,26,0,0.000,0
0.724333,1500.00,1499.53,1,1,27,0,0.000,0
0.725000,1500.00,1499.81,1,1,28,0,0.000,0
0.725667,1500.00,1499.53,1,1,29,0,0.000,0
0.726333,1500.00,1499.53,1,1,30,0,0.000,0
0.727000,1500.00,1500.38,1,1,31,0,0.000,0
0.727667,1500.00,1500.38,1,1,32,0,0.000,0
0.728333,1500.00,1499.81,1,1,33,0,0.000,0
0.729000,1500.00,1500.38,1,1,34,0,0.000,0
0.729667,1500.00,1500.09,1,1,35,0,0.000,0
0.730333,1500.00,1499.81,1,1,36,0,0.000,0
0.731000,1500.00,1500.09,1,1,37,0,0.000,0
0.731667,1500.00,1500.94,1,1,38,0,0.000,0
0.732333,1500.00,1499.81,1,1,39,0,0.000,0
0.733000,1500.00,1499.25,1,1,40,0,0.000,0
0.733667,1500.00,1500.09,1,1,41,0,0.000,0
0.734333,1500.00,1500.09,1,1,42,0,0.000,0
0.735000,1500.00,1500.09,1,1,43,0,0.000,0
0.735667,1500.00,1500.38,1,1,44,0,0.000,0
0.736333,1500.00,1499.81,1,1,45,0,0.000,0
0.737000,1500.00,1500.09,1,1,46,0,0.000,0
0.737667,1500.00,1500.38,1,1,47,0,0.000,0
0.738333,1500.00,1500.09,1,1,48,0,0.000,0
0.739000,1500.00,1499.53,1,1,49,0,0.000,0
0.739667,1500.00,1499.53,1,1,50,0,0.000,0
0.740333,1500.00,1499.81,1,1,51,0,0.000,0
0.741000,1500.00,1500.38,1,1,52,0,0.000,0
0.741667,1500.00,1500.09,1,1,53,0,0.000,0
0.742333,1500.00,1499.81,1,1,54,0,0.000,0
0.743000,1500.00,1499.53,1,1,55,0,0.000,0
0.743667,1500.00,1500.94,1,1,56,0,0.000,0
0.744333,1500.00,1499.81,1,1,57,0,0.000,0
0.746333,1500.00,1500.38,1,1,0,1,0.000,0
0.747000,1500.00,1500.15,1,1,1,1,0.000,0
0.747667,1500.00,1498.80,1,1,2,1,0.000,0
0.748333,1500.00,1499.93,1,1,3,1,0.000,0
0.749000,1500.00,1499.48,1,1,4,1,0.000,0
0.749667,1500.00,1499.70,1,1,5,1,0.000,0
0.750333,1500.00,1499.70,1,1,6,1,0.000,0
0.751000,1500.00,1500.15,1,1,7,1,0.000,0
0.751667,1500.00,1499.81,1,1,8,1,0.000,0
0.752333,1500.00,1500.09,1,1,9,1,0.000,0
0.753000,1500.00,1500.94,1,1,10,1,0.000,0
0.753667,1500.00,1499.81,1,1,11,1,0.000,0
0.754333,1500.00,1500.09,1,1,12,1,0.000,0
0.755000,1500.00,1500.09,1,1,13,1,0.000,0
0.755667,1500.00,1500.38,1,1,14,1,0.000,0
0.756333,1500.00,1500.09,1,1,15,1,0.000,0
0.757000,1500.00,1499.81,1,1,16,1,0.000,0
0.757667,1500.00,1499.25,1,1,17,1,0.000,0
0.758333,1500.00,1500.09,1,1,18,1,0.000,0
0.759000,1500.00,1500.38,1,1,19,1,0.000,0
0.759667,1500.00,1500.38,1,1,20,1,0.000,0
0.760333,1500.00,1500.66,1,1,21,1,0.000,0
0.761000,1500.00,1499.53,1,1,22,1,0.000,0
0.761667,1500.00,1500.38,1,1,23,1,0.000,0
0.762333,1500.00,1499.53,1,1,24,1,0.000,0
0.763000,1500.00,1500.38,1,1,25,1,0.000,0
0.763667,1500.00,1500.09,1,1,26,1,0.000,0
0.764333,1500.00,1499.81,1,1,27,1,0.000,0
0.765000,1500.00,1500.09,1,1,28,1,0.000,0
0.765667,1500.00,1499.81,1,1,29,1,0.000,0
0.766333,1500.00,1500.38,1,1,30,1,0.000,0
0.767000,1500.00,1500.38,1,1,31,1,0.000,0
0.767667,1500.00,1500.09,1,1,32,1,0.000,0
0.768333,1500.00,1500.09,1,1,33,1,0.000,0
0.769000,1500.00,1499.81,1,1,34,1,0.000,0
0.769667,1500.00,1500.09,1,1,35,1,0.000,0
0.770333,1500.00,1499.25,1,1,36,1,0.000,0
0.771000,1500.00,1499.53,1,1,37,1,0.000,0
0.771667,1500.00,1499.25,1,1,38,1,0.000,0
0.772333,1500.00,1499.81,1,1,39,1,0.000,0
0.773000,1500.00,1500.66,1,1,40,1,0.000,0
0.773667,1500.00,1499.25,1,1,41,1,0.000,0
0.774333,1500.00,1500.38,1,1,42,1,0.000,0
0.775000,1500.00,1500.66,1,1,43,1,0.000,0
0.775667,1500.00,1500.66,1,1,44,1,0.000,0
0.776333,1500.00,1500.66,1,1,45,1,0.000,0
0.777000,1500.00,1500.94,1,1,46,1,0.000,0
0.777667,1500.00,1500.09,1,1,47,1,0.000,0
0.778333,1500.00,1499.53,1,1,48,1,0.000,0
0.779000,1500.00,1500.66,1,1,49,1,0.000,0
0.779667,1500.00,1499.53,1,1,50,1,0.000,0
0.780333,1500.00,1500.09,1,1,51,1,0.000,0
0.781000,1500.00,1500.09,1,1,52,1,0.000,0
0.781667,1500.00,1499.81,1,1,53,1,0.000,0
0.782333,1500.00,1500.09,1,1,54,1,0.000,0
0.783000,1500.00,1499.25,1,1,55,1,0.000,0
0.783667,1500.00,1500.09,1,1,56,1,0.000,0
0.784333,1500.00,1499.53,1,1,57,1,0.000,0
0.786333,1500.00,1499.93,1,1,0,0,0.000,0
0.787000,1500.00,1499.25,1,1,1,0,0.000,0
0.787667,1500.00,1499.70,1,1,2,0,0.000,0
0.788333,1500.00,1499.70,1,1,3,0,0.000,0
0.789000,1500.00,1499.70,1,1,4,0,0.000,0
0.789667,1500.00,1500.83,1,1,5,0,0.000,0
0.790333,1500.00,1499.93,1,1,6,0,0.000,0
0.791000,1500.00,1500.38,1,1,7,0,0.000,0
0.791667,1500.00,1500.09,1,1,8,0,0.000,0
0.792333,1500.00,1499.81,1,1,9,0,0.000,0
0.793000,1500.00,1500.38,1,1,10,0,0.000,0
0.793667,1500.00,1500.38,1,1,11,0,0.000,0
0.794333,1500.00,1499.25,1,1,12,0,0.000,0
0.795000,1500.00,1498.97,1,1,13,0,0.000,0
0.795667,1500.00,1500.09,1,1,14,0,0.000,0
0.796333,1500.00,1500.66,1,1,15,0,0.000,0
0.797000,1500.00,1499.81,1,1,16,0,0.000,0
0.797667,1500.00,1500.66,1,1,17,0,0.000,0
0.798333,1500.00,1500.09,1,1,18,0,0.000,0
0.799000,1500.00,1499.81,1,1,19,0,0.000,0
0.799667,1500.00,1500.94,1,1,20,0,0.000,0
0.800333,1500.00,1500.38,1,1,21,0,0.000,0
0.801000,1500.00,1499.81,1,1,22,0,0.000,0
0.801667,1500.00,1500.09,1,1,23,0,0.000,0
0.802333,1500.00,1500.94,1,1,24,0,0.000,0
0.803000,1500.00,1499.53,1,1,25,0,0.000,0
0.803667,1500.00,1499.53,1,1,26,0,0.000,0
0.804333,1500.00,1500.66,1,1,27,0,0.000,0
0.805000,1500.00,1500.38,1,1,28,0,0.000,0
0.805667,1500.00,1499.81,1,1,29,0,0.000,0
0.806333,1500.00,1500.38,1,1,30,0,0.000,0
0.807000,1500.00,1499.53,1,1,31,0,0.000,0
0.807667,1500.00,1500.09,1,1,32,0,0.000,0
0.808333,1500.00,1499.81,1,1,33,0,0.000,0
0.809000,1500.00,1500.38,1,1,34,0,0.000,0
0.809667,1500.00,1499.25,1,1,35,0,0.000,0
0.810333,1500.00,1499.25,1,1,36,0,0.000,0
0.811000,1500.00,1499.81,1,1,37,0,0.000,0
0.811667,1500.00,1500.38,1,1,38,0,0.000,0
0.812333,1500.00,1500.66,1,1,39,0,0.000,0
0.813000,1500.00,1499.25,1,1,40,0,0.000,0
0.813667,1500.00,1500.09,1,1,41,0,0.000,0
0.814333,1500.00,1499.25,1,1,42,0,0.000,0
0.815000,1500.00,1500.09,1,1,43,0,0.000,0
0.815667,1500.00,1500.09,1,1,44,0,0.000,0
0.816333,1500.00,1500.09,1,1,45,0,0.000,0
0.817000,1500.00,1499.53,1,1,46,0,0.000,0
0.817667,1500.00,1499.53,1,1,47,0,0.000,0
0.818333,1500.00,1499.81,1,1,48,0,0.000,0
0.819000,1500.00,1499.53,1,1,49,0,0.000,0
0.819667,1500.00,1499.81,1,1,50,0,0.000,0
0.820333,1500.00,1500.09,1,1,51,0,0.000,0
0.821000,1500.00,1500.09,1,1,52,0,0.000,0
0.821667,1500.00,1500.94,1,1,53,0,0.000,0
0.822333,1500.00,1499.53,1,1,54,0,0.000,0
0.823000,1500.00,1499.25,1,1,55,0,0.000,0
0.823667,1500.00,1499.81,1,1,56,0,0.000,0
0.824333,1500.00,1501.22,1,1,57,0,0.000,0
0.826333,1500.00,1500.60,1,1,0,1,0.000,0
0.827000,1500.00,1500.60,1,1,1,1,0.000,0
0.827667,1500.00,1499.93,1,1,2,1,0.000,0
0.828333,1500.00,1499.25,1,1,3,1,0.000,0
0.829000,1500.00,1499.93,1,1,4,1,0.000,0
0.829667,1500.00,1500.15,1,1,5,1,0.000,0
0.830333,1500.00,1500.38,1,1,6,1,0.000,0
0.831000,1500.00,1499.93,1,1,7,1,0.000,0
0.831667,1500.00,1500.09,1,1,8,1,0.000,0
0.832333,1500.00,1499.53,1,1,9,1,0.000,0
0.833000,1500.00,1499.81,1,1,10,1,0.000,0
0.833667,1500.00,1500.66,1,1,11,1,0.000,0
0.834333,1500.00,1500.38,1,1,12,1,0.000,0
0.835000,1500.00,1500.38,1,1,13,1,0.000,0
0.835667,1500.00,1500.66,1,1,14,1,0.000,0
0.836333,1500.00,1498.69,1,1,15,1,0.000,0
0.837000,1500.00,1500.09,1,1,16,1,0.000,0
0.837667,1500.00,1499.81,1,1,17,1,0.000,0
0.838333,1500.00,1499.81,1,1,18,1,0.000,0
0.839000,1500.00,1499.53,1,1,19,1,0.000,0
0.839667,1500.00,1500.66,1,1,20,1,0.000,0
0.840333,1500.00,1500.66,1,1,21,1,0.000,0
0.841000,1500.00,1499.25,1,1,22,1,0.000,0
0.841667,1500.00,1501.78,1,1,23,1,0.000,0
0.842333,1500.00,1499.53,1,1,24,1,0.000,0
0.843000,1500.00,1500.09,1,1,25,1,0.000,0
0.843667,1500.00,1500.38,1,1,26,1,0.000,0
0.844333,1500.00,1499.81,1,1,27,1,0.000,0
0.845000,1500.00,1498.97,1,1,28,1,0.000,0
0.845667,1500.00,1499.53,1,1,29,1,0.000,0
0.846333,1500.00,1499.81,1,1,30,1,0.000,0
0.847000,1500.00,1498.97,1,1,31,1,0.000,0
0.847667,1500.00,1499.81,1,1,32,1,0.000,0
0.848333,1500.00,1500.09,1,1,33,1,0.000,0
0.849000,1500.00,1500.66,1,1,34,1,0.000,0
0.849667,1500.00,1500.38,1,1,35,1,0.000,0
0.850333,1500.00,1500.38,1,1,36,1,0.000,0
0.851000,1500.00,1499.81,1,1,37,1,0.000,0
0.851667,1500.00,1500.38,1,1,38,1,0.000,0
0.852333,1500.00,1500.38,1,1,39,1,0.000,0
0.853000,1500.00,1500.94,1,1,40,1,0.000,0
0.853667,1500.00,1499.53,1,1,41,1,0.000,0
0.854333,1500.00,1499.53,1,1,42,1,0.000,0
0.855000,1500.00,1499.81,1,1,43,1,0.000,0
0.855667,1500.00,1500.66,1,1,44,1,0.000,0
0.856333,1500.00,1500.09,1,1,45,1,0.000,0
0.857000,1500.00,1500.38,1,1,46,1,0.000,0
0.857667,1500.00,1499.81,1,1,47,1,0.000,0
0.858333,1500.00,1498.97,1,1,48,1,0.000,0
0.859000,1500.00,1500.66,1,1,49,1,0.000,0
0.859667,1500.00,1498.97,1,1,50,1,0.000,0
0.860333,1500.00,1500.09,1,1,51,1,0.000,0
0.861000,1500.00,1499.53,1,1,52,1,0.000,0
0.861667,1500.00,1500.66,1,1,53,1,0.000,0
0.862333,1500.00,1498.97,1,1,54,1,0.000,0
0.863000,1500.00,1500.38,1,1,55,1,0.000,0
0.863667,1500.00,1500.09,1,1,56,1,0.000,0
0.864333,1500.00,1500.09,1,1,57,1,0.000,0
0.866333,1500.00,1500.83,1,1,0,0,0.000,0
0.867000,1500.00,1499.70,1,1,1,0,0.000,0
0.867667,1500.00,1499.70,1,1,2,0,0.000,0
0.868333,1500.00,1499.48,1,1,3,0,0.000,0
0.869000,1500.00,1500.15,1,1,4,0,0.000,0
0.869667,1500.00,1499.70,1,1,5,0,0.000,0
0.870333,1500.00,1500.38,1,1,6,0,0.000,0
0.871000,1500.00,1499.70,1,1,7,0,0.000,0
0.871667,1500.00,1500.09,1,1,8,0,0.000,0
0.872333,1500.00,1499.81,1,1,9,0,0.000,0
0.873000,1500.00,1500.94,1,1,10,0,0.000,0
0.873667,1500.00,1500.38,1,1,11,0,0.000,0
0.874333,1500.00,1501.22,1,1,12,0,0.000,0
0.875000,1500.00,1500.38,1,1,13,0,0.000,0
0.875667,1500.00,1499.81,1,1,14,0,0.000,0
0.876333,1500.00,1500.38,1,1,15,0,0.000,0
0.877000,1500.00,1499.81,1,1,16,0,0.000,0
0.877667,1500.00,1500.66,1,1,17,0,0.000,0
0.878333,1500.00,1499.81,1,1,18,0,0.000,0
0.879000,1500.00,1500.09,1,1,19,0,0.000,0
0.879667,1500.00,1499.25,1,1,20,0,0.000,0
0.880333,1500.00,1500.38,1,1,21,0,0.000,0
0.881000,1500.00,1500.66,1,1,22,0,0.000,0
0.881667,1500.00,1499.53,1,1,23,0,0.000,0
0.882333,1500.00,1499.81,1,1,24,0,0.000,0
0.883000,1500.00,1499.81,1,1,25,0,0.000,0
0.883667,1500.00,1500.09,1,1,26,0,0.000,0
0.884333,1500.00,1499.25,1,1,27,0,0.000,0
0.885000,1500.00,1499.53,1,1,28,0,0.000,0
0.885667,1500.00,1499.25,1,1,29,0,0.000,0
0.886333,1500.00,1499.25,1,1,30,0,0.000,0
0.887000,1500.00,1500.09,1,1,31,0,0.000,0
0.887667,1500.00,1500.38,1,1,32,0,0.000,0
0.888333,1500.00,1500.09,1,1,33,0,0.000,0
0.889000,1500.00,1500.38,1,1,34,0,0.000,0
0.889667,1500.00,1499.81,1,1,35,0,0.000,0
0.890333,1500.00,1500.38,1,1,36,0,0.000,0
0.891000,1500.00,1499.81,1,1,37,0,0.000,0
0.891667,1500.00,1499.81,1,1,38,0,0.000,0
0.892333,1500.00,1499.53,1,1,39,0,0.000,0
0.893000,1500.00,1500.09,1,1,40,0,0.000,0
0.893667,1500.00,1499.53,1,1,41,0,0.000,0
0.894333,1500.00,1499.81,1,1,42,0,0.000,0
0.895000,1500.00,1500.94,1,1,43,0,0.000,0
0.895667,1500.00,1499.53,1,1,44,0,0.000,0
0.896333,1500.00,1499.81,1,1,45,0,0.000,0
0.897000,1500.00,1500.38,1,1,46,0,0.000,0
0.897667,1500.00,1499.81,1,1,47,0,0.000,0
0.898333,1500.00,1500.09,1,1,48,0,0.000,0
0.899000,1500.00,1500.09,1,1,49,0,0.000,0
0.899667,1500.00,1498.97,1,1,50,0,0.000,0
0.900333,1500.00,1499.25,1,1,51,0,0.000,0
0.901000,1500.00,1500.09,1,1,52,0,0.000,0
0.901667,1500.00,1500.38,1,1,53,0,0.000,0
0.902333,1500.00,1500.38,1,1,54,0,0.000,0
0.903000,1500.00,1500.38,1,1,55,0,0.000,0
0.903667,1500.00,1499.81,1,1,56,0,0.000,0
0.904333,1500.00,1500.66,1,1,57,0,0.000,0
0.906333,1500.00,1499.93,1,1,0,1,0.000,0
0.907000,1500.00,1500.83,1,1,1,1,0.000,0
0.907667,1500.00,1499.93,1,1,2,1,0.000,0
0.908333,1500.00,1499.93,1,1,3,1,0.000,0
0.909000,1500.00,1499.25,1,1,4,1,0.000,0
0.909667,1500.00,1500.15,1,1,5,1,0.000,0
0.910333,1500.00,1499.93,1,1,6,1,0.000,0
0.911000,1500.00,1499.48,1,1,7,1,0.000,0
0.911667,1500.00,1500.09,1,1,8,1,0.000,0
0.912333,1500.00,1498.97,1,1,9,1,0.000,0
0.913000,1500.00,1501.50,1,1,10,1,0.000,0
0.913667,1500.00,1499.81,1,1,11,1,0.000,0
0.914333,1500.00,1500.38,1,1,12,1,0.000,0
0.915000,1500.00,1500.09,1,1,13,1,0.000,0
0.915667,1500.00,1499.81,1,1,14,1,0.000,0
0.916333,1500.00,1500.66,1,1,15,1,0.000,0
0.917000,1500.00,1499.81,1,1,16,1,0.000,0
0.917667,1500.00,1500.09,1,1,17,1,0.000,0
0.918333,1500.00,1498.69,1,1,18,1,0.000,0
0.919000,1500.00,1500.66,1,1,19,1,0.000,0
0.919667,1500.00,1500.09,1,1,20,1,0.000,0
0.920333,1500.00,1500.09,1,1,21,1,0.000,0
0.921000,1500.00,1500.09,1,1,22,1,0.000,0
0.921667,1500.00,1499.53,1,1,23,1,0.000,0
0.922333,1500.00,1500.94,1,1,24,1,0.000,0
0.923000,1500.00,1499.81,1,1,25,1,0.000,0
0.923667,1500.00,1499.81,1,1,26,1,0.000,0
0.924333,1500.00,1499.53,1,1,27,1,0.000,0
0.925000,1500.00,1499.81,1,1,28,1,0.000,0
0.925667,1500.00,1499.81,1,1,29,1,0.000,0
0.926333,1500.00,1500.09,1,1,30,1,0.000,0
0.927000,1500.00,1499.81,1,1,31,1,0.000,0
0.927667,1500.00,1499.25,1,1,32,1,0.000,0
0.928333,1500.00,1500.38,1,1,33,1,0.000,0
0.929000,1500.00,1501.22,1,1,34,1,0.000,0
0.929667,1500.00,1500.38,1,1,35,1,0.000,0
0.930333,1500.00,1499.81,1,1,36,1,0.000,0
0.931000,1500.00,1500.38,1,1,37,1,0.000,0
0.931667,1500.00,1499.81,1,1,38,1,0.000,0
0.932333,1500.00,1500.66,1,1,39,1,0.000,0
0.933000,1500.00,1500.38,1,1,40,1,0.000,0
0.933667,1500.00,1499.81,1,1,41,1,0.000,0
0.934333,1500.00,1500.09,1,1,42,1,0.000,0
0.935000,1500.00,1498.97,1,1,43,1,0.000,0
0.935667,1500.00,1500.94,1,1,44,1,0.000,0
0.936333,1500.00,1499.81,1,1,45,1,0.000,0
0.937000,1500.00,1500.09,1,1,46,1,0.000,0
0.937667,1500.00,1499.25,1,1,47,1,0.000,0
0.938333,1500.00,1500.09,1,1,48,1,0.000,0
0.939000,1500.00,1500.38,1,1,49,1,0.000,0
0.939667,1500.00,1499.53,1,1,50,1,0.000,0
0.940333,1500.00,1500.66,1,1,51,1,0.000,0
0.941000,1500.00,1499.25,1,1,52,1,0.000,0
0.941667,1500.00,1500.09,1,1,53,1,0.000,0
0.942333,1500.00,1499.81,1,1,54,1,0.000,0
0.943000,1500.00,1500.94,1,1,55,1,0.000,0
0.943667,1500.00,1499.25,1,1,56,1,0.000,0
0.944333,1500.00,1499.53,1,1,57,1,0.000,0
0.946333,1500.00,1499.48,1,1,0,0,0.000,0
0.947000,1500.00,1499.70,1,1,1,0,0.000,0
0.947667,1500.00,1500.83,1,1,2,0,0.000,0
0.948333,1500.00,1499.48,1,1,3,0,0.000,0
0.949000,1500.00,1499.93,1,1,4,0,0.000,0
0.949667,1500.00,1499.93,1,1,5,0,0.000,0
0.950333,1500.00,1500.83,1,1,6,0,0.000,0
0.951000,1500.00,1500.83,1,1,7,0,0.000,0
0.951667,1500.00,1499.81,1,1,8,0,0.000,0
0.952333,1500.00,1500.66,1,1,9,0,0.000,0
0.953000,1500.00,1499.25,1,1,10,0,0.000,0
0.953667,1500.00,1500.66,1,1,11,0,0.000,0
0.954333,1500.00,1500.09,1,1,12,0,0.000,0
0.955000,1500.00,1499.25,1,1,13,0,0.000,0
0.955667,1500.00,1500.09,1,1,14,0,0.000,0
0.956333,1500.00,1499.25,1,1,15,0,0.000,0
0.957000,1500.00,1500.38,1,1,16,0,0.000,0
0.957667,1500.00,1500.38,1,1,17,0,0.000,0
0.958333,1500.00,1500.09,1,1,18,0,0.000,0
0.959000,1500.00,1500.09,1,1,19,0,0.000,0
0.959667,1500.00,1500.09,1,1,20,0,0.000,0
0.960333,1500.00,1500.38,1,1,21,0,0.000,0
0.961000,1500.00,1499.53,1,1,22,0,0.000,0
0.961667,1500.00,1499.81,1,1,23,0,0.000,0
0.962333,1500.00,1499.81,1,1,24,0,0.000,0
0.963000,1500.00,1500.38,1,1,25,0,0.000,0
0.963667,1500.00,1500.09,1,1,26,0,0.000,0
0.964333,1500.00,1499.53,1,1,27,0,0.000,0
0.965000,1500.00,1500.09,1,1,28,0,0.000,0
0.965667,1500.00,1500.66,1,1,29,0,0.000,0
0.966333,1500.00,1499.81,1,1,30,0,0.000,0
0.967000,1500.00,1500.09,1,1,31,0,0.000,0
0.967667,1500.00,1500.38,1,1,32,0,0.000,0
0.968333,1500.00,1499.53,1,1,33,0,0.000,0
0.969000,1500.00,1499.53,1,1,34,0,0.000,0
0.969667,1500.00,1499.53,1,1,35,0,0.000,0
0.970333,1500.00,1500.09,1,1,36,0,0.000,0
0.971000,1500.00,1499.53,1,1,37,0,0.000,0
0.971667,1500.00,1500.38,1,1,38,0,0.000,0
0.972333,1500.00,1500.09,1,1,39,0,0.000,0
0.973000,1500.00,1500.09,1,1,40,0,0.000,0
0.973667,1500.00,1499.25,1,1,41,0,0.000,0
0.974333,1500.00,1500.09,1,1,42,0,0.000,0
0.975000,1500.00,1500.38,1,1,43,0,0.000,0
0.975667,1500.00,1499.25,1,1,44,0,0.000,0
0.976333,1500.00,1499.53,1,1,45,0,0.000,0
0.977000,1500.00,1499.81,1,1,46,0,0.000,0
0.977667,1500.00,1500.38,1,1,47,0,0.000,0
0.978333,1500.00,1499.25,1,1,48,0,0.000,0
0.979000,1500.00,1500.94,1,1,49,0,0.000,0
0.979667,1500.00,1499.81,1,1,50,0,0.000,0
0.980333,1500.00,1499.81,1,1,51,0,0.000,0
0.981000,1500.00,1500.66,1,1,52,0,0.000,0
0.981667,1500.00,1500.09,1,1,53,0,0.000,0
0.982333,1500.00,1500.09,1,1,54,0,0.000,0
0.983000,1500.00,1499.81,1,1,55,0,0.000,0
0.983667,1500.00,1500.66,1,1,56,0,0.000,0
0.984333,1500.00,1499.25,1,1,57,0,0.000,0
0.986333,1500.00,1500.38,1,1,0,1,0.000,0
0.987000,1500.00,1500.38,1,1,1,1,0.000,0
0.987667,1500.00,1499.93,1,1,2,1,0.000,0
0.988333,1500.00,1500.15,1,1,3,1,0.000,0
0.989000,1500.00,1499.70,1,1,4,1,0.000,0
0.989667,1500.00,1499.48,1,1,5,1,0.000,0
0.990333,1500.00,1499.70,1,1,6,1,0.000,0
0.991000,1500.00,1499.93,1,1,7,1,0.000,0
0.991667,1500.00,1500.38,1,1,8,1,0.000,0
0.992333,1500.00,1499.53,1,1,9,1,0.000,0
0.993000,1500.00,1500.09,1,1,10,1,0.000,0
0.993667,1500.00,1500.09,1,1,11,1,0.000,0
0.994333,1500.00,1500.09,1,1,12,1,0.000,0
0.995000,1500.00,1500.94,1,1,13,1,0.000,0
0.995667,1500.00,1500.09,1,1,14,1,0.000,0
0.996333,1500.00,1499.81,1,1,15,1,0.000,0
0.997000,1500.00,1499.25,1,1,16,1,0.000,0
0.997667,1500.00,1500.66,1,1,17,1,0.000,0
0.998333,1500.00,1500.09,1,1,18,1,0.000,0
0.999000,1500.00,1499.53,1,1,19,1,0.000,0
0.999667,1500.00,1500.38,1,1,20,1,0.000,0
1.000333,1500.63,1499.53,1,1,21,1,0.000,0
1.000999,1501.90,1499.81,1,1,22,1,0.000,0
1.001665,1503.16,1501.78,1,1,23,1,0.000,0
1.002330,1504.43,1502.07,1,1,24,1,0.000,0
1.002994,1505.69,1501.50,1,1,25,1,0.000,0
1.003658,1506.95,1502.35,1,1,26,1,0.000,0
1.004322,1508.21,1503.76,1,1,27,1,0.000,0
1.004984,1509.47,1504.04,1,1,28,1,0.000,0
1.005646,1510.73,1505.74,1,1,29,1,0.000,0
1.006308,1511.99,1507.44,1,1,30,1,0.000,0
1.006969,1513.24,1506.88,1,1,31,1,0.000,0
1.007630,1514.50,1508.86,1,1,32,1,0.000,0
1.008290,1515.75,1510.57,1,1,33,1,0.000,0
1.008949,1517.00,1511.72,1,1,34,1,0.000,0
1.009608,1518.26,1512.86,1,1,35,1,0.000,0
1.010267,1519.51,1514.29,1,1,36,1,0.000,0
1.010924,1520.76,1515.44,1,1,37,1,0.000,0
1.011582,1522.00,1517.74,1,1,38,1,0.000,0
1.012238,1523.25,1518.60,1,1,39,1,0.000,0
1.012895,1524.50,1519.18,1,1,40,1,0.000,0
1.013550,1525.74,1520.91,1,1,41,1,0.000,0
1.014206,1526.99,1522.65,1,1,42,1,0.000,0
1.014860,1528.23,1522.94,1,1,43,1,0.000,0
1.015514,1529.48,1526.14,1,1,44,1,0.000,0
1.016168,1530.72,1525.84,1,1,45,1,0.000,0
1.016821,1531.96,1526.72,1,1,46,1,0.000,0
1.017473,1533.20,1528.76,1,1,47,1,0.000,0
1.018125,1534.44,1529.64,1,1,48,1,0.000,0
1.018777,1535.67,1530.81,1,1,49,1,0.000,0
1.019428,1536.91,1531.98,1,1,50,1,0.000,0
1.020078,1538.15,1533.45,1,1,51,1,0.000,0
1.020728,1539.38,1533.15,1,1,52,1,0.000,0
1.021377,1540.62,1535.80,1,1,53,1,0.000,0
1.022026,1541.85,1536.69,1,1,54,1,0.000,0
1.022674,1543.08,1537.28,1,1,55,1,0.000,0
1.023322,1544.31,1539.65,1,1,56,1,0.000,0
1.023969,1545.54,1540.24,1,1,57,1,0.000,0
1.025908,1549.23,1542.73,1,1,0,0,0.000,0
1.026553,1550.45,1544.88,1,1,1,0,0.000,0
1.027198,1551.68,1545.83,1,1,2,0,0.000,0
1.027842,1552.90,1546.79,1,1,3,0,0.000,0
1.028486,1554.12,1547.75,1,1,4,0,0.000,0
1.029129,1555.35,1549.43,1,1,5,0,0.000,0
1.029772,1556.56,1549.67,1,1,6,0,0.000,0
1.030414,1557.79,1551.11,1,1,7,0,0.000,0
1.031056,1559.00,1553.70,1,1,8,0,0.000,0
1.031697,1560.22,1554.91,1,1,9,0,0.000,0
1.032338,1561.44,1555.51,1,1,10,0,0.000,0
1.032978,1562.66,1557.63,1,1,11,0,0.000,0
1.033618,1563.87,1558.85,1,1,12,0,0.000,0
1.034257,1565.09,1560.37,1,1,13,0,0.000,0
1.034895,1566.30,1561.89,1,1,14,0,0.000,0
1.035534,1567.51,1563.42,1,1,15,0,0.000,0
1.036171,1568.72,1564.03,1,1,16,0,0.000,0
1.036809,1569.94,1564.64,1,1,17,0,0.000,0
1.037445,1571.15,1567.09,1,1,18,0,0.000,0
1.038082,1572.35,1567.71,1,1,19,0,0.000,0
1.038717,1573.56,1568.94,1,1,20,0,0.000,0
1.039353,1574.77,1569.55,1,1,21,0,0.000,0
1.039987,1575.98,1571.09,1,1,22,0,0.000,0
1.040622,1577.18,1572.64,1,1,23,0,0.000,0
1.041255,1578.38,1573.87,1,1,24,0,0.000,0
1.041889,1579.59,1575.11,1,1,25,0,0.000,0
1.042522,1580.79,1575.73,1,1,26,0,0.000,0
1.043154,1581.99,1577.91,1,1,27,0,0.000,0
1.043786,1583.19,1578.53,1,1,28,0,0.000,0
1.044417,1584.39,1579.47,1,1,29,0,0.000,0
1.045048,1585.59,1580.72,1,1,30,0,0.000,0
1.045679,1586.79,1581.97,1,1,31,0,0.000,0
1.046309,1587.99,1582.90,1,1,32,0,0.000,0
1.046938,1589.18,1585.10,1,1,33,0,0.000,0
1.047567,1590.38,1586.04,1,1,34,0,0.000,0
1.048196,1591.57,1585.73,1,1,35,0,0.000,0
1.048824,1592.76,1587.93,1,1,36,0,0.000,0
1.049451,1593.96,1590.46,1,1,37,0,0.000,0
1.050078,1595.15,1590.14,1,1,38,0,0.000,0
1.050705,1596.34,1591.41,1,1,39,0,0.000,0
1.051331,1597.53,1593.31,1,1,40,0,0.000,0
1.051957,1598.72,1593.63,1,1,41,0,0.000,0
1.052582,1599.91,1594.58,1,1,42,0,0.000,0
1.053207,1601.09,1596.81,1,1,43,0,0.000,0
1.053831,1602.28,1597.13,1,1,44,0,0.000,0
1.054455,1603.46,1598.08,1,1,45,0,0.000,0
1.055079,1604.65,1600.64,1,1,46,0,0.000,0
1.055702,1605.83,1600.96,1,1,47,0,0.000,0
1.056324,1607.02,1601.60,1,1,48,0,0.000,0
1.056946,1608.20,1603.53,1,1,49,0,0.000,0
1.057568,1609.38,1605.14,1,1,50,0,0.000,0
1.058189,1610.56,1605.14,1,1,51,0,0.000,0
1.058810,1611.74,1607.39,1,1,52,0,0.000,0
1.059430,1612.92,1607.39,1,1,53,0,0.000,0
1.060050,1614.09,1609.66,1,1,54,0,0.000,0
1.060669,1615.27,1610.31,1,1,55,0,0.000,0
1.061288,1616.45,1611.93,1,1,56,0,0.000,0
1.061906,1617.62,1613.23,1,1,57,0,0.000,0
1.063759,1621.14,1615.25,1,1,0,1,0.000,0
1.064375,1622.31,1616.81,1,1,1,1,0.000,0
1.064992,1623.48,1617.34,1,1,2,1,0.000,0
1.065607,1624.65,1619.96,1,1,3,1,0.000,0
1.066223,1625.82,1619.17,1,1,4,1,0.000,0
1.066837,1626.99,1621.53,1,1,5,1,0.000,0
1.067452,1628.16,1622.59,1,1,6,1,0.000,0
1.068066,1629.32,1622.59,1,1,7,1,0.000,0
1.068679,1630.49,1625.69,1,1,8,1,0.000,0
1.069292,1631.65,1627.34,1,1,9,1,0.000,0
1.069905,1632.82,1628.33,1,1,10,1,0.000,0
1.070517,1633.98,1628.66,1,1,11,1,0.000,0
1.071129,1635.15,1630.32,1,1,12,1,0.000,0
1.071740,1636.31,1631.32,1,1,13,1,0.000,0
1.072351,1637.47,1632.65,1,1,14,1,0.000,0
1.072962,1638.63,1634.32,1,1,15,1,0.000,0
1.073572,1639.78,1634.65,1,1,16,1,0.000,0
1.074182,1640.94,1635.99,1,1,17,1,0.000,0
1.074791,1642.10,1637.33,1,1,18,1,0.000,0
1.075399,1643.26,1638.00,1,1,19,1,0.000,0
1.076008,1644.41,1640.02,1,1,20,1,0.000,0
1.076616,1645.57,1641.36,1,1,21,1,0.000,0
1.077223,1646.72,1642.04,1,1,22,1,0.000,0
1.077830,1647.88,1644.06,1,1,23,1,0.000,0
1.078437,1649.03,1644.40,1,1,24,1,0.000,0
1.079043,1650.18,1645.41,1,1,25,1,0.000,0
1.079649,1651.33,1646.77,1,1,26,1,0.000,0
1.080254,1652.48,1648.13,1,1,27,1,0.000,0
1.080859,1653.63,1649.14,1,1,28,1,0.000,0
1.081464,1654.78,1649.48,1,1,29,1,0.000,0
1.082068,1655.93,1651.19,1,1,30,1,0.000,0
1.082671,1657.07,1651.87,1,1,31,1,0.000,0
1.083275,1658.22,1653.92,1,1,32,1,0.000,0
1.083878,1659.37,1654.94,1,1,33,1,0.000,0
1.084480,1660.51,1655.97,1,1,34,1,0.000,0
1.085082,1661.66,1657.34,1,1,35,1,0.000,0
1.085684,1662.80,1658.37,1,1,36,1,0.000,0
1.086285,1663.94,1660.10,1,1,37,1,0.000,0
1.086886,1665.08,1660.78,1,1,38,1,0.000,0
1.087486,1666.22,1661.82,1,1,39,1,0.000,0
1.088086,1667.36,1663.20,1,1,40,1,0.000,0
1.088685,1668.50,1663.20,1,1,41,1,0.000,0
1.089285,1669.64,1665.63,1,1,42,1,0.000,0
1.089883,1670.78,1666.67,1,1,43,1,0.000,0
1.090482,1671.91,1667.71,1,1,44,1,0.000,0
1.091080,1673.05,1667.36,1,1,45,1,0.000,0
1.091677,1674.19,1669.10,1,1,46,1,0.000,0
1.092274,1675.32,1670.84,1,1,47,1,0.000,0
1.092871,1676.45,1672.59,1,1,48,1,0.000,0
1.093467,1677.59,1674.34,1,1,49,1,0.000,0
1.094063,1678.72,1674.69,1,1,50,1,0.000,0
1.094659,1679.85,1674.69,1,1,51,1,0.000,0
1.095254,1680.98,1676.09,1,1,52,1,0.000,0
1.095848,1682.11,1678.56,1,1,53,1,0.000,0
1.096443,1683.24,1679.97,1,1,54,1,0.000,0
1.097037,1684.37,1679.61,1,1,55,1,0.000,0
1.097630,1685.50,1680.32,1,1,56,1,0.000,0
1.098223,1686.62,1681.38,1,1,57,1,0.000,0
1.100000,1690.00,1683.50,1,1,0,0,0.000,0
1.100592,1691.12,1685.77,1,1,1,0,0.000,0
1.101183,1692.25,1686.63,1,1,2,0,0.000,0
1.101773,1693.37,1687.76,1,1,3,0,0.000,0
1.102364,1694.49,1688.05,1,1,4,0,0.000,0
1.102954,1695.61,1689.47,1,1,5,0,0.000,0
1.103543,1696.73,1690.62,1,1,6,0,0.000,0
1.104132,1697.85,1691.76,1,1,7,0,0.000,0
1.104721,1698.97,1694.92,1,1,8,0,0.000,0
1.105310,1700.09,1694.56,1,1,9,0,0.000,0
1.105898,1701.20,1696.35,1,1,10,0,0.000,0
1.106485,1702.32,1698.15,1,1,11,0,0.000,0
1.107073,1703.44,1698.87,1,1,12,0,0.000,0
1.107659,1704.55,1699.96,1,1,13,0,0.000,0
1.108246,1705.67,1701.77,1,1,14,0,0.000,0
1.108832,1706.78,1702.85,1,1,15,0,0.000,0
1.109418,1707.89,1702.85,1,1,16,0,0.000,0
1.110003,1709.00,1705.03,1,1,17,0,0.000,0
1.110588,1710.12,1706.48,1,1,18,0,0.000,0
1.111172,1711.23,1705.76,1,1,19,0,0.000,0
1.111757,1712.34,1707.58,1,1,20,0,0.000,0
1.112340,1713.45,1709.40,1,1,21,0,0.000,0
1.112924,1714.55,1709.40,1,1,22,0,0.000,0
1.113507,1715.66,1711.60,1,1,23,0,0.000,0
1.114090,1716.77,1712.70,1,1,24,0,0.000,0
1.114672,1717.87,1714.16,1,1,25,0,0.000,0
1.115254,1718.98,1714.16,1,1,26,0,0.000,0
1.115835,1720.09,1716.37,1,1,27,0,0.000,0
1.116417,1721.19,1717.11,1,1,28,0,0.000,0
1.116997,1722.29,1718.58,1,1,29,0,0.000,0
1.117578,1723.40,1718.21,1,1,30,0,0.000,0
1.118158,1724.50,1719.32,1,1,31,0,0.000,0
1.118738,1725.60,1720.80,1,1,32,0,0.000,0
1.119317,1726.70,1721.91,1,1,33,0,0.000,0
1.119896,1727.80,1723.77,1,1,34,0,0.000,0
1.120474,1728.90,1724.51,1,1,35,0,0.000,0
1.121053,1730.00,1725.63,1,1,36,0,0.000,0
1.121631,1731.10,1726.00,1,1,37,0,0.000,0
1.122208,1732.20,1729.36,1,1,38,0,0.000,0
1.122785,1733.29,1728.61,1,1,39,0,0.000,0
1.123362,1734.39,1730.10,1,1,40,0,0.000,0
1.123938,1735.48,1731.23,1,1,41,0,0.000,0
1.124514,1736.58,1731.60,1,1,42,0,0.000,0
1.125090,1737.67,1732.35,1,1,43,0,0.000,0
1.125665,1738.76,1734.61,1,1,44,0,0.000,0
1.126240,1739.86,1736.11,1,1,45,0,0.000,0
1.126815,1740.95,1735.73,1,1,46,0,0.000,0
1.127389,1742.04,1738.75,1,1,47,0,0.000,0
1.127963,1743.13,1739.13,1,1,48,0,0.000,0
1.128536,1744.22,1740.27,1,1,49,0,0.000,0
1.129110,1745.31,1740.64,1,1,50,0,0.000,0
1.129682,1746.40,1742.92,1,1,51,0,0.000,0
1.130255,1747.48,1742.54,1,1,52,0,0.000,0
1.130827,1748.57,1743.68,1,1,53,0,0.000,0
1.131399,1749.66,1745.20,1,1,54,0,0.000,0
1.131970,1750.74,1746.34,1,1,55,0,0.000,0
1.132541,1751.83,1747.49,1,1,56,0,0.000,0
1.133112,1752.91,1748.25,1,1,57,0,0.000,0
1.134821,1756.16,1751.31,1,1,0,1,0.000,0
1.135391,1757.24,1751.01,1,1,1,1,0.000,0
1.135960,1758.32,1753.77,1,1,2,1,0.000,0
1.136528,1759.40,1753.46,1,1,3,1,0.000,0
1.137096,1760.48,1755.00,1,1,4,1,0.000,0
1.137664,1761.56,1755.93,1,1,5,1,0.000,0
1.138232,1762.64,1756.54,1,1,6,1,0.000,0
1.138799,1763.72,1758.40,1,1,7,1,0.000,0
1.139366,1764.79,1760.56,1,1,8,1,0.000,0
1.139932,1765.87,1762.11,1,1,9,1,0.000,0
1.140498,1766.95,1762.11,1,1,10,1,0.000,0
1.141064,1768.02,1765.61,1,1,11,1,0.000,0
1.141629,1769.10,1765.23,1,1,12,1,0.000,0
1.142195,1770.17,1765.61,1,1,13,1,0.000,0
1.142759,1771.24,1767.96,1,1,14,1,0.000,0
1.143324,1772.31,1767.17,1,1,15,1,0.000,0
1.143888,1773.39,1769.13,1,1,16,1,0.000,0
1.144451,1774.46,1770.30,1,1,17,1,0.000,0
1.145015,1775.53,1771.09,1,1,18,1,0.000,0
1.145578,1776.60,1770.69,1,1,19,1,0.000,0
1.146141,1777.67,1773.44,1,1,20,1,0.000,0
1.146703,1778.73,1774.23,1,1,21,1,0.000,0
1.147265,1779.80,1774.62,1,1,22,1,0.000,0
1.147827,1780.87,1776.99,1,1,23,1,0.000,0
1.148388,1781.94,1776.99,1,1,24,1,0.000,0
1.148949,1783.00,1778.57,1,1,25,1,0.000,0
1.149510,1784.07,1778.96,1,1,26,1,0.000,0
1.150070,1785.13,1781.34,1,1,27,1,0.000,0
1.150630,1786.20,1782.53,1,1,28,1,0.000,0
1.151190,1787.26,1783.33,1,1,29,1,0.000,0
1.151749,1788.32,1784.52,1,1,30,1,0.000,0
1.152308,1789.39,1784.92,1,1,31,1,0.000,0
1.152867,1790.45,1786.51,1,1,32,1,0.000,0
1.153425,1791.51,1787.31,1,1,33,1,0.000,0
1.153983,1792.57,1790.11,1,1,34,1,0.000,0
1.154541,1793.63,1789.31,1,1,35,1,0.000,0
1.155098,1794.69,1789.71,1,1,36,1,0.000,0
1.155655,1795.74,1790.91,1,1,37,1,0.000,0
1.156212,1796.80,1792.92,1,1,38,1,0.000,0
1.156768,1797.86,1793.72,1,1,39,1,0.000,0
1.157324,1798.92,1794.93,1,1,40,1,0.000,0
1.157880,1799.97,1796.14,1,1,41,1,0.000,0
1.158436,1801.03,1796.54,1,1,42,1,0.000,0
1.158991,1802.08,1797.75,1,1,43,1,0.000,0
1.159545,1803.14,1799.78,1,1,44,1,0.000,0
1.160100,1804.19,1800.59,1,1,45,1,0.000,0
1.160654,1805.24,1800.59,1,1,46,1,0.000,0
1.161208,1806.29,1802.21,1,1,47,1,0.000,0
1.161761,1807.35,1802.61,1,1,48,1,0.000,0
1.162314,1808.40,1803.83,1,1,49,1,0.000,0
1.162867,1809.45,1804.24,1,1,50,1,0.000,0
1.163420,1810.50,1805.87,1,1,51,1,0.000,0
1.163972,1811.54,1807.09,1,1,52,1,0.000,0
1.164524,1812.59,1809.55,1,1,53,1,0.000,0
1.165075,1813.64,1809.55,1,1,54,1,0.000,0
1.165626,1814.69,1811.59,1,1,55,1,0.000,0
1.166177,1815.74,1812.00,1,1,56,1,0.000,0
1.166728,1816.78,1812.42,1,1,57,1,0.000,0
1.168378,1819.92,1815.54,1,1,0,0,0.000,0
1.168927,1820.96,1816.20,1,1,1,0,0.000,0
1.169476,1822.00,1816.20,1,1,2,0,0.000,0
1.170025,1823.05,1817.19,1,1,3,0,0.000,0
1.170573,1824.09,1818.84,1,1,4,0,0.000,0
1.171121,1825.13,1818.84,1,1,5,0,0.000,0
1.171669,1826.17,1820.83,1,1,6,0,0.000,0
1.172216,1827.21,1821.49,1,1,7,0,0.000,0
1.172764,1828.25,1823.15,1,1,8,0,0.000,0
1.173310,1829.29,1824.40,1,1,9,0,0.000,0
1.173857,1830.33,1826.48,1,1,10,0,0.000,0
1.174403,1831.37,1826.90,1,1,11,0,0.000,0
1.174949,1832.40,1827.74,1,1,12,0,0.000,0
1.175495,1833.44,1828.57,1,1,13,0,0.000,0
1.176040,1834.47,1829.83,1,1,14,0,0.000,0
1.176585,1835.51,1832.34,1,1,15,0,0.000,0
1.177129,1836.55,1833.18,1,1,16,0,0.000,0
1.177674,1837.58,1834.86,1,1,17,0,0.000,0
1.178218,1838.61,1834.44,1,1,18,0,0.000,0
1.178762,1839.65,1836.55,1,1,19,0,0.000,0
1.179305,1840.68,1837.39,1,1,20,0,0.000,0
1.179848,1841.71,1838.24,1,1,21,0,0.000,0
1.180391,1842.74,1838.66,1,1,22,0,0.000,0
1.180933,1843.77,1839.93,1,1,23,0,0.000,0
1.181476,1844.80,1840.77,1,1,24,0,0.000,0
1.182018,1845.83,1841.20,1,1,25,0,0.000,0
1.182559,1846.86,1842.89,1,1,26,0,0.000,0
1.183100,1847.89,1842.89,1,1,27,0,0.000,0
1.183641,1848.92,1844.59,1,1,28,0,0.000,0
1.184182,1849.95,1846.30,1,1,29,0,0.000,0
1.184723,1850.97,1847.15,1,1,30,0,0.000,0
1.185263,1852.00,1847.58,1,1,31,0,0.000,0
1.185802,1853.02,1848.43,1,1,32,0,0.000,0
1.186342,1854.05,1849.71,1,1,33,0,0.000,0
1.186881,1855.07,1850.99,1,1,34,0,0.000,0
1.187420,1856.10,1850.99,1,1,35,0,0.000,0
1.187959,1857.12,1852.28,1,1,36,0,0.000,0
1.188497,1858.14,1854.43,1,1,37,0,0.000,0
1.189035,1859.17,1856.15,1,1,38,0,0.000,0
1.189573,1860.19,1856.15,1,1,39,0,0.000,0
1.190110,1861.21,1857.01,1,1,40,0,0.000,0
1.190647,1862.23,1858.74,1,1,41,0,0.000,0
1.191184,1863.25,1859.17,1,1,42,0,0.000,0
1.191721,1864.27,1860.47,1,1,43,0,0.000,0
1.192257,1865.29,1862.20,1,1,44,0,0.000,0
1.192793,1866.30,1861.33,1,1,45,0,0.000,0
1.193329,1867.32,1861.76,1,1,46,0,0.000,0
1.193864,1868.34,1864.37,1,1,47,0,0.000,0
1.194399,1869.36,1865.67,1,1,48,0,0.000,0
1.194934,1870.37,1866.11,1,1,49,0,0.000,0
1.195468,1871.39,1867.85,1,1,50,0,0.000,0
1.196003,1872.40,1868.72,1,1,51,0,0.000,0
1.196537,1873.42,1868.29,1,1,52,0,0.000,0
1.197070,1874.43,1870.47,1,1,53,0,0.000,0
1.197604,1875.45,1870.91,1,1,54,0,0.000,0
1.198137,1876.46,1872.22,1,1,55,0,0.000,0
1.198669,1877.47,1872.66,1,1,56,0,0.000,0
1.199202,1878.48,1874.41,1,1,57,0,0.000,0
1.200798,1881.51,1876.17,1,1,0,1,0.000,0
1.201329,1882.52,1877.58,1,1,1,1,0.000,0
1.201860,1883.53,1878.99,1,1,2,1,0.000,0
1.202391,1884.54,1879.70,1,1,3,1,0.000,0
1.202921,1885.55,1881.11,1,1,4,1,0.000,0
1.203452,1886.56,1881.47,1,1,5,1,0.000,0
1.203981,1887.56,1882.18,1,1,6,1,0.000,0
1.204511,1888.57,1882.88,1,1,7,1,0.000,0
1.205040,1889.58,1885.46,1,1,8,1,0.000,0
1.205570,1890.58,1886.79,1,1,9,1,0.000,0
1.206098,1891.59,1886.79,1,1,10,1,0.000,0
1.206627,1892.59,1889.02,1,1,11,1,0.000,0
1.207155,1893.59,1889.91,1,1,12,1,0.000,0
1.207683,1894.60,1891.25,1,1,13,1,0.000,0
1.208211,1895.60,1892.15,1,1,14,1,0.000,0
1.208738,1896.60,1893.04,1,1,15,1,0.000,0
1.209265,1897.60,1893.49,1,1,16,1,0.000,0
1.209792,1898.60,1893.94,1,1,17,1,0.000,0
1.210319,1899.60,1897.08,1,1,18,1,0.000,0
1.210845,1900.60,1895.73,1,1,19,1,0.000,0
1.211371,1901.60,1897.98,1,1,20,1,0.000,0
1.211897,1902.60,1898.88,1,1,21,1,0.000,0
1.212422,1903.60,1898.88,1,1,22,1,0.000,0
1.212947,1904.60,1900.69,1,1,23,1,0.000,0
1.213472,1905.60,1901.14,1,1,24,1,0.000,0
1.213997,1906.59,1903.40,1,1,25,1,0.000,0
1.214521,1907.59,1902.95,1,1,26,1,0.000,0
1.215045,1908.59,1904.76,1,1,27,1,0.000,0
1.215569,1909.58,1904.76,1,1,28,1,0.000,0
1.216093,1910.57,1906.12,1,1,29,1,0.000,0
1.216616,1911.57,1908.40,1,1,30,1,0.000,0
1.217139,1912.56,1908.40,1,1,31,1,0.000,0
1.217662,1913.56,1910.22,1,1,32,1,0.000,0
1.218184,1914.55,1910.68,1,1,33,1,0.000,0
1.218706,1915.54,1911.59,1,1,34,1,0.000,0
1.219228,1916.53,1912.50,1,1,35,1,0.000,0
1.219750,1917.52,1913.88,1,1,36,1,0.000,0
1.220271,1918.51,1914.33,1,1,37,1,0.000,0
1.220792,1919.50,1916.17,1,1,38,1,0.000,0
1.221313,1920.49,1916.17,1,1,39,1,0.000,0
1.221834,1921.48,1917.09,1,1,40,1,0.000,0
1.222354,1922.47,1917.55,1,1,41,1,0.000,0
1.222874,1923.46,1919.39,1,1,42,1,0.000,0
1.223394,1924.45,1920.77,1,1,43,1,0.000,0
1.223913,1925.43,1922.61,1,1,44,1,0.000,0
1.224433,1926.42,1922.61,1,1,45,1,0.000,0
1.224951,1927.41,1923.08,1,1,46,1,0.000,0
1.225470,1928.39,1924.00,1,1,47,1,0.000,0
1.225989,1929.38,1925.39,1,1,48,1,0.000,0
1.226507,1930.36,1926.78,1,1,49,1,0.000,0
1.227025,1931.35,1927.25,1,1,50,1,0.000,0
1.227542,1932.33,1928.64,1,1,51,1,0.000,0
1.228060,1933.31,1929.57,1,1,52,1,0.000,0
1.228577,1934.29,1929.57,1,1,53,1,0.000,0
1.229094,1935.28,1931.43,1,1,54,1,0.000,0
1.229610,1936.26,1932.83,1,1,55,1,0.000,0
1.230127,1937.24,1934.24,1,1,56,1,0.000,0
1.230643,1938.22,1933.77,1,1,57,1,0.000,0
1.232189,1941.16,1936.48,1,1,0,0,0.000,0
1.232704,1942.14,1937.61,1,1,1,0,0.000,0
1.233219,1943.12,1937.61,1,1,2,0,0.000,0
1.233734,1944.09,1939.11,1,1,3,0,0.000,0
1.234248,1945.07,1940.24,1,1,4,0,0.000,0
1.234762,1946.05,1940.99,1,1,5,0,0.000,0
1.235276,1947.02,1941.37,1,1,6,0,0.000,0
1.235789,1948.00,1943.63,1,1,7,0,0.000,0
1.236302,1948.97,1944.58,1,1,8,0,0.000,0
1.236815,1949.95,1944.58,1,1,9,0,0.000,0
1.237328,1950.92,1946.95,1,1,10,0,0.000,0
1.237840,1951.90,1947.89,1,1,11,0,0.000,0
1.238353,1952.87,1949.32,1,1,12,0,0.000,0
1.238865,1953.84,1950.74,1,1,13,0,0.000,0
1.239376,1954.81,1952.17,1,1,14,0,0.000,0
1.239888,1955.79,1951.22,1,1,15,0,0.000,0
1.240399,1956.76,1953.12,1,1,16,0,0.000,0
1.240910,1957.73,1955.03,1,1,17,0,0.000,0
1.241420,1958.70,1954.56,1,1,18,0,0.000,0
1.241931,1959.67,1955.99,1,1,19,0,0.000,0
1.242441,1960.64,1956.47,1,1,20,0,0.000,0
1.242951,1961.61,1958.38,1,1,21,0,0.000,0
1.243461,1962.57,1957.43,1,1,22,0,0.000,0
1.243970,1963.54,1959.34,1,1,23,0,0.000,0
1.244479,1964.51,1960.30,1,1,24,0,0.000,0
1.244988,1965.48,1961.75,1,1,25,0,0.000,0
1.245497,1966.44,1962.23,1,1,26,0,0.000,0
1.246005,1967.41,1964.15,1,1,27,0,0.000,0
1.246513,1968.37,1963.67,1,1,28,0,0.000,0
1.247021,1969.34,1964.15,1,1,29,0,0.000,0
1.247529,1970.30,1966.57,1,1,30,0,0.000,0
1.248036,1971.27,1968.02,1,1,31,0,0.000,0
1.248543,1972.23,1967.54,1,1,32,0,0.000,0
1.249050,1973.19,1968.50,1,1,33,0,0.000,0
1.249557,1974.16,1970.44,1,1,34,0,0.000,0
1.250063,1975.12,1969.96,1,1,35,0,0.000,0
1.250570,1976.08,1972.39,1,1,36,0,0.000,0
1.251076,1977.04,1972.87,1,1,37,0,0.000,0
1.251581,1978.00,1974.33,1,1,38,0,0.000,0
1.252087,1978.96,1976.28,1,1,39,0,0.000,0
1.252592,1979.92,1977.75,1,1,40,0,0.000,0
1.253097,1980.88,1977.26,1,1,41,0,0.000,0
1.253601,1981.84,1978.24,1,1,42,0,0.000,0
1.254106,1982.80,1980.69,1,1,43,0,0.000,0
1.254610,1983.76,1980.69,1,1,44,0,0.000,0
1.255114,1984.72,1981.67,1,1,45,0,0.000,0
1.255618,1985.67,1981.18,1,1,46,0,0.000,0
1.256121,1986.63,1982.16,1,1,47,0,0.000,0
1.256625,1987.59,1983.64,1,1,48,0,0.000,0
1.257128,1988.54,1985.11,1,1,49,0,0.000,0
1.257630,1989.50,1984.62,1,1,50,0,0.000,0
1.258133,1990.45,1985.60,1,1,51,0,0.000,0
1.258635,1991.41,1987.08,1,1,52,0,0.000,0
1.259137,1992.36,1988.57,1,1,53,0,0.000,0
1.259639,1993.31,1989.55,1,1,54,0,0.000,0
1.260141,1994.27,1990.54,1,1,55,0,0.000,0
1.260642,1995.22,1991.54,1,1,56,0,0.000,0
1.261143,1996.17,1992.53,1,1,57,0,0.000,0
1.262645,1999.02,1994.42,1,1,0,1,0.000,0
1.263145,1999.97,1995.61,1,1,1,1,0.000,0
1.263645,2000.92,1996.01,1,1,2,1,0.000,0
1.264144,2001.87,1997.60,1,1,3,1,0.000,0
1.264644,2002.82,1998.80,1,1,4,1,0.000,0
1.265143,2003.77,1999.20,1,1,5,1,0.000,0
1.265642,2004.72,1999.60,1,1,6,1,0.000,0
1.266141,2005.67,2001.20,1,1,7,1,0.000,0
1.266639,2006.61,2004.01,1,1,8,1,0.000,0
1.267137,2007.56,2004.01,1,1,9,1,0.000,0
1.267635,2008.51,2005.52,1,1,10,1,0.000,0
1.268133,2009.45,2004.51,1,1,11,1,0.000,0
1.268631,2010.40,2006.02,1,1,12,1,0.000,0
1.269128,2011.34,2007.02,1,1,13,1,0.000,0
1.269625,2012.29,2009.04,1,1,14,1,0.000,0
1.270122,2013.23,2008.03,1,1,15,1,0.000,0
1.270618,2014.17,2009.55,1,1,16,1,0.000,0
1.271115,2015.12,2010.56,1,1,17,1,0.000,0
1.271611,2016.06,2012.07,1,1,18,1,0.000,0
1.272107,2017.00,2013.09,1,1,19,1,0.000,0
1.272602,2017.94,2014.10,1,1,20,1,0.000,0
1.273098,2018.88,2014.61,1,1,21,1,0.000,0
1.273593,2019.83,2014.61,1,1,22,1,0.000,0
1.274088,2020.77,2018.16,1,1,23,1,0.000,0
1.274583,2021.71,2017.65,1,1,24,1,0.000,0
1.275077,2022.65,2019.18,1,1,25,1,0.000,0
1.275572,2023.58,2019.18,1,1,26,1,0.000,0
1.276066,2024.52,2022.24,1,1,27,1,0.000,0
1.276560,2025.46,2021.22,1,1,28,1,0.000,0
1.277053,2026.40,2022.76,1,1,29,1,0.000,0
1.277547,2027.34,2024.80,1,1,30,1,0.000,0
1.278040,2028.27,2024.29,1,1,31,1,0.000,0
1.278533,2029.21,2025.83,1,1,32,1,0.000,0
1.279025,2030.15,2027.37,1,1,33,1,0.000,0
1.279518,2031.08,2027.88,1,1,34,1,0.000,0
1.280010,2032.02,2027.37,1,1,35,1,0.000,0
1.280502,2032.95,2030.46,1,1,36,1,0.000,0
1.280994,2033.89,2030.46,1,1,37,1,0.000,0
1.281485,2034.82,2030.97,1,1,38,1,0.000,0
1.281977,2035.75,2032.00,1,1,39,1,0.000,0
1.282468,2036.69,2033.04,1,1,40,1,0.000,0
1.282959,2037.62,2034.59,1,1,41,1,0.000,0
1.283449,2038.55,2035.11,1,1,42,1,0.000,0
1.283940,2039.48,2036.14,1,1,43,1,0.000,0
1.284430,2040.42,2036.14,1,1,44,1,0.000,0
1.284920,2041.35,2037.70,1,1,45,1,0.000,0
1.285410,2042.28,2038.22,1,1,46,1,0.000,0
1.285899,2043.21,2039.26,1,1,47,1,0.000,0
1.286389,2044.14,2040.30,1,1,48,1,0.000,0
1.286878,2045.07,2039.78,1,1,49,1,0.000,0
1.287366,2046.00,2040.82,1,1,50,1,0.000,0
1.287855,2046.92,2042.38,1,1,51,1,0.000,0
1.288344,2047.85,2044.47,1,1,52,1,0.000,0
1.288832,2048.78,2043.94,1,1,53,1,0.000,0
1.289320,2049.71,2046.04,1,1,54,1,0.000,0
1.289808,2050.63,2047.08,1,1,55,1,0.000,0
1.290295,2051.56,2048.13,1,1,56,1,0.000,0
1.290782,2052.49,2048.66,1,1,57,1,0.000,0
1.292243,2055.26,2050.86,1,1,0,0,0.000,0
1.292729,2056.19,2052.12,1,1,1,0,0.000,0
1.293216,2057.11,2051.70,1,1,2,0,0.000,0
1.293702,2058.03,2054.23,1,1,3,0,0.000,0
1.294188,2058.96,2054.65,1,1,4,0,0.000,0
1.294673,2059.88,2054.65,1,1,5,0,0.000,0
1.295158,2060.80,2056.34,1,1,6,0,0.000,0
1.295644,2061.72,2056.77,1,1,7,0,0.000,0
1.296129,2062.64,2059.20,1,1,8,0,0.000,0
1.296613,2063.56,2060.26,1,1,9,0,0.000,0
1.297098,2064.48,2061.86,1,1,10,0,0.000,0
1.297582,2065.40,2061.86,1,1,11,0,0.000,0
1.298066,2066.33,2062.39,1,1,12,0,0.000,0
1.298550,2067.24,2064.52,1,1,13,0,0.000,0
1.299034,2068.16,2064.52,1,1,14,0,0.000,0
1.299517,2069.08,2065.58,1,1,15,0,0.000,0
1.300000,2070.00,2066.65,1,1,16,0,0.000,0
1.300483,2070.92,2066.12,1,1,17,0,0.000,0
1.300966,2071.83,2068.79,1,1,18,0,0.000,0
1.301448,2072.75,2068.79,1,1,19,0,0.000,0
1.301931,2073.67,2069.86,1,1,20,0,0.000,0
1.302413,2074.58,2070.39,1,1,21,0,0.000,0
1.302895,2075.50,2072.00,1,1,22,0,0.000,0
1.303377,2076.41,2073.08,1,1,23,0,0.000,0
1.303858,2077.33,2074.69,1,1,24,0,0.000,0
1.304339,2078.24,2075.23,1,1,25,0,0.000,0
1.304820,2079.16,2074.69,1,1,26,0,0.000,0
1.305301,2080.07,2077.38,1,1,27,0,0.000,0
1.305782,2080.98,2077.38,1,1,28,0,0.000,0
1.306262,2081.90,2077.38,1,1,29,0,0.000,0
1.306743,2082.81,2079.00,1,1,30,0,0.000,0
1.307223,2083.72,2079.54,1,1,31,0,0.000,0
1.307702,2084.63,2079.54,1,1,32,0,0.000,0
1.308182,2085.54,2081.71,1,1,33,0,0.000,0
1.308661,2086.46,2082.79,1,1,34,0,0.000,0
1.309141,2087.37,2083.88,1,1,35,0,0.000,0
1.309620,2088.28,2084.42,1,1,36,0,0.000,0
1.310098,2089.19,2086.59,1,1,37,0,0.000,0
1.310577,2090.09,2085.51,1,1,38,0,0.000,0
1.311055,2091.00,2089.32,1,1,39,0,0.000,0
1.311533,2091.91,2088.23,1,1,40,0,0.000,0
1.312011,2092.82,2089.86,1,1,41,0,0.000,0
1.312489,2093.73,2089.32,1,1,42,0,0.000,0
1.312966,2094.64,2089.86,1,1,43,0,0.000,0
1.313444,2095.54,2092.05,1,1,44,0,0.000,0
1.313921,2096.45,2092.60,1,1,45,0,0.000,0
1.314398,2097.35,2095.34,1,1,46,0,0.000,0
1.314874,2098.26,2093.69,1,1,47,0,0.000,0
1.315351,2099.16,2095.89,1,1,48,0,0.000,0
1.315827,2100.07,2095.89,1,1,49,0,0.000,0
1.316303,2100.98,2098.09,1,1,50,0,0.000,0
1.316779,2101.88,2098.64,1,1,51,0,0.000,0
1.317255,2102.78,2099.74,1,1,52,0,0.000,0
1.317730,2103.69,2099.74,1,1,53,0,0.000,0
1.318206,2104.59,2100.29,1,1,54,0,0.000,0
1.318681,2105.49,2102.50,1,1,55,0,0.000,0
1.319155,2106.39,2103.05,1,1,56,0,0.000,0
1.319630,2107.30,2103.60,1,1,57,0,0.000,0
1.321053,2110.00,2105.71,1,1,0,1,0.000,0
1.321527,2110.90,2106.15,1,1,1,1,0.000,0
1.322000,2111.80,2106.59,1,1,2,1,0.000,0
1.322474,2112.70,2108.37,1,1,3,1,0.000,0
1.322947,2113.60,2109.26,1,1,4,1,0.000,0
1.323420,2114.50,2109.26,1,1,5,1,0.000,0
1.323893,2115.39,2110.15,1,1,6,1,0.000,0
1.324365,2116.29,2111.93,1,1,7,1,0.000,0
1.324838,2117.19,2113.61,1,1,8,1,0.000,0
1.325310,2118.09,2114.72,1,1,9,1,0.000,0
1.325782,2118.99,2116.40,1,1,10,1,0.000,0
1.326254,2119.88,2117.52,1,1,11,1,0.000,0
1.326725,2120.78,2116.40,1,1,12,1,0.000,0
1.327197,2121.67,2118.08,1,1,13,1,0.000,0
1.327668,2122.57,2119.77,1,1,14,1,0.000,0
1.328139,2123.46,2120.33,1,1,15,1,0.000,0
1.328610,2124.36,2121.45,1,1,16,1,0.000,0
1.329081,2125.25,2122.02,1,1,17,1,0.000,0
1.329551,2126.15,2122.02,1,1,18,1,0.000,0
1.330021,2127.04,2121.45,1,1,19,1,0.000,0
1.330491,2127.93,2124.27,1,1,20,1,0.000,0
1.330961,2128.83,2125.40,1,1,21,1,0.000,0
1.331431,2129.72,2125.96,1,1,22,1,0.000,0
1.331900,2130.61,2125.40,1,1,23,1,0.000,0
1.332370,2131.50,2127.09,1,1,24,1,0.000,0
1.332839,2132.39,2128.23,1,1,25,1,0.000,0
1.333307,2133.28,2129.93,1,1,26,1,0.000,0
1.333776,2134.17,2132.20,1,1,27,1,0.000,0
1.334245,2135.06,2131.63,1,1,28,1,0.000,0
1.334713,2135.95,2133.33,1,1,29,1,0.000,0
1.335181,2136.84,2133.33,1,1,30,1,0.000,0
1.335649,2137.73,2135.04,1,1,31,1,0.000,0
1.336116,2138.62,2134.47,1,1,32,1,0.000,0
1.336584,2139.51,2136.18,1,1,33,1,0.000,0
1.337051,2140.40,2136.18,1,1,34,1,0.000,0
1.337518,2141.28,2136.75,1,1,35,1,0.000,0
1.337985,2142.17,2138.47,1,1,36,1,0.000,0
1.338452,2143.06,2137.89,1,1,37,1,0.000,0
1.338919,2143.94,2140.18,1,1,38,1,0.000,0
1.339385,2144.83,2141.33,1,1,39,1,0.000,0
1.339851,2145.72,2141.33,1,1,40,1,0.000,0
1.340317,2146.60,2143.05,1,1,41,1,0.000,0
1.340783,2147.49,2144.77,1,1,42,1,0.000,0
1.341248,2148.37,2145.35,1,1,43,1,0.000,0
1.341714,2149.25,2145.35,1,1,44,1,0.000,0
1.342179,2150.14,2147.07,1,1,45,1,0.000,0
1.342644,2151.02,2147.65,1,1,46,1,0.000,0
1.343109,2151.91,2149.38,1,1,47,1,0.000,0
1.343573,2152.79,2149.96,1,1,48,1,0.000,0
1.344038,2153.67,2149.96,1,1,49,1,0.000,0
1.344502,2154.55,2151.12,1,1,50,1,0.000,0
1.344966,2155.43,2151.69,1,1,51,1,0.000,0
1.345430,2156.32,2154.59,1,1,52,1,0.000,0
1.345893,2157.20,2154.01,1,1,53,1,0.000,0
1.346357,2158.08,2154.59,1,1,54,1,0.000,0
1.346820,2158.96,2155.17,1,1,55,1,0.000,0
1.347283,2159.84,2156.33,1,1,56,1,0.000,0
1.347746,2160.72,2157.50,1,1,57,1,0.000,0
1.349134,2163.35,2157.96,1,1,0,0,0.000,0
1.349596,2164.23,2161.23,1,1,1,0,0.000,0
1.350058,2165.11,2159.83,1,1,2,0,0.000,0
1.350520,2165.99,2161.69,1,1,3,0,0.000,0
1.350981,2166.86,2162.16,1,1,4,0,0.000,0
1.351443,2167.74,2162.63,1,1,5,0,0.000,0
1.351904,2168.62,2164.97,1,1,6,0,0.000,0
1.352365,2169.49,2164.50,1,1,7,0,0.000,0
1.352826,2170.37,2168.02,1,1,8,0,0.000,0
1.353286,2171.24,2166.85,1,1,9,0,0.000,0
1.353747,2172.12,2169.20,1,1,10,0,0.000,0
1.354207,2172.99,2169.79,1,1,11,0,0.000,0
1.354667,2173.87,2169.79,1,1,12,0,0.000,0
1.355127,2174.74,2171.55,1,1,13,0,0.000,0
1.355587,2175.61,2171.55,1,1,14,0,0.000,0
1.356046,2176.49,2173.91,1,1,15,0,0.000,0
1.356506,2177.36,2172.73,1,1,16,0,0.000,0
1.356965,2178.23,2174.50,1,1,17,0,0.000,0
1.357424,2179.11,2174.50,1,1,18,0,0.000,0
1.357883,2179.98,2175.69,1,1,19,0,0.000,0
1.358341,2180.85,2178.06,1,1,20,0,0.000,0
1.358800,2181.72,2178.65,1,1,21,0,0.000,0
1.359258,2182.59,2180.43,1,1,22,0,0.000,0
1.359716,2183.46,2179.84,1,1,23,0,0.000,0
1.360174,2184.33,2182.21,1,1,24,0,0.000,0
1.360632,2185.20,2180.43,1,1,25,0,0.000,0
1.361089,2186.07,2183.41,1,1,26,0,0.000,0
1.361547,2186.94,2182.81,1,1,27,0,0.000,0
1.362004,2187.81,2184.60,1,1,28,0,0.000,0
1.362461,2188.67,2184.00,1,1,29,0,0.000,0
1.362918,2189.54,2183.41,1,1,30,0,0.000,0
1.363374,2190.41,2186.99,1,1,31,0,0.000,0
1.363831,2191.28,2187.59,1,1,32,0,0.000,0
1.364287,2192.15,2189.38,1,1,33,0,0.000,0
1.364743,2193.01,2188.78,1,1,34,0,0.000,0
1.365199,2193.88,2191.78,1,1,35,0,0.000,0
1.365655,2194.74,2190.58,1,1,36,0,0.000,0
1.366110,2195.61,2192.98,1,1,37,0,0.000,0
1.366566,2196.47,2194.19,1,1,38,0,0.000,0
1.367021,2197.34,2193.58,1,1,39,0,0.000,0
1.367476,2198.20,2193.58,1,1,40,0,0.000,0
1.367931,2199.07,2195.99,1,1,41,0,0.000,0
1.368385,2199.93,2195.39,1,1,42,0,0.000,0
1.368840,2200.79,2197.20,1,1,43,0,0.000,0
1.369294,2201.66,2199.61,1,1,44,0,0.000,0
1.369748,2202.52,2199.01,1,1,45,0,0.000,0
1.370202,2203.38,2200.83,1,1,46,0,0.000,0
1.370656,2204.24,2200.22,1,1,47,0,0.000,0
1.371109,2205.11,2202.64,1,1,48,0,0.000,0
1.371563,2205.97,2202.64,1,1,49,0,0.000,0
1.372016,2206.83,2205.68,1,1,50,0,0.000,0
1.372469,2207.69,2202.64,1,1,51,0,0.000,0
1.372922,2208.55,2203.86,1,1,52,0,0.000,0
1.373375,2209.41,2206.29,1,1,53,0,0.000,0
1.373827,2210.27,2205.68,1,1,54,0,0.000,0
1.374280,2211.13,2208.11,1,1,55,0,0.000,0
1.374732,2211.99,2208.11,1,1,56,0,0.000,0
1.375184,2212.85,2209.33,1,1,57,0,0.000,0
1.376539,2215.42,2209.94,1,1,0,1,0.000,0
1.376990,2216.28,2212.88,1,1,1,1,0.000,0
1.377441,2217.14,2213.37,1,1,2,1,0.000,0
1.377892,2217.99,2213.86,1,1,3,1,0.000,0
1.378343,2218.85,2215.33,1,1,4,1,0.000,0
1.378793,2219.71,2216.31,1,1,5,1,0.000,0
1.379244,2220.56,2215.82,1,1,6,1,0.000,0
1.379694,2221.42,2217.29,1,1,7,1,0.000,0
1.380144,2222.27,2219.76,1,1,8,1,0.000,0
1.380594,2223.13,2219.76,1,1,9,1,0.000,0
1.381044,2223.98,2220.99,1,1,10,1,0.000,0
1.381493,2224.84,2220.99,1,1,11,1,0.000,0
1.381943,2225.69,2221.61,1,1,12,1,0.000,0
1.382392,2226.54,2222.84,1,1,13,1,0.000,0
1.382841,2227.40,2224.69,1,1,14,1,0.000,0
1.383290,2228.25,2224.08,1,1,15,1,0.000,0
1.383739,2229.10,2226.55,1,1,16,1,0.000,0
1.384187,2229.96,2225.93,1,1,17,1,0.000,0
1.384635,2230.81,2226.55,1,1,18,1,0.000,0
1.385084,2231.66,2228.41,1,1,19,1,0.000,0
1.385532,2232.51,2229.03,1,1,20,1,0.000,0
1.385979,2233.36,2228.41,1,1,21,1,0.000,0
1.386427,2234.21,2229.65,1,1,22,1,0.000,0
1.386875,2235.06,2230.90,1,1,23,1,0.000,0
1.387322,2235.91,2231.52,1,1,24,1,0.000,0
1.387769,2236.76,2233.39,1,1,25,1,0.000,0
1.388216,2237.61,2235.89,1,1,26,1,0.000,0
1.388663,2238.46,2235.89,1,1,27,1,0.000,0
1.389110,2239.31,2235.26,1,1,28,1,0.000,0
1.389556,2240.16,2238.39,1,1,29,1,0.000,0
1.390002,2241.00,2239.01,1,1,30,1,0.000,0
1.390449,2241.85,2239.01,1,1,31,1,0.000,0
1.390895,2242.70,2239.64,1,1,32,1,0.000,0
1.391340,2243.55,2240.90,1,1,33,1,0.000,0
1.391786,2244.39,2239.64,1,1,34,1,0.000,0
1.392231,2245.24,2240.27,1,1,35,1,0.000,0
1.392677,2246.08,2244.04,1,1,36,1,0.000,0
1.393122,2246.93,2242.78,1,1,37,1,0.000,0
1.393567,2247.78,2244.67,1,1,38,1,0.000,0
1.394012,2248.62,2245.30,1,1,39,1,0.000,0
1.394456,2249.47,2245.93,1,1,40,1,0.000,0
1.394901,2250.31,2245.93,1,1,41,1,0.000,0
1.395345,2251.16,2248.45,1,1,42,1,0.000,0
1.395789,2252.00,2249.09,1,1,43,1,0.000,0
1.396233,2252.84,2247.82,1,1,44,1,0.000,0
1.396677,2253.68,2250.98,1,1,45,1,0.000,0
1.397121,2254.53,2250.98,1,1,46,1,0.000,0
1.397564,2255.37,2251.62,1,1,47,1,0.000,0
1.398007,2256.21,2251.62,1,1,48,1,0.000,0
1.398450,2257.05,2254.16,1,1,49,1,0.000,0
1.398893,2257.90,2254.16,1,1,50,1,0.000,0
1.399336,2258.74,2256.70,1,1,51,1,0.000,0
1.399779,2259.58,2257.34,1,1,52,1,0.000,0
1.400221,2260.42,2256.70,1,1,53,1,0.000,0
1.400664,2261.26,2257.34,1,1,54,1,0.000,0
1.401106,2262.10,2259.25,1,1,55,1,0.000,0
1.401548,2262.94,2259.25,1,1,56,1,0.000,0
1.401990,2263.78,2260.53,1,1,57,1,0.000,0
1.403314,2266.30,2261.42,1,1,0,0,0.000,0
1.403755,2267.13,2262.96,1,1,1,0,0.000,0
1.404196,2267.97,2262.96,1,1,2,0,0.000,0
1.404637,2268.81,2263.47,1,1,3,0,0.000,0
1.405078,2269.65,2265.52,1,1,4,0,0.000,0
1.405518,2270.48,2266.55,1,1,5,0,0.000,0
1.405959,2271.32,2269.12,1,1,6,0,0.000,0
1.406399,2272.16,2268.09,1,1,7,0,0.000,0
1.406839,2272.99,2269.50,1,1,8,0,0.000,0
1.407279,2273.83,2269.50,1,1,9,0,0.000,0
1.407718,2274.66,2272.73,1,1,10,0,0.000,0
1.408158,2275.50,2272.73,1,1,11,0,0.000,0
1.408597,2276.33,2274.67,1,1,12,0,0.000,0
1.409037,2277.17,2274.67,1,1,13,0,0.000,0
1.409476,2278.00,2273.37,1,1,14,0,0.000,0
1.409915,2278.84,2274.67,1,1,15,0,0.000,0
1.410353,2279.67,2277.26,1,1,16,0,0.000,0
1.410792,2280.50,2277.26,1,1,17,0,0.000,0
1.411230,2281.34,2277.90,1,1,18,0,0.000,0
1.411669,2282.17,2280.50,1,1,19,0,0.000,0
1.412107,2283.00,2278.55,1,1,20,0,0.000,0
1.412545,2283.83,2278.55,1,1,21,0,0.000,0
1.412982,2284.67,2280.50,1,1,22,0,0.000,0
1.413420,2285.50,2283.10,1,1,23,0,0.000,0
1.413858,2286.33,2282.45,1,1,24,0,0.000,0
1.414295,2287.16,2283.10,1,1,25,0,0.000,0
1.414732,2287.99,2284.41,1,1,26,0,0.000,0
1.415169,2288.82,2284.41,1,1,27,0,0.000,0
1.415606,2289.65,2285.71,1,1,28,0,0.000,0
1.416042,2290.48,2287.68,1,1,29,0,0.000,0
1.416479,2291.31,2289.64,1,1,30,0,0.000,0
1.416915,2292.14,2288.98,1,1,31,0,0.000,0
1.417351,2292.97,2289.64,1,1,32,0,0.000,0
1.417788,2293.80,2291.61,1,1,33,0,0.000,0
1.418223,2294.62,2291.61,1,1,34,0,0.000,0
1.418659,2295.45,2292.92,1,1,35,0,0.000,0
1.419095,2296.28,2292.92,1,1,36,0,0.000,0
1.419530,2297.11,2294.24,1,1,37,0,0.000,0
1.419965,2297.93,2294.24,1,1,38,0,0.000,0
1.420400,2298.76,2294.24,1,1,39,0,0.000,0
1.420835,2299.59,2296.21,1,1,40,0,0.000,0
1.421270,2300.41,2296.87,1,1,41,0,0.000,0
1.421705,2301.24,2297.53,1,1,42,0,0.000,0
1.422139,2302.06,2297.53,1,1,43,0,0.000,0
1.422574,2302.89,2300.17,1,1,44,0,0.000,0
1.423008,2303.71,2299.51,1,1,45,0,0.000,0
1.423442,2304.54,2300.83,1,1,46,0,0.000,0
1.423876,2305.36,2303.48,1,1,47,0,0.000,0
1.424309,2306.19,2302.82,1,1,48,0,0.000,0
1.424743,2307.01,2303.48,1,1,49,0,0.000,0
1.425176,2307.83,2305.48,1,1,50,0,0.000,0
1.425609,2308.66,2305.48,1,1,51,0,0.000,0
1.426043,2309.48,2305.48,1,1,52,0,0.000,0
1.426475,2310.30,2307.47,1,1,53,0,0.000,0
1.426908,2311.13,2308.14,1,1,54,0,0.000,0
1.427341,2311.95,2308.80,1,1,55,0,0.000,0
1.427773,2312.77,2309.47,1,1,56,0,0.000,0
1.428206,2313.59,2310.14,1,1,57,0,0.000,0
1.429502,2316.05,2311.07,1,1,0,1,0.000,0
1.429933,2316.87,2313.21,1,1,1,1,0.000,0
1.430365,2317.69,2313.21,1,1,2,1,0.000,0
1.430796,2318.51,2314.81,1,1,3,1,0.000,0
1.431227,2319.33,2314.81,1,1,4,1,0.000,0
1.431659,2320.15,2316.42,1,1,5,1,0.000,0
1.432089,2320.97,2317.50,1,1,6,1,0.000,0
1.432520,2321.79,2318.03,1,1,7,1,0.000,0
1.432951,2322.61,2319.51,1,1,8,1,0.000,0
1.433381,2323.42,2320.19,1,1,9,1,0.000,0
1.433812,2324.24,2322.88,1,1,10,1,0.000,0
1.434242,2325.06,2321.53,1,1,11,1,0.000,0
1.434672,2325.87,2322.88,1,1,12,1,0.000,0
1.435102,2326.69,2322.21,1,1,13,1,0.000,0
1.435531,2327.51,2324.23,1,1,14,1,0.000,0
1.435961,2328.33,2324.91,1,1,15,1,0.000,0
1.436390,2329.14,2326.93,1,1,16,1,0.000,0
1.436820,2329.96,2326.26,1,1,17,1,0.000,0
1.437249,2330.77,2326.93,1,1,18,1,0.000,0
1.437678,2331.59,2328.97,1,1,19,1,0.000,0
1.438107,2332.40,2330.32,1,1,20,1,0.000,0
1.438535,2333.22,2329.64,1,1,21,1,0.000,0
1.438964,2334.03,2329.64,1,1,22,1,0.000,0
1.439392,2334.84,2331.00,1,1,23,1,0.000,0
1.439820,2335.66,2332.36,1,1,24,1,0.000,0
1.440248,2336.47,2334.40,1,1,25,1,0.000,0
1.440676,2337.28,2334.40,1,1,26,1,0.000,0
1.441104,2338.10,2335.08,1,1,27,1,0.000,0
1.441532,2338.91,2335.08,1,1,28,1,0.000,0
1.441959,2339.72,2337.13,1,1,29,1,0.000,0
1.442387,2340.53,2337.81,1,1,30,1,0.000,0
1.442814,2341.34,2337.81,1,1,31,1,0.000,0
1.443241,2342.16,2339.18,1,1,32,1,0.000,0
1.443668,2342.97,2338.50,1,1,33,1,0.000,0
1.444094,2343.78,2339.18,1,1,34,1,0.000,0
1.444521,2344.59,2339.87,1,1,35,1,0.000,0
1.444947,2345.40,2342.61,1,1,36,1,0.000,0
1.445374,2346.21,2342.61,1,1,37,1,0.000,0
1.445800,2347.02,2343.98,1,1,38,1,0.000,0
1.446226,2347.83,2344.67,1,1,39,1,0.000,0
1.446652,2348.64,2343.98,1,1,40,1,0.000,0
1.447077,2349.45,2346.04,1,1,41,1,0.000,0
1.447503,2350.25,2348.11,1,1,42,1,0.000,0
1.447928,2351.06,2349.49,1,1,43,1,0.000,0
1.448354,2351.87,2347.42,1,1,44,1,0.000,0
1.448779,2352.68,2349.49,1,1,45,1,0.000,0
1.449204,2353.49,2350.87,1,1,46,1,0.000,0
1.449629,2354.29,2351.56,1,1,47,1,0.000,0
1.450053,2355.10,2352.94,1,1,48,1,0.000,0
1.450478,2355.91,2352.94,1,1,49,1,0.000,0
1.450902,2356.71,2352.94,1,1,50,1,0.000,0
1.451326,2357.52,2353.63,1,1,51,1,0.000,0
1.451751,2358.32,2355.71,1,1,52,1,0.000,0
1.452174,2359.13,2355.02,1,1,53,1,0.000,0
1.452598,2359.94,2356.41,1,1,54,1,0.000,0
1.453022,2360.74,2357.10,1,1,55,1,0.000,0
1.453446,2361.55,2357.80,1,1,56,1,0.000,0
1.453869,2362.35,2359.19,1,1,57,1,0.000,0
1.455138,2364.76,2359.60,1,1,0,0,0.000,0
1.455561,2365.56,2361.83,1,1,1,0,0.000,0
1.455984,2366.37,2361.83,1,1,2,0,0.000,0
1.456406,2367.17,2364.07,1,1,3,0,0.000,0
1.456829,2367.97,2364.07,1,1,4,0,0.000,0
1.457251,2368.77,2365.18,1,1,5,0,0.000,0
1.457673,2369.58,2364.63,1,1,6,0,0.000,0
1.458095,2370.38,2366.86,1,1,7,0,0.000,0
1.458517,2371.18,2367.56,1,1,8,0,0.000,0
1.458938,2371.98,2367.56,1,1,9,0,0.000,0
1.459360,2372.78,2370.37,1,1,10,0,0.000,0
1.459781,2373.58,2369.67,1,1,11,0,0.000,0
1.460202,2374.38,2371.07,1,1,12,0,0.000,0
1.460623,2375.18,2371.78,1,1,13,0,0.000,0
1.461044,2375.98,2373.18,1,1,14,0,0.000,0
1.461465,2376.78,2372.48,1,1,15,0,0.000,0
1.461886,2377.58,2376.71,1,1,16,0,0.000,0
1.462306,2378.38,2376.00,1,1,17,0,0.000,0
1.462727,2379.18,2376.00,1,1,18,0,0.000,0
1.463147,2379.98,2378.12,1,1,19,0,0.000,0
1.463567,2380.78,2376.71,1,1,20,0,0.000,0
1.463987,2381.58,2378.83,1,1,21,0,0.000,0
1.464407,2382.37,2379.54,1,1,22,0,0.000,0
1.464827,2383.17,2380.24,1,1,23,0,0.000,0
1.465246,2383.97,2380.95,1,1,24,0,0.000,0
1.465666,2384.76,2380.95,1,1,25,0,0.000,0
1.466085,2385.56,2381.66,1,1,26,0,0.000,0
1.466504,2386.36,2383.08,1,1,27,0,0.000,0
1.466923,2387.15,2384.50,1,1,28,0,0.000,0
1.467342,2387.95,2383.79,1,1,29,0,0.000,0
1.467760,2388.74,2387.35,1,1,30,0,0.000,0
1.468179,2389.54,2385.92,1,1,31,0,0.000,0
1.468597,2390.33,2385.92,1,1,32,0,0.000,0
1.469016,2391.13,2388.06,1,1,33,0,0.000,0
1.469434,2391.92,2388.77,1,1,34,0,0.000,0
1.469852,2392.72,2388.06,1,1,35,0,0.000,0
1.470270,2393.51,2390.91,1,1,36,0,0.000,0
1.470687,2394.31,2391.63,1,1,37,0,0.000,0
1.471105,2395.10,2390.20,1,1,38,0,0.000,0
1.471522,2395.89,2391.63,1,1,39,0,0.000,0
1.471940,2396.68,2394.49,1,1,40,0,0.000,0
1.472357,2397.48,2393.78,1,1,41,0,0.000,0
1.472774,2398.27,2395.93,1,1,42,0,0.000,0
1.473191,2399.06,2396.64,1,1,43,0,0.000,0
1.473608,2399.85,2395.21,1,1,44,0,0.000,0
1.474024,2400.65,2398.80,1,1,45,0,0.000,0
1.474441,2401.44,2398.08,1,1,46,0,0.000,0
1.474857,2402.23,2400.24,1,1,47,0,0.000,0
1.475273,2403.02,2399.52,1,1,48,0,0.000,0
1.475689,2403.81,2400.96,1,1,49,0,0.000,0
1.476105,2404.60,2401.68,1,1,50,0,0.000,0
1.476521,2405.39,2402.40,1,1,51,0,0.000,0
1.476937,2406.18,2403.85,1,1,52,0,0.000,0
1.477352,2406.97,2402.40,1,1,53,0,0.000,0
1.477768,2407.76,2404.57,1,1,54,0,0.000,0
1.478183,2408.55,2406.02,1,1,55,0,0.000,0
1.478598,2409.34,2406.02,1,1,56,0,0.000,0
1.479013,2410.12,2407.46,1,1,57,0,0.000,0
1.480257,2412.49,2407.32,1,1,0,1,0.000,0
1.480672,2413.27,2409.64,1,1,1,1,0.000,0
1.481086,2414.06,2410.22,1,1,2,1,0.000,0
1.481500,2414.85,2411.38,1,1,3,1,0.000,0
1.481914,2415.64,2411.38,1,1,4,1,0.000,0
1.482328,2416.42,2411.96,1,1,5,1,0.000,0
1.482742,2417.21,2412.55,1,1,6,1,0.000,0
1.483155,2417.99,2413.13,1,1,7,1,0.000,0
1.483569,2418.78,2415.46,1,1,8,1,0.000,0
1.483982,2419.57,2415.46,1,1,9,1,0.000,0
1.484396,2420.35,2417.65,1,1,10,1,0.000,0
1.484809,2421.14,2416.92,1,1,11,1,0.000,0
1.485222,2421.92,2419.84,1,1,12,1,0.000,0
1.485634,2422.70,2419.84,1,1,13,1,0.000,0
1.486047,2423.49,2421.31,1,1,14,1,0.000,0
1.486460,2424.27,2422.04,1,1,15,1,0.000,0
1.486872,2425.06,2422.77,1,1,16,1,0.000,0
1.487284,2425.84,2423.51,1,1,17,1,0.000,0
1.487697,2426.62,2422.77,1,1,18,1,0.000,0
1.488109,2427.41,2424.24,1,1,19,1,0.000,0
1.488521,2428.19,2424.98,1,1,20,1,0.000,0
1.488932,2428.97,2424.98,1,1,21,1,0.000,0
1.489344,2429.75,2425.71,1,1,22,1,0.000,0
1.489755,2430.53,2426.45,1,1,23,1,0.000,0
1.490167,2431.32,2429.40,1,1,24,1,0.000,0
1.490578,2432.10,2428.66,1,1,25,1,0.000,0
1.490989,2432.88,2430.13,1,1,26,1,0.000,0
1.491400,2433.66,2430.87,1,1,27,1,0.000,0
1.491811,2434.44,2430.13,1,1,28,1,0.000,0
1.492222,2435.22,2433.09,1,1,29,1,0.000,0
1.492632,2436.00,2433.83,1,1,30,1,0.000,0
1.493043,2436.78,2435.31,1,1,31,1,0.000,0
1.493453,2437.56,2433.09,1,1,32,1,0.000,0
1.493863,2438.34,2434.57,1,1,33,1,0.000,0
1.494273,2439.12,2436.80,1,1,34,1,0.000,0
1.494683,2439.90,2436.05,1,1,35,1,0.000,0
1.495093,2440.67,2438.28,1,1,36,1,0.000,0
1.495503,2441.45,2438.28,1,1,37,1,0.000,0
1.495912,2442.23,2439.02,1,1,38,1,0.000,0
1.496321,2443.01,2439.02,1,1,39,1,0.000,0
1.496731,2443.79,2440.51,1,1,40,1,0.000,0
1.497140,2444.56,2442.00,1,1,41,1,0.000,0
1.497549,2445.34,2441.26,1,1,42,1,0.000,0
1.497958,2446.12,2444.24,1,1,43,1,0.000,0
1.498367,2446.90,2442.75,1,1,44,1,0.000,0
1.498775,2447.67,2444.24,1,1,45,1,0.000,0
1.499184,2448.45,2444.99,1,1,46,1,0.000,0
1.499592,2449.22,2445.74,1,1,47,1,0.000,0
1.500000,2450.00,2447.23,1,1,48,1,0.000,0
1.500408,2450.78,2448.73,1,1,49,1,0.000,0
1.500816,2451.55,2448.73,1,1,50,1,0.000,0
1.501224,2452.33,2448.73,1,1,51,1,0.000,0
1.501632,2453.10,2450.98,1,1,52,1,0.000,0
1.502039,2453.87,2450.98,1,1,53,1,0.000,0
1.502447,2454.65,2451.73,1,1,54,1,0.000,0
1.502854,2455.42,2453.24,1,1,55,1,0.000,0
1.503261,2456.20,2454.74,1,1,56,1,0.000,0
1.503668,2456.97,2451.73,1,1,57,1,0.000,0
1.504889,2459.29,2455.19,1,1,0,0,0.000,0
1.505295,2460.06,2456.40,1,1,1,0,0.000,0
1.505702,2460.83,2456.40,1,1,2,0,0.000,0
1.506108,2461.61,2457.61,1,1,3,0,0.000,0
1.506514,2462.38,2458.81,1,1,4,0,0.000,0
1.506920,2463.15,2458.81,1,1,5,0,0.000,0
1.507326,2463.92,2458.81,1,1,6,0,0.000,0
1.507732,2464.69,2463.05,1,1,7,0,0.000,0
1.508138,2465.46,2462.30,1,1,8,0,0.000,0
1.508543,2466.23,2463.05,1,1,9,0,0.000,0
1.508949,2467.00,2464.57,1,1,10,0,0.000,0
1.509354,2467.77,2463.81,1,1,11,0,0.000,0
1.509759,2468.54,2464.57,1,1,12,0,0.000,0
1.510164,2469.31,2466.09,1,1,13,0,0.000,0
1.510569,2470.08,2467.61,1,1,14,0,0.000,0
1.510974,2470.85,2466.09,1,1,15,0,0.000,0
1.511379,2471.62,2468.37,1,1,16,0,0.000,0
1.511783,2472.39,2469.14,1,1,17,0,0.000,0
1.512188,2473.16,2470.66,1,1,18,0,0.000,0
1.512592,2473.92,2470.66,1,1,19,0,0.000,0
1.512996,2474.69,2472.95,1,1,20,0,0.000,0
1.513400,2475.46,2472.95,1,1,21,0,0.000,0
1.513804,2476.23,2471.42,1,1,22,0,0.000,0
1.514208,2476.99,2475.25,1,1,23,0,0.000,0
1.514611,2477.76,2474.48,1,1,24,0,0.000,0
1.515015,2478.53,2476.01,1,1,25,0,0.000,0
1.515418,2479.29,2476.01,1,1,26,0,0.000,0
1.515822,2480.06,2479.08,1,1,27,0,0.000,0
1.516225,2480.83,2477.55,1,1,28,0,0.000,0
1.516628,2481.59,2479.08,1,1,29,0,0.000,0
1.517031,2482.36,2481.39,1,1,30,0,0.000,0
1.517433,2483.12,2479.08,1,1,31,0,0.000,0
1.517836,2483.89,2481.39,1,1,32,0,0.000,0
1.518239,2484.65,2480.62,1,1,33,0,0.000,0
1.518641,2485.42,2482.16,1,1,34,0,0.000,0
1.519043,2486.18,2482.93,1,1,35,0,0.000,0
1.519445,2486.95,2482.93,1,1,36,0,0.000,0
1.519847,2487.71,2484.47,1,1,37,0,0.000,0
1.520249,2488.47,2483.70,1,1,38,0,0.000,0
1.520651,2489.24,2486.79,1,1,39,0,0.000,0
1.521053,2490.00,2486.02,1,1,40,0,0.000,0
1.521454,2490.76,2487.56,1,1,41,0,0.000,0
1.521856,2491.52,2487.56,1,1,42,0,0.000,0
1.522257,2492.29,2487.56,1,1,43,0,0.000,0
1.522658,2493.05,2489.88,1,1,44,0,0.000,0
1.523059,2493.81,2490.66,1,1,45,0,0.000,0
1.523460,2494.57,2491.44,1,1,46,0,0.000,0
1.523861,2495.34,2491.44,1,1,47,0,0.000,0
1.524262,2496.10,2493.77,1,1,48,0,0.000,0
1.524662,2496.86,2495.32,1,1,49,0,0.000,0
1.525063,2497.62,2496.10,1,1,50,0,0.000,0
1.525463,2498.38,2496.88,1,1,51,0,0.000,0
1.525863,2499.14,2496.10,1,1,52,0,0.000,0
1.526263,2499.90,2496.88,1,1,53,0,0.000,0
1.526663,2500.66,2499.22,1,1,54,0,0.000,0
1.527063,2501.42,2498.44,1,1,55,0,0.000,0
1.527463,2502.18,2499.22,1,1,56,0,0.000,0
1.527862,2502.94,2499.22,1,1,57,0,0.000,0
1.529060,2505.21,2500.63,1,1,0,1,0.000,0
1.529460,2505.97,2502.50,1,1,1,1,0.000,0
1.529859,2506.73,2503.13,1,1,2,1,0.000,0
1.530257,2507.49,2503.76,1,1,3,1,0.000,0
1.530656,2508.25,2503.13,1,1,4,1,0.000,0
1.531055,2509.00,2505.01,1,1,5,1,0.000,0
1.531453,2509.76,2506.89,1,1,6,1,0.000,0
1.531852,2510.52,2506.27,1,1,7,1,0.000,0
1.532250,2511.27,2509.41,1,1,8,1,0.000,0
1.532648,2512.03,2507.05,1,1,9,1,0.000,0
1.533046,2512.79,2511.77,1,1,10,1,0.000,0
1.533444,2513.54,2509.41,1,1,11,1,0.000,0
1.533842,2514.30,2511.77,1,1,12,1,0.000,0
1.534240,2515.05,2511.77,1,1,13,1,0.000,0
1.534637,2515.81,2511.77,1,1,14,1,0.000,0
1.535034,2516.56,2514.14,1,1,15,1,0.000,0
1.535432,2517.32,2512.56,1,1,16,1,0.000,0
1.535829,2518.07,2516.51,1,1,17,1,0.000,0
1.536226,2518.83,2514.14,1,1,18,1,0.000,0
1.536623,2519.58,2516.51,1,1,19,1,0.000,0
1.537020,2520.34,2516.51,1,1,20,1,0.000,0
1.537417,2521.09,2518.89,1,1,21,1,0.000,0
1.537813,2521.84,2518.10,1,1,22,1,0.000,0
1.538210,2522.60,2518.89,1,1,23,1,0.000,0
1.538606,2523.35,2521.27,1,1,24,1,0.000,0
1.539002,2524.10,2520.48,1,1,25,1,0.000,0
1.539398,2524.86,2522.07,1,1,26,1,0.000,0
1.539794,2525.61,2522.86,1,1,27,1,0.000,0
1.540190,2526.36,2524.46,1,1,28,1,0.000,0
1.540586,2527.11,2522.86,1,1,29,1,0.000,0
1.540982,2527.86,2525.25,1,1,30,1,0.000,0
1.541377,2528.62,2525.25,1,1,31,1,0.000,0
1.541773,2529.37,2526.05,1,1,32,1,0.000,0
1.542168,2530.12,2528.45,1,1,33,1,0.000,0
1.542563,2530.87,2527.65,1,1,34,1,0.000,0
1.542958,2531.62,2528.45,1,1,35,1,0.000,0
1.543353,2532.37,2530.04,1,1,36,1,0.000,0
1.543748,2533.12,2530.84,1,1,37,1,0.000,0
1.544143,2533.87,2531.65,1,1,38,1,0.000,0
1.544537,2534.62,2532.45,1,1,39,1,0.000,0
1.544932,2535.37,2532.45,1,1,40,1,0.000,0
1.545326,2536.12,2531.65,1,1,41,1,0.000,0
1.545720,2536.87,2534.85,1,1,42,1,0.000,0
1.546114,2537.62,2536.46,1,1,43,1,0.000,0
1.546508,2538.37,2534.85,1,1,44,1,0.000,0
1.546902,2539.11,2535.66,1,1,45,1,0.000,0
1.547296,2539.86,2536.46,1,1,46,1,0.000,0
1.547690,2540.61,2537.27,1,1,47,1,0.000,0
1.548083,2541.36,2538.07,1,1,48,1,0.000,0
1.548477,2542.10,2540.49,1,1,49,1,0.000,0
1.548870,2542.85,2538.07,1,1,50,1,0.000,0
1.549263,2543.60,2539.68,1,1,51,1,0.000,0
1.549656,2544.35,2541.30,1,1,52,1,0.000,0
1.550049,2545.09,2542.10,1,1,53,1,0.000,0
1.550442,2545.84,2541.30,1,1,54,1,0.000,0
1.550835,2546.58,2543.72,1,1,55,1,0.000,0
1.551228,2547.33,2545.34,1,1,56,1,0.000,0
1.551620,2548.08,2543.72,1,1,57,1,0.000,0
1.552797,2550.31,2547.77,1,1,0,0,0.000,0
1.553189,2551.06,2547.12,1,1,1,0,0.000,0
1.553581,2551.80,2547.12,1,1,2,0,0.000,0
1.553973,2552.55,2549.07,1,1,3,0,0.000,0
1.554364,2553.29,2550.37,1,1,4,0,0.000,0
1.554756,2554.04,2551.02,1,1,5,0,0.000,0
1.555147,2554.78,2551.02,1,1,6,0,0.000,0
1.555539,2555.52,2552.32,1,1,7,0,0.000,0
1.555930,2556.27,2552.65,1,1,8,0,0.000,0
1.556321,2557.01,2554.28,1,1,9,0,0.000,0
1.556712,2557.75,2554.28,1,1,10,0,0.000,0
1.557103,2558.50,2556.73,1,1,11,0,0.000,0
1.557494,2559.24,2557.54,1,1,12,0,0.000,0
1.557885,2559.98,2555.91,1,1,13,0,0.000,0
1.558275,2560.72,2557.54,1,1,14,0,0.000,0
1.558666,2561.46,2558.36,1,1,15,0,0.000,0
1.559056,2562.21,2560.82,1,1,16,0,0.000,0
1.559446,2562.95,2558.36,1,1,17,0,0.000,0
1.559836,2563.69,2562.46,1,1,18,0,0.000,0
1.560226,2564.43,2560.00,1,1,19,0,0.000,0
1.560616,2565.17,2561.64,1,1,20,0,0.000,0
1.561006,2565.91,2563.28,1,1,21,0,0.000,0
1.561396,2566.65,2564.10,1,1,22,0,0.000,0
1.561785,2567.39,2563.28,1,1,23,0,0.000,0
1.562175,2568.13,2562.46,1,1,24,0,0.000,0
1.562564,2568.87,2568.22,1,1,25,0,0.000,0
1.562953,2569.61,2567.39,1,1,26,0,0.000,0
1.563342,2570.35,2567.39,1,1,27,0,0.000,0
1.563731,2571.09,2567.39,1,1,28,0,0.000,0
1.564120,2571.83,2567.39,1,1,29,0,0.000,0
1.564509,2572.57,2569.04,1,1,30,0,0.000,0
1.564898,2573.30,2571.52,1,1,31,0,0.000,0
1.565286,2574.04,2572.35,1,1,32,0,0.000,0
1.565675,2574.78,2569.87,1,1,33,0,0.000,0
1.566063,2575.52,2571.52,1,1,34,0,0.000,0
1.566451,2576.26,2573.17,1,1,35,0,0.000,0
1.566839,2576.99,2574.83,1,1,36,0,0.000,0
1.567227,2577.73,2575.66,1,1,37,0,0.000,0
1.567615,2578.47,2575.66,1,1,38,0,0.000,0
1.568003,2579.21,2577.32,1,1,39,0,0.000,0
1.568391,2579.94,2576.49,1,1,40,0,0.000,0
1.568778,2580.68,2579.81,1,1,41,0,0.000,0
1.569166,2581.41,2578.15,1,1,42,0,0.000,0
1.569553,2582.15,2580.65,1,1,43,0,0.000,0
1.569940,2582.89,2580.65,1,1,44,0,0.000,0
1.570327,2583.62,2581.48,1,1,45,0,0.000,0
1.570714,2584.36,2580.65,1,1,46,0,0.000,0
1.571101,2585.09,2581.48,1,1,47,0,0.000,0
1.571488,2585.83,2584.81,1,1,48,0,0.000,0
1.571875,2586.56,2582.31,1,1,49,0,0.000,0
1.572261,2587.30,2585.65,1,1,50,0,0.000,0
1.572648,2588.03,2584.81,1,1,51,0,0.000,0
1.573034,2588.76,2584.81,1,1,52,0,0.000,0
1.573420,2589.50,2586.49,1,1,53,0,0.000,0
1.573806,2590.23,2587.32,1,1,54,0,0.000,0
1.574192,2590.96,2587.32,1,1,55,0,0.000,0
1.574578,2591.70,2586.49,1,1,56,0,0.000,0
1.574964,2592.43,2589.00,1,1,57,0,0.000,0
1.576121,2594.63,2590.00,1,1,0,1,0.000,0
1.576506,2595.36,2591.34,1,1,1,1,0.000,0
1.576891,2596.09,2592.02,1,1,2,1,0.000,0
1.577277,2596.82,2594.03,1,1,3,1,0.000,0
1.577662,2597.56,2594.71,1,1,4,1,0.000,0
1.578046,2598.29,2594.03,1,1,5,1,0.000,0
1.578431,2599.02,2596.05,1,1,6,1,0.000,0
1.578816,2599.75,2596.73,1,1,7,1,0.000,0
1.579201,2600.48,2596.56,1,1,8,1,0.000,0
1.579585,2601.21,2598.25,1,1,9,1,0.000,0
1.579969,2601.94,2599.09,1,1,10,1,0.000,0
1.580354,2602.67,2598.25,1,1,11,1,0.000,0
1.580738,2603.40,2599.94,1,1,12,1,0.000,0
1.581122,2604.13,2602.47,1,1,13,1,0.000,0
1.581506,2604.86,2601.63,1,1,14,1,0.000,0
1.581890,2605.59,2603.32,1,1,15,1,0.000,0
1.582273,2606.32,2605.01,1,1,16,1,0.000,0
1.582657,2607.05,2604.17,1,1,17,1,0.000,0
1.583041,2607.78,2605.01,1,1,18,1,0.000,0
1.583424,2608.51,2605.01,1,1,19,1,0.000,0
1.583807,2609.23,2607.56,1,1,20,1,0.000,0
1.584191,2609.96,2606.71,1,1,21,1,0.000,0
1.584574,2610.69,2607.56,1,1,22,1,0.000,0
1.584957,2611.42,2608.41,1,1,23,1,0.000,0
1.585340,2612.14,2608.41,1,1,24,1,0.000,0
1.585722,2612.87,2610.11,1,1,25,1,0.000,0
1.586105,2613.60,2610.97,1,1,26,1,0.000,0
1.586488,2614.33,2611.82,1,1,27,1,0.000,0
1.586870,2615.05,2610.11,1,1,28,1,0.000,0
1.587252,2615.78,2613.52,1,1,29,1,0.000,0
1.587635,2616.50,2614.38,1,1,30,1,0.000,0
1.588017,2617.23,2614.38,1,1,31,1,0.000,0
1.588399,2617.96,2615.23,1,1,32,1,0.000,0
1.588781,2618.68,2615.23,1,1,33,1,0.000,0
1.589162,2619.41,2616.94,1,1,34,1,0.000,0
1.589544,2620.13,2617.80,1,1,35,1,0.000,0
1.589926,2620.86,2618.66,1,1,36,1,0.000,0
1.590307,2621.58,2618.66,1,1,37,1,0.000,0
1.590689,2622.31,2619.52,1,1,38,1,0.000,0
1.591070,2623.03,2619.52,1,1,39,1,0.000,0
1.591451,2623.76,2621.23,1,1,40,1,0.000,0
1.591832,2624.48,2622.95,1,1,41,1,0.000,0
1.592213,2625.20,2621.23,1,1,42,1,0.000,0
1.592594,2625.93,2622.95,1,1,43,1,0.000,0
1.592975,2626.65,2624.67,1,1,44,1,0.000,0
1.593356,2627.37,2622.95,1,1,45,1,0.000,0
1.593736,2628.10,2624.67,1,1,46,1,0.000,0
1.594117,2628.82,2626.40,1,1,47,1,0.000,0
1.594497,2629.54,2626.40,1,1,48,1,0.000,0
1.594877,2630.27,2628.12,1,1,49,1,0.000,0
1.595257,2630.99,2628.98,1,1,50,1,0.000,0
1.595637,2631.71,2628.12,1,1,51,1,0.000,0
1.596017,2632.43,2628.98,1,1,52,1,0.000,0
1.596397,2633.15,2631.58,1,1,53,1,0.000,0
1.596777,2633.87,2631.58,1,1,54,1,0.000,0
1.597156,2634.60,2631.58,1,1,55,1,0.000,0
1.597536,2635.32,2633.31,1,1,56,1,0.000,0
1.597915,2636.04,2631.58,1,1,57,1,0.000,0
1.599053,2638.20,2634.35,1,1,0,0,0.000,0
1.599432,2638.92,2635.74,1,1,1,0,0.000,0
1.599811,2639.64,2635.74,1,1,2,0,0.000,0
1.600190,2640.36,2637.13,1,1,3,0,0.000,0
1.600568,2641.08,2637.83,1,1,4,0,0.000,0
1.600947,2641.80,2639.22,1,1,5,0,0.000,0
1.601325,2642.52,2638.52,1,1,6,0,0.000,0
1.601704,2643.24,2639.22,1,1,7,0,0.000,0
1.602082,2643.95,2641.14,1,1,8,0,0.000,0
1.602460,2644.67,2642.88,1,1,9,0,0.000,0
1.602838,2645.39,2642.88,1,1,10,0,0.000,0
1.603216,2646.11,2642.88,1,1,11,0,0.000,0
1.603594,2646.83,2643.75,1,1,12,0,0.000,0
1.603972,2647.54,2642.01,1,1,13,0,0.000,0
1.604349,2648.26,2645.50,1,1,14,0,0.000,0
1.604727,2648.98,2646.38,1,1,15,0,0.000,0
1.605104,2649.70,2646.38,1,1,16,0,0.000,0
1.605482,2650.41,2647.25,1,1,17,0,0.000,0
1.605859,2651.13,2649.01,1,1,18,0,0.000,0
1.606236,2651.85,2649.01,1,1,19,0,0.000,0
1.606613,2652.56,2648.13,1,1,20,0,0.000,0
1.606990,2653.28,2652.52,1,1,21,0,0.000,0
1.607367,2654.00,2650.76,1,1,22,0,0.000,0
1.607744,2654.71,2650.76,1,1,23,0,0.000,0
1.608120,2655.43,2653.40,1,1,24,0,0.000,0
1.608497,2656.14,2651.64,1,1,25,0,0.000,0
1.608873,2656.86,2652.52,1,1,26,0,0.000,0
1.609250,2657.57,2656.04,1,1,27,0,0.000,0
1.609626,2658.29,2656.04,1,1,28,0,0.000,0
1.610002,2659.00,2656.04,1,1,29,0,0.000,0
1.610378,2659.72,2658.69,1,1,30,0,0.000,0
1.610754,2660.43,2658.69,1,1,31,0,0.000,0
1.611130,2661.15,2657.81,1,1,32,0,0.000,0
1.611506,2661.86,2658.69,1,1,33,0,0.000,0
1.611881,2662.57,2659.57,1,1,34,0,0.000,0
1.612257,2663.29,2658.69,1,1,35,0,0.000,0
1.612632,2664.00,2660.46,1,1,36,0,0.000,0
1.613008,2664.71,2659.57,1,1,37,0,0.000,0
1.613383,2665.43,2660.46,1,1,38,0,0.000,0
1.613758,2666.14,2663.12,1,1,39,0,0.000,0
1.614133,2666.85,2662.23,1,1,40,0,0.000,0
1.614508,2667.56,2666.67,1,1,41,0,0.000,0
1.614883,2668.28,2665.78,1,1,42,0,0.000,0
1.615257,2668.99,2665.78,1,1,43,0,0.000,0
1.615632,2669.70,2668.45,1,1,44,0,0.000,0
1.616007,2670.41,2668.45,1,1,45,0,0.000,0
1.616381,2671.12,2668.45,1,1,46,0,0.000,0
1.616755,2671.83,2668.45,1,1,47,0,0.000,0
1.617129,2672.55,2672.01,1,1,48,0,0.000,0
1.617504,2673.26,2669.34,1,1,49,0,0.000,0
1.617878,2673.97,2671.12,1,1,50,0,0.000,0
1.618252,2674.68,2672.01,1,1,51,0,0.000,0
1.618625,2675.39,2672.01,1,1,52,0,0.000,0
1.618999,2676.10,2673.80,1,1,53,0,0.000,0
1.619373,2676.81,2673.80,1,1,54,0,0.000,0
1.619746,2677.52,2675.59,1,1,55,0,0.000,0
1.620120,2678.23,2675.59,1,1,56,0,0.000,0
1.620493,2678.94,2677.38,1,1,57,0,0.000,0
1.621612,2681.06,2677.38,1,1,0,1,0.000,0
1.621985,2681.77,2677.38,1,1,1,1,0.000,0
1.622358,2682.48,2677.38,1,1,2,1,0.000,0
1.622731,2683.19,2678.81,1,1,3,1,0.000,0
1.623104,2683.90,2679.53,1,1,4,1,0.000,0
1.623476,2684.60,2680.25,1,1,5,1,0.000,0
1.623849,2685.31,2680.97,1,1,6,1,0.000,0
1.624221,2686.02,2681.68,1,1,7,1,0.000,0
1.624593,2686.73,2684.56,1,1,8,1,0.000,0
1.624965,2687.43,2686.37,1,1,9,1,0.000,0
1.625337,2688.14,2686.37,1,1,10,1,0.000,0
1.625709,2688.85,2686.37,1,1,11,1,0.000,0
1.626081,2689.55,2687.27,1,1,12,1,0.000,0
1.626453,2690.26,2688.17,1,1,13,1,0.000,0
1.626825,2690.97,2689.98,1,1,14,1,0.000,0
1.627196,2691.67,2689.08,1,1,15,1,0.000,0
1.627568,2692.38,2689.98,1,1,16,1,0.000,0
1.627939,2693.08,2689.98,1,1,17,1,0.000,0
1.628310,2693.79,2691.79,1,1,18,1,0.000,0
1.628681,2694.49,2691.79,1,1,19,1,0.000,0
1.629053,2695.20,2693.60,1,1,20,1,0.000,0
1.629424,2695.90,2693.60,1,1,21,1,0.000,0
1.629794,2696.61,2692.70,1,1,22,1,0.000,0
1.630165,2697.31,2693.60,1,1,23,1,0.000,0
1.630536,2698.02,2694.51,1,1,24,1,0.000,0
1.630906,2698.72,2695.42,1,1,25,1,0.000,0
1.631277,2699.42,2695.42,1,1,26,1,0.000,0
1.631647,2700.13,2697.24,1,1,27,1,0.000,0
1.632018,2700.83,2696.33,1,1,28,1,0.000,0
1.632388,2701.54,2698.15,1,1,29,1,0.000,0
1.632758,2702.24,2699.06,1,1,30,1,0.000,0
1.633128,2702.94,2700.88,1,1,31,1,0.000,0
1.633498,2703.64,2700.88,1,1,32,1,0.000,0
1.633868,2704.35,2702.70,1,1,33,1,0.000,0
1.634238,2705.05,2703.62,1,1,34,1,0.000,0
1.634607,2705.75,2702.70,1,1,35,1,0.000,0
1.634977,2706.45,2705.44,1,1,36,1,0.000,0
1.635346,2707.16,2705.44,1,1,37,1,0.000,0
1.635715,2707.86,2706.36,1,1,38,1,0.000,0
1.636085,2708.56,2706.36,1,1,39,1,0.000,0
1.636454,2709.26,2706.36,1,1,40,1,0.000,0
1.636823,2709.96,2706.36,1,1,41,1,0.000,0
1.637192,2710.66,2709.11,1,1,42,1,0.000,0
1.637561,2711.36,2710.03,1,1,43,1,0.000,0
1.637930,2712.07,2708.19,1,1,44,1,0.000,0
1.638298,2712.77,2710.03,1,1,45,1,0.000,0
1.638667,2713.47,2710.03,1,1,46,1,0.000,0
1.639035,2714.17,2709.11,1,1,47,1,0.000,0
1.639404,2714.87,2712.78,1,1,48,1,0.000,0
1.639772,2715.56,2712.78,1,1,49,1,0.000,0
1.640140,2716.27,2710.95,1,1,50,1,0.000,0
1.640508,2716.97,2714.62,1,1,51,1,0.000,0
1.640876,2717.66,2713.70,1,1,52,1,0.000,0
1.641244,2718.36,2715.55,1,1,53,1,0.000,0
1.641612,2719.06,2715.55,1,1,54,1,0.000,0
1.641980,2719.76,2718.31,1,1,55,1,0.000,0
1.642347,2720.46,2717.39,1,1,56,1,0.000,0
1.642715,2721.16,2719.24,1,1,57,1,0.000,0
1.643817,2723.25,2720.35,1,1,0,0,0.000,0
1.644184,2723.95,2718.87,1,1,1,0,0.000,0
1.644551,2724.65,2722.57,1,1,2,0,0.000,0
1.644918,2725.34,2721.09,1,1,3,0,0.000,0
1.645285,2726.04,2722.57,1,1,4,0,0.000,0
1.645652,2726.74,2722.57,1,1,5,0,0.000,0
1.646018,2727.43,2723.31,1,1,6,0,0.000,0
1.646385,2728.13,2724.80,1,1,7,0,0.000,0
1.646752,2728.83,2726.65,1,1,8,0,0.000,0
1.647118,2729.52,2727.58,1,1,9,0,0.000,0
1.647484,2730.22,2727.58,1,1,10,0,0.000,0
1.647851,2730.91,2727.58,1,1,11,0,0.000,0
1.648217,2731.61,2728.51,1,1,12,0,0.000,0
1.648583,2732.31,2731.31,1,1,13,0,0.000,0
1.648949,2733.00,2731.31,1,1,14,0,0.000,0
1.649315,2733.70,2729.44,1,1,15,0,0.000,0
1.649680,2734.39,2730.38,1,1,16,0,0.000,0
1.650046,2735.09,2732.24,1,1,17,0,0.000,0
1.650412,2735.78,2732.24,1,1,18,0,0.000,0
1.650777,2736.47,2734.11,1,1,19,0,0.000,0
1.651142,2737.17,2735.98,1,1,20,0,0.000,0
1.651508,2737.86,2735.98,1,1,21,0,0.000,0
1.651873,2738.56,2735.04,1,1,22,0,0.000,0
1.652238,2739.25,2737.85,1,1,23,0,0.000,0
1.652603,2739.94,2738.79,1,1,24,0,0.000,0
1.652968,2740.64,2737.85,1,1,25,0,0.000,0
1.653333,2741.33,2738.79,1,1,26,0,0.000,0
1.653697,2742.02,2738.79,1,1,27,0,0.000,0
1.654062,2742.72,2738.79,1,1,28,0,0.000,0
1.654427,2743.41,2738.79,1,1,29,0,0.000,0
1.654791,2744.10,2741.60,1,1,30,0,0.000,0
1.655156,2744.79,2741.60,1,1,31,0,0.000,0
1.655520,2745.49,2742.54,1,1,32,0,0.000,0
1.655884,2746.18,2744.43,1,1,33,0,0.000,0
1.656248,2746.87,2744.43,1,1,34,0,0.000,0
1.656612,2747.56,2745.37,1,1,35,0,0.000,0
1.656976,2748.25,2745.37,1,1,36,0,0.000,0
1.657340,2748.94,2747.25,1,1,37,0,0.000,0
1.657704,2749.64,2745.37,1,1,38,0,0.000,0
1.658067,2750.33,2748.20,1,1,39,0,0.000,0
1.658431,2751.02,2747.25,1,1,40,0,0.000,0
1.658794,2751.71,2748.20,1,1,41,0,0.000,0
1.659158,2752.40,2750.09,1,1,42,0,0.000,0
1.659521,2753.09,2751.03,1,1,43,0,0.000,0
1.659884,2753.78,2751.03,1,1,44,0,0.000,0
1.660247,2754.47,2751.03,1,1,45,0,0.000,0
1.660610,2755.16,2752.93,1,1,46,0,0.000,0
1.660973,2755.85,2751.03,1,1,47,0,0.000,0
1.661336,2756.54,2752.93,1,1,48,0,0.000,0
1.661699,2757.23,2754.82,1,1,49,0,0.000,0
1.662061,2757.92,2753.87,1,1,50,0,0.000,0
1.662424,2758.60,2754.82,1,1,51,0,0.000,0
1.662786,2759.29,2755.77,1,1,52,0,0.000,0
1.663149,2759.98,2756.72,1,1,53,0,0.000,0
1.663511,2760.67,2758.62,1,1,54,0,0.000,0
1.663873,2761.36,2760.52,1,1,55,0,0.000,0
1.664235,2762.05,2760.52,1,1,56,0,0.000,0
1.664597,2762.73,2758.62,1,1,57,0,0.000,0
1.665683,2764.80,2761.67,1,1,0,1,0.000,0
1.666044,2765.48,2762.43,1,1,1,1,0.000,0
1.666406,2766.17,2763.96,1,1,2,1,0.000,0
1.666767,2766.86,2763.96,1,1,3,1,0.000,0
1.667129,2767.54,2764.72,1,1,4,1,0.000,0
1.667490,2768.23,2763.96,1,1,5,1,0.000,0
1.667851,2768.92,2764.72,1,1,6,1,0.000,0
1.668212,2769.60,2767.02,1,1,7,1,0.000,0
1.668573,2770.29,2767.21,1,1,8,1,0.000,0
1.668934,2770.97,2768.17,1,1,9,1,0.000,0
1.669295,2771.66,2768.17,1,1,10,1,0.000,0
1.669656,2772.34,2769.12,1,1,11,1,0.000,0
1.670016,2773.03,2770.08,1,1,12,1,0.000,0
1.670377,2773.72,2771.04,1,1,13,1,0.000,0
1.670738,2774.40,2772.00,1,1,14,1,0.000,0
1.671098,2775.08,2772.96,1,1,15,1,0.000,0
1.671458,2775.77,2772.96,1,1,16,1,0.000,0
1.671818,2776.45,2773.93,1,1,17,1,0.000,0
1.672179,2777.14,2774.89,1,1,18,1,0.000,0
1.672539,2777.82,2774.89,1,1,19,1,0.000,0
1.672899,2778.51,2774.89,1,1,20,1,0.000,0
1.673258,2779.19,2776.81,1,1,21,1,0.000,0
1.673618,2779.87,2777.78,1,1,22,1,0.000,0
1.673978,2780.56,2777.78,1,1,23,1,0.000,0
1.674337,2781.24,2778.74,1,1,24,1,0.000,0
1.674697,2781.92,2780.67,1,1,25,1,0.000,0
1.675056,2782.61,2779.71,1,1,26,1,0.000,0
1.675416,2783.29,2780.67,1,1,27,1,0.000,0
1.675775,2783.97,2781.64,1,1,28,1,0.000,0
1.676134,2784.65,2782.61,1,1,29,1,0.000,0
1.676493,2785.34,2782.61,1,1,30,1,0.000,0
1.676852,2786.02,2781.64,1,1,31,1,0.000,0
1.677211,2786.70,2785.52,1,1,32,1,0.000,0
1.677570,2787.38,2783.58,1,1,33,1,0.000,0
1.677929,2788.06,2786.49,1,1,34,1,0.000,0
1.678287,2788.75,2786.49,1,1,35,1,0.000,0
1.678646,2789.43,2787.46,1,1,36,1,0.000,0
1.679004,2790.11,2786.49,1,1,37,1,0.000,0
1.679363,2790.79,2788.43,1,1,38,1,0.000,0
1.679721,2791.47,2788.43,1,1,39,1,0.000,0
1.680079,2792.15,2788.43,1,1,40,1,0.000,0
1.680437,2792.83,2788.43,1,1,41,1,0.000,0
1.680795,2793.51,2789.40,1,1,42,1,0.000,0
1.681153,2794.19,2791.35,1,1,43,1,0.000,0
1.681511,2794.87,2791.35,1,1,44,1,0.000,0
1.681869,2795.55,2793.30,1,1,45,1,0.000,0
1.682226,2796.23,2794.27,1,1,46,1,0.000,0
1.682584,2796.91,2796.23,1,1,47,1,0.000,0
1.682941,2797.59,2794.27,1,1,48,1,0.000,0
1.683299,2798.27,2797.20,1,1,49,1,0.000,0
1.683656,2798.95,2797.20,1,1,50,1,0.000,0
1.684013,2799.62,2797.20,1,1,51,1,0.000,0
1.684371,2800.30,2798.18,1,1,52,1,0.000,0
1.684728,2800.98,2798.18,1,1,53,1,0.000,0
1.685085,2801.66,2796.23,1,1,54,1,0.000,0
1.685441,2802.34,2799.16,1,1,55,1,0.000,0
1.685798,2803.02,2801.12,1,1,56,1,0.000,0
1.686155,2803.69,2800.14,1,1,57,1,0.000,0
1.687225,2805.73,2801.91,1,1,0,0,0.000,0
1.687581,2806.40,2803.48,1,1,1,0,0.000,0
1.687937,2807.08,2803.48,1,1,2,0,0.000,0
1.688293,2807.76,2804.26,1,1,3,0,0.000,0
1.688650,2808.43,2805.84,1,1,4,0,0.000,0
1.689006,2809.11,2805.05,1,1,5,0,0.000,0
1.689362,2809.79,2806.62,1,1,6,0,0.000,0
1.689717,2810.46,2806.62,1,1,7,0,0.000,0
1.690073,2811.14,2808.99,1,1,8,0,0.000,0
1.690429,2811.81,2807.02,1,1,9,0,0.000,0
1.690784,2812.49,2809.98,1,1,10,0,0.000,0
1.691140,2813.16,2810.96,1,1,11,0,0.000,0
1.691495,2813.84,2809.98,1,1,12,0,0.000,0
1.691851,2814.51,2812.94,1,1,13,0,0.000,0
1.692206,2815.19,2811.95,1,1,14,0,0.000,0
1.692561,2815.87,2814.92,1,1,15,0,0.000,0
1.692916,2816.54,2811.95,1,1,16,0,0.000,0
1.693271,2817.21,2815.91,1,1,17,0,0.000,0
1.693626,2817.89,2812.94,1,1,18,0,0.000,0
1.693981,2818.56,2815.91,1,1,19,0,0.000,0
1.694336,2819.24,2817.89,1,1,20,0,0.000,0
1.694690,2819.91,2815.91,1,1,21,0,0.000,0
1.695045,2820.58,2817.89,1,1,22,0,0.000,0
1.695399,2821.26,2817.89,1,1,23,0,0.000,0
1.695754,2821.93,2820.87,1,1,24,0,0.000,0
1.696108,2822.61,2819.88,1,1,25,0,0.000,0
1.696462,2823.28,2822.87,1,1,26,0,0.000,0
1.696817,2823.95,2819.88,1,1,27,0,0.000,0
1.697171,2824.62,2820.87,1,1,28,0,0.000,0
1.697525,2825.30,2823.86,1,1,29,0,0.000,0
1.697879,2825.97,2823.86,1,1,30,0,0.000,0
1.698232,2826.64,2822.87,1,1,31,0,0.000,0
1.698586,2827.31,2823.86,1,1,32,0,0.000,0
1.698940,2827.98,2821.87,1,1,33,0,0.000,0
1.699293,2828.66,2826.86,1,1,34,0,0.000,0
1.699647,2829.33,2827.85,1,1,35,0,0.000,0
1.700000,2830.00,2828.85,1,1,36,0,0.000,0
1.700354,2830.67,2828.85,1,1,37,0,0.000,0
1.700707,2831.34,2828.85,1,1,38,0,0.000,0
1.701060,2832.01,2829.85,1,1,39,0,0.000,0
1.701413,2832.68,2829.85,1,1,40,0,0.000,0
1.701766,2833.35,2834.87,1,1,41,0,0.000,0
1.702119,2834.02,2828.85,1,1,42,0,0.000,0
1.702472,2834.69,2830.86,1,1,43,0,0.000,0
1.702824,2835.37,2831.86,1,1,44,0,0.000,0
1.703177,2836.04,2831.86,1,1,45,0,0.000,0
1.703530,2836.71,2831.86,1,1,46,0,0.000,0
1.703882,2837.38,2833.86,1,1,47,0,0.000,0
1.704234,2838.04,2835.87,1,1,48,0,0.000,0
1.704587,2838.71,2835.87,1,1,49,0,0.000,0
1.704939,2839.38,2837.89,1,1,50,0,0.000,0
1.705291,2840.05,2836.88,1,1,51,0,0.000,0
1.705643,2840.72,2839.90,1,1,52,0,0.000,0
1.705995,2841.39,2836.88,1,1,53,0,0.000,0
1.706347,2842.06,2841.92,1,1,54,0,0.000,0
1.706699,2842.73,2840.91,1,1,55,0,0.000,0
1.707051,2843.39,2838.89,1,1,56,0,0.000,0
1.707402,2844.06,2840.91,1,1,57,0,0.000,0
1.708457,2846.07,2842.52,1,1,0,1,0.000,0
1.708808,2846.74,2844.95,1,1,1,1,0.000,0
1.709159,2847.40,2843.33,1,1,2,1,0.000,0
1.709511,2848.07,2846.57,1,1,3,1,0.000,0
1.709862,2848.74,2844.95,1,1,4,1,0.000,0
1.710213,2849.40,2847.38,1,1,5,1,0.000,0
1.710563,2850.07,2847.38,1,1,6,1,0.000,0
1.710914,2850.74,2847.38,1,1,7,1,0.000,0
1.711265,2851.40,2849.00,1,1,8,1,0.000,0
1.711616,2852.07,2847.99,1,1,9,1,0.000,0
1.711966,2852.74,2849.00,1,1,10,1,0.000,0
1.712317,2853.40,2850.02,1,1,11,1,0.000,0
1.712667,2854.07,2851.03,1,1,12,1,0.000,0
1.713018,2854.73,2850.02,1,1,13,1,0.000,0
1.713368,2855.40,2854.08,1,1,14,1,0.000,0
1.713718,2856.06,2853.07,1,1,15,1,0.000,0
1.714068,2856.73,2854.08,1,1,16,1,0.000,0
1.714418,2857.39,2855.10,1,1,17,1,0.000,0
1.714768,2858.06,2856.12,1,1,18,1,0.000,0
1.715118,2858.72,2856.12,1,1,19,1,0.000,0
1.715468,2859.39,2858.16,1,1,20,1,0.000,0
1.715817,2860.05,2858.16,1,1,21,1,0.000,0
1.716167,2860.72,2857.14,1,1,22,1,0.000,0
1.716516,2861.38,2859.19,1,1,23,1,0.000,0
1.716866,2862.04,2860.21,1,1,24,1,0.000,0
1.717215,2862.71,2860.21,1,1,25,1,0.000,0
1.717565,2863.37,2859.19,1,1,26,1,0.000,0
1.717914,2864.03,2861.23,1,1,27,1,0.000,0
1.718263,2864.70,2861.23,1,1,28,1,0.000,0
1.718612,2865.36,2862.25,1,1,29,1,0.000,0
1.718961,2866.02,2863.28,1,1,30,1,0.000,0
1.719310,2866.69,2863.28,1,1,31,1,0.000,0
1.719658,2867.35,2863.28,1,1,32,1,0.000,0
1.720007,2868.01,2864.30,1,1,33,1,0.000,0
1.720356,2868.67,2866.36,1,1,34,1,0.000,0
1.720704,2869.34,2867.38,1,1,35,1,0.000,0
1.721053,2870.00,2865.33,1,1,36,1,0.000,0
1.721401,2870.66,2868.41,1,1,37,1,0.000,0
1.721750,2871.32,2869.44,1,1,38,1,0.000,0
1.722098,2871.98,2870.47,1,1,39,1,0.000,0
1.722446,2872.65,2870.47,1,1,40,1,0.000,0
1.722794,2873.31,2873.56,1,1,41,1,0.000,0
1.723142,2873.97,2872.53,1,1,42,1,0.000,0
1.723490,2874.63,2871.50,1,1,43,1,0.000,0
1.723838,2875.29,2872.53,1,1,44,1,0.000,0
1.724186,2875.95,2874.60,1,1,45,1,0.000,0
1.724533,2876.61,2872.53,1,1,46,1,0.000,0
1.724881,2877.27,2875.63,1,1,47,1,0.000,0
1.725228,2877.93,2875.63,1,1,48,1,0.000,0
1.725576,2878.59,2874.60,1,1,49,1,0.000,0
1.725923,2879.25,2877.70,1,1,50,1,0.000,0
1.726270,2879.91,2877.70,1,1,51,1,0.000,0
1.726618,2880.57,2878.73,1,1,52,1,0.000,0
1.726965,2881.23,2876.66,1,1,53,1,0.000,0
1.727312,2881.89,2879.77,1,1,54,1,0.000,0
1.727659,2882.55,2878.73,1,1,55,1,0.000,0
1.728006,2883.21,2879.77,1,1,56,1,0.000,0
1.728352,2883.87,2879.77,1,1,57,1,0.000,0
1.729392,2885.84,2883.51,1,1,0,0,0.000,0
1.729739,2886.50,2882.68,1,1,1,0,0.000,0
1.730085,2887.16,2884.34,1,1,2,0,0.000,0
1.730431,2887.82,2885.17,1,1,3,0,0.000,0
1.730778,2888.48,2886.00,1,1,4,0,0.000,0
1.731124,2889.13,2884.34,1,1,5,0,0.000,0
1.731470,2889.79,2887.67,1,1,6,0,0.000,0
1.731816,2890.45,2886.84,1,1,7,0,0.000,0
1.732162,2891.11,2884.96,1,1,8,0,0.000,0
1.732508,2891.76,2889.13,1,1,9,0,0.000,0
1.732853,2892.42,2889.13,1,1,10,0,0.000,0
1.733199,2893.08,2890.17,1,1,11,0,0.000,0
1.733545,2893.73,2891.22,1,1,12,0,0.000,0
1.733890,2894.39,2892.26,1,1,13,0,0.000,0
1.734236,2895.05,2891.22,1,1,14,0,0.000,0
1.734581,2895.70,2894.36,1,1,15,0,0.000,0
1.734926,2896.36,2895.40,1,1,16,0,0.000,0
1.735272,2897.01,2894.36,1,1,17,0,0.000,0
1.735617,2897.67,2896.45,1,1,18,0,0.000,0
1.735962,2898.33,2895.40,1,1,19,0,0.000,0
1.736307,2898.98,2895.40,1,1,20,0,0.000,0
1.736652,2899.64,2898.55,1,1,21,0,0.000,0
1.736997,2900.29,2898.55,1,1,22,0,0.000,0
1.737341,2900.95,2898.55,1,1,23,0,0.000,0
1.737686,2901.60,2897.50,1,1,24,0,0.000,0
1.738031,2902.26,2900.65,1,1,25,0,0.000,0
1.738375,2902.91,2900.65,1,1,26,0,0.000,0
1.738720,2903.57,2902.76,1,1,27,0,0.000,0
1.739064,2904.22,2901.70,1,1,28,0,0.000,0
1.739408,2904.88,2900.65,1,1,29,0,0.000,0
1.739752,2905.53,2902.76,1,1,30,0,0.000,0
1.740097,2906.18,2902.76,1,1,31,0,0.000,0
1.740441,2906.84,2904.87,1,1,32,0,0.000,0
1.740785,2907.49,2904.87,1,1,33,0,0.000,0
1.741129,2908.14,2903.81,1,1,34,0,0.000,0
1.741472,2908.80,2904.87,1,1,35,0,0.000,0
1.741816,2909.45,2906.98,1,1,36,0,0.000,0
1.742160,2910.10,2909.09,1,1,37,0,0.000,0
1.742503,2910.76,2906.98,1,1,38,0,0.000,0
1.742847,2911.41,2909.09,1,1,39,0,0.000,0
1.743190,2912.06,2909.09,1,1,40,0,0.000,0
1.743534,2912.71,2909.09,1,1,41,0,0.000,0
1.743877,2913.36,2911.21,1,1,42,0,0.000,0
1.744220,2914.02,2911.21,1,1,43,0,0.000,0
1.744563,2914.67,2913.33,1,1,44,0,0.000,0
1.744906,2915.32,2912.27,1,1,45,0,0.000,0
1.745249,2915.97,2913.33,1,1,46,0,0.000,0
1.745592,2916.62,2913.33,1,1,47,0,0.000,0
1.745935,2917.28,2913.33,1,1,48,0,0.000,0
1.746278,2917.93,2914.39,1,1,49,0,0.000,0
1.746620,2918.58,2915.45,1,1,50,0,0.000,0
1.746963,2919.23,2916.51,1,1,51,0,0.000,0
1.747306,2919.88,2915.45,1,1,52,0,0.000,0
1.747648,2920.53,2917.58,1,1,53,0,0.000,0
1.747990,2921.18,2918.64,1,1,54,0,0.000,0
1.748333,2921.83,2919.71,1,1,55,0,0.000,0
1.748675,2922.48,2921.84,1,1,56,0,0.000,0
1.749017,2923.13,2920.77,1,1,57,0,0.000,0
1.750043,2925.08,2922.27,1,1,0,1,0.000,0
1.750385,2925.73,2922.27,1,1,1,1,0.000,0
1.750727,2926.38,2923.98,1,1,2,1,0.000,0
1.751068,2927.03,2923.12,1,1,3,1,0.000,0
1.751410,2927.68,2924.83,1,1,4,1,0.000,0
1.751751,2928.33,2924.83,1,1,5,1,0.000,0
1.752093,2928.97,2925.69,1,1,6,1,0.000,0
1.752434,2929.62,2927.40,1,1,7,1,0.000,0
1.752776,2930.27,2928.26,1,1,8,1,0.000,0
1.753117,2930.92,2929.33,1,1,9,1,0.000,0
1.753458,2931.57,2927.19,1,1,10,1,0.000,0
1.753799,2932.22,2930.40,1,1,11,1,0.000,0
1.754140,2932.86,2931.48,1,1,12,1,0.000,0
1.754481,2933.51,2931.48,1,1,13,1,0.000,0
1.754822,2934.16,2932.55,1,1,14,1,0.000,0
1.755163,2934.81,2932.55,1,1,15,1,0.000,0
1.755503,2935.46,2931.48,1,1,16,1,0.000,0
1.755844,2936.10,2932.55,1,1,17,1,0.000,0
1.756184,2936.75,2934.70,1,1,18,1,0.000,0
1.756525,2937.40,2936.86,1,1,19,1,0.000,0
1.756865,2938.04,2935.78,1,1,20,1,0.000,0
1.757206,2938.69,2936.86,1,1,21,1,0.000,0
1.757546,2939.34,2936.86,1,1,22,1,0.000,0
1.757886,2939.98,2935.78,1,1,23,1,0.000,0
1.758226,2940.63,2936.86,1,1,24,1,0.000,0
1.758566,2941.28,2936.86,1,1,25,1,0.000,0
1.758906,2941.92,2940.10,1,1,26,1,0.000,0
1.759246,2942.57,2937.94,1,1,27,1,0.000,0
1.759586,2943.21,2939.02,1,1,28,1,0.000,0
1.759926,2943.86,2942.26,1,1,29,1,0.000,0
1.760265,2944.50,2940.10,1,1,30,1,0.000,0
1.760605,2945.15,2943.34,1,1,31,1,0.000,0
1.760944,2945.79,2945.51,1,1,32,1,0.000,0
1.761284,2946.44,2946.59,1,1,33,1,0.000,0
1.761623,2947.08,2944.42,1,1,34,1,0.000,0
1.761962,2947.73,2944.42,1,1,35,1,0.000,0
1.762302,2948.37,2946.59,1,1,36,1,0.000,0
1.762641,2949.02,2944.42,1,1,37,1,0.000,0
1.762980,2949.66,2948.77,1,1,38,1,0.000,0
1.763319,2950.30,2947.68,1,1,39,1,0.000,0
1.763658,2950.95,2949.85,1,1,40,1,0.000,0
1.763996,2951.59,2948.77,1,1,41,1,0.000,0
1.764335,2952.24,2948.77,1,1,42,1,0.000,0
1.764674,2952.88,2950.94,1,1,43,1,0.000,0
1.765013,2953.52,2952.03,1,1,44,1,0.000,0
1.765351,2954.17,2953.12,1,1,45,1,0.000,0
1.765690,2954.81,2952.03,1,1,46,1,0.000,0
1.766028,2955.45,2953.12,1,1,47,1,0.000,0
1.766366,2956.10,2953.12,1,1,48,1,0.000,0
1.766704,2956.74,2955.30,1,1,49,1,0.000,0
1.767043,2957.38,2956.39,1,1,50,1,0.000,0
1.767381,2958.02,2955.30,1,1,51,1,0.000,0
1.767719,2958.66,2954.21,1,1,52,1,0.000,0
1.768057,2959.31,2955.30,1,1,53,1,0.000,0
1.768395,2959.95,2957.49,1,1,54,1,0.000,0
1.768732,2960.59,2957.49,1,1,55,1,0.000,0
1.769070,2961.23,2957.49,1,1,56,1,0.000,0
1.769408,2961.87,2958.58,1,1,57,1,0.000,0
1.770420,2963.80,2959.46,1,1,0,0,0.000,0
1.770758,2964.44,2961.21,1,1,1,0,0.000,0
1.771095,2965.08,2962.96,1,1,2,0,0.000,0
1.771432,2965.72,2962.09,1,1,3,0,0.000,0
1.771769,2966.36,2962.96,1,1,4,0,0.000,0
1.772106,2967.00,2964.72,1,1,5,0,0.000,0
1.772443,2967.64,2963.84,1,1,6,0,0.000,0
1.772780,2968.28,2963.84,1,1,7,0,0.000,0
1.773117,2968.92,2966.26,1,1,8,0,0.000,0
1.773454,2969.56,2966.26,1,1,9,0,0.000,0
1.773791,2970.20,2967.36,1,1,10,0,0.000,0
1.774127,2970.84,2969.56,1,1,11,0,0.000,0
1.774464,2971.48,2968.46,1,1,12,0,0.000,0
1.774800,2972.12,2968.46,1,1,13,0,0.000,0
1.775137,2972.76,2971.77,1,1,14,0,0.000,0
1.775473,2973.40,2971.77,1,1,15,0,0.000,0
1.775810,2974.04,2972.87,1,1,16,0,0.000,0
1.776146,2974.68,2973.98,1,1,17,0,0.000,0
1.776482,2975.31,2971.77,1,1,18,0,0.000,0
1.776818,2975.95,2971.77,1,1,19,0,0.000,0
1.777154,2976.59,2972.87,1,1,20,0,0.000,0
1.777490,2977.23,2973.98,1,1,21,0,0.000,0
1.777826,2977.87,2973.98,1,1,22,0,0.000,0
1.778161,2978.51,2976.19,1,1,23,0,0.000,0
1.778497,2979.14,2977.30,1,1,24,0,0.000,0
1.778833,2979.78,2976.19,1,1,25,0,0.000,0
1.779168,2980.42,2978.41,1,1,26,0,0.000,0
1.779504,2981.06,2979.52,1,1,27,0,0.000,0
1.779839,2981.69,2980.63,1,1,28,0,0.000,0
1.780175,2982.33,2981.74,1,1,29,0,0.000,0
1.780510,2982.97,2980.63,1,1,30,0,0.000,0
1.780845,2983.61,2981.74,1,1,31,0,0.000,0
1.781180,2984.24,2980.63,1,1,32,0,0.000,0
1.781515,2984.88,2981.74,1,1,33,0,0.000,0
1.781850,2985.51,2981.74,1,1,34,0,0.000,0
1.782185,2986.15,2982.85,1,1,35,0,0.000,0
1.782520,2986.79,2983.96,1,1,36,0,0.000,0
1.782855,2987.42,2985.07,1,1,37,0,0.000,0
1.783189,2988.06,2985.07,1,1,38,0,0.000,0
1.783524,2988.70,2985.07,1,1,39,0,0.000,0
1.783859,2989.33,2986.19,1,1,40,0,0.000,0
1.784193,2989.97,2987.30,1,1,41,0,0.000,0
1.784528,2990.60,2988.42,1,1,42,0,0.000,0
1.784862,2991.24,2988.42,1,1,43,0,0.000,0
1.785196,2991.87,2988.42,1,1,44,0,0.000,0
1.785530,2992.51,2989.54,1,1,45,0,0.000,0
1.785865,2993.14,2990.65,1,1,46,0,0.000,0
1.786199,2993.78,2991.77,1,1,47,0,0.000,0
1.786533,2994.41,2992.89,1,1,48,0,0.000,0
1.786867,2995.05,2992.89,1,1,49,0,0.000,0
1.787200,2995.68,2992.89,1,1,50,0,0.000,0
1.787534,2996.31,2995.13,1,1,51,0,0.000,0
1.787868,2996.95,2996.25,1,1,52,0,0.000,0
1.788201,2997.58,2995.13,1,1,53,0,0.000,0
1.788535,2998.22,2997.38,1,1,54,0,0.000,0
1.788869,2998.85,2996.25,1,1,55,0,0.000,0
1.789202,2999.48,2994.01,1,1,56,0,0.000,0
1.789535,3000.12,2998.50,1,1,57,0,0.000,0
1.790535,3002.01,2999.40,1,1,0,1,0.000,0
1.790868,3002.65,2998.50,1,1,1,1,0.000,0
1.791201,3003.28,2999.40,1,1,2,1,0.000,0
1.791534,3003.91,2999.40,1,1,3,1,0.000,0
1.791867,3004.55,3001.20,1,1,4,1,0.000,0
1.792200,3005.18,3002.10,1,1,5,1,0.000,0
1.792532,3005.81,3003.91,1,1,6,1,0.000,0
1.792865,3006.44,3003.00,1,1,7,1,0.000,0
1.793198,3007.07,3004.13,1,1,8,1,0.000,0
1.793530,3007.71,3007.52,1,1,9,1,0.000,0
1.793863,3008.34,3006.39,1,1,10,1,0.000,0
1.794195,3008.97,3006.39,1,1,11,1,0.000,0
1.794527,3009.60,3005.26,1,1,12,1,0.000,0
1.794859,3010.23,3005.26,1,1,13,1,0.000,0
1.795192,3010.86,3008.65,1,1,14,1,0.000,0
1.795524,3011.49,3008.65,1,1,15,1,0.000,0
1.795856,3012.12,3009.78,1,1,16,1,0.000,0
1.796188,3012.76,3009.78,1,1,17,1,0.000,0
1.796520,3013.39,3010.91,1,1,18,1,0.000,0
1.796851,3014.02,3013.18,1,1,19,1,0.000,0
1.797183,3014.65,3014.32,1,1,20,1,0.000,0
1.797515,3015.28,3015.45,1,1,21,1,0.000,0
1.797846,3015.91,3014.32,1,1,22,1,0.000,0
1.798178,3016.54,3015.45,1,1,23,1,0.000,0
1.798509,3017.17,3014.32,1,1,24,1,0.000,0
1.798841,3017.80,3013.18,1,1,25,1,0.000,0
1.799172,3018.43,3014.32,1,1,26,1,0.000,0
1.799503,3019.06,3015.45,1,1,27,1,0.000,0
1.799835,3019.68,3016.59,1,1,28,1,0.000,0
1.800166,3020.31,3016.59,1,1,29,1,0.000,0
1.800497,3020.94,3017.73,1,1,30,1,0.000,0
1.800828,3021.57,3016.59,1,1,31,1,0.000,0
1.801159,3022.20,3021.15,1,1,32,1,0.000,0
1.801490,3022.83,3022.29,1,1,33,1,0.000,0
1.801820,3023.46,3021.15,1,1,34,1,0.000,0
1.802151,3024.09,3023.43,1,1,35,1,0.000,0
1.802482,3024.71,3022.29,1,1,36,1,0.000,0
1.802812,3025.34,3023.43,1,1,37,1,0.000,0
1.803143,3025.97,3023.43,1,1,38,1,0.000,0
1.803473,3026.60,3025.72,1,1,39,1,0.000,0
1.803804,3027.23,3024.57,1,1,40,1,0.000,0
1.804134,3027.85,3024.57,1,1,41,1,0.000,0
1.804464,3028.48,3025.72,1,1,42,1,0.000,0
1.804794,3029.11,3024.57,1,1,43,1,0.000,0
1.805124,3029.74,3026.86,1,1,44,1,0.000,0
1.805454,3030.36,3028.01,1,1,45,1,0.000,0
1.805784,3030.99,3029.16,1,1,46,1,0.000,0
1.806114,3031.62,3029.16,1,1,47,1,0.000,0
1.806444,3032.24,3028.01,1,1,48,1,0.000,0
1.806774,3032.87,3030.30,1,1,49,1,0.000,0
1.807104,3033.50,3032.60,1,1,50,1,0.000,0
1.807433,3034.12,3032.60,1,1,51,1,0.000,0
1.807763,3034.75,3031.45,1,1,52,1,0.000,0
1.808092,3035.37,3032.60,1,1,53,1,0.000,0
1.808422,3036.00,3032.60,1,1,54,1,0.000,0
1.808751,3036.62,3033.75,1,1,55,1,0.000,0
1.809080,3037.25,3034.90,1,1,56,1,0.000,0
1.809409,3037.88,3036.05,1,1,57,1,0.000,0
1.810397,3039.75,3035.82,1,1,0,0,0.000,0
1.810726,3040.38,3037.67,1,1,1,0,0.000,0
1.811055,3041.00,3037.67,1,1,2,0,0.000,0
1.811383,3041.63,3038.59,1,1,3,0,0.000,0
1.811712,3042.25,3039.51,1,1,4,0,0.000,0
1.812041,3042.88,3040.44,1,1,5,0,0.000,0
1.812369,3043.50,3041.36,1,1,6,0,0.000,0
1.812698,3044.12,3041.36,1,1,7,0,0.000,0
1.813026,3044.75,3041.83,1,1,8,0,0.000,0
1.813355,3045.37,3041.83,1,1,9,0,0.000,0
1.813683,3046.00,3044.14,1,1,10,0,0.000,0
1.814011,3046.62,3042.98,1,1,11,0,0.000,0
1.814340,3047.24,3044.14,1,1,12,0,0.000,0
1.814668,3047.87,3044.14,1,1,13,0,0.000,0
1.814996,3048.49,3045.30,1,1,14,0,0.000,0
1.815324,3049.11,3045.30,1,1,15,0,0.000,0
1.815652,3049.74,3047.62,1,1,16,0,0.000,0
1.815980,3050.36,3047.62,1,1,17,0,0.000,0
1.816307,3050.98,3047.62,1,1,18,0,0.000,0
1.816635,3051.61,3049.94,1,1,19,0,0.000,0
1.816963,3052.23,3051.11,1,1,20,0,0.000,0
1.817290,3052.85,3051.11,1,1,21,0,0.000,0
1.817618,3053.47,3052.27,1,1,22,0,0.000,0
1.817945,3054.10,3051.11,1,1,23,0,0.000,0
1.818273,3054.72,3053.44,1,1,24,0,0.000,0
1.818600,3055.34,3053.44,1,1,25,0,0.000,0
1.818927,3055.96,3054.60,1,1,26,0,0.000,0
1.819254,3056.58,3054.60,1,1,27,0,0.000,0
1.819582,3057.20,3054.60,1,1,28,0,0.000,0
1.819909,3057.83,3056.94,1,1,29,0,0.000,0
1.820236,3058.45,3055.77,1,1,30,0,0.000,0
1.820563,3059.07,3056.94,1,1,31,0,0.000,0
1.820889,3059.69,3055.77,1,1,32,0,0.000,0
1.821216,3060.31,3058.10,1,1,33,0,0.000,0
1.821543,3060.93,3058.10,1,1,34,0,0.000,0
1.821870,3061.55,3058.10,1,1,35,0,0.000,0
1.822196,3062.17,3060.44,1,1,36,0,0.000,0
1.822523,3062.79,3058.10,1,1,37,0,0.000,0
1.822849,3063.41,3059.27,1,1,38,0,0.000,0
1.823176,3064.03,3062.79,1,1,39,0,0.000,0
1.823502,3064.65,3063.96,1,1,40,0,0.000,0
1.823828,3065.27,3062.79,1,1,41,0,0.000,0
1.824154,3065.89,3062.79,1,1,42,0,0.000,0
1.824481,3066.51,3063.96,1,1,43,0,0.000,0
1.824807,3067.13,3063.96,1,1,44,0,0.000,0
1.825133,3067.75,3065.13,1,1,45,0,0.000,0
1.825459,3068.37,3066.31,1,1,46,0,0.000,0
1.825784,3068.99,3065.13,1,1,47,0,0.000,0
1.826110,3069.61,3066.31,1,1,48,0,0.000,0
1.826436,3070.23,3067.48,1,1,49,0,0.000,0
1.826762,3070.85,3067.48,1,1,50,0,0.000,0
1.827087,3071.47,3069.84,1,1,51,0,0.000,0
1.827413,3072.08,3067.48,1,1,52,0,0.000,0
1.827738,3072.70,3071.02,1,1,53,0,0.000,0
1.828064,3073.32,3069.84,1,1,54,0,0.000,0
1.828389,3073.94,3074.56,1,1,55,0,0.000,0
1.828714,3074.56,3072.20,1,1,56,0,0.000,0
1.829040,3075.17,3073.38,1,1,57,0,0.000,0
1.830015,3077.03,3075.03,1,1,0,1,0.000,0
1.830340,3077.64,3074.09,1,1,1,1,0.000,0
1.830665,3078.26,3075.98,1,1,2,1,0.000,0
1.830990,3078.88,3075.98,1,1,3,1,0.000,0
1.831314,3079.50,3076.92,1,1,4,1,0.000,0
1.831639,3080.11,3075.03,1,1,5,1,0.000,0
1.831964,3080.73,3077.87,1,1,6,1,0.000,0
1.832288,3081.35,3077.87,1,1,7,1,0.000,0
1.832613,3081.96,3079.29,1,1,8,1,0.000,0
1.832937,3082.58,3080.48,1,1,9,1,0.000,0
1.833262,3083.20,3080.48,1,1,10,1,0.000,0
1.833586,3083.81,3080.48,1,1,11,1,0.000,0
1.833910,3084.43,3082.85,1,1,12,1,0.000,0
1.834234,3085.04,3081.66,1,1,13,1,0.000,0
1.834558,3085.66,3082.85,1,1,14,1,0.000,0
1.834882,3086.28,3084.04,1,1,15,1,0.000,0
1.835206,3086.89,3085.23,1,1,16,1,0.000,0
1.835530,3087.51,3085.23,1,1,17,1,0.000,0
1.835854,3088.12,3087.61,1,1,18,1,0.000,0
1.836178,3088.74,3087.61,1,1,19,1,0.000,0
1.836502,3089.35,3087.61,1,1,20,1,0.000,0
1.836825,3089.97,3087.61,1,1,21,1,0.000,0
1.837149,3090.58,3087.61,1,1,22,1,0.000,0
1.837472,3091.20,3090.00,1,1,23,1,0.000,0
1.837796,3091.81,3088.80,1,1,24,1,0.000,0
1.838119,3092.43,3090.00,1,1,25,1,0.000,0
1.838443,3093.04,3088.80,1,1,26,1,0.000,0
1.838766,3093.65,3090.00,1,1,27,1,0.000,0
1.839089,3094.27,3092.39,1,1,28,1,0.000,0
1.839412,3094.88,3093.58,1,1,29,1,0.000,0
1.839735,3095.50,3093.58,1,1,30,1,0.000,0
1.840058,3096.11,3091.19,1,1,31,1,0.000,0
1.840381,3096.72,3093.58,1,1,32,1,0.000,0
1.840704,3097.34,3093.58,1,1,33,1,0.000,0
1.841027,3097.95,3095.98,1,1,34,1,0.000,0
1.841350,3098.56,3095.98,1,1,35,1,0.000,0
1.841673,3099.18,3095.98,1,1,36,1,0.000,0
1.841995,3099.79,3098.37,1,1,37,1,0.000,0
1.842318,3100.40,3097.17,1,1,38,1,0.000,0
1.842640,3101.02,3098.37,1,1,39,1,0.000,0
1.842963,3101.63,3099.57,1,1,40,1,0.000,0
1.843285,3102.24,3099.57,1,1,41,1,0.000,0
1.843607,3102.85,3100.78,1,1,42,1,0.000,0
1.843930,3103.47,3100.78,1,1,43,1,0.000,0
1.844252,3104.08,3100.78,1,1,44,1,0.000,0
1.844574,3104.69,3099.57,1,1,45,1,0.000,0
1.844896,3105.30,3103.18,1,1,46,1,0.000,0
1.845218,3105.91,3105.59,1,1,47,1,0.000,0
1.845540,3106.52,3104.39,1,1,48,1,0.000,0
1.845862,3107.14,3105.59,1,1,49,1,0.000,0
1.846184,3107.75,3106.80,1,1,50,1,0.000,0
1.846505,3108.36,3105.59,1,1,51,1,0.000,0
1.846827,3108.97,3105.59,1,1,52,1,0.000,0
1.847149,3109.58,3109.21,1,1,53,1,0.000,0
1.847470,3110.19,3106.80,1,1,54,1,0.000,0
1.847792,3110.80,3106.80,1,1,55,1,0.000,0
1.848113,3111.41,3109.21,1,1,56,1,0.000,0
1.848435,3112.02,3109.21,1,1,57,1,0.000,0
1.849398,3113.86,3108.49,1,1,0,0,0.000,0
1.849719,3114.47,3111.39,1,1,1,0,0.000,0
1.850040,3115.08,3112.36,1,1,2,0,0.000,0
1.850361,3115.69,3111.39,1,1,3,0,0.000,0
1.850682,3116.30,3112.36,1,1,4,0,0.000,0
1.851003,3116.91,3113.32,1,1,5,0,0.000,0
1.851324,3117.51,3115.26,1,1,6,0,0.000,0
1.851645,3118.12,3115.26,1,1,7,0,0.000,0
1.851965,3118.73,3117.69,1,1,8,0,0.000,0
1.852286,3119.34,3118.91,1,1,9,0,0.000,0
1.852607,3119.95,3118.91,1,1,10,0,0.000,0
1.852927,3120.56,3120.12,1,1,11,0,0.000,0
1.853247,3121.17,3121.34,1,1,12,0,0.000,0
1.853568,3121.78,3120.12,1,1,13,0,0.000,0
1.853888,3122.39,3117.69,1,1,14,0,0.000,0
1.854208,3123.00,3120.12,1,1,15,0,0.000,0
1.854529,3123.60,3120.12,1,1,16,0,0.000,0
1.854849,3124.21,3121.34,1,1,17,0,0.000,0
1.855169,3124.82,3121.34,1,1,18,0,0.000,0
1.855489,3125.43,3121.34,1,1,19,0,0.000,0
1.855809,3126.04,3123.78,1,1,20,0,0.000,0
1.856128,3126.64,3123.78,1,1,21,0,0.000,0
1.856448,3127.25,3127.44,1,1,22,0,0.000,0
1.856768,3127.86,3126.22,1,1,23,0,0.000,0
1.857088,3128.47,3127.44,1,1,24,0,0.000,0
1.857407,3129.07,3126.22,1,1,25,0,0.000,0
1.857727,3129.68,3127.44,1,1,26,0,0.000,0
1.858046,3130.29,3127.44,1,1,27,0,0.000,0
1.858366,3130.89,3127.44,1,1,28,0,0.000,0
1.858685,3131.50,3129.89,1,1,29,0,0.000,0
1.859004,3132.11,3128.67,1,1,30,0,0.000,0
1.859324,3132.71,3132.34,1,1,31,0,0.000,0
1.859643,3133.32,3129.89,1,1,32,0,0.000,0
1.859962,3133.93,3131.12,1,1,33,0,0.000,0
1.860281,3134.53,3132.34,1,1,34,0,0.000,0
1.860600,3135.14,3132.34,1,1,35,0,0.000,0
1.860919,3135.74,3132.34,1,1,36,0,0.000,0
1.861238,3136.35,3134.80,1,1,37,0,0.000,0
1.861557,3136.96,3134.80,1,1,38,0,0.000,0
1.861875,3137.56,3132.34,1,1,39,0,0.000,0
1.862194,3138.17,3136.03,1,1,40,0,0.000,0
1.862513,3138.77,3134.80,1,1,41,0,0.000,0
1.862831,3139.38,3136.03,1,1,42,0,0.000,0
1.863150,3139.98,3139.72,1,1,43,0,0.000,0
1.863468,3140.59,3140.95,1,1,44,0,0.000,0
1.863787,3141.19,3137.25,1,1,45,0,0.000,0
1.864105,3141.80,3137.25,1,1,46,0,0.000,0
1.864423,3142.40,3140.95,1,1,47,0,0.000,0
1.864741,3143.01,3140.95,1,1,48,0,0.000,0
1.865060,3143.61,3143.42,1,1,49,0,0.000,0
1.865378,3144.22,3143.42,1,1,50,0,0.000,0
1.865696,3144.82,3140.95,1,1,51,0,0.000,0
1.866014,3145.42,3140.95,1,1,52,0,0.000,0
1.866331,3146.03,3143.42,1,1,53,0,0.000,0
1.866649,3146.63,3147.13,1,1,54,0,0.000,0
1.866967,3147.24,3143.42,1,1,55,0,0.000,0
1.867285,3147.84,3144.65,1,1,56,0,0.000,0
1.867602,3148.44,3144.65,1,1,57,0,0.000,0
1.868555,3150.25,3146.63,1,1,0,1,0.000,0
1.868872,3150.86,3146.63,1,1,1,1,0.000,0
1.869190,3151.46,3149.61,1,1,2,1,0.000,0
1.869507,3152.06,3149.61,1,1,3,1,0.000,0
1.869824,3152.67,3147.62,1,1,4,1,0.000,0
1.870141,3153.27,3150.60,1,1,5,1,0.000,0
1.870458,3153.87,3150.60,1,1,6,1,0.000,0
1.870776,3154.47,3151.59,1,1,7,1,0.000,0
1.871093,3155.07,3152.09,1,1,8,1,0.000,0
1.871409,3155.68,3154.57,1,1,9,1,0.000,0
1.871726,3156.28,3152.09,1,1,10,1,0.000,0
1.872043,3156.88,3153.33,1,1,11,1,0.000,0
1.872360,3157.48,3154.57,1,1,12,1,0.000,0
1.872677,3158.08,3157.06,1,1,13,1,0.000,0
1.872993,3158.69,3155.82,1,1,14,1,0.000,0
1.873310,3159.29,3157.06,1,1,15,1,0.000,0
1.873626,3159.89,3157.06,1,1,16,1,0.000,0
1.873943,3160.49,3159.56,1,1,17,1,0.000,0
1.874259,3161.09,3158.31,1,1,18,1,0.000,0
1.874575,3161.69,3159.56,1,1,19,1,0.000,0
1.874892,3162.29,3162.06,1,1,20,1,0.000,0
1.875208,3162.89,3159.56,1,1,21,1,0.000,0
1.875524,3163.49,3163.31,1,1,22,1,0.000,0
1.875840,3164.09,3163.31,1,1,23,1,0.000,0
1.876156,3164.69,3163.31,1,1,24,1,0.000,0
1.876472,3165.29,3162.06,1,1,25,1,0.000,0
1.876788,3165.90,3163.31,1,1,26,1,0.000,0
1.877104,3166.50,3163.31,1,1,27,1,0.000,0
1.877419,3167.10,3163.31,1,1,28,1,0.000,0
1.877735,3167.70,3165.81,1,1,29,1,0.000,0
1.878051,3168.30,3164.56,1,1,30,1,0.000,0
1.878366,3168.90,3165.81,1,1,31,1,0.000,0
1.878682,3169.49,3168.32,1,1,32,1,0.000,0
1.878997,3170.09,3168.32,1,1,33,1,0.000,0
1.879313,3170.69,3170.83,1,1,34,1,0.000,0
1.879628,3171.29,3172.09,1,1,35,1,0.000,0
1.879944,3171.89,3168.32,1,1,36,1,0.000,0
1.880259,3172.49,3169.57,1,1,37,1,0.000,0
1.880574,3173.09,3172.09,1,1,38,1,0.000,0
1.880889,3173.69,3170.83,1,1,39,1,0.000,0
1.881204,3174.29,3172.09,1,1,40,1,0.000,0
1.881519,3174.89,3170.83,1,1,41,1,0.000,0
1.881834,3175.48,3172.09,1,1,42,1,0.000,0
1.882149,3176.08,3172.09,1,1,43,1,0.000,0
1.882464,3176.68,3178.39,1,1,44,1,0.000,0
1.882779,3177.28,3174.60,1,1,45,1,0.000,0
1.883093,3177.88,3174.60,1,1,46,1,0.000,0
1.883408,3178.47,3175.86,1,1,47,1,0.000,0
1.883722,3179.07,3175.86,1,1,48,1,0.000,0
1.884037,3179.67,3178.39,1,1,49,1,0.000,0
1.884351,3180.27,3178.39,1,1,50,1,0.000,0
1.884666,3180.86,3178.39,1,1,51,1,0.000,0
1.884980,3181.46,3177.12,1,1,52,1,0.000,0
1.885295,3182.06,3179.65,1,1,53,1,0.000,0
1.885609,3182.66,3180.91,1,1,54,1,0.000,0
1.885923,3183.25,3182.18,1,1,55,1,0.000,0
1.886237,3183.85,3179.65,1,1,56,1,0.000,0
1.886551,3184.45,3183.45,1,1,57,1,0.000,0
1.887493,3186.23,3183.70,1,1,0,0,0.000,0
1.887807,3186.83,3184.71,1,1,1,0,0.000,0
1.888120,3187.43,3184.71,1,1,2,0,0.000,0
1.888434,3188.02,3186.74,1,1,3,0,0.000,0
1.888748,3188.62,3184.71,1,1,4,0,0.000,0
1.889061,3189.22,3184.71,1,1,5,0,0.000,0
1.889375,3189.81,3187.76,1,1,6,0,0.000,0
1.889688,3190.41,3187.76,1,1,7,0,0.000,0
1.890002,3191.00,3187.25,1,1,8,0,0.000,0
1.890315,3191.60,3188.52,1,1,9,0,0.000,0
1.890628,3192.19,3188.52,1,1,10,0,0.000,0
1.890942,3192.79,3189.79,1,1,11,0,0.000,0
1.891255,3193.38,3192.34,1,1,12,0,0.000,0
1.891568,3193.98,3192.34,1,1,13,0,0.000,0
1.891881,3194.57,3192.34,1,1,14,0,0.000,0
1.892194,3195.17,3189.79,1,1,15,0,0.000,0
1.892507,3195.76,3192.34,1,1,16,0,0.000,0
1.892820,3196.36,3193.61,1,1,17,0,0.000,0
1.893133,3196.95,3197.44,1,1,18,0,0.000,0
1.893445,3197.55,3193.61,1,1,19,0,0.000,0
1.893758,3198.14,3194.89,1,1,20,0,0.000,0
1.894071,3198.73,3196.16,1,1,21,0,0.000,0
1.894383,3199.33,3197.44,1,1,22,0,0.000,0
1.894696,3199.92,3198.72,1,1,23,0,0.000,0
1.895008,3200.52,3198.72,1,1,24,0,0.000,0
1.895321,3201.11,3198.72,1,1,25,0,0.000,0
1.895633,3201.70,3198.72,1,1,26,0,0.000,0
1.895946,3202.30,3200.00,1,1,27,0,0.000,0
1.896258,3202.89,3200.00,1,1,28,0,0.000,0
1.896570,3203.48,3201.28,1,0,29,0,0.000,0
1.896882,3204.08,3200.00,1,0,30,0,0.000,0
1.897194,3204.67,3201.28,1,0,31,0,0.000,0
1.897506,3205.26,3203.84,1,0,32,0,0.000,0
1.897818,3205.85,3203.84,1,0,33,0,0.000,0
1.898130,3206.45,3202.56,1,0,34,0,0.000,0
1.898442,3207.04,3205.13,1,0,35,0,0.000,0
1.898754,3207.63,3206.41,1,0,36,0,0.000,0
1.899065,3208.22,3205.13,1,0,37,0,0.000,0
1.899377,3208.82,3207.70,1,0,38,0,0.000,0
1.899689,3209.41,3207.70,1,0,39,0,0.000,0
1.900000,3210.00,3207.70,1,0,40,0,0.000,0
1.900312,3210.59,3207.70,1,0,41,0,0.000,0
1.900623,3211.18,3210.27,1,0,42,0,0.000,0
1.900935,3211.77,3211.56,1,0,43,0,0.000,0
1.901246,3212.37,3208.99,1,0,44,0,0.000,0
1.901557,3212.96,3211.56,1,0,45,0,0.000,0
1.901868,3213.55,3212.85,1,0,46,0,0.000,0
1.902180,3214.14,3212.85,1,0,47,0,0.000,0
1.902491,3214.73,3211.56,1,0,48,0,0.000,0
1.902802,3215.32,3214.14,1,0,49,0,0.000,0
1.903113,3215.91,3211.56,1,0,50,0,0.000,0
1.903424,3216.50,3212.85,1,0,51,0,0.000,0
1.903734,3217.09,3215.43,1,0,52,0,0.000,0
1.904045,3217.69,3215.43,1,0,53,0,0.000,0
1.904356,3218.28,3214.14,1,0,54,0,0.000,0
1.904667,3218.87,3215.43,1,0,55,0,0.000,0
1.904977,3219.46,3218.02,1,0,56,0,0.000,0
1.905288,3220.05,3215.43,1,0,57,0,0.000,0
1.906219,3221.82,3218.54,1,0,0,1,0.000,0
1.906530,3222.41,3217.50,1,0,1,1,0.000,0
1.906840,3223.00,3219.57,1,0,2,1,0.000,0
1.907150,3223.59,3221.65,1,0,3,1,0.000,0
1.907460,3224.17,3220.61,1,0,4,1,0.000,0
1.907771,3224.76,3221.65,1,0,5,1,0.000,0
1.908081,3225.35,3221.65,1,0,6,1,0.000,0
1.908391,3225.94,3224.77,1,0,7,1,0.000,0
1.908701,3226.53,3224.51,1,0,8,1,0.000,0
1.909011,3227.12,3227.11,1,0,9,1,0.000,0
1.909320,3227.71,3225.81,1,0,10,1,0.000,0
1.909630,3228.30,3225.81,1,0,11,1,0.000,0
1.909940,3228.88,3225.81,1,0,12,1,0.000,0
1.910250,3229.47,3227.11,1,0,13,1,0.000,0
1.910559,3230.06,3227.11,1,0,14,1,0.000,0
1.910869,3230.65,3227.11,1,0,15,1,0.000,0
1.911178,3231.24,3229.71,1,0,16,1,0.000,0
1.911488,3231.83,3229.71,1,0,17,1,0.000,0
1.911797,3232.41,3228.41,1,0,18,1,0.000,0
1.912106,3233.00,3229.71,1,0,19,1,0.000,0
1.912416,3233.59,3232.32,1,0,20,1,0.000,0
1.912725,3234.18,3232.32,1,0,21,1,0.000,0
1.913034,3234.76,3234.94,1,0,22,1,0.000,0
1.913343,3235.35,3232.32,1,0,23,1,0.000,0
1.913652,3235.94,3234.94,1,0,24,1,0.000,0
1.913961,3236.53,3233.63,1,0,25,1,0.000,0
1.914270,3237.11,3234.94,1,0,26,1,0.000,0
1.914579,3237.70,3234.94,1,0,27,1,0.000,0
1.914888,3238.29,3236.25,1,0,28,1,0.000,0
1.915197,3238.87,3237.56,1,0,29,1,0.000,0
1.915505,3239.46,3234.94,1,0,30,1,0.000,0
1.915814,3240.05,3237.56,1,0,31,1,0.000,0
1.916123,3240.63,3236.25,1,0,32,1,0.000,0
1.916431,3241.22,3237.56,1,0,33,1,0.000,0
1.916740,3241.80,3241.49,1,0,34,1,0.000,0
1.917048,3242.39,3241.49,1,0,35,1,0.000,0
1.917357,3242.98,3240.18,1,0,36,1,0.000,0
1.917665,3243.56,3241.49,1,0,37,1,0.000,0
1.917973,3244.15,3241.49,1,0,38,1,0.000,0
1.918281,3244.73,3242.80,1,0,39,1,0.000,0
1.918590,3245.32,3244.12,1,0,40,1,0.000,0
1.918898,3245.90,3244.12,1,0,41,1,0.000,0
1.919206,3246.49,3242.80,1,0,42,1,0.000,0
1.919514,3247.07,3244.12,1,0,43,1,0.000,0
1.919822,3247.66,3244.12,1,0,44,1,0.000,0
1.920130,3248.25,3245.44,1,0,45,1,0.000,0
1.920437,3248.83,3246.75,1,0,46,1,0.000,0
1.920745,3249.42,3249.39,1,0,47,1,0.000,0
1.921053,3250.00,3248.07,1,0,48,1,0.000,0
1.921361,3250.58,3248.07,1,0,49,1,0.000,0
1.921668,3251.17,3248.07,1,0,50,1,0.000,0
1.921976,3251.75,3248.07,1,0,51,1,0.000,0
1.922283,3252.34,3250.71,1,0,52,1,0.000,0
1.922591,3252.92,3249.39,1,0,53,1,0.000,0
1.922898,3253.51,3253.35,1,0,54,1,0.000,0
1.923205,3254.09,3249.39,1,0,55,1,0.000,0
1.923513,3254.67,3250.71,1,0,56,1,0.000,0
1.923820,3255.26,3254.68,1,0,57,1,0.000,0
1.924741,3257.01,3254.15,1,0,0,0,0.000,0
1.925048,3257.59,3254.15,1,0,1,0,0.000,0
1.925355,3258.17,3256.27,1,0,2,0,0.000,0
1.925662,3258.76,3256.27,1,0,3,0,0.000,0
1.925969,3259.34,3255.21,1,0,4,0,0.000,0
1.926276,3259.92,3256.27,1,0,5,0,0.000,0
1.926582,3260.51,3257.33,1,0,6,0,0.000,0
1.926889,3261.09,3258.39,1,0,7,0,0.000,0
1.927196,3261.67,3261.31,1,0,8,0,0.000,0
1.927502,3262.25,3259.98,1,0,9,0,0.000,0
1.927809,3262.84,3259.98,1,0,10,0,0.000,0
1.928115,3263.42,3261.31,1,0,11,0,0.000,0
1.928422,3264.00,3261.31,1,0,12,0,0.000,0
1.928728,3264.58,3263.97,1,0,13,0,0.000,0
1.929034,3265.16,3263.97,1,0,14,0,0.000,0
1.929341,3265.75,3261.31,1,0,15,0,0.000,0
1.929647,3266.33,3262.64,1,0,16,0,0.000,0
1.929953,3266.91,3265.31,1,0,17,0,0.000,0
1.930259,3267.49,3266.64,1,0,18,0,0.000,0
1.930565,3268.07,3266.64,1,0,19,0,0.000,0
1.930871,3268.65,3265.31,1,0,20,0,0.000,0
1.931177,3269.23,3267.97,1,0,21,0,0.000,0
1.931483,3269.82,3266.64,1,0,22,0,0.000,0
1.931788,3270.40,3269.31,1,0,23,0,0.000,0
1.932094,3270.98,3269.31,1,0,24,0,0.000,0
1.932400,3271.56,3267.97,1,0,25,0,0.000,0
1.932706,3272.14,3269.31,1,0,26,0,0.000,0
1.933011,3272.72,3269.31,1,0,27,0,0.000,0
1.933317,3273.30,3273.32,1,0,28,0,0.000,0
1.933622,3273.88,3271.98,1,0,29,0,0.000,0
1.933928,3274.46,3273.32,1,0,30,0,0.000,0
1.934233,3275.04,3271.98,1,0,31,0,0.000,0
1.934538,3275.62,3273.32,1,0,32,0,0.000,0
1.934843,3276.20,3276.00,1,0,33,0,0.000,0
1.935149,3276.78,3273.32,1,0,34,0,0.000,0
1.935454,3277.36,3274.66,1,0,35,0,0.000,0
1.935759,3277.94,3273.32,1,0,36,0,0.000,0
1.936064,3278.52,3273.32,1,0,37,0,0.000,0
1.936369,3279.10,3278.69,1,0,38,0,0.000,0
1.936674,3279.68,3278.69,1,0,39,0,0.000,0
1.936979,3280.26,3278.69,1,0,40,0,0.000,0
1.937284,3280.84,3277.35,1,0,41,0,0.000,0
1.937588,3281.42,3280.03,1,0,42,0,0.000,0
1.937893,3282.00,3280.03,1,0,43,0,0.000,0
1.938198,3282.57,3281.38,1,0,44,0,0.000,0
1.938502,3283.15,3281.38,1,0,45,0,0.000,0
1.938807,3283.73,3278.69,1,0,46,0,0.000,0
1.939111,3284.31,3281.38,1,0,47,0,0.000,0
1.939416,3284.89,3282.72,1,0,48,0,0.000,0
1.939720,3285.47,3284.07,1,0,49,0,0.000,0
1.940025,3286.05,3284.07,1,0,50,0,0.000,0
1.940329,3286.62,3284.07,1,0,51,0,0.000,0
1.940633,3287.20,3285.42,1,0,52,0,0.000,0
1.940937,3287.78,3286.77,1,0,53,0,0.000,0
1.941241,3288.36,3285.42,1,0,54,0,0.000,0
1.941546,3288.94,3285.42,1,0,55,0,0.000,0
1.941850,3289.51,3285.42,1,0,56,0,0.000,0
1.942154,3290.09,3286.77,1,0,57,0,0.000,0
1.943065,3291.82,3288.39,1,0,0,1,0.000,0
1.943369,3292.40,3290.56,1,0,1,1,0.000,0
1.943673,3292.98,3289.47,1,0,2,1,0.000,0
1.943976,3293.55,3289.47,1,0,3,1,0.000,0
1.944280,3294.13,3291.64,1,0,4,1,0.000,0
1.944583,3294.71,3293.81,1,0,5,1,0.000,0
1.944887,3295.28,3293.81,1,0,6,1,0.000,0
1.945190,3295.86,3293.81,1,0,7,1,0.000,0
1.945494,3296.44,3294.89,1,0,8,1,0.000,0
1.945797,3297.01,3293.54,1,0,9,1,0.000,0
1.946100,3297.59,3293.54,1,0,10,1,0.000,0
1.946404,3298.17,3297.61,1,0,11,1,0.000,0
1.946707,3298.74,3297.61,1,0,12,1,0.000,0
1.947010,3299.32,3294.89,1,0,13,1,0.000,0
1.947313,3299.89,3297.61,1,0,14,1,0.000,0
1.947616,3300.47,3297.61,1,0,15,1,0.000,0
1.947919,3301.04,3297.61,1,0,16,1,0.000,0
1.948222,3301.62,3300.33,1,0,17,1,0.000,0
1.948525,3302.20,3301.69,1,0,18,1,0.000,0
1.948827,3302.77,3300.33,1,0,19,1,0.000,0
1.949130,3303.35,3300.33,1,0,20,1,0.000,0
1.949433,3303.92,3303.06,1,0,21,1,0.000,0
1.949736,3304.50,3300.33,1,0,22,1,0.000,0
1.950038,3305.07,3303.06,1,0,23,1,0.000,0
1.950341,3305.65,3303.06,1,0,24,1,0.000,0
1.950643,3306.22,3301.69,1,0,25,1,0.000,0
1.950946,3306.80,3305.79,1,0,26,1,0.000,0
1.951248,3307.37,3304.42,1,0,27,1,0.000,0
1.951550,3307.94,3304.42,1,0,28,1,0.000,0
1.951853,3308.52,3305.79,1,0,29,1,0.000,0
1.952155,3309.09,3308.52,1,0,30,1,0.000,0
1.952457,3309.67,3308.52,1,0,31,1,0.000,0
1.952759,3310.24,3308.52,1,0,32,1,0.000,0
1.953061,3310.82,3311.26,1,0,33,1,0.000,0
1.953363,3311.39,3307.15,1,0,34,1,0.000,0
1.953665,3311.96,3308.52,1,0,35,1,0.000,0
1.953967,3312.54,3312.63,1,0,36,1,0.000,0
1.954269,3313.11,3309.89,1,0,37,1,0.000,0
1.954571,3313.68,3311.26,1,0,38,1,0.000,0
1.954872,3314.26,3311.26,1,0,39,1,0.000,0
1.955174,3314.83,3311.26,1,0,40,1,0.000,0
1.955476,3315.40,3311.26,1,0,41,1,0.000,0
1.955777,3315.98,3315.38,1,0,42,1,0.000,0
1.956079,3316.55,3314.00,1,0,43,1,0.000,0
1.956380,3317.12,3315.38,1,0,44,1,0.000,0
1.956682,3317.69,3314.00,1,0,45,1,0.000,0
1.956983,3318.27,3314.00,1,0,46,1,0.000,0
1.957285,3318.84,3316.75,1,0,47,1,0.000,0
1.957586,3319.41,3319.50,1,0,48,1,0.000,0
1.957887,3319.99,3318.13,1,0,49,1,0.000,0
1.958188,3320.56,3316.75,1,0,50,1,0.000,0
1.958489,3321.13,3320.88,1,0,51,1,0.000,0
1.958790,3321.70,3318.13,1,0,52,1,0.000,0
1.959091,3322.27,3322.26,1,0,53,1,0.000,0
1.959392,3322.84,3320.88,1,0,54,1,0.000,0
1.959693,3323.42,3319.50,1,0,55,1,0.000,0
1.959994,3323.99,3320.88,1,0,56,1,0.000,0
1.960295,3324.56,3320.88,1,0,57,1,0.000,0
1.961197,3326.27,3324.47,1,0,0,0,0.000,0
1.961498,3326.84,3324.47,1,0,1,0,0.000,0
1.961798,3327.42,3324.47,1,0,2,0,0.000,0
1.962099,3327.99,3323.36,1,0,3,0,0.000,0
1.962399,3328.56,3326.68,1,0,4,0,0.000,0
1.962700,3329.13,3326.68,1,0,5,0,0.000,0
1.963000,3329.70,3326.68,1,0,6,0,0.000,0
1.963300,3330.27,3328.89,1,0,7,0,0.000,0
1.963601,3330.84,3327.79,1,0,8,0,0.000,0
1.963901,3331.41,3327.79,1,0,9,0,0.000,0
1.964201,3331.98,3329.17,1,0,10,0,0.000,0
1.964501,3332.55,3331.95,1,0,11,0,0.000,0
1.964801,3333.12,3329.17,1,0,12,0,0.000,0
1.965101,3333.69,3333.33,1,0,13,0,0.000,0
1.965401,3334.26,3331.95,1,0,14,0,0.000,0
1.965701,3334.83,3331.95,1,0,15,0,0.000,0
1.966001,3335.40,3333.33,1,0,16,0,0.000,0
1.966301,3335.97,3334.72,1,0,17,0,0.000,0
1.966600,3336.54,3336.11,1,0,18,0,0.000,0
1.966900,3337.11,3336.11,1,0,19,0,0.000,0
1.967200,3337.68,3336.11,1,0,20,0,0.000,0
1.967499,3338.25,3333.33,1,0,21,0,0.000,0
1.967799,3338.82,3336.11,1,0,22,0,0.000,0
1.968098,3339.39,3337.51,1,0,23,0,0.000,0
1.968398,3339.95,3337.51,1,0,24,0,0.000,0
1.968697,3340.52,3338.90,1,0,25,0,0.000,0
1.968996,3341.09,3336.11,1,0,26,0,0.000,0
1.969296,3341.66,3337.51,1,0,27,0,0.000,0
1.969595,3342.23,3341.69,1,0,28,0,0.000,0
1.969894,3342.80,3343.08,1,0,29,0,0.000,0
1.970193,3343.37,3340.29,1,0,30,0,0.000,0
1.970492,3343.93,3341.69,1,0,31,0,0.000,0
1.970791,3344.50,3343.08,1,0,32,0,0.000,0
1.971090,3345.07,3341.69,1,0,33,0,0.000,0
1.971389,3345.64,3344.48,1,0,34,0,0.000,0
1.971688,3346.21,3344.48,1,0,35,0,0.000,0
1.971987,3346.77,3341.69,1,0,36,0,0.000,0
1.972286,3347.34,3343.08,1,0,37,0,0.000,0
1.972584,3347.91,3345.88,1,0,38,0,0.000,0
1.972883,3348.48,3345.88,1,0,39,0,0.000,0
1.973182,3349.04,3348.68,1,0,40,0,0.000,0
1.973480,3349.61,3345.88,1,0,41,0,0.000,0
1.973779,3350.18,3347.28,1,0,42,0,0.000,0
1.974077,3350.75,3347.28,1,0,43,0,0.000,0
1.974376,3351.31,3351.49,1,0,44,0,0.000,0
1.974674,3351.88,3351.49,1,0,45,0,0.000,0
1.974972,3352.45,3351.49,1,0,46,0,0.000,0
1.975271,3353.01,3351.49,1,0,47,0,0.000,0
1.975569,3353.58,3347.28,1,0,48,0,0.000,0
1.975867,3354.15,3352.89,1,0,49,0,0.000,0
1.976165,3354.71,3352.89,1,0,50,0,0.000,0
1.976463,3355.28,3355.70,1,0,51,0,0.000,0
1.976761,3355.85,3351.49,1,0,52,0,0.000,0
1.977059,3356.41,3352.89,1,0,53,0,0.000,0
1.977357,3356.98,3355.70,1,0,54,0,0.000,0
1.977655,3357.54,3354.30,1,0,55,0,0.000,0
1.977953,3358.11,3358.52,1,0,56,0,0.000,0
1.978250,3358.67,3355.70,1,0,57,0,0.000,0
1.979143,3360.37,3357.96,1,0,0,1,0.000,0
1.979441,3360.94,3356.83,1,0,1,1,0.000,0
1.979739,3361.50,3360.22,1,0,2,1,0.000,0
1.980036,3362.07,3359.09,1,0,3,1,0.000,0
1.980333,3362.63,3359.09,1,0,4,1,0.000,0
1.980631,3363.20,3360.22,1,0,5,1,0.000,0
1.980928,3363.76,3360.22,1,0,6,1,0.000,0
1.981225,3364.33,3362.47,1,0,7,1,0.000,0
1.981523,3364.89,3361.34,1,0,8,1,0.000,0
1.981820,3365.46,3365.59,1,0,9,1,0.000,0
1.982117,3366.02,3361.34,1,0,10,1,0.000,0
1.982414,3366.58,3364.17,1,0,11,1,0.000,0
1.982711,3367.15,3364.17,1,0,12,1,0.000,0
1.983008,3367.71,3367.00,1,0,13,1,0.000,0
1.983305,3368.28,3365.59,1,0,14,1,0.000,0
1.983602,3368.84,3365.59,1,0,15,1,0.000,0
1.983898,3369.41,3367.00,1,0,16,1,0.000,0
1.984195,3369.97,3365.59,1,0,17,1,0.000,0
1.984492,3370.53,3371.26,1,0,18,1,0.000,0
1.984789,3371.10,3368.42,1,0,19,1,0.000,0
1.985085,3371.66,3368.42,1,0,20,1,0.000,0
1.985382,3372.22,3367.00,1,0,21,1,0.000,0
1.985678,3372.79,3369.84,1,0,22,1,0.000,0
1.985975,3373.35,3371.26,1,0,23,1,0.000,0
1.986271,3373.91,3372.68,1,0,24,1,0.000,0
1.986568,3374.48,3372.68,1,0,25,1,0.000,0
1.986864,3375.04,3372.68,1,0,26,1,0.000,0
1.987160,3375.60,3372.68,1,0,27,1,0.000,0
1.987456,3376.17,3375.53,1,0,28,1,0.000,0
1.987752,3376.73,3375.53,1,0,29,1,0.000,0
1.988049,3377.29,3375.53,1,0,30,1,0.000,0
1.988345,3377.85,3376.95,1,0,31,1,0.000,0
1.988641,3378.42,3375.53,1,0,32,1,0.000,0
1.988937,3378.98,3376.95,1,0,33,1,0.000,0
1.989233,3379.54,3376.95,1,0,34,1,0.000,0
1.989528,3380.10,3379.81,1,0,35,1,0.000,0
1.989824,3380.67,3376.95,1,0,36,1,0.000,0
1.990120,3381.23,3381.23,1,0,37,1,0.000,0
1.990416,3381.79,3379.81,1,0,38,1,0.000,0
1.990711,3382.35,3378.38,1,0,39,1,0.000,0
1.991007,3382.91,3381.23,1,0,40,1,0.000,0
1.991303,3383.47,3378.38,1,0,41,1,0.000,0
1.991598,3384.04,3382.66,1,0,42,1,0.000,0
1.991894,3384.60,3381.23,1,0,43,1,0.000,0
1.992189,3385.16,3382.66,1,0,44,1,0.000,0
1.992484,3385.72,3382.66,1,0,45,1,0.000,0
1.992780,3386.28,3384.09,1,0,46,1,0.000,0
1.993075,3386.84,3385.53,1,0,47,1,0.000,0
1.993370,3387.40,3385.53,1,0,48,1,0.000,0
1.993666,3387.96,3388.39,1,0,49,1,0.000,0
1.993961,3388.52,3385.53,1,0,50,1,0.000,0
1.994256,3389.08,3386.96,1,0,51,1,0.000,0
1.994551,3389.64,3388.39,1,0,52,1,0.000,0
1.994846,3390.21,3385.53,1,0,53,1,0.000,0
1.995141,3390.77,3389.83,1,0,54,1,0.000,0
1.995436,3391.33,3388.39,1,0,55,1,0.000,0
1.995730,3391.89,3389.83,1,0,56,1,0.000,0
1.996025,3392.45,3388.39,1,0,57,1,0.000,0
1.996909,3394.13,3390.98,1,0,0,0,0.000,0
1.997204,3394.69,3392.13,1,0,1,0,0.000,0
1.997499,3395.25,3393.28,1,0,2,0,0.000,0
1.997793,3395.81,3395.59,1,0,3,0,0.000,0
1.998087,3396.37,3392.13,1,0,4,0,0.000,0
1.998382,3396.92,3393.28,1,0,5,0,0.000,0
1.998676,3397.48,3394.43,1,0,6,0,0.000,0
1.998971,3398.04,3396.74,1,0,7,0,0.000,0
1.999265,3398.60,3397.03,1,0,8,0,0.000,0
1.999559,3399.16,3397.03,1,0,9,0,0.000,0
1.999853,3399.72,3397.03,1,0,10,0,0.000,0
2.000147,3400.00,3397.03,1,0,11,0,0.000,0
2.000441,3400.00,3398.47,1,0,12,0,0.000,0
2.000736,3400.00,3401.36,1,0,13,0,0.000,0
2.001030,3400.00,3399.92,1,0,14,0,0.000,0
2.001324,3400.00,3398.47,1,0,15,0,0.000,0
2.001618,3400.00,3398.47,1,0,16,0,0.000,0
2.001912,3400.00,3399.92,1,0,17,0,0.000,0
2.002206,3400.00,3399.92,1,0,18,0,0.000,0
2.002500,3400.00,3399.92,1,0,19,0,0.000,0
2.002794,3400.00,3399.92,1,0,20,0,0.000,0
2.003089,3400.00,3399.92,1,0,21,0,0.000,0
2.003383,3400.00,3399.92,1,0,22,0,0.000,0
2.003677,3400.00,3401.36,1,0,23,0,0.000,0
2.003971,3400.00,3401.36,1,0,24,0,0.000,0
2.004265,3400.00,3399.92,1,0,25,0,0.000,0
2.004559,3400.00,3399.92,1,0,26,0,0.000,0
2.004853,3400.00,3398.47,1,0,27,0,0.000,0
2.005147,3400.00,3399.92,1,0,28,0,0.000,0
2.005441,3400.00,3399.92,1,0,29,0,0.000,0
2.005736,3400.00,3399.92,1,0,30,0,0.000,0
2.006030,3400.00,3398.47,1,0,31,0,0.000,0
2.006324,3400.00,3398.47,1,0,32,0,0.000,0
2.006618,3400.00,3399.92,1,0,33,0,0.000,0
2.006912,3400.00,3399.92,1,0,34,0,0.000,0
2.007206,3400.00,3399.92,1,0,35,0,0.000,0
2.007500,3400.00,3399.92,1,0,36,0,0.000,0
2.007794,3400.00,3399.92,1,0,37,0,0.000,0
2.008089,3400.00,3399.92,1,0,38,0,0.000,0
2.008383,3400.00,3399.92,1,0,39,0,0.000,0
2.008677,3400.00,3398.47,1,0,40,0,0.000,0
2.008971,3400.00,3398.47,1,0,41,0,0.000,0
2.009265,3400.00,3399.92,1,0,42,0,0.000,0
2.009559,3400.00,3402.81,1,0,43,0,0.000,0
2.009853,3400.00,3401.36,1,0,44,0,0.000,0
2.010147,3400.00,3398.47,1,0,45,0,0.000,0
2.010441,3400.00,3399.92,1,0,46,0,0.000,0
2.010736,3400.00,3399.92,1,0,47,0,0.000,0
2.011030,3400.00,3401.36,1,0,48,0,0.000,0
2.011324,3400.00,3401.36,1,0,49,0,0.000,0
2.011618,3400.00,3399.92,1,0,50,0,0.000,0
2.011912,3400.00,3398.47,1,0,51,0,0.000,0
2.012206,3400.00,3399.92,1,0,52,0,0.000,0
2.012500,3400.00,3401.36,1,0,53,0,0.000,0
2.012794,3400.00,3398.47,1,0,54,0,0.000,0
2.013089,3400.00,3401.36,1,0,55,0,0.000,0
2.013383,3400.00,3399.92,1,0,56,0,0.000,0
2.013677,3400.00,3399.92,1,0,57,0,0.000,0
2.014559,3400.00,3400.20,1,0,0,1,0.000,0
2.014853,3400.00,3400.20,1,0,1,1,0.000,0
2.015147,3400.00,3399.05,1,0,2,1,0.000,0
2.015441,3400.00,3399.05,1,0,3,1,0.000,0
2.015736,3400.00,3401.36,1,0,4,1,0.000,0
2.016030,3400.00,3400.20,1,0,5,1,0.000,0
2.016324,3400.00,3400.20,1,0,6,1,0.000,0
2.016618,3400.00,3400.20,1,0,7,1,0.000,0
2.016912,3400.00,3399.92,1,0,8,1,0.000,0
2.017206,3400.00,3399.92,1,0,9,1,0.000,0
2.017500,3400.00,3401.36,1,0,10,1,0.000,0
2.017794,3400.00,3399.92,1,0,11,1,0.000,0
2.018089,3400.00,3398.47,1,0,12,1,0.000,0
2.018383,3400.00,3398.47,1,0,13,1,0.000,0
2.018677,3400.00,3399.92,1,0,14,1,0.000,0
2.018971,3400.00,3399.92,1,0,15,1,0.000,0
2.019265,3400.00,3399.92,1,0,16,1,0.000,0
2.019559,3400.00,3401.36,1,0,17,1,0.000,0
2.019853,3400.00,3399.92,1,0,18,1,0.000,0
2.020147,3400.00,3401.36,1,0,19,1,0.000,0
2.020441,3400.00,3399.92,1,0,20,1,0.000,0
2.020736,3400.00,3399.92,1,0,21,1,0.000,0
2.021030,3400.00,3401.36,1,0,22,1,0.000,0
2.021324,3400.00,3401.36,1,0,23,1,0.000,0
2.021618,3400.00,3399.92,1,0,24,1,0.000,0
2.021912,3400.00,3399.92,1,0,25,1,0.000,0
2.022206,3400.00,3399.92,1,0,26,1,0.000,0
2.022500,3400.00,3399.92,1,0,27,1,0.000,0
2.022794,3400.00,3399.92,1,0,28,1,0.000,0
2.023089,3400.00,3399.92,1,0,29,1,0.000,0
2.023383,3400.00,3398.47,1,0,30,1,0.000,0
2.023677,3400.00,3398.47,1,0,31,1,0.000,0
2.023971,3400.00,3399.92,1,0,32,1,0.000,0
2.024265,3400.00,3398.47,1,0,33,1,0.000,0
2.024559,3400.00,3399.92,1,0,34,1,0.000,0
2.024853,3400.00,3401.36,1,0,35,1,0.000,0
2.025147,3400.00,3402.81,1,0,36,1,0.000,0
2.025441,3400.00,3401.36,1,0,37,1,0.000,0
2.025736,3400.00,3401.36,1,0,38,1,0.000,0
2.026030,3400.00,3401.36,1,0,39,1,0.000,0
2.026324,3400.00,3399.92,1,0,40,1,0.000,0
2.026618,3400.00,3399.92,1,0,41,1,0.000,0
2.026912,3400.00,3401.36,1,0,42,1,0.000,0
2.027206,3400.00,3397.03,1,0,43,1,0.000,0
2.027500,3400.00,3395.59,1,0,44,1,0.000,0
2.027794,3400.00,3399.92,1,0,45,1,0.000,0
2.028089,3400.00,3398.47,1,0,46,1,0.000,0
2.028383,3400.00,3398.47,1,0,47,1,0.000,0
2.028677,3400.00,3399.92,1,0,48,1,0.000,0
2.028971,3400.00,3399.92,1,0,49,1,0.000,0
2.029265,3400.00,3398.47,1,0,50,1,0.000,0
2.029559,3400.00,3401.36,1,0,51,1,0.000,0
2.029853,3400.00,3402.81,1,0,52,1,0.000,0
2.030147,3400.00,3399.92,1,0,53,1,0.000,0
2.030441,3400.00,3399.92,1,0,54,1,0.000,0
2.030736,3400.00,3398.47,1,0,55,1,0.000,0
2.031030,3400.00,3401.36,1,0,56,1,0.000,0
2.031324,3400.00,3399.92,1,0,57,1,0.000,0
2.032206,3400.00,3400.20,1,0,0,0,0.000,0
2.032500,3400.00,3400.20,1,0,1,0,0.000,0
2.032794,3400.00,3400.20,1,0,2,0,0.000,0
2.033089,3400.00,3401.36,1,0,3,0,0.000,0
2.033383,3400.00,3400.20,1,0,4,0,0.000,0
2.033677,3400.00,3402.52,1,0,5,0,0.000,0
2.033971,3400.00,3399.05,1,0,6,0,0.000,0
2.034265,3400.00,3399.05,1,0,7,0,0.000,0
2.034559,3400.00,3399.92,1,0,8,0,0.000,0
2.034853,3400.00,3397.03,1,0,9,0,0.000,0
2.035147,3400.00,3398.47,1,0,10,0,0.000,0
2.035441,3400.00,3398.47,1,0,11,0,0.000,0
2.035736,3400.00,3399.92,1,0,12,0,0.000,0
2.036030,3400.00,3398.47,1,0,13,0,0.000,0
2.036324,3400.00,3399.92,1,0,14,0,0.000,0
2.036618,3400.00,3402.81,1,0,15,0,0.000,0
2.036912,3400.00,3398.47,1,0,16,0,0.000,0
2.037206,3400.00,3402.81,1,0,17,0,0.000,0
2.037500,3400.00,3401.36,1,0,18,0,0.000,0
2.037794,3400.00,3399.92,1,0,19,0,0.000,0
2.038089,3400.00,3401.36,1,0,20,0,0.000,0
2.038383,3400.00,3401.36,1,0,21,0,0.000,0
2.038677,3400.00,3399.92,1,0,22,0,0.000,0
2.038971,3400.00,3398.47,1,0,23,0,0.000,0
2.039265,3400.00,3401.36,1,0,24,0,0.000,0
2.039559,3400.00,3399.92,1,0,25,0,0.000,0
2.039853,3400.00,3399.92,1,0,26,0,0.000,0
2.040147,3400.00,3399.92,1,0,27,0,0.000,0
2.040441,3400.00,3399.92,1,0,28,0,0.000,0
2.040736,3400.00,3399.92,1,0,29,0,0.000,0
2.041030,3400.00,3399.92,1,0,30,0,0.000,0
2.041324,3400.00,3399.92,1,0,31,0,0.000,0
2.041618,3400.00,3401.36,1,0,32,0,0.000,0
2.041912,3400.00,3398.47,1,0,33,0,0.000,0
2.042206,3400.00,3401.36,1,0,34,0,0.000,0
2.042500,3400.00,3399.92,1,0,35,0,0.000,0
2.042794,3400.00,3399.92,1,0,36,0,0.000,0
2.043089,3400.00,3401.36,1,0,37,0,0.000,0
2.043383,3400.00,3402.81,1,0,38,0,0.000,0
2.043677,3400.00,3399.92,1,0,39,0,0.000,0
2.043971,3400.00,3398.47,1,0,40,0,0.000,0
2.044265,3400.00,3401.36,1,0,41,0,0.000,0
2.044559,3400.00,3399.92,1,0,42,0,0.000,0
2.044853,3400.00,3399.92,1,0,43,0,0.000,0
2.045147,3400.00,3398.47,1,0,44,0,0.000,0
2.045441,3400.00,3397.03,1,0,45,0,0.000,0
2.045736,3400.00,3398.47,1,0,46,0,0.000,0
2.046030,3400.00,3399.92,1,0,47,0,0.000,0
2.046324,3400.00,3401.36,1,0,48,0,0.000,0
2.046618,3400.00,3399.92,1,0,49,0,0.000,0
2.046912,3400.00,3399.92,1,0,50,0,0.000,0
2.047206,3400.00,3399.92,1,0,51,0,0.000,0
2.047500,3400.00,3401.36,1,0,52,0,0.000,0
2.047794,3400.00,3401.36,1,0,53,0,0.000,0
2.048089,3400.00,3398.47,1,0,54,0,0.000,0
2.048383,3400.00,3401.36,1,0,55,0,0.000,0
2.048677,3400.00,3399.92,1,0,56,0,0.000,0
2.048971,3400.00,3401.36,1,0,57,0,0.000,0
2.049853,3400.00,3400.20,1,0,0,1,0.000,0
2.050147,3400.00,3399.05,1,0,1,1,0.000,0
2.050441,3400.00,3401.36,1,0,2,1,0.000,0
2.050736,3400.00,3400.20,1,0,3,1,0.000,0
2.051030,3400.00,3401.36,1,0,4,1,0.000,0
2.051324,3400.00,3397.89,1,0,5,1,0.000,0
2.051618,3400.00,3399.05,1,0,6,1,0.000,0
2.051912,3400.00,3399.05,1,0,7,1,0.000,0
2.052206,3400.00,3398.47,1,0,8,1,0.000,0
2.052500,3400.00,3399.92,1,0,9,1,0.000,0
2.052794,3400.00,3398.47,1,0,10,1,0.000,0
2.053089,3400.00,3399.92,1,0,11,1,0.000,0
2.053383,3400.00,3398.47,1,0,12,1,0.000,0
2.053677,3400.00,3401.36,1,0,13,1,0.000,0
2.053971,3400.00,3399.92,1,0,14,1,0.000,0
2.054265,3400.00,3398.47,1,0,15,1,0.000,0
2.054559,3400.00,3399.92,1,0,16,1,0.000,0
2.054853,3400.00,3399.92,1,0,17,1,0.000,0
2.055147,3400.00,3399.92,1,0,18,1,0.000,0
2.055441,3400.00,3398.47,1,0,19,1,0.000,0
2.055736,3400.00,3401.36,1,0,20,1,0.000,0
2.056030,3400.00,3399.92,1,0,21,1,0.000,0
2.056324,3400.00,3399.92,1,0,22,1,0.000,0
2.056618,3400.00,3401.36,1,0,23,1,0.000,0
2.056912,3400.00,3399.92,1,0,24,1,0.000,0
2.057206,3400.00,3401.36,1,0,25,1,0.000,0
2.057500,3400.00,3399.92,1,0,26,1,0.000,0
2.057794,3400.00,3399.92,1,0,27,1,0.000,0
2.058089,3400.00,3399.92,1,0,28,1,0.000,0
2.058383,3400.00,3399.92,1,0,29,1,0.000,0
2.058677,3400.00,3399.92,1,0,30,1,0.000,0
2.058971,3400.00,3399.92,1,0,31,1,0.000,0
2.059265,3400.00,3399.92,1,0,32,1,0.000,0
2.059559,3400.00,3398.47,1,0,33,1,0.000,0
2.059853,3400.00,3399.92,1,0,34,1,0.000,0
2.060147,3400.00,3399.92,1,0,35,1,0.000,0
2.060441,3400.00,3399.92,1,0,36,1,0.000,0
2.060736,3400.00,3401.36,1,0,37,1,0.000,0
2.061030,3400.00,3401.36,1,0,38,1,0.000,0
2.061324,3400.00,3399.92,1,0,39,1,0.000,0
2.061618,3400.00,3398.47,1,0,40,1,0.000,0
2.061912,3400.00,3401.36,1,0,41,1,0.000,0
2.062206,3400.00,3401.36,1,0,42,1,0.000,0
2.062500,3400.00,3401.36,1,0,43,1,0.000,0
2.062794,3400.00,3399.92,1,0,44,1,0.000,0
2.063089,3400.00,3398.47,1,0,45,1,0.000,0
2.063383,3400.00,3398.47,1,0,46,1,0.000,0
2.063677,3400.00,3399.92,1,0,47,1,0.000,0
2.063971,3400.00,3404.26,1,0,48,1,0.000,0
2.064265,3400.00,3398.47,1,0,49,1,0.000,0
2.064559,3400.00,3398.47,1,0,50,1,0.000,0
2.064853,3400.00,3399.92,1,0,51,1,0.000,0
2.065147,3400.00,3399.92,1,0,52,1,0.000,0
2.065441,3400.00,3401.36,1,0,53,1,0.000,0
2.065736,3400.00,3399.92,1,0,54,1,0.000,0
2.066030,3400.00,3399.92,1,0,55,1,0.000,0
2.066324,3400.00,3398.47,1,0,56,1,0.000,0
2.066618,3400.00,3401.36,1,0,57,1,0.000,0
2.067500,3400.00,3400.20,1,0,0,0,0.000,0
2.067794,3400.00,3400.20,1,0,1,0,0.000,0
2.068089,3400.00,3399.05,1,0,2,0,0.000,0
2.068383,3400.00,3400.20,1,0,3,0,0.000,0
2.068677,3400.00,3400.20,1,0,4,0,0.000,0
2.068971,3400.00,3400.20,1,0,5,0,0.000,0
2.069265,3400.00,3399.05,1,0,6,0,0.000,0
2.069559,3400.00,3399.05,1,0,7,0,0.000,0
2.069853,3400.00,3399.92,1,0,8,0,0.000,0
2.070147,3400.00,3399.92,1,0,9,0,0.000,0
2.070441,3400.00,3401.36,1,0,10,0,0.000,0
2.070736,3400.00,3398.47,1,0,11,0,0.000,0
2.071030,3400.00,3399.92,1,0,12,0,0.000,0
2.071324,3400.00,3401.36,1,0,13,0,0.000,0
2.071618,3400.00,3399.92,1,0,14,0,0.000,0
2.071912,3400.00,3399.92,1,0,15,0,0.000,0
2.072206,3400.00,3399.92,1,0,16,0,0.000,0
2.072500,3400.00,3398.47,1,0,17,0,0.000,0
2.072794,3400.00,3399.92,1,0,18,0,0.000,0
2.073089,3400.00,3399.92,1,0,19,0,0.000,0
2.073383,3400.00,3401.36,1,0,20,0,0.000,0
2.073677,3400.00,3398.47,1,0,21,0,0.000,0
2.073971,3400.00,3401.36,1,0,22,0,0.000,0
2.074265,3400.00,3401.36,1,0,23,0,0.000,0
2.074559,3400.00,3399.92,1,0,24,0,0.000,0
2.074853,3400.00,3401.36,1,0,25,0,0.000,0
2.075147,3400.00,3398.47,1,0,26,0,0.000,0
2.075441,3400.00,3401.36,1,0,27,0,0.000,0
2.075736,3400.00,3399.92,1,0,28,0,0.000,0
2.076030,3400.00,3402.81,1,0,29,0,0.000,0
2.076324,3400.00,3399.92,1,0,30,0,0.000,0
2.076618,3400.00,3399.92,1,0,31,0,0.000,0
2.076912,3400.00,3399.92,1,0,32,0,0.000,0
2.077206,3400.00,3401.36,1,0,33,0,0.000,0
2.077500,3400.00,3399.92,1,0,34,0,0.000,0
2.077794,3400.00,3398.47,1,0,35,0,0.000,0
2.078089,3400.00,3398.47,1,0,36,0,0.000,0
2.078383,3400.00,3397.03,1,0,37,0,0.000,0
2.078677,3400.00,3398.47,1,0,38,0,0.000,0
2.078971,3400.00,3399.92,1,0,39,0,0.000,0
2.079265,3400.00,3399.92,1,0,40,0,0.000,0
2.079559,3400.00,3399.92,1,0,41,0,0.000,0
2.079853,3400.00,3401.36,1,0,42,0,0.000,0
2.080147,3400.00,3402.81,1,0,43,0,0.000,0
2.080441,3400.00,3399.92,1,0,44,0,0.000,0
2.080736,3400.00,3399.92,1,0,45,0,0.000,0
2.081030,3400.00,3399.92,1,0,46,0,0.000,0
2.081324,3400.00,3399.92,1,0,47,0,0.000,0
2.081618,3400.00,3401.36,1,0,48,0,0.000,0
2.081912,3400.00,3398.47,1,0,49,0,0.000,0
2.082206,3400.00,3399.92,1,0,50,0,0.000,0
2.082500,3400.00,3397.03,1,0,51,0,0.000,0
2.082794,3400.00,3401.36,1,0,52,0,0.000,0
2.083089,3400.00,3401.36,1,0,53,0,0.000,0
2.083383,3400.00,3399.92,1,0,54,0,0.000,0
2.083677,3400.00,3399.92,1,0,55,0,0.000,0
2.083971,3400.00,3398.47,1,0,56,0,0.000,0
2.084265,3400.00,3399.92,1,0,57,0,0.000,0
2.085147,3400.00,3400.20,1,0,0,1,0.000,0
2.085441,3400.00,3400.20,1,0,1,1,0.000,0
2.085736,3400.00,3400.20,1,0,2,1,0.000,0
2.086030,3400.00,3399.05,1,0,3,1,0.000,0
2.086324,3400.00,3400.20,1,0,4,1,0.000,0
2.086618,3400.00,3400.20,1,0,5,1,0.000,0
2.086912,3400.00,3399.05,1,0,6,1,0.000,0
2.087206,3400.00,3399.05,1,0,7,1,0.000,0
2.087500,3400.00,3398.47,1,0,8,1,0.000,0
2.087794,3400.00,3399.92,1,0,9,1,0.000,0
2.088089,3400.00,3399.92,1,0,10,1,0.000,0
2.088383,3400.00,3399.92,1,0,11,1,0.000,0
2.088677,3400.00,3398.47,1,0,12,1,0.000,0
2.088971,3400.00,3399.92,1,0,13,1,0.000,0
2.089265,3400.00,3399.92,1,0,14,1,0.000,0
2.089559,3400.00,3402.81,1,0,15,1,0.000,0
2.089853,3400.00,3401.36,1,0,16,1,0.000,0
2.090147,3400.00,3399.92,1,0,17,1,0.000,0
2.090441,3400.00,3398.47,1,0,18,1,0.000,0
2.090736,3400.00,3401.36,1,0,19,1,0.000,0
2.091030,3400.00,3401.36,1,0,20,1,0.000,0
2.091324,3400.00,3399.92,1,0,21,1,0.000,0
2.091618,3400.00,3402.81,1,0,22,1,0.000,0
2.091912,3400.00,3398.47,1,0,23,1,0.000,0
2.092206,3400.00,3399.92,1,0,24,1,0.000,0
2.092500,3400.00,3401.36,1,0,25,1,0.000,0
2.092794,3400.00,3401.36,1,0,26,1,0.000,0
2.093089,3400.00,3401.36,1,0,27,1,0.000,0
2.093383,3400.00,3399.92,1,0,28,1,0.000,0
2.093677,3400.00,3399.92,1,0,29,1,0.000,0
2.093971,3400.00,3398.47,1,0,30,1,0.000,0
2.094265,3400.00,3401.36,1,0,31,1,0.000,0
2.094559,3400.00,3399.92,1,0,32,1,0.000,0
2.094853,3400.00,3398.47,1,0,33,1,0.000,0
2.095147,3400.00,3399.92,1,0,34,1,0.000,0
2.095441,3400.00,3398.47,1,0,35,1,0.000,0
2.095736,3400.00,3401.36,1,0,36,1,0.000,0
2.096030,3400.00,3401.36,1,0,37,1,0.000,0
2.096324,3400.00,3399.92,1,0,38,1,0.000,0
2.096618,3400.00,3398.47,1,0,39,1,0.000,0
2.096912,3400.00,3398.47,1,0,40,1,0.000,0
2.097206,3400.00,3401.36,1,0,41,1,0.000,0
2.097500,3400.00,3399.92,1,0,42,1,0.000,0
2.097794,3400.00,3398.47,1,0,43,1,0.000,0
2.098089,3400.00,3397.03,1,0,44,1,0.000,0
2.098383,3400.00,3398.47,1,0,45,1,0.000,0
2.098677,3400.00,3401.36,1,0,46,1,0.000,0
2.098971,3400.00,3399.92,1,0,47,1,0.000,0
2.099265,3400.00,3401.36,1,0,48,1,0.000,0
2.099559,3400.00,3399.92,1,0,49,1,0.000,0
2.099853,3400.00,3398.47,1,0,50,1,0.000,0
2.100147,3400.00,3401.36,1,0,51,1,0.000,0
2.100441,3400.00,3402.81,1,0,52,1,0.000,0
2.100736,3400.00,3399.92,1,0,53,1,0.000,0
2.101030,3400.00,3397.03,1,0,54,1,0.000,0
2.101324,3400.00,3399.92,1,0,55,1,0.000,0
2.101618,3400.00,3399.92,1,0,56,1,0.000,0
2.101912,3400.00,3399.92,1,0,57,1,0.000,0
2.102794,3400.00,3401.36,1,0,0,0,0.000,0
2.103089,3400.00,3400.20,1,0,1,0,0.000,0
2.103383,3400.00,3399.05,1,0,2,0,0.000,0
2.103677,3400.00,3400.20,1,0,3,0,0.000,0
2.103971,3400.00,3402.52,1,0,4,0,0.000,0
2.104265,3400.00,3400.20,1,0,5,0,0.000,0
2.104559,3400.00,3400.20,1,0,6,0,0.000,0
2.104853,3400.00,3400.20,1,0,7,0,0.000,0
2.105147,3400.00,3399.92,1,0,8,0,0.000,0
2.105441,3400.00,3397.03,1,0,9,0,0.000,0
2.105736,3400.00,3401.36,1,0,10,0,0.000,0
2.106030,3400.00,3399.92,1,0,11,0,0.000,0
2.106324,3400.00,3399.92,1,0,12,0,0.000,0
2.106618,3400.00,3401.36,1,0,13,0,0.000,0
2.106912,3400.00,3399.92,1,0,14,0,0.000,0
2.107206,3400.00,3398.47,1,0,15,0,0.000,0
2.107500,3400.00,3398.47,1,0,16,0,0.000,0
2.107794,3400.00,3401.36,1,0,17,0,0.000,0
2.108089,3400.00,3398.47,1,0,18,0,0.000,0
2.108383,3400.00,3399.92,1,0,19,0,0.000,0
2.108677,3400.00,3399.92,1,0,20,0,0.000,0
2.108971,3400.00,3398.47,1,0,21,0,0.000,0
2.109265,3400.00,3401.36,1,0,22,0,0.000,0
2.109559,3400.00,3401.36,1,0,23,0,0.000,0
2.109853,3400.00,3399.92,1,0,24,0,0.000,0
2.110147,3400.00,3401.36,1,0,25,0,0.000,0
2.110441,3400.00,3399.92,1,0,26,0,0.000,0
2.110736,3400.00,3399.92,1,0,27,0,0.000,0
2.111030,3400.00,3399.92,1,0,28,0,0.000,0
2.111324,3400.00,3399.92,1,0,29,0,0.000,0
2.111618,3400.00,3398.47,1,0,30,0,0.000,0
2.111912,3400.00,3399.92,1,0,31,0,0.000,0
2.112206,3400.00,3402.81,1,0,32,0,0.000,0
2.112500,3400.00,3399.92,1,0,33,0,0.000,0
2.112794,3400.00,3399.92,1,0,34,0,0.000,0
2.113089,3400.00,3401.36,1,0,35,0,0.000,0
2.113383,3400.00,3399.92,1,0,36,0,0.000,0
2.113677,3400.00,3401.36,1,0,37,0,0.000,0
2.113971,3400.00,3401.36,1,0,38,0,0.000,0
2.114265,3400.00,3399.92,1,0,39,0,0.000,0
2.114559,3400.00,3397.03,1,0,40,0,0.000,0
2.114853,3400.00,3399.92,1,0,41,0,0.000,0
2.115147,3400.00,3401.36,1,0,42,0,0.000,0
2.115441,3400.00,3399.92,1,0,43,0,0.000,0
2.115736,3400.00,3399.92,1,0,44,0,0.000,0
2.116030,3400.00,3398.47,1,0,45,0,0.000,0
2.116324,3400.00,3397.03,1,0,46,0,0.000,0
2.116618,3400.00,3398.47,1,0,47,0,0.000,0
2.116912,3400.00,3401.36,1,0,48,0,0.000,0
2.117206,3400.00,3398.47,1,0,49,0,0.000,0
2.117500,3400.00,3399.92,1,0,50,0,0.000,0
2.117794,3400.00,3399.92,1,0,51,0,0.000,0
2.118089,3400.00,3399.92,1,0,52,0,0.000,0
2.118383,3400.00,3399.92,1,0,53,0,0.000,0
2.118677,3400.00,3402.81,1,0,54,0,0.000,0
2.118971,3400.00,3402.81,1,0,55,0,0.000,0
2.119265,3400.00,3399.92,1,0,56,0,0.000,0
2.119559,3400.00,3401.36,1,0,57,0,0.000,0
2.120441,3400.00,3400.20,1,0,0,1,0.000,0
2.120736,3400.00,3399.05,1,0,1,1,0.000,0
2.121030,3400.00,3400.20,1,0,2,1,0.000,0
2.121324,3400.00,3400.20,1,0,3,1,0.000,0
2.121618,3400.00,3399.05,1,0,4,1,0.000,0
2.121912,3400.00,3399.05,1,0,5,1,0.000,0
2.122206,3400.00,3399.05,1,0,6,1,0.000,0
2.122500,3400.00,3400.20,1,0,7,1,0.000,0
2.122794,3400.00,3398.47,1,0,8,1,0.000,0
2.123089,3400.00,3401.36,1,0,9,1,0.000,0
2.123383,3400.00,3398.47,1,0,10,1,0.000,0
2.123677,3400.00,3399.92,1,0,11,1,0.000,0
2.123971,3400.00,3399.92,1,0,12,1,0.000,0
2.124265,3400.00,3399.92,1,0,13,1,0.000,0
2.124559,3400.00,3399.92,1,0,14,1,0.000,0
2.124853,3400.00,3401.36,1,0,15,1,0.000,0
2.125147,3400.00,3399.92,1,0,16,1,0.000,0
2.125441,3400.00,3398.47,1,0,17,1,0.000,0
2.125736,3400.00,3398.47,1,0,18,1,0.000,0
2.126030,3400.00,3399.92,1,0,19,1,0.000,0
2.126324,3400.00,3399.92,1,0,20,1,0.000,0
2.126618,3400.00,3399.92,1,0,21,1,0.000,0
2.126912,3400.00,3399.92,1,0,22,1,0.000,0
2.127206,3400.00,3399.92,1,0,23,1,0.000,0
2.127500,3400.00,3399.92,1,0,24,1,0.000,0
2.127794,3400.00,3399.92,1,0,25,1,0.000,0
2.128089,3400.00,3401.36,1,0,26,1,0.000,0
2.128383,3400.00,3401.36,1,0,27,1,0.000,0
2.128677,3400.00,3399.92,1,0,28,1,0.000,0
2.128971,3400.00,3399.92,1,0,29,1,0.000,0
2.129265,3400.00,3401.36,1,0,30,1,0.000,0
2.129559,3400.00,3399.92,1,0,31,1,0.000,0
2.129853,3400.00,3402.81,1,0,32,1,0.000,0
2.130147,3400.00,3401.36,1,0,33,1,0.000,0
2.130441,3400.00,3401.36,1,0,34,1,0.000,0
2.130736,3400.00,3398.47,1,0,35,1,0.000,0
2.131030,3400.00,3399.92,1,0,36,1,0.000,0
2.131324,3400.00,3399.92,1,0,37,1,0.000,0
2.131618,3400.00,3401.36,1,0,38,1,0.000,0
2.131912,3400.00,3399.92,1,0,39,1,0.000,0
2.132206,3400.00,3397.03,1,0,40,1,0.000,0
2.132500,3400.00,3398.47,1,0,41,1,0.000,0
2.132794,3400.00,3399.92,1,0,42,1,0.000,0
2.133089,3400.00,3399.92,1,0,43,1,0.000,0
2.133383,3400.00,3399.92,1,0,44,1,0.000,0
2.133677,3400.00,3399.92,1,0,45,1,0.000,0
2.133971,3400.00,3399.92,1,0,46,1,0.000,0
2.134265,3400.00,3398.47,1,0,47,1,0.000,0
2.134559,3400.00,3399.92,1,0,48,1,0.000,0
2.134853,3400.00,3402.81,1,0,49,1,0.000,0
2.135147,3400.00,3398.47,1,0,50,1,0.000,0
2.135441,3400.00,3401.36,1,0,51,1,0.000,0
2.135736,3400.00,3399.92,1,0,52,1,0.000,0
2.136030,3400.00,3399.92,1,0,53,1,0.000,0
2.136324,3400.00,3398.47,1,0,54,1,0.000,0
2.136618,3400.00,3399.92,1,0,55,1,0.000,0
2.136912,3400.00,3401.36,1,0,56,1,0.000,0
2.137206,3400.00,3399.92,1,0,57,1,0.000,0
2.138089,3400.00,3400.20,1,0,0,0,0.000,0
2.138383,3400.00,3400.20,1,0,1,0,0.000,0
2.138677,3400.00,3401.36,1,0,2,0,0.000,0
2.138971,3400.00,3400.20,1,0,3,0,0.000,0
2.139265,3400.00,3400.20,1,0,4,0,0.000,0
2.139559,3400.00,3401.36,1,0,5,0,0.000,0
2.139853,3400.00,3400.20,1,0,6,0,0.000,0
2.140147,3400.00,3400.20,1,0,7,0,0.000,0
2.140441,3400.00,3401.36,1,0,8,0,0.000,0
2.140736,3400.00,3398.47,1,0,9,0,0.000,0
2.141030,3400.00,3399.92,1,0,10,0,0.000,0
2.141324,3400.00,3399.92,1,0,11,0,0.000,0
2.141618,3400.00,3398.47,1,0,12,0,0.000,0
2.141912,3400.00,3398.47,1,0,13,0,0.000,0
2.142206,3400.00,3398.47,1,0,14,0,0.000,0
2.142500,3400.00,3397.03,1,0,15,0,0.000,0
2.142794,3400.00,3399.92,1,0,16,0,0.000,0
2.143089,3400.00,3399.92,1,0,17,0,0.000,0
2.143383,3400.00,3399.92,1,0,18,0,0.000,0
2.143677,3400.00,3401.36,1,0,19,0,0.000,0
2.143971,3400.00,3401.36,1,0,20,0,0.000,0
2.144265,3400.00,3399.92,1,0,21,0,0.000,0
2.144559,3400.00,3399.92,1,0,22,0,0.000,0
2.144853,3400.00,3401.36,1,0,23,0,0.000,0
2.145147,3400.00,3401.36,1,0,24,0,0.000,0
2.145441,3400.00,3399.92,1,0,25,0,0.000,0
2.145736,3400.00,3399.92,1,0,26,0,0.000,0
2.146030,3400.00,3398.47,1,0,27,0,0.000,0
2.146324,3400.00,3399.92,1,0,28,0,0.000,0
2.146618,3400.00,3399.92,1,0,29,0,0.000,0
2.146912,3400.00,3401.36,1,0,30,0,0.000,0
2.147206,3400.00,3398.47,1,0,31,0,0.000,0
2.147500,3400.00,3398.47,1,0,32,0,0.000,0
2.147794,3400.00,3402.81,1,0,33,0,0.000,0
2.148089,3400.00,3398.47,1,0,34,0,0.000,0
2.148383,3400.00,3399.92,1,0,35,0,0.000,0
2.148677,3400.00,3398.47,1,0,36,0,0.000,0
2.148971,3400.00,3399.92,1,0,37,0,0.000,0
2.149265,3400.00,3398.47,1,0,38,0,0.000,0
2.149559,3400.00,3401.36,1,0,39,0,0.000,0
2.149853,3400.00,3401.36,1,0,40,0,0.000,0
2.150147,3400.00,3398.47,1,0,41,0,0.000,0
2.150441,3400.00,3399.92,1,0,42,0,0.000,0
2.150736,3400.00,3399.92,1,0,43,0,0.000,0
2.151030,3400.00,3402.81,1,0,44,0,0.000,0
2.151324,3400.00,3398.47,1,0,45,0,0.000,0
2.151618,3400.00,3399.92,1,0,46,0,0.000,0
2.151912,3400.00,3399.92,1,0,47,0,0.000,0
2.152206,3400.00,3398.47,1,0,48,0,0.000,0
2.152500,3400.00,3399.92,1,0,49,0,0.000,0
2.152794,3400.00,3399.92,1,0,50,0,0.000,0
2.153089,3400.00,3399.92,1,0,51,0,0.000,0
2.153383,3400.00,3399.92,1,0,52,0,0.000,0
2.153677,3400.00,3401.36,1,0,53,0,0.000,0
2.153971,3400.00,3401.36,1,0,54,0,0.000,0
2.154265,3400.00,3398.47,1,0,55,0,0.000,0
2.154559,3400.00,3401.36,1,0,56,0,0.000,0
2.154853,3400.00,3399.92,1,0,57,0,0.000,0
2.155736,3400.00,3400.20,1,0,0,1,0.000,0
2.156030,3400.00,3400.20,1,0,1,1,0.000,0
2.156324,3400.00,3399.05,1,0,2,1,0.000,0
2.156618,3400.00,3401.36,1,0,3,1,0.000,0
2.156912,3400.00,3400.20,1,0,4,1,0.000,0
2.157206,3400.00,3401.36,1,0,5,1,0.000,0
2.157500,3400.00,3397.89,1,0,6,1,0.000,0
2.157794,3400.00,3401.36,1,0,7,1,0.000,0
2.158089,3400.00,3401.36,1,0,8,1,0.000,0
2.158383,3400.00,3399.92,1,0,9,1,0.000,0
2.158677,3400.00,3399.92,1,0,10,1,0.000,0
2.158971,3400.00,3399.92,1,0,11,1,0.000,0
2.159265,3400.00,3399.92,1,0,12,1,0.000,0
2.159559,3400.00,3399.92,1,0,13,1,0.000,0
2.159853,3400.00,3401.36,1,0,14,1,0.000,0
2.160147,3400.00,3398.47,1,0,15,1,0.000,0
2.160441,3400.00,3398.47,1,0,16,1,0.000,0
2.160736,3400.00,3401.36,1,0,17,1,0.000,0
2.161030,3400.00,3399.92,1,0,18,1,0.000,0
2.161324,3400.00,3398.47,1,0,19,1,0.000,0
2.161618,3400.00,3399.92,1,0,20,1,0.000,0
2.161912,3400.00,3398.47,1,0,21,1,0.000,0
2.162206,3400.00,3399.92,1,0,22,1,0.000,0
2.162500,3400.00,3397.03,1,0,23,1,0.000,0
2.162794,3400.00,3398.47,1,0,24,1,0.000,0
2.163089,3400.00,3398.47,1,0,25,1,0.000,0
2.163383,3400.00,3399.92,1,0,26,1,0.000,0
2.163677,3400.00,3401.36,1,0,27,1,0.000,0
2.163971,3400.00,3399.92,1,0,28,1,0.000,0
2.164265,3400.00,3401.36,1,0,29,1,0.000,0
2.164559,3400.00,3399.92,1,0,30,1,0.000,0
2.164853,3400.00,3401.36,1,0,31,1,0.000,0
2.165147,3400.00,3402.81,1,0,32,1,0.000,0
2.165441,3400.00,3401.36,1,0,33,1,0.000,0
2.165736,3400.00,3401.36,1,0,34,1,0.000,0
2.166030,3400.00,3398.47,1,0,35,1,0.000,0
2.166324,3400.00,3399.92,1,0,36,1,0.000,0
2.166618,3400.00,3399.92,1,0,37,1,0.000,0
2.166912,3400.00,3401.36,1,0,38,1,0.000,0
2.167206,3400.00,3401.36,1,0,39,1,0.000,0
2.167500,3400.00,3399.92,1,0,40,1,0.000,0
2.167794,3400.00,3399.92,1,0,41,1,0.000,0
2.168089,3400.00,3398.47,1,0,42,1,0.000,0
2.168383,3400.00,3399.92,1,0,43,1,0.000,0
2.168677,3400.00,3401.36,1,0,44,1,0.000,0
2.168971,3400.00,3399.92,1,0,45,1,0.000,0
2.169265,3400.00,3398.47,1,0,46,1,0.000,0
2.169559,3400.00,3399.92,1,0,47,1,0.000,0
2.169853,3400.00,3399.92,1,0,48,1,0.000,0
2.170147,3400.00,3398.47,1,0,49,1,0.000,0
2.170441,3400.00,3401.36,1,0,50,1,0.000,0
2.170736,3400.00,3398.47,1,0,51,1,0.000,0
2.171030,3400.00,3399.92,1,0,52,1,0.000,0
2.171324,3400.00,3399.92,1,0,53,1,0.000,0
2.171618,3400.00,3399.92,1,0,54,1,0.000,0
2.171912,3400.00,3399.92,1,0,55,1,0.000,0
2.172206,3400.00,3398.47,1,0,56,1,0.000,0
2.172500,3400.00,3401.36,1,0,57,1,0.000,0
2.173383,3400.00,3400.20,1,0,0,0,0.000,0
2.173677,3400.00,3402.52,1,0,1,0,0.000,0
2.173971,3400.00,3399.05,1,0,2,0,0.000,0
2.174265,3400.00,3401.36,1,0,3,0,0.000,0
2.174559,3400.00,3400.20,1,0,4,0,0.000,0
2.174853,3400.00,3400.20,1,0,5,0,0.000,0
2.175147,3400.00,3400.20,1,0,6,0,0.000,0
2.175441,3400.00,3400.20,1,0,7,0,0.000,0
2.175736,3400.00,3399.92,1,0,8,0,0.000,0
2.176030,3400.00,3399.92,1,0,9,0,0.000,0
2.176324,3400.00,3399.92,1,0,10,0,0.000,0
2.176618,3400.00,3399.92,1,0,11,0,0.000,0
2.176912,3400.00,3399.92,1,0,12,0,0.000,0
2.177206,3400.00,3398.47,1,0,13,0,0.000,0
2.177500,3400.00,3401.36,1,0,14,0,0.000,0
2.177794,3400.00,3399.92,1,0,15,0,0.000,0
2.178089,3400.00,3399.92,1,0,16,0,0.000,0
2.178383,3400.00,3398.47,1,0,17,0,0.000,0
2.178677,3400.00,3401.36,1,0,18,0,0.000,0
2.178971,3400.00,3398.47,1,0,19,0,0.000,0
2.179265,3400.00,3398.47,1,0,20,0,0.000,0
2.179559,3400.00,3399.92,1,0,21,0,0.000,0
2.179853,3400.00,3399.92,1,0,22,0,0.000,0
2.180147,3400.00,3399.92,1,0,23,0,0.000,0
2.180441,3400.00,3399.92,1,0,24,0,0.000,0
2.180736,3400.00,3401.36,1,0,25,0,0.000,0
2.181030,3400.00,3399.92,1,0,26,0,0.000,0
2.181324,3400.00,3399.92,1,0,27,0,0.000,0
2.181618,3400.00,3401.36,1,0,28,0,0.000,0
2.181912,3400.00,3401.36,1,0,29,0,0.000,0
2.182206,3400.00,3399.92,1,0,30,0,0.000,0
2.182500,3400.00,3398.47,1,0,31,0,0.000,0
2.182794,3400.00,3399.92,1,0,32,0,0.000,0
2.183089,3400.00,3398.47,1,0,33,0,0.000,0
2.183383,3400.00,3398.47,1,0,34,0,0.000,0
2.183677,3400.00,3401.36,1,0,35,0,0.000,0
2.183971,3400.00,3398.47,1,0,36,0,0.000,0
2.184265,3400.00,3401.36,1,0,37,0,0.000,0
2.184559,3400.00,3399.92,1,0,38,0,0.000,0
2.184853,3400.00,3402.81,1,0,39,0,0.000,0
2.185147,3400.00,3399.92,1,0,40,0,0.000,0
2.185441,3400.00,3398.47,1,0,41,0,0.000,0
2.185736,3400.00,3401.36,1,0,42,0,0.000,0
2.186030,3400.00,3398.47,1,0,43,0,0.000,0
2.186324,3400.00,3404.26,1,0,44,0,0.000,0
2.186618,3400.00,3399.92,1,0,45,0,0.000,0
2.186912,3400.00,3399.92,1,0,46,0,0.000,0
2.187206,3400.00,3398.47,1,0,47,0,0.000,0
2.187500,3400.00,3398.47,1,0,48,0,0.000,0
2.187794,3400.00,3402.81,1,0,49,0,0.000,0
2.188089,3400.00,3398.47,1,0,50,0,0.000,0
2.188383,3400.00,3401.36,1,0,51,0,0.000,0
2.188677,3400.00,3397.03,1,0,52,0,0.000,0
2.188971,3400.00,3397.03,1,0,53,0,0.000,0
2.189265,3400.00,3399.92,1,0,54,0,0.000,0
2.189559,3400.00,3398.47,1,0,55,0,0.000,0
2.189853,3400.00,3402.81,1,0,56,0,0.000,0
2.190147,3400.00,3397.03,1,0,57,0,0.000,0
2.191030,3400.00,3400.20,1,0,0,1,0.000,0
2.191324,3400.00,3399.05,1,0,1,1,0.000,0
2.191618,3400.00,3401.36,1,0,2,1,0.000,0
2.191912,3400.00,3401.36,1,0,3,1,0.000,0
2.192206,3400.00,3400.20,1,0,4,1,0.000,0
2.192500,3400.00,3400.20,1,0,5,1,0.000,0
2.192794,3400.00,3399.05,1,0,6,1,0.000,0
2.193089,3400.00,3402.52,1,0,7,1,0.000,0
2.193383,3400.00,3399.92,1,0,8,1,0.000,0
2.193677,3400.00,3401.36,1,0,9,1,0.000,0
2.193971,3400.00,3398.47,1,0,10,1,0.000,0
2.194265,3400.00,3399.92,1,0,11,1,0.000,0
2.194559,3400.00,3399.92,1,0,12,1,0.000,0
2.194853,3400.00,3401.36,1,0,13,1,0.000,0
2.195147,3400.00,3399.92,1,0,14,1,0.000,0
2.195441,3400.00,3399.92,1,0,15,1,0.000,0
2.195736,3400.00,3399.92,1,0,16,1,0.000,0
2.196030,3400.00,3399.92,1,0,17,1,0.000,0
2.196324,3400.00,3399.92,1,0,18,1,0.000,0
2.196618,3400.00,3398.47,1,0,19,1,0.000,0
2.196912,3400.00,3399.92,1,0,20,1,0.000,0
2.197206,3400.00,3399.92,1,0,21,1,0.000,0
2.197500,3400.00,3399.92,1,0,22,1,0.000,0
2.197794,3400.00,3398.47,1,0,23,1,0.000,0
2.198089,3400.00,3399.92,1,0,24,1,0.000,0
2.198383,3400.00,3397.03,1,0,25,1,0.000,0
2.198677,3400.00,3399.92,1,0,26,1,0.000,0
2.198971,3400.00,3399.92,1,0,27,1,0.000,0
2.199265,3400.00,3398.47,1,0,28,1,0.000,0
2.199559,3400.00,3399.92,1,0,29,1,0.000,0
2.199853,3400.00,3399.92,1,0,30,1,0.000,0
2.200147,3400.00,3399.92,1,0,31,1,0.000,0
2.200441,3400.00,3401.36,1,0,32,1,0.000,0
2.200736,3400.00,3401.36,1,0,33,1,0.000,0
2.201030,3400.00,3401.36,1,0,34,1,0.000,0
2.201324,3400.00,3402.81,1,0,35,1,0.000,0
2.201618,3400.00,3401.36,1,0,36,1,0.000,0
2.201912,3400.00,3401.36,1,0,37,1,0.000,0
2.202206,3400.00,3401.36,1,0,38,1,0.000,0
2.202500,3400.00,3401.36,1,0,39,1,0.000,0
2.202794,3400.00,3398.47,1,0,40,1,0.000,0
2.203089,3400.00,3399.92,1,0,41,1,0.000,0
2.203383,3400.00,3399.92,1,0,42,1,0.000,0
2.203677,3400.00,3399.92,1,0,43,1,0.000,0
2.203971,3400.00,3398.47,1,0,44,1,0.000,0
2.204265,3400.00,3398.47,1,0,45,1,0.000,0
2.204559,3400.00,3398.47,1,0,46,1,0.000,0
2.204853,3400.00,3398.47,1,0,47,1,0.000,0
2.205147,3400.00,3401.36,1,0,48,1,0.000,0
2.205441,3400.00,3401.36,1,0,49,1,0.000,0
2.205736,3400.00,3398.47,1,0,50,1,0.000,0
2.206030,3400.00,3398.47,1,0,51,1,0.000,0
2.206324,3400.00,3399.92,1,0,52,1,0.000,0
2.206618,3400.00,3401.36,1,0,53,1,0.000,0
2.206912,3400.00,3399.92,1,0,54,1,0.000,0
2.207206,3400.00,3399.92,1,0,55,1,0.000,0
2.207500,3400.00,3399.92,1,0,56,1,0.000,0
2.207794,3400.00,3398.47,1,0,57,1,0.000,0
2.208677,3400.00,3399.05,1,0,0,0,0.000,0
2.208971,3400.00,3400.20,1,0,1,0,0.000,0
2.209265,3400.00,3401.36,1,0,2,0,0.000,0
2.209559,3400.00,3397.89,1,0,3,0,0.000,0
2.209853,3400.00,3397.89,1,0,4,0,0.000,0
2.210147,3400.00,3401.36,1,0,5,0,0.000,0
2.210441,3400.00,3399.05,1,0,6,0,0.000,0
2.210736,3400.00,3400.20,1,0,7,0,0.000,0
2.211030,3400.00,3401.36,1,0,8,0,0.000,0
2.211324,3400.00,3399.92,1,0,9,0,0.000,0
2.211618,3400.00,3399.92,1,0,10,0,0.000,0
2.211912,3400.00,3402.81,1,0,11,0,0.000,0
2.212206,3400.00,3401.36,1,0,12,0,0.000,0
2.212500,3400.00,3399.92,1,0,13,0,0.000,0
2.212794,3400.00,3401.36,1,0,14,0,0.000,0
2.213089,3400.00,3401.36,1,0,15,0,0.000,0
2.213383,3400.00,3399.92,1,0,16,0,0.000,0
2.213677,3400.00,3401.36,1,0,17,0,0.000,0
2.213971,3400.00,3401.36,1,0,18,0,0.000,0
2.214265,3400.00,3397.03,1,0,19,0,0.000,0
2.214559,3400.00,3401.36,1,0,20,0,0.000,0
2.214853,3400.00,3399.92,1,0,21,0,0.000,0
2.215147,3400.00,3398.47,1,0,22,0,0.000,0
2.215441,3400.00,3399.92,1,0,23,0,0.000,0
2.215736,3400.00,3399.92,1,0,24,0,0.000,0
2.216030,3400.00,3398.47,1,0,25,0,0.000,0
2.216324,3400.00,3398.47,1,0,26,0,0.000,0
2.216618,3400.00,3402.81,1,0,27,0,0.000,0
2.216912,3400.00,3399.92,1,0,28,0,0.000,0
2.217206,3400.00,3399.92,1,0,29,0,0.000,0
2.217500,3400.00,3399.92,1,0,30,0,0.000,0
2.217794,3400.00,3398.47,1,0,31,0,0.000,0
2.218089,3400.00,3399.92,1,0,32,0,0.000,0
2.218383,3400.00,3399.92,1,0,33,0,0.000,0
2.218677,3400.00,3399.92,1,0,34,0,0.000,0
2.218971,3400.00,3398.47,1,0,35,0,0.000,0
2.219265,3400.00,3399.92,1,0,36,0,0.000,0
2.219559,3400.00,3399.92,1,0,37,0,0.000,0
2.219853,3400.00,3402.81,1,0,38,0,0.000,0
2.220147,3400.00,3401.36,1,0,39,0,0.000,0
2.220441,3400.00,3398.47,1,0,40,0,0.000,0
2.220736,3400.00,3401.36,1,0,41,0,0.000,0
2.221030,3400.00,3399.92,1,0,42,0,0.000,0
2.221324,3400.00,3398.47,1,0,43,0,0.000,0
2.221618,3400.00,3401.36,1,0,44,0,0.000,0
2.221912,3400.00,3398.47,1,0,45,0,0.000,0
2.222206,3400.00,3397.03,1,0,46,0,0.000,0
2.222500,3400.00,3399.92,1,0,47,0,0.000,0
2.222794,3400.00,3402.81,1,0,48,0,0.000,0
2.223089,3400.00,3398.47,1,0,49,0,0.000,0
2.223383,3400.00,3399.92,1,0,50,0,0.000,0
2.223677,3400.00,3401.36,1,0,51,0,0.000,0
2.223971,3400.00,3399.92,1,0,52,0,0.000,0
2.224265,3400.00,3404.26,1,0,53,0,0.000,0
2.224559,3400.00,3401.36,1,0,54,0,0.000,0
2.224853,3400.00,3401.36,1,0,55,0,0.000,0
2.225147,3400.00,3399.92,1,0,56,0,0.000,0
2.225441,3400.00,3399.92,1,0,57,0,0.000,0
2.226324,3400.00,3399.05,1,0,0,1,0.000,0
2.226618,3400.00,3400.20,1,0,1,1,0.000,0
2.226912,3400.00,3397.89,1,0,2,1,0.000,0
2.227206,3400.00,3397.89,1,0,3,1,0.000,0
2.227500,3400.00,3399.05,1,0,4,1,0.000,0
2.227794,3400.00,3399.05,1,0,5,1,0.000,0
2.228089,3400.00,3400.20,1,0,6,1,0.000,0
2.228383,3400.00,3400.20,1,0,7,1,0.000,0
2.228677,3400.00,3399.92,1,0,8,1,0.000,0
2.228971,3400.00,3399.92,1,0,9,1,0.000,0
2.229265,3400.00,3401.36,1,0,10,1,0.000,0
2.229559,3400.00,3399.92,1,0,11,1,0.000,0
2.229853,3400.00,3399.92,1,0,12,1,0.000,0
2.230147,3400.00,3399.92,1,0,13,1,0.000,0
2.230441,3400.00,3401.36,1,0,14,1,0.000,0
2.230736,3400.00,3399.92,1,0,15,1,0.000,0
2.231030,3400.00,3401.36,1,0,16,1,0.000,0
2.231324,3400.00,3399.92,1,0,17,1,0.000,0
2.231618,3400.00,3399.92,1,0,18,1,0.000,0
2.231912,3400.00,3399.92,1,0,19,1,0.000,0
2.232206,3400.00,3401.36,1,0,20,1,0.000,0
2.232500,3400.00,3399.92,1,0,21,1,0.000,0
2.232794,3400.00,3398.47,1,0,22,1,0.000,0
2.233089,3400.00,3399.92,1,0,23,1,0.000,0
2.233383,3400.00,3399.92,1,0,24,1,0.000,0
2.233677,3400.00,3399.92,1,0,25,1,0.000,0
2.233971,3400.00,3399.92,1,0,26,1,0.000,0
2.234265,3400.00,3401.36,1,0,27,1,0.000,0
2.234559,3400.00,3399.92,1,0,28,1,0.000,0
2.234853,3400.00,3399.92,1,0,29,1,0.000,0
2.235147,3400.00,3399.92,1,0,30,1,0.000,0
2.235441,3400.00,3399.92,1,0,31,1,0.000,0
2.235736,3400.00,3399.92,1,0,32,1,0.000,0
2.236030,3400.00,3399.92,1,0,33,1,0.000,0
2.236324,3400.00,3399.92,1,0,34,1,0.000,0
2.236618,3400.00,3397.03,1,0,35,1,0.000,0
2.236912,3400.00,3399.92,1,0,36,1,0.000,0
2.237206,3400.00,3399.92,1,0,37,1,0.000,0
2.237500,3400.00,3399.92,1,0,38,1,0.000,0
2.237794,3400.00,3401.36,1,0,39,1,0.000,0
2.238089,3400.00,3399.92,1,0,40,1,0.000,0
2.238383,3400.00,3399.92,1,0,41,1,0.000,0
2.238677,3400.00,3401.36,1,0,42,1,0.000,0
2.238971,3400.00,3399.92,1,0,43,1,0.000,0
2.239265,3400.00,3399.92,1,0,44,1,0.000,0
2.239559,3400.00,3399.92,1,0,45,1,0.000,0
2.239853,3400.00,3398.47,1,0,46,1,0.000,0
2.240147,3400.00,3399.92,1,0,47,1,0.000,0
2.240441,3400.00,3401.36,1,0,48,1,0.000,0
2.240736,3400.00,3401.36,1,0,49,1,0.000,0
2.241030,3400.00,3398.47,1,0,50,1,0.000,0
2.241324,3400.00,3401.36,1,0,51,1,0.000,0
2.241618,3400.00,3401.36,1,0,52,1,0.000,0
2.241912,3400.00,3401.36,1,0,53,1,0.000,0
2.242206,3400.00,3401.36,1,0,54,1,0.000,0
2.242500,3400.00,3398.47,1,0,55,1,0.000,0
2.242794,3400.00,3399.92,1,0,56,1,0.000,0
2.243089,3400.00,3398.47,1,0,57,1,0.000,0
2.243971,3400.00,3400.20,1,0,0,0,0.000,0
2.244265,3400.00,3401.36,1,0,1,0,0.000,0
2.244559,3400.00,3399.05,1,0,2,0,0.000,0
2.244853,3400.00,3397.89,1,0,3,0,0.000,0
2.245147,3400.00,3400.20,1,0,4,0,0.000,0
2.245441,3400.00,3401.36,1,0,5,0,0.000,0
2.245736,3400.00,3399.05,1,0,6,0,0.000,0
2.246030,3400.00,3401.36,1,0,7,0,0.000,0
2.246324,3400.00,3401.36,1,0,8,0,0.000,0
2.246618,3400.00,3398.47,1,0,9,0,0.000,0
2.246912,3400.00,3401.36,1,0,10,0,0.000,0
2.247206,3400.00,3401.36,1,0,11,0,0.000,0
2.247500,3400.00,3398.47,1,0,12,0,0.000,0
2.247794,3400.00,3397.03,1,0,13,0,0.000,0
2.248089,3400.00,3401.36,1,0,14,0,0.000,0
2.248383,3400.00,3398.47,1,0,15,0,0.000,0
2.248677,3400.00,3398.47,1,0,16,0,0.000,0
2.248971,3400.00,3399.92,1,0,17,0,0.000,0
2.249265,3400.00,3398.47,1,0,18,0,0.000,0
2.249559,3400.00,3399.92,1,0,19,0,0.000,0
2.249853,3400.00,3401.36,1,0,20,0,0.000,0
2.250147,3400.00,3402.81,1,0,21,0,0.000,0
2.250441,3400.00,3399.92,1,0,22,0,0.000,0
2.250736,3400.00,3399.92,1,0,23,0,0.000,0
2.251030,3400.00,3399.92,1,0,24,0,0.000,0
2.251324,3400.00,3399.92,1,0,25,0,0.000,0
2.251618,3400.00,3399.92,1,0,26,0,0.000,0
2.251912,3400.00,3401.36,1,0,27,0,0.000,0
2.252206,3400.00,3398.47,1,0,28,0,0.000,0
2.252500,3400.00,3399.92,1,0,29,0,0.000,0
2.252794,3400.00,3398.47,1,0,30,0,0.000,0
2.253089,3400.00,3399.92,1,0,31,0,0.000,0
2.253383,3400.00,3399.92,1,0,32,0,0.000,0
2.253677,3400.00,3401.36,1,0,33,0,0.000,0
2.253971,3400.00,3401.36,1,0,34,0,0.000,0
2.254265,3400.00,3398.47,1,0,35,0,0.000,0
2.254559,3400.00,3401.36,1,0,36,0,0.000,0
2.254853,3400.00,3399.92,1,0,37,0,0.000,0
2.255147,3400.00,3401.36,1,0,38,0,0.000,0
2.255441,3400.00,3401.36,1,0,39,0,0.000,0
2.255736,3400.00,3399.92,1,0,40,0,0.000,0
2.256030,3400.00,3398.47,1,0,41,0,0.000,0
2.256324,3400.00,3398.47,1,0,42,0,0.000,0
2.256618,3400.00,3399.92,1,0,43,0,0.000,0
2.256912,3400.00,3401.36,1,0,44,0,0.000,0
2.257206,3400.00,3398.47,1,0,45,0,0.000,0
2.257500,3400.00,3399.92,1,0,46,0,0.000,0
2.257794,3400.00,3399.92,1,0,47,0,0.000,0
2.258089,3400.00,3399.92,1,0,48,0,0.000,0
2.258383,3400.00,3398.47,1,0,49,0,0.000,0
2.258677,3400.00,3399.92,1,0,50,0,0.000,0
2.258971,3400.00,3399.92,1,0,51,0,0.000,0
2.259265,3400.00,3397.03,1,0,52,0,0.000,0
2.259559,3400.00,3401.36,1,0,53,0,0.000,0
2.259853,3400.00,3399.92,1,0,54,0,0.000,0
2.260147,3400.00,3401.36,1,0,55,0,0.000,0
2.260441,3400.00,3401.36,1,0,56,0,0.000,0
2.260736,3400.00,3401.36,1,0,57,0,0.000,0
2.261618,3400.00,3400.20,1,0,0,1,0.000,0
2.261912,3400.00,3400.20,1,0,1,1,0.000,0
2.262206,3400.00,3400.20,1,0,2,1,0.000,0
2.262500,3400.00,3399.05,1,0,3,1,0.000,0
2.262794,3400.00,3399.05,1,0,4,1,0.000,0
2.263089,3400.00,3397.89,1,0,5,1,0.000,0
2.263383,3400.00,3400.20,1,0,6,1,0.000,0
2.263677,3400.00,3400.20,1,0,7,1,0.000,0
2.263971,3400.00,3399.92,1,0,8,1,0.000,0
2.264265,3400.00,3399.92,1,0,9,1,0.000,0
2.264559,3400.00,3399.92,1,0,10,1,0.000,0
2.264853,3400.00,3399.92,1,0,11,1,0.000,0
2.265147,3400.00,3401.36,1,0,12,1,0.000,0
2.265441,3400.00,3401.36,1,0,13,1,0.000,0
2.265736,3400.00,3398.47,1,0,14,1,0.000,0
2.266030,3400.00,3399.92,1,0,15,1,0.000,0
2.266324,3400.00,3399.92,1,0,16,1,0.000,0
2.266618,3400.00,3401.36,1,0,17,1,0.000,0
2.266912,3400.00,3401.36,1,0,18,1,0.000,0
2.267206,3400.00,3401.36,1,0,19,1,0.000,0
2.267500,3400.00,3398.47,1,0,20,1,0.000,0
2.267794,3400.00,3401.36,1,0,21,1,0.000,0
2.268089,3400.00,3399.92,1,0,22,1,0.000,0
2.268383,3400.00,3399.92,1,0,23,1,0.000,0
2.268677,3400.00,3399.92,1,0,24,1,0.000,0
2.268971,3400.00,3398.47,1,0,25,1,0.000,0
2.269265,3400.00,3399.92,1,0,26,1,0.000,0
2.269559,3400.00,3401.36,1,0,27,1,0.000,0
2.269853,3400.00,3401.36,1,0,28,1,0.000,0
2.270147,3400.00,3397.03,1,0,29,1,0.000,0
2.270441,3400.00,3399.92,1,0,30,1,0.000,0
2.270736,3400.00,3398.47,1,0,31,1,0.000,0
2.271030,3400.00,3402.81,1,0,32,1,0.000,0
2.271324,3400.00,3398.47,1,0,33,1,0.000,0
2.271618,3400.00,3399.92,1,0,34,1,0.000,0
2.271912,3400.00,3398.47,1,0,35,1,0.000,0
2.272206,3400.00,3399.92,1,0,36,1,0.000,0
2.272500,3400.00,3399.92,1,0,37,1,0.000,0
2.272794,3400.00,3399.92,1,0,38,1,0.000,0
2.273089,3400.00,3402.81,1,0,39,1,0.000,0
2.273383,3400.00,3397.03,1,0,40,1,0.000,0
2.273677,3400.00,3401.36,1,0,41,1,0.000,0
2.273971,3400.00,3399.92,1,0,42,1,0.000,0
2.274265,3400.00,3399.92,1,0,43,1,0.000,0
2.274559,3400.00,3399.92,1,0,44,1,0.000,0
2.274853,3400.00,3401.36,1,0,45,1,0.000,0
2.275147,3400.00,3399.92,1,0,46,1,0.000,0
2.275441,3400.00,3399.92,1,0,47,1,0.000,0
2.275736,3400.00,3398.47,1,0,48,1,0.000,0
2.276030,3400.00,3399.92,1,0,49,1,0.000,0
2.276324,3400.00,3401.36,1,0,50,1,0.000,0
2.276618,3400.00,3398.47,1,0,51,1,0.000,0
2.276912,3400.00,3399.92,1,0,52,1,0.000,0
2.277206,3400.00,3399.92,1,0,53,1,0.000,0
2.277500,3400.00,3401.36,1,0,54,1,0.000,0
2.277794,3400.00,3398.47,1,0,55,1,0.000,0
2.278089,3400.00,3401.36,1,0,56,1,0.000,0
2.278383,3400.00,3401.36,1,0,57,1,0.000,0
2.279265,3400.00,3399.05,1,0,0,0,0.000,0
2.279559,3400.00,3401.36,1,0,1,0,0.000,0
2.279853,3400.00,3400.20,1,0,2,0,0.000,0
2.280147,3400.00,3399.05,1,0,3,0,0.000,0
2.280441,3400.00,3400.20,1,0,4,0,0.000,0
2.280736,3400.00,3400.20,1,0,5,0,0.000,0
2.281030,3400.00,3401.36,1,0,6,0,0.000,0
2.281324,3400.00,3399.05,1,0,7,0,0.000,0
2.281618,3400.00,3401.36,1,0,8,0,0.000,0
2.281912,3400.00,3398.47,1,0,9,0,0.000,0
2.282206,3400.00,3399.92,1,0,10,0,0.000,0
2.282500,3400.00,3398.47,1,0,11,0,0.000,0
2.282794,3400.00,3398.47,1,0,12,0,0.000,0
2.283089,3400.00,3401.36,1,0,13,0,0.000,0
2.283383,3400.00,3398.47,1,0,14,0,0.000,0
2.283677,3400.00,3398.47,1,0,15,0,0.000,0
2.283971,3400.00,3399.92,1,0,16,0,0.000,0
2.284265,3400.00,3401.36,1,0,17,0,0.000,0
2.284559,3400.00,3398.47,1,0,18,0,0.000,0
2.284853,3400.00,3402.81,1,0,19,0,0.000,0
2.285147,3400.00,3399.92,1,0,20,0,0.000,0
2.285441,3400.00,3399.92,1,0,21,0,0.000,0
2.285736,3400.00,3401.36,1,0,22,0,0.000,0
2.286030,3400.00,3401.36,1,0,23,0,0.000,0
2.286324,3400.00,3398.47,1,0,24,0,0.000,0
2.286618,3400.00,3399.92,1,0,25,0,0.000,0
2.286912,3400.00,3401.36,1,0,26,0,0.000,0
2.287206,3400.00,3399.92,1,0,27,0,0.000,0
2.287500,3400.00,3401.36,1,0,28,0,0.000,0
2.287794,3400.00,3397.03,1,0,29,0,0.000,0
2.288089,3400.00,3398.47,1,0,30,0,0.000,0
2.288383,3400.00,3399.92,1,0,31,0,0.000,0
2.288677,3400.00,3401.36,1,0,32,0,0.000,0
2.288971,3400.00,3399.92,1,0,33,0,0.000,0
2.289265,3400.00,3399.92,1,0,34,0,0.000,0
2.289559,3400.00,3398.47,1,0,35,0,0.000,0
2.289853,3400.00,3399.92,1,0,36,0,0.000,0
2.290147,3400.00,3401.36,1,0,37,0,0.000,0
2.290441,3400.00,3401.36,1,0,38,0,0.000,0
2.290736,3400.00,3399.92,1,0,39,0,0.000,0
2.291030,3400.00,3398.47,1,0,40,0,0.000,0
2.291324,3400.00,3401.36,1,0,41,0,0.000,0
2.291618,3400.00,3399.92,1,0,42,0,0.000,0
2.291912,3400.00,3401.36,1,0,43,0,0.000,0
2.292206,3400.00,3399.92,1,0,44,0,0.000,0
2.292500,3400.00,3402.81,1,0,45,0,0.000,0
2.292794,3400.00,3399.92,1,0,46,0,0.000,0
2.293089,3400.00,3398.47,1,0,47,0,0.000,0
2.293383,3400.00,3398.47,1,0,48,0,0.000,0
2.293677,3400.00,3398.47,1,0,49,0,0.000,0
2.293971,3400.00,3399.92,1,0,50,0,0.000,0
2.294265,3400.00,3398.47,1,0,51,0,0.000,0
2.294559,3400.00,3398.47,1,0,52,0,0.000,0
2.294853,3400.00,3398.47,1,0,53,0,0.000,0
2.295147,3400.00,3398.47,1,0,54,0,0.000,0
2.295441,3400.00,3404.26,1,0,55,0,0.000,0
2.295736,3400.00,3399.92,1,0,56,0,0.000,0
2.296030,3400.00,3399.92,1,0,57,0,0.000,0
2.296912,3400.00,3400.20,1,0,0,1,0.000,0
2.297206,3400.00,3400.20,1,0,1,1,0.000,0
2.297500,3400.00,3400.20,1,0,2,1,0.000,0
2.297794,3400.00,3400.20,1,0,3,1,0.000,0
2.298089,3400.00,3400.20,1,0,4,1,0.000,0
2.298383,3400.00,3399.05,1,0,5,1,0.000,0
2.298677,3400.00,3402.52,1,0,6,1,0.000,0
2.298971,3400.00,3400.20,1,0,7,1,0.000,0
2.299265,3400.00,3399.92,1,0,8,1,0.000,0
2.299559,3400.00,3399.92,1,0,9,1,0.000,0
2.299853,3400.00,3401.36,1,0,10,1,0.000,0
2.300147,3400.00,3398.47,1,0,11,1,0.000,0
2.300441,3400.00,3401.36,1,0,12,1,0.000,0
2.300736,3400.00,3398.47,1,0,13,1,0.000,0
2.301030,3400.00,3397.03,1,0,14,1,0.000,0
2.301324,3400.00,3399.92,1,0,15,1,0.000,0
2.301618,3400.00,3401.36,1,0,16,1,0.000,0
2.301912,3400.00,3402.81,1,0,17,1,0.000,0
2.302206,3400.00,3399.92,1,0,18,1,0.000,0
2.302500,3400.00,3401.36,1,0,19,1,0.000,0
2.302794,3400.00,3399.92,1,0,20,1,0.000,0
2.303089,3400.00,3399.92,1,0,21,1,0.000,0
2.303383,3400.00,3402.81,1,0,22,1,0.000,0
2.303677,3400.00,3399.92,1,0,23,1,0.000,0
2.303971,3400.00,3398.47,1,0,24,1,0.000,0
2.304265,3400.00,3399.92,1,0,25,1,0.000,0
2.304559,3400.00,3399.92,1,0,26,1,0.000,0
2.304853,3400.00,3398.47,1,0,27,1,0.000,0
2.305147,3400.00,3399.92,1,0,28,1,0.000,0
2.305441,3400.00,3399.92,1,0,29,1,0.000,0
2.305736,3400.00,3399.92,1,0,30,1,0.000,0
2.306030,3400.00,3399.92,1,0,31,1,0.000,0
2.306324,3400.00,3401.36,1,0,32,1,0.000,0
2.306618,3400.00,3398.47,1,0,33,1,0.000,0
2.306912,3400.00,3399.92,1,0,34,1,0.000,0
2.307206,3400.00,3401.36,1,0,35,1,0.000,0
2.307500,3400.00,3399.92,1,0,36,1,0.000,0
2.307794,3400.00,3401.36,1,0,37,1,0.000,0
2.308089,3400.00,3397.03,1,0,38,1,0.000,0
2.308383,3400.00,3399.92,1,0,39,1,0.000,0
2.308677,3400.00,3398.47,1,0,40,1,0.000,0
2.308971,3400.00,3399.92,1,0,41,1,0.000,0
2.309265,3400.00,3401.36,1,0,42,1,0.000,0
2.309559,3400.00,3399.92,1,0,43,1,0.000,0
2.309853,3400.00,3398.47,1,0,44,1,0.000,0
2.310147,3400.00,3397.03,1,0,45,1,0.000,0
2.310441,3400.00,3401.36,1,0,46,1,0.000,0
2.310736,3400.00,3401.36,1,0,47,1,0.000,0
2.311030,3400.00,3401.36,1,0,48,1,0.000,0
2.311324,3400.00,3398.47,1,0,49,1,0.000,0
2.311618,3400.00,3397.03,1,0,50,1,0.000,0
2.311912,3400.00,3399.92,1,0,51,1,0.000,0
2.312206,3400.00,3401.36,1,0,52,1,0.000,0
2.312500,3400.00,3402.81,1,0,53,1,0.000,0
2.312794,3400.00,3399.92,1,0,54,1,0.000,0
2.313089,3400.00,3398.47,1,0,55,1,0.000,0
2.313383,3400.00,3398.47,1,0,56,1,0.000,0
2.313677,3400.00,3401.36,1,0,57,1,0.000,0
2.314559,3400.00,3400.20,1,0,0,0,0.000,0
2.314853,3400.00,3400.20,1,0,1,0,0.000,0
2.315147,3400.00,3400.20,1,0,2,0,0.000,0
2.315441,3400.00,3399.05,1,0,3,0,0.000,0
2.315736,3400.00,3400.20,1,0,4,0,0.000,0
2.316030,3400.00,3400.20,1,0,5,0,0.000,0
2.316324,3400.00,3400.20,1,0,6,0,0.000,0
2.316618,3400.00,3400.20,1,0,7,0,0.000,0
2.316912,3400.00,3401.36,1,0,8,0,0.000,0
2.317206,3400.00,3398.47,1,0,9,0,0.000,0
2.317500,3400.00,3399.92,1,0,10,0,0.000,0
2.317794,3400.00,3399.92,1,0,11,0,0.000,0
2.318089,3400.00,3399.92,1,0,12,0,0.000,0
2.318383,3400.00,3401.36,1,0,13,0,0.000,0
2.318677,3400.00,3399.92,1,0,14,0,0.000,0
2.318971,3400.00,3398.47,1,0,15,0,0.000,0
2.319265,3400.00,3399.92,1,0,16,0,0.000,0
2.319559,3400.00,3401.36,1,0,17,0,0.000,0
2.319853,3400.00,3399.92,1,0,18,0,0.000,0
2.320147,3400.00,3401.36,1,0,19,0,0.000,0
2.320441,3400.00,3401.36,1,0,20,0,0.000,0
2.320736,3400.00,3399.92,1,0,21,0,0.000,0
2.321030,3400.00,3401.36,1,0,22,0,0.000,0
2.321324,3400.00,3399.92,1,0,23,0,0.000,0
2.321618,3400.00,3401.36,1,0,24,0,0.000,0
2.321912,3400.00,3398.47,1,0,25,0,0.000,0
2.322206,3400.00,3398.47,1,0,26,0,0.000,0
2.322500,3400.00,3399.92,1,0,27,0,0.000,0
2.322794,3400.00,3399.92,1,0,28,0,0.000,0
2.323089,3400.00,3399.92,1,0,29,0,0.000,0
2.323383,3400.00,3398.47,1,0,30,0,0.000,0
2.323677,3400.00,3401.36,1,0,31,0,0.000,0
2.323971,3400.00,3397.03,1,0,32,0,0.000,0
2.324265,3400.00,3401.36,1,0,33,0,0.000,0
2.324559,3400.00,3401.36,1,0,34,0,0.000,0
2.324853,3400.00,3398.47,1,0,35,0,0.000,0
2.325147,3400.00,3398.47,1,0,36,0,0.000,0
2.325441,3400.00,3399.92,1,0,37,0,0.000,0
2.325736,3400.00,3399.92,1,0,38,0,0.000,0
2.326030,3400.00,3399.92,1,0,39,0,0.000,0
2.326324,3400.00,3401.36,1,0,40,0,0.000,0
2.326618,3400.00,3399.92,1,0,41,0,0.000,0
2.326912,3400.00,3399.92,1,0,42,0,0.000,0
2.327206,3400.00,3401.36,1,0,43,0,0.000,0
2.327500,3400.00,3399.92,1,0,44,0,0.000,0
2.327794,3400.00,3399.92,1,0,45,0,0.000,0
2.328089,3400.00,3399.92,1,0,46,0,0.000,0
2.328383,3400.00,3401.36,1,0,47,0,0.000,0
2.328677,3400.00,3399.92,1,0,48,0,0.000,0
2.328971,3400.00,3401.36,1,0,49,0,0.000,0
2.329265,3400.00,3399.92,1,0,50,0,0.000,0
2.329559,3400.00,3399.92,1,0,51,0,0.000,0
2.329853,3400.00,3399.92,1,0,52,0,0.000,0
2.330147,3400.00,3398.47,1,0,53,0,0.000,0
2.330441,3400.00,3401.36,1,0,54,0,0.000,0
2.330736,3400.00,3397.03,1,0,55,0,0.000,0
2.331030,3400.00,3398.47,1,0,56,0,0.000,0
2.331324,3400.00,3398.47,1,0,57,0,0.000,0
2.332206,3400.00,3401.36,1,0,0,1,0.000,0
2.332500,3400.00,3400.20,1,0,1,1,0.000,0
2.332794,3400.00,3401.36,1,0,2,1,0.000,0
2.333089,3400.00,3400.20,1,0,3,1,0.000,0
2.333383,3400.00,3400.20,1,0,4,1,0.000,0
2.333677,3400.00,3402.52,1,0,5,1,0.000,0
2.333971,3400.00,3401.36,1,0,6,1,0.000,0
2.334265,3400.00,3401.36,1,0,7,1,0.000,0
2.334559,3400.00,3395.59,1,0,8,1,0.000,0
2.334853,3400.00,3398.47,1,0,9,1,0.000,0
2.335147,3400.00,3398.47,1,0,10,1,0.000,0
2.335441,3400.00,3401.36,1,0,11,1,0.000,0
2.335736,3400.00,3399.92,1,0,12,1,0.000,0
2.336030,3400.00,3398.47,1,0,13,1,0.000,0
2.336324,3400.00,3399.92,1,0,14,1,0.000,0
2.336618,3400.00,3399.92,1,0,15,1,0.000,0
2.336912,3400.00,3402.81,1,0,16,1,0.000,0
2.337206,3400.00,3401.36,1,0,17,1,0.000,0
2.337500,3400.00,3401.36,1,0,18,1,0.000,0
2.337794,3400.00,3398.47,1,0,19,1,0.000,0
2.338089,3400.00,3398.47,1,0,20,1,0.000,0
2.338383,3400.00,3401.36,1,0,21,1,0.000,0
2.338677,3400.00,3401.36,1,0,22,1,0.000,0
2.338971,3400.00,3398.47,1,0,23,1,0.000,0
2.339265,3400.00,3399.92,1,0,24,1,0.000,0
2.339559,3400.00,3399.92,1,0,25,1,0.000,0
2.339853,3400.00,3401.36,1,0,26,1,0.000,0
2.340147,3400.00,3399.92,1,0,27,1,0.000,0
2.340441,3400.00,3401.36,1,0,28,1,0.000,0
2.340736,3400.00,3398.47,1,0,29,1,0.000,0
2.341030,3400.00,3399.92,1,0,30,1,0.000,0
2.341324,3400.00,3401.36,1,0,31,1,0.000,0
2.341618,3400.00,3401.36,1,0,32,1,0.000,0
2.341912,3400.00,3399.92,1,0,33,1,0.000,0
2.342206,3400.00,3398.47,1,0,34,1,0.000,0
2.342500,3400.00,3401.36,1,0,35,1,0.000,0
2.342794,3400.00,3399.92,1,0,36,1,0.000,0
2.343089,3400.00,3401.36,1,0,37,1,0.000,0
2.343383,3400.00,3399.92,1,0,38,1,0.000,0
2.343677,3400.00,3397.03,1,0,39,1,0.000,0
2.343971,3400.00,3398.47,1,0,40,1,0.000,0
2.344265,3400.00,3399.92,1,0,41,1,0.000,0
2.344559,3400.00,3399.92,1,0,42,1,0.000,0
2.344853,3400.00,3399.92,1,0,43,1,0.000,0
2.345147,3400.00,3401.36,1,0,44,1,0.000,0
2.345441,3400.00,3399.92,1,0,45,1,0.000,0
2.345736,3400.00,3398.47,1,0,46,1,0.000,0
2.346030,3400.00,3401.36,1,0,47,1,0.000,0
2.346324,3400.00,3399.92,1,0,48,1,0.000,0
2.346618,3400.00,3401.36,1,0,49,1,0.000,0
2.346912,3400.00,3399.92,1,0,50,1,0.000,0
2.347206,3400.00,3397.03,1,0,51,1,0.000,0
2.347500,3400.00,3397.03,1,0,52,1,0.000,0
2.347794,3400.00,3398.47,1,0,53,1,0.000,0
2.348089,3400.00,3399.92,1,0,54,1,0.000,0
2.348383,3400.00,3399.92,1,0,55,1,0.000,0
2.348677,3400.00,3398.47,1,0,56,1,0.000,0
2.348971,3400.00,3398.47,1,0,57,1,0.000,0
2.349853,3400.00,3400.20,1,0,0,0,0.000,0
2.350147,3400.00,3402.52,1,0,1,0,0.000,0
2.350441,3400.00,3400.20,1,0,2,0,0.000,0
2.350736,3400.00,3400.20,1,0,3,0,0.000,0
2.351030,3400.00,3400.20,1,0,4,0,0.000,0
2.351324,3400.00,3400.20,1,0,5,0,0.000,0
2.351618,3400.00,3401.36,1,0,6,0,0.000,0
2.351912,3400.00,3401.36,1,0,7,0,0.000,0
2.352206,3400.00,3401.36,1,0,8,0,0.000,0
2.352500,3400.00,3398.47,1,0,9,0,0.000,0
2.352794,3400.00,3398.47,1,0,10,0,0.000,0
2.353089,3400.00,3398.47,1,0,11,0,0.000,0
2.353383,3400.00,3399.92,1,0,12,0,0.000,0
2.353677,3400.00,3399.92,1,0,13,0,0.000,0
2.353971,3400.00,3398.47,1,0,14,0,0.000,0
2.354265,3400.00,3398.47,1,0,15,0,0.000,0
2.354559,3400.00,3398.47,1,0,16,0,0.000,0
2.354853,3400.00,3402.81,1,0,17,0,0.000,0
2.355147,3400.00,3402.81,1,0,18,0,0.000,0
2.355441,3400.00,3402.81,1,0,19,0,0.000,0
2.355736,3400.00,3399.92,1,0,20,0,0.000,0
2.356030,3400.00,3401.36,1,0,21,0,0.000,0
2.356324,3400.00,3402.81,1,0,22,0,0.000,0
2.356618,3400.00,3401.36,1,0,23,0,0.000,0
2.356912,3400.00,3399.92,1,0,24,0,0.000,0
2.357206,3400.00,3398.47,1,0,25,0,0.000,0
2.357500,3400.00,3398.47,1,0,26,0,0.000,0
2.357794,3400.00,3399.92,1,0,27,0,0.000,0
2.358089,3400.00,3401.36,1,0,28,0,0.000,0
2.358383,3400.00,3399.92,1,0,29,0,0.000,0
2.358677,3400.00,3398.47,1,0,30,0,0.000,0
2.358971,3400.00,3398.47,1,0,31,0,0.000,0
2.359265,3400.00,3401.36,1,0,32,0,0.000,0
2.359559,3400.00,3399.92,1,0,33,0,0.000,0
2.359853,3400.00,3399.92,1,0,34,0,0.000,0
2.360147,3400.00,3398.47,1,0,35,0,0.000,0
2.360441,3400.00,3399.92,1,0,36,0,0.000,0
2.360736,3400.00,3399.92,1,0,37,0,0.000,0
2.361030,3400.00,3401.36,1,0,38,0,0.000,0
2.361324,3400.00,3399.92,1,0,39,0,0.000,0
2.361618,3400.00,3398.47,1,0,40,0,0.000,0
2.361912,3400.00,3401.36,1,0,41,0,0.000,0
2.362206,3400.00,3401.36,1,0,42,0,0.000,0
2.362500,3400.00,3401.36,1,0,43,0,0.000,0
2.362794,3400.00,3399.92,1,0,44,0,0.000,0
2.363089,3400.00,3398.47,1,0,45,0,0.000,0
2.363383,3400.00,3401.36,1,0,46,0,0.000,0
2.363677,3400.00,3398.47,1,0,47,0,0.000,0
2.363971,3400.00,3399.92,1,0,48,0,0.000,0
2.364265,3400.00,3399.92,1,0,49,0,0.000,0
2.364559,3400.00,3398.47,1,0,50,0,0.000,0
2.364853,3400.00,3398.47,1,0,51,0,0.000,0
2.365147,3400.00,3399.92,1,0,52,0,0.000,0
2.365441,3400.00,3399.92,1,0,53,0,0.000,0
2.365736,3400.00,3398.47,1,0,54,0,0.000,0
2.366030,3400.00,3399.92,1,0,55,0,0.000,0
2.366324,3400.00,3401.36,1,0,56,0,0.000,0
2.366618,3400.00,3398.47,1,0,57,0,0.000,0
2.367500,3400.00,3401.36,1,0,0,1,0.000,0
2.367794,3400.00,3401.36,1,0,1,1,0.000,0
2.368089,3400.00,3399.05,1,0,2,1,0.000,0
2.368383,3400.00,3400.20,1,0,3,1,0.000,0
2.368677,3400.00,3399.05,1,0,4,1,0.000,0
2.368971,3400.00,3401.36,1,0,5,1,0.000,0
2.369265,3400.00,3399.05,1,0,6,1,0.000,0
2.369559,3400.00,3399.05,1,0,7,1,0.000,0
2.369853,3400.00,3398.47,1,0,8,1,0.000,0
2.370147,3400.00,3399.92,1,0,9,1,0.000,0
2.370441,3400.00,3399.92,1,0,10,1,0.000,0
2.370736,3400.00,3398.47,1,0,11,1,0.000,0
2.371030,3400.00,3401.36,1,0,12,1,0.000,0
2.371324,3400.00,3401.36,1,0,13,1,0.000,0
2.371618,3400.00,3399.92,1,0,14,1,0.000,0
2.371912,3400.00,3399.92,1,0,15,1,0.000,0
2.372206,3400.00,3401.36,1,0,16,1,0.000,0
2.372500,3400.00,3399.92,1,0,17,1,0.000,0
2.372794,3400.00,3398.47,1,0,18,1,0.000,0
2.373089,3400.00,3402.81,1,0,19,1,0.000,0
2.373383,3400.00,3399.92,1,0,20,1,0.000,0
2.373677,3400.00,3398.47,1,0,21,1,0.000,0
2.373971,3400.00,3399.92,1,0,22,1,0.000,0
2.374265,3400.00,3399.92,1,0,23,1,0.000,0
2.374559,3400.00,3399.92,1,0,24,1,0.000,0
2.374853,3400.00,3399.92,1,0,25,1,0.000,0
2.375147,3400.00,3402.81,1,0,26,1,0.000,0
2.375441,3400.00,3398.47,1,0,27,1,0.000,0
2.375736,3400.00,3397.03,1,0,28,1,0.000,0
2.376030,3400.00,3399.92,1,0,29,1,0.000,0
2.376324,3400.00,3401.36,1,0,30,1,0.000,0
2.376618,3400.00,3401.36,1,0,31,1,0.000,0
2.376912,3400.00,3399.92,1,0,32,1,0.000,0
2.377206,3400.00,3399.92,1,0,33,1,0.000,0
2.377500,3400.00,3399.92,1,0,34,1,0.000,0
2.377794,3400.00,3402.81,1,0,35,1,0.000,0
2.378089,3400.00,3401.36,1,0,36,1,0.000,0
2.378383,3400.00,3398.47,1,0,37,1,0.000,0
2.378677,3400.00,3399.92,1,0,38,1,0.000,0
2.378971,3400.00,3399.92,1,0,39,1,0.000,0
2.379265,3400.00,3397.03,1,0,40,1,0.000,0
2.379559,3400.00,3399.92,1,0,41,1,0.000,0
2.379853,3400.00,3399.92,1,0,42,1,0.000,0
2.380147,3400.00,3398.47,1,0,43,1,0.000,0
2.380441,3400.00,3401.36,1,0,44,1,0.000,0
2.380736,3400.00,3402.81,1,0,45,1,0.000,0
2.381030,3400.00,3399.92,1,0,46,1,0.000,0
2.381324,3400.00,3401.36,1,0,47,1,0.000,0
2.381618,3400.00,3402.81,1,0,48,1,0.000,0
2.381912,3400.00,3399.92,1,0,49,1,0.000,0
2.382206,3400.00,3399.92,1,0,50,1,0.000,0
2.382500,3400.00,3399.92,1,0,51,1,0.000,0
2.382794,3400.00,3398.47,1,0,52,1,0.000,0
2.383089,3400.00,3398.47,1,0,53,1,0.000,0
2.383383,3400.00,3398.47,1,0,54,1,0.000,0
2.383677,3400.00,3398.47,1,0,55,1,0.000,0
2.383971,3400.00,3399.92,1,0,56,1,0.000,0
2.384265,3400.00,3399.92,1,0,57,1,0.000,0
2.385147,3400.00,3400.20,1,0,0,0,0.000,0
2.385441,3400.00,3399.05,1,0,1,0,0.000,0
2.385736,3400.00,3401.36,1,0,2,0,0.000,0
2.386030,3400.00,3401.36,1,0,3,0,0.000,0
2.386324,3400.00,3399.05,1,0,4,0,0.000,0
2.386618,3400.00,3400.20,1,0,5,0,0.000,0
2.386912,3400.00,3399.05,1,0,6,0,0.000,0
2.387206,3400.00,3399.05,1,0,7,0,0.000,0
2.387500,3400.00,3399.92,1,0,8,0,0.000,0
2.387794,3400.00,3399.92,1,0,9,0,0.000,0
2.388089,3400.00,3399.92,1,0,10,0,0.000,0
2.388383,3400.00,3399.92,1,0,11,0,0.000,0
2.388677,3400.00,3401.36,1,0,12,0,0.000,0
2.388971,3400.00,3399.92,1,0,13,0,0.000,0
2.389265,3400.00,3399.92,1,0,14,0,0.000,0
2.389559,3400.00,3401.36,1,0,15,0,0.000,0
2.389853,3400.00,3398.47,1,0,16,0,0.000,0
2.390147,3400.00,3401.36,1,0,17,0,0.000,0
2.390441,3400.00,3398.47,1,0,18,0,0.000,0
2.390736,3400.00,3399.92,1,0,19,0,0.000,0
2.391030,3400.00,3399.92,1,0,20,0,0.000,0
2.391324,3400.00,3399.92,1,0,21,0,0.000,0
2.391618,3400.00,3401.36,1,0,22,0,0.000,0
2.391912,3400.00,3401.36,1,0,23,0,0.000,0
2.392206,3400.00,3399.92,1,0,24,0,0.000,0
2.392500,3400.00,3398.47,1,0,25,0,0.000,0
2.392794,3400.00,3401.36,1,0,26,0,0.000,0
2.393089,3400.00,3399.92,1,0,27,0,0.000,0
2.393383,3400.00,3399.92,1,0,28,0,0.000,0
2.393677,3400.00,3399.92,1,0,29,0,0.000,0
2.393971,3400.00,3399.92,1,0,30,0,0.000,0
2.394265,3400.00,3398.47,1,0,31,0,0.000,0
2.394559,3400.00,3401.36,1,0,32,0,0.000,0
2.394853,3400.00,3402.81,1,0,33,0,0.000,0
2.395147,3400.00,3401.36,1,0,34,0,0.000,0
2.395441,3400.00,3398.47,1,0,35,0,0.000,0
2.395736,3400.00,3401.36,1,0,36,0,0.000,0
2.396030,3400.00,3401.36,1,0,37,0,0.000,0
2.396324,3400.00,3399.92,1,0,38,0,0.000,0
2.396618,3400.00,3399.92,1,0,39,0,0.000,0
2.396912,3400.00,3401.36,1,0,40,0,0.000,0
2.397206,3400.00,3398.47,1,0,41,0,0.000,0
2.397500,3400.00,3397.03,1,0,42,0,0.000,0
2.397794,3400.00,3401.36,1,0,43,0,0.000,0
2.398089,3400.00,3399.92,1,0,44,0,0.000,0
2.398383,3400.00,3397.03,1,0,45,0,0.000,0
2.398677,3400.00,3399.92,1,0,46,0,0.000,0
2.398971,3400.00,3401.36,1,0,47,0,0.000,0
2.399265,3400.00,3398.47,1,0,48,0,0.000,0
2.399559,3400.00,3398.47,1,0,49,0,0.000,0
2.399853,3400.00,3399.92,1,0,50,0,0.000,0
2.400147,3400.00,3399.92,1,0,51,0,0.000,0
2.400441,3400.00,3399.92,1,0,52,0,0.000,0
2.400736,3400.00,3402.81,1,0,53,0,0.000,0
2.401030,3400.00,3399.92,1,0,54,0,0.000,0
2.401324,3400.00,3398.47,1,0,55,0,0.000,0
2.401618,3400.00,3399.92,1,0,56,0,0.000,0
2.401912,3400.00,3401.36,1,0,57,0,0.000,0
2.402794,3400.00,3400.20,1,0,0,1,0.000,0
2.403089,3400.00,3400.20,1,0,1,1,0.000,0
2.403383,3400.00,3399.05,1,0,2,1,0.000,0
2.403677,3400.00,3400.20,1,0,3,1,0.000,0
2.403971,3400.00,3401.36,1,0,4,1,0.000,0
2.404265,3400.00,3400.20,1,0,5,1,0.000,0
2.404559,3400.00,3399.05,1,0,6,1,0.000,0
2.404853,3400.00,3401.36,1,0,7,1,0.000,0
2.405147,3400.00,3401.36,1,0,8,1,0.000,0
2.405441,3400.00,3401.36,1,0,9,1,0.000,0
2.405736,3400.00,3399.92,1,0,10,1,0.000,0
2.406030,3400.00,3398.47,1,0,11,1,0.000,0
2.406324,3400.00,3398.47,1,0,12,1,0.000,0
2.406618,3400.00,3398.47,1,0,13,1,0.000,0
2.406912,3400.00,3402.81,1,0,14,1,0.000,0
2.407206,3400.00,3398.47,1,0,15,1,0.000,0
2.407500,3400.00,3399.92,1,0,16,1,0.000,0
2.407794,3400.00,3398.47,1,0,17,1,0.000,0
2.408089,3400.00,3399.92,1,0,18,1,0.000,0
2.408383,3400.00,3399.92,1,0,19,1,0.000,0
2.408677,3400.00,3399.92,1,0,20,1,0.000,0
2.408971,3400.00,3401.36,1,0,21,1,0.000,0
2.409265,3400.00,3399.92,1,0,22,1,0.000,0
2.409559,3400.00,3399.92,1,0,23,1,0.000,0
2.409853,3400.00,3399.92,1,0,24,1,0.000,0
2.410147,3400.00,3398.47,1,0,25,1,0.000,0
2.410441,3400.00,3401.36,1,0,26,1,0.000,0
2.410736,3400.00,3401.36,1,0,27,1,0.000,0
2.411030,3400.00,3399.92,1,0,28,1,0.000,0
2.411324,3400.00,3401.36,1,0,29,1,0.000,0
2.411618,3400.00,3398.47,1,0,30,1,0.000,0
2.411912,3400.00,3399.92,1,0,31,1,0.000,0
2.412206,3400.00,3399.92,1,0,32,1,0.000,0
2.412500,3400.00,3401.36,1,0,33,1,0.000,0
2.412794,3400.00,3398.47,1,0,34,1,0.000,0
2.413089,3400.00,3399.92,1,0,35,1,0.000,0
2.413383,3400.00,3399.92,1,0,36,1,0.000,0
2.413677,3400.00,3399.92,1,0,37,1,0.000,0
2.413971,3400.00,3399.92,1,0,38,1,0.000,0
2.414265,3400.00,3401.36,1,0,39,1,0.000,0
2.414559,3400.00,3399.92,1,0,40,1,0.000,0
2.414853,3400.00,3398.47,1,0,41,1,0.000,0
2.415147,3400.00,3401.36,1,0,42,1,0.000,0
2.415441,3400.00,3397.03,1,0,43,1,0.000,0
2.415736,3400.00,3401.36,1,0,44,1,0.000,0
2.416030,3400.00,3399.92,1,0,45,1,0.000,0
2.416324,3400.00,3401.36,1,0,46,1,0.000,0
2.416618,3400.00,3398.47,1,0,47,1,0.000,0
2.416912,3400.00,3401.36,1,0,48,1,0.000,0
2.417206,3400.00,3402.81,1,0,49,1,0.000,0
2.417500,3400.00,3398.47,1,0,50,1,0.000,0
2.417794,3400.00,3402.81,1,0,51,1,0.000,0
2.418089,3400.00,3399.92,1,0,52,1,0.000,0
2.418383,3400.00,3399.92,1,0,53,1,0.000,0
2.418677,3400.00,3401.36,1,0,54,1,0.000,0
2.418971,3400.00,3399.92,1,0,55,1,0.000,0
2.419265,3400.00,3399.92,1,0,56,1,0.000,0
2.419559,3400.00,3398.47,1,0,57,1,0.000,0
2.420441,3400.00,3400.20,1,0,0,0,0.000,0
2.420736,3400.00,3400.20,1,0,1,0,0.000,0
2.421030,3400.00,3399.05,1,0,2,0,0.000,0
2.421324,3400.00,3399.05,1,0,3,0,0.000,0
2.421618,3400.00,3400.20,1,0,4,0,0.000,0
2.421912,3400.00,3400.20,1,0,5,0,0.000,0
2.422206,3400.00,3397.89,1,0,6,0,0.000,0
2.422500,3400.00,3400.20,1,0,7,0,0.000,0
2.422794,3400.00,3399.92,1,0,8,0,0.000,0
2.423089,3400.00,3398.47,1,0,9,0,0.000,0
2.423383,3400.00,3401.36,1,0,10,0,0.000,0
2.423677,3400.00,3399.92,1,0,11,0,0.000,0
2.423971,3400.00,3398.47,1,0,12,0,0.000,0
2.424265,3400.00,3399.92,1,0,13,0,0.000,0
2.424559,3400.00,3401.36,1,0,14,0,0.000,0
2.424853,3400.00,3399.92,1,0,15,0,0.000,0
2.425147,3400.00,3399.92,1,0,16,0,0.000,0
2.425441,3400.00,3402.81,1,0,17,0,0.000,0
2.425736,3400.00,3401.36,1,0,18,0,0.000,0
2.426030,3400.00,3399.92,1,0,19,0,0.000,0
2.426324,3400.00,3398.47,1,0,20,0,0.000,0
2.426618,3400.00,3399.92,1,0,21,0,0.000,0
2.426912,3400.00,3399.92,1,0,22,0,0.000,0
2.427206,3400.00,3398.47,1,0,23,0,0.000,0
2.427500,3400.00,3401.36,1,0,24,0,0.000,0
2.427794,3400.00,3399.92,1,0,25,0,0.000,0
2.428089,3400.00,3397.03,1,0,26,0,0.000,0
2.428383,3400.00,3401.36,1,0,27,0,0.000,0
2.428677,3400.00,3401.36,1,0,28,0,0.000,0
2.428971,3400.00,3399.92,1,0,29,0,0.000,0
2.429265,3400.00,3399.92,1,0,30,0,0.000,0
2.429559,3400.00,3399.92,1,0,31,0,0.000,0
2.429853,3400.00,3398.47,1,0,32,0,0.000,0
2.430147,3400.00,3397.03,1,0,33,0,0.000,0
2.430441,3400.00,3399.92,1,0,34,0,0.000,0
2.430736,3400.00,3398.47,1,0,35,0,0.000,0
2.431030,3400.00,3399.92,1,0,36,0,0.000,0
2.431324,3400.00,3399.92,1,0,37,0,0.000,0
2.431618,3400.00,3401.36,1,0,38,0,0.000,0
2.431912,3400.00,3401.36,1,0,39,0,0.000,0
2.432206,3400.00,3401.36,1,0,40,0,0.000,0
2.432500,3400.00,3399.92,1,0,41,0,0.000,0
2.432794,3400.00,3401.36,1,0,42,0,0.000,0
2.433089,3400.00,3399.92,1,0,43,0,0.000,0
2.433383,3400.00,3398.47,1,0,44,0,0.000,0
2.433677,3400.00,3399.92,1,0,45,0,0.000,0
2.433971,3400.00,3399.92,1,0,46,0,0.000,0
2.434265,3400.00,3398.47,1,0,47,0,0.000,0
2.434559,3400.00,3398.47,1,0,48,0,0.000,0
2.434853,3400.00,3399.92,1,0,49,0,0.000,0
2.435147,3400.00,3398.47,1,0,50,0,0.000,0
2.435441,3400.00,3399.92,1,0,51,0,0.000,0
2.435736,3400.00,3401.36,1,0,52,0,0.000,0
2.436030,3400.00,3399.92,1,0,53,0,0.000,0
2.436324,3400.00,3399.92,1,0,54,0,0.000,0
2.436618,3400.00,3401.36,1,0,55,0,0.000,0
2.436912,3400.00,3399.92,1,0,56,0,0.000,0
2.437206,3400.00,3402.81,1,0,57,0,0.000,0
2.438089,3400.00,3401.36,1,0,0,1,0.000,0
2.438383,3400.00,3399.05,1,0,1,1,0.000,0
2.438677,3400.00,3400.20,1,0,2,1,0.000,0
2.438971,3400.00,3401.36,1,0,3,1,0.000,0
2.439265,3400.00,3399.05,1,0,4,1,0.000,0
2.439559,3400.00,3401.36,1,0,5,1,0.000,0
2.439853,3400.00,3401.36,1,0,6,1,0.000,0
2.440147,3400.00,3399.05,1,0,7,1,0.000,0
2.440441,3400.00,3399.92,1,0,8,1,0.000,0
2.440736,3400.00,3401.36,1,0,9,1,0.000,0
2.441030,3400.00,3398.47,1,0,10,1,0.000,0
2.441324,3400.00,3399.92,1,0,11,1,0.000,0
2.441618,3400.00,3398.47,1,0,12,1,0.000,0
2.441912,3400.00,3398.47,1,0,13,1,0.000,0
2.442206,3400.00,3401.36,1,0,14,1,0.000,0
2.442500,3400.00,3399.92,1,0,15,1,0.000,0
2.442794,3400.00,3398.47,1,0,16,1,0.000,0
2.443089,3400.00,3401.36,1,0,17,1,0.000,0
2.443383,3400.00,3399.92,1,0,18,1,0.000,0
2.443677,3400.00,3398.47,1,0,19,1,0.000,0
2.443971,3400.00,3399.92,1,0,20,1,0.000,0
2.444265,3400.00,3398.47,1,0,21,1,0.000,0
2.444559,3400.00,3398.47,1,0,22,1,0.000,0
2.444853,3400.00,3399.92,1,0,23,1,0.000,0
2.445147,3400.00,3399.92,1,0,24,1,0.000,0
2.445441,3400.00,3397.03,1,0,25,1,0.000,0
2.445736,3400.00,3399.92,1,0,26,1,0.000,0
2.446030,3400.00,3399.92,1,0,27,1,0.000,0
2.446324,3400.00,3401.36,1,0,28,1,0.000,0
2.446618,3400.00,3402.81,1,0,29,1,0.000,0
2.446912,3400.00,3398.47,1,0,30,1,0.000,0
2.447206,3400.00,3398.47,1,0,31,1,0.000,0
2.447500,3400.00,3399.92,1,0,32,1,0.000,0
2.447794,3400.00,3402.81,1,0,33,1,0.000,0
2.448089,3400.00,3402.81,1,0,34,1,0.000,0
2.448383,3400.00,3399.92,1,0,35,1,0.000,0
2.448677,3400.00,3399.92,1,0,36,1,0.000,0
2.448971,3400.00,3399.92,1,0,37,1,0.000,0
2.449265,3400.00,3399.92,1,0,38,1,0.000,0
2.449559,3400.00,3399.92,1,0,39,1,0.000,0
2.449853,3400.00,3399.92,1,0,40,1,0.000,0
2.450147,3400.00,3398.47,1,0,41,1,0.000,0
2.450441,3400.00,3397.03,1,0,42,1,0.000,0
2.450736,3400.00,3401.36,1,0,43,1,0.000,0
2.451030,3400.00,3399.92,1,0,44,1,0.000,0
2.451324,3400.00,3398.47,1,0,45,1,0.000,0
2.451618,3400.00,3402.81,1,0,46,1,0.000,0
2.451912,3400.00,3401.36,1,0,47,1,0.000,0
2.452206,3400.00,3401.36,1,0,48,1,0.000,0
2.452500,3400.00,3401.36,1,0,49,1,0.000,0
2.452794,3400.00,3399.92,1,0,50,1,0.000,0
2.453089,3400.00,3398.47,1,0,51,1,0.000,0
2.453383,3400.00,3401.36,1,0,52,1,0.000,0
2.453677,3400.00,3398.47,1,0,53,1,0.000,0
2.453971,3400.00,3398.47,1,0,54,1,0.000,0
2.454265,3400.00,3398.47,1,0,55,1,0.000,0
2.454559,3400.00,3398.47,1,0,56,1,0.000,0
2.454853,3400.00,3399.92,1,0,57,1,0.000,0
2.455736,3400.00,3401.36,1,0,0,0,0.000,0
2.456030,3400.00,3400.20,1,0,1,0,0.000,0
2.456324,3400.00,3399.05,1,0,2,0,0.000,0
2.456618,3400.00,3401.36,1,0,3,0,0.000,0
2.456912,3400.00,3400.20,1,0,4,0,0.000,0
2.457206,3400.00,3401.36,1,0,5,0,0.000,0
2.457500,3400.00,3401.36,1,0,6,0,0.000,0
2.457794,3400.00,3399.05,1,0,7,0,0.000,0
2.458089,3400.00,3398.47,1,0,8,0,0.000,0
2.458383,3400.00,3399.92,1,0,9,0,0.000,0
2.458677,3400.00,3399.92,1,0,10,0,0.000,0
2.458971,3400.00,3399.92,1,0,11,0,0.000,0
2.459265,3400.00,3399.92,1,0,12,0,0.000,0
2.459559,3400.00,3399.92,1,0,13,0,0.000,0
2.459853,3400.00,3399.92,1,0,14,0,0.000,0
2.460147,3400.00,3401.36,1,0,15,0,0.000,0
2.460441,3400.00,3399.92,1,0,16,0,0.000,0
2.460736,3400.00,3401.36,1,0,17,0,0.000,0
2.461030,3400.00,3399.92,1,0,18,0,0.000,0
2.461324,3400.00,3399.92,1,0,19,0,0.000,0
2.461618,3400.00,3399.92,1,0,20,0,0.000,0
2.461912,3400.00,3399.92,1,0,21,0,0.000,0
2.462206,3400.00,3398.47,1,0,22,0,0.000,0
2.462500,3400.00,3399.92,1,0,23,0,0.000,0
2.462794,3400.00,3401.36,1,0,24,0,0.000,0
2.463089,3400.00,3399.92,1,0,25,0,0.000,0
2.463383,3400.00,3401.36,1,0,26,0,0.000,0
2.463677,3400.00,3399.92,1,0,27,0,0.000,0
2.463971,3400.00,3398.47,1,0,28,0,0.000,0
2.464265,3400.00,3399.92,1,0,29,0,0.000,0
2.464559,3400.00,3399.92,1,0,30,0,0.000,0
2.464853,3400.00,3401.36,1,0,31,0,0.000,0
2.465147,3400.00,3398.47,1,0,32,0,0.000,0
2.465441,3400.00,3399.92,1,0,33,0,0.000,0
2.465736,3400.00,3399.92,1,0,34,0,0.000,0
2.466030,3400.00,3401.36,1,0,35,0,0.000,0
2.466324,3400.00,3404.26,1,0,36,0,0.000,0
2.466618,3400.00,3399.92,1,0,37,0,0.000,0
2.466912,3400.00,3402.81,1,0,38,0,0.000,0
2.467206,3400.00,3398.47,1,0,39,0,0.000,0
2.467500,3400.00,3399.92,1,0,40,0,0.000,0
2.467794,3400.00,3399.92,1,0,41,0,0.000,0
2.468089,3400.00,3399.92,1,0,42,0,0.000,0
2.468383,3400.00,3399.92,1,0,43,0,0.000,0
2.468677,3400.00,3397.03,1,0,44,0,0.000,0
2.468971,3400.00,3399.92,1,0,45,0,0.000,0
2.469265,3400.00,3398.47,1,0,46,0,0.000,0
2.469559,3400.00,3399.92,1,0,47,0,0.000,0
2.469853,3400.00,3401.36,1,0,48,0,0.000,0
2.470147,3400.00,3399.92,1,0,49,0,0.000,0
2.470441,3400.00,3399.92,1,0,50,0,0.000,0
2.470736,3400.00,3398.47,1,0,51,0,0.000,0
2.471030,3400.00,3399.92,1,0,52,0,0.000,0
2.471324,3400.00,3399.92,1,0,53,0,0.000,0
2.471618,3400.00,3399.92,1,0,54,0,0.000,0
2.471912,3400.00,3398.47,1,0,55,0,0.000,0
2.472206,3400.00,3401.36,1,0,56,0,0.000,0
2.472500,3400.00,3398.47,1,0,57,0,0.000,0
2.473383,3400.00,3399.05,1,0,0,1,0.000,0
2.473677,3400.00,3400.20,1,0,1,1,0.000,0
2.473971,3400.00,3400.20,1,0,2,1,0.000,0
2.474265,3400.00,3401.36,1,0,3,1,0.000,0
2.474559,3400.00,3400.20,1,0,4,1,0.000,0
2.474853,3400.00,3402.52,1,0,5,1,0.000,0
2.475147,3400.00,3397.89,1,0,6,1,0.000,0
2.475441,3400.00,3401.36,1,0,7,1,0.000,0
2.475736,3400.00,3399.92,1,0,8,1,0.000,0
2.476030,3400.00,3401.36,1,0,9,1,0.000,0
2.476324,3400.00,3399.92,1,0,10,1,0.000,0
2.476618,3400.00,3398.47,1,0,11,1,0.000,0
2.476912,3400.00,3401.36,1,0,12,1,0.000,0
2.477206,3400.00,3398.47,1,0,13,1,0.000,0
2.477500,3400.00,3399.92,1,0,14,1,0.000,0
2.477794,3400.00,3398.47,1,0,15,1,0.000,0
2.478089,3400.00,3401.36,1,0,16,1,0.000,0
2.478383,3400.00,3399.92,1,0,17,1,0.000,0
2.478677,3400.00,3399.92,1,0,18,1,0.000,0
2.478971,3400.00,3399.92,1,0,19,1,0.000,0
2.479265,3400.00,3398.47,1,0,20,1,0.000,0
2.479559,3400.00,3401.36,1,0,21,1,0.000,0
2.479853,3400.00,3401.36,1,0,22,1,0.000,0
2.480147,3400.00,3401.36,1,0,23,1,0.000,0
2.480441,3400.00,3401.36,1,0,24,1,0.000,0
2.480736,3400.00,3399.92,1,0,25,1,0.000,0
2.481030,3400.00,3399.92,1,0,26,1,0.000,0
2.481324,3400.00,3399.92,1,0,27,1,0.000,0
2.481618,3400.00,3399.92,1,0,28,1,0.000,0
2.481912,3400.00,3397.03,1,0,29,1,0.000,0
2.482206,3400.00,3401.36,1,0,30,1,0.000,0
2.482500,3400.00,3398.47,1,0,31,1,0.000,0
2.482794,3400.00,3398.47,1,0,32,1,0.000,0
2.483089,3400.00,3399.92,1,0,33,1,0.000,0
2.483383,3400.00,3401.36,1,0,34,1,0.000,0
2.483677,3400.00,3398.47,1,0,35,1,0.000,0
2.483971,3400.00,3401.36,1,0,36,1,0.000,0
2.484265,3400.00,3399.92,1,0,37,1,0.000,0
2.484559,3400.00,3398.47,1,0,38,1,0.000,0
2.484853,3400.00,3401.36,1,0,39,1,0.000,0
2.485147,3400.00,3398.47,1,0,40,1,0.000,0
2.485441,3400.00,3399.92,1,0,41,1,0.000,0
2.485736,3400.00,3398.47,1,0,42,1,0.000,0
2.486030,3400.00,3402.81,1,0,43,1,0.000,0
2.486324,3400.00,3398.47,1,0,44,1,0.000,0
2.486618,3400.00,3399.92,1,0,45,1,0.000,0
2.486912,3400.00,3399.92,1,0,46,1,0.000,0
2.487206,3400.00,3399.92,1,0,47,1,0.000,0
2.487500,3400.00,3399.92,1,0,48,1,0.000,0
2.487794,3400.00,3398.47,1,0,49,1,0.000,0
2.488089,3400.00,3401.36,1,0,50,1,0.000,0
2.488383,3400.00,3398.47,1,0,51,1,0.000,0
2.488677,3400.00,3399.92,1,0,52,1,0.000,0
2.488971,3400.00,3402.81,1,0,53,1,0.000,0
2.489265,3400.00,3401.36,1,0,54,1,0.000,0
2.489559,3400.00,3401.36,1,0,55,1,0.000,0
2.489853,3400.00,3401.36,1,0,56,1,0.000,0
2.490147,3400.00,3401.36,1,0,57,1,0.000,0
2.491030,3400.00,3399.05,1,0,0,0,0.000,0
2.491324,3400.00,3400.20,1,0,1,0,0.000,0
2.491618,3400.00,3400.20,1,0,2,0,0.000,0
2.491912,3400.00,3399.05,1,0,3,0,0.000,0
2.492206,3400.00,3397.89,1,0,4,0,0.000,0
2.492500,3400.00,3399.05,1,0,5,0,0.000,0
2.492794,3400.00,3399.05,1,0,6,0,0.000,0
2.493089,3400.00,3399.05,1,0,7,0,0.000,0
2.493383,3400.00,3399.92,1,0,8,0,0.000,0
2.493677,3400.00,3399.92,1,0,9,0,0.000,0
2.493971,3400.00,3398.47,1,0,10,0,0.000,0
2.494265,3400.00,3399.92,1,0,11,0,0.000,0
2.494559,3400.00,3402.81,1,0,12,0,0.000,0
2.494853,3400.00,3399.92,1,0,13,0,0.000,0
2.495147,3400.00,3401.36,1,0,14,0,0.000,0
2.495441,3400.00,3401.36,1,0,15,0,0.000,0
2.495736,3400.00,3399.92,1,0,16,0,0.000,0
2.496030,3400.00,3401.36,1,0,17,0,0.000,0
2.496324,3400.00,3401.36,1,0,18,0,0.000,0
2.496618,3400.00,3401.36,1,0,19,0,0.000,0
2.496912,3400.00,3398.47,1,0,20,0,0.000,0
2.497206,3400.00,3399.92,1,0,21,0,0.000,0
2.497500,3400.00,3399.92,1,0,22,0,0.000,0
2.497794,3400.00,3398.47,1,0,23,0,0.000,0
2.498089,3400.00,3401.36,1,0,24,0,0.000,0
2.498383,3400.00,3399.92,1,0,25,0,0.000,0
2.498677,3400.00,3398.47,1,0,26,0,0.000,0
2.498971,3400.00,3398.47,1,0,27,0,0.000,0
2.499265,3400.00,3399.92,1,0,28,0,0.000,0
2.499559,3400.00,3399.92,1,0,29,0,0.000,0
2.499853,3400.00,3399.92,1,0,30,0,0.000,0
2.500147,3400.00,3401.36,1,0,31,0,0.000,0
2.500441,3400.00,3399.92,1,0,32,0,0.000,0
2.500736,3400.00,3398.47,1,0,33,0,0.000,0
2.501030,3400.00,3402.81,1,0,34,0,0.000,0
2.501324,3400.00,3399.92,1,0,35,0,0.000,0
2.501618,3400.00,3399.92,1,0,36,0,0.000,0
2.501912,3400.00,3398.47,1,0,37,0,0.000,0
2.502206,3400.00,3398.47,1,0,38,0,0.000,0
2.502500,3400.00,3398.47,1,0,39,0,0.000,0
2.502794,3400.00,3397.03,1,0,40,0,0.000,0
2.503089,3400.00,3401.36,1,0,41,0,0.000,0
2.503383,3400.00,3399.92,1,0,42,0,0.000,0
2.503677,3400.00,3401.36,1,0,43,0,0.000,0
2.503971,3400.00,3399.92,1,0,44,0,0.000,0
2.504265,3400.00,3402.81,1,0,45,0,0.000,0
2.504559,3400.00,3402.81,1,0,46,0,0.000,0
2.504853,3400.00,3399.92,1,0,47,0,0.000,0
2.505147,3400.00,3402.81,1,0,48,0,0.000,0
2.505441,3400.00,3399.92,1,0,49,0,0.000,0
2.505736,3400.00,3398.47,1,0,50,0,0.000,0
2.506030,3400.00,3398.47,1,0,51,0,0.000,0
2.506324,3400.00,3401.36,1,0,52,0,0.000,0
2.506618,3400.00,3398.47,1,0,53,0,0.000,0
2.506912,3400.00,3398.47,1,0,54,0,0.000,0
2.507206,3400.00,3401.36,1,0,55,0,0.000,0
2.507500,3400.00,3398.47,1,0,56,0,0.000,0
2.507794,3400.00,3399.92,1,0,57,0,0.000,0
2.508677,3400.00,3401.36,1,0,0,1,0.000,0
2.508971,3400.00,3400.20,1,0,1,1,0.000,0
2.509265,3400.00,3399.05,1,0,2,1,0.000,0
2.509559,3400.00,3399.05,1,0,3,1,0.000,0
2.509853,3400.00,3400.20,1,0,4,1,0.000,0
2.510147,3400.00,3399.05,1,0,5,1,0.000,0
2.510441,3400.00,3401.36,1,0,6,1,0.000,0
2.510736,3400.00,3399.05,1,0,7,1,0.000,0
2.511030,3400.00,3398.47,1,0,8,1,0.000,0
2.511324,3400.00,3401.36,1,0,9,1,0.000,0
2.511618,3400.00,3399.92,1,0,10,1,0.000,0
2.511912,3400.00,3399.92,1,0,11,1,0.000,0
2.512206,3400.00,3399.92,1,0,12,1,0.000,0
2.512500,3400.00,3399.92,1,0,13,1,0.000,0
2.512794,3400.00,3399.92,1,0,14,1,0.000,0
2.513089,3400.00,3399.92,1,0,15,1,0.000,0
2.513383,3400.00,3401.36,1,0,16,1,0.000,0
2.513677,3400.00,3398.47,1,0,17,1,0.000,0
2.513971,3400.00,3401.36,1,0,18,1,0.000,0
2.514265,3400.00,3401.36,1,0,19,1,0.000,0
2.514559,3400.00,3399.92,1,0,20,1,0.000,0
2.514853,3400.00,3401.36,1,0,21,1,0.000,0
2.515147,3400.00,3401.36,1,0,22,1,0.000,0
2.515441,3400.00,3401.36,1,0,23,1,0.000,0
2.515736,3400.00,3398.47,1,0,24,1,0.000,0
2.516030,3400.00,3399.92,1,0,25,1,0.000,0
2.516324,3400.00,3398.47,1,0,26,1,0.000,0
2.516618,3400.00,3401.36,1,0,27,1,0.000,0
2.516912,3400.00,3398.47,1,0,28,1,0.000,0
2.517206,3400.00,3398.47,1,0,29,1,0.000,0
2.517500,3400.00,3398.47,1,0,30,1,0.000,0
2.517794,3400.00,3399.92,1,0,31,1,0.000,0
2.518089,3400.00,3398.47,1,0,32,1,0.000,0
2.518383,3400.00,3399.92,1,0,33,1,0.000,0
2.518677,3400.00,3401.36,1,0,34,1,0.000,0
2.518971,3400.00,3399.92,1,0,35,1,0.000,0
2.519265,3400.00,3401.36,1,0,36,1,0.000,0
2.519559,3400.00,3399.92,1,0,37,1,0.000,0
2.519853,3400.00,3399.92,1,0,38,1,0.000,0
2.520147,3400.00,3399.92,1,0,39,1,0.000,0
2.520441,3400.00,3401.36,1,0,40,1,0.000,0
2.520736,3400.00,3399.92,1,0,41,1,0.000,0
2.521030,3400.00,3399.92,1,0,42,1,0.000,0
2.521324,3400.00,3399.92,1,0,43,1,0.000,0
2.521618,3400.00,3399.92,1,0,44,1,0.000,0
2.521912,3400.00,3399.92,1,0,45,1,0.000,0
2.522206,3400.00,3399.92,1,0,46,1,0.000,0
2.522500,3400.00,3398.47,1,0,47,1,0.000,0
2.522794,3400.00,3399.92,1,0,48,1,0.000,0
2.523089,3400.00,3401.36,1,0,49,1,0.000,0
2.523383,3400.00,3398.47,1,0,50,1,0.000,0
2.523677,3400.00,3399.92,1,0,51,1,0.000,0
2.523971,3400.00,3399.92,1,0,52,1,0.000,0
2.524265,3400.00,3399.92,1,0,53,1,0.000,0
2.524559,3400.00,3399.92,1,0,54,1,0.000,0
2.524853,3400.00,3399.92,1,0,55,1,0.000,0
2.525147,3400.00,3399.92,1,0,56,1,0.000,0
2.525441,3400.00,3398.47,1,0,57,1,0.000,0
2.526324,3400.00,3400.20,1,0,0,0,0.000,0
2.526618,3400.00,3400.20,1,0,1,0,0.000,0
2.526912,3400.00,3400.20,1,0,2,0,0.000,0
2.527206,3400.00,3402.52,1,0,3,0,0.000,0
2.527500,3400.00,3397.89,1,0,4,0,0.000,0
2.527794,3400.00,3401.36,1,0,5,0,0.000,0
2.528089,3400.00,3401.36,1,0,6,0,0.000,0
2.528383,3400.00,3400.20,1,0,7,0,0.000,0
2.528677,3400.00,3399.92,1,0,8,0,0.000,0
2.528971,3400.00,3397.03,1,0,9,0,0.000,0
2.529265,3400.00,3399.92,1,0,10,0,0.000,0
2.529559,3400.00,3399.92,1,0,11,0,0.000,0
2.529853,3400.00,3401.36,1,0,12,0,0.000,0
2.530147,3400.00,3399.92,1,0,13,0,0.000,0
2.530441,3400.00,3398.47,1,0,14,0,0.000,0
2.530736,3400.00,3399.92,1,0,15,0,0.000,0
2.531030,3400.00,3401.36,1,0,16,0,0.000,0
2.531324,3400.00,3401.36,1,0,17,0,0.000,0
2.531618,3400.00,3399.92,1,0,18,0,0.000,0
2.531912,3400.00,3399.92,1,0,19,0,0.000,0
2.532206,3400.00,3401.36,1,0,20,0,0.000,0
2.532500,3400.00,3401.36,1,0,21,0,0.000,0
2.532794,3400.00,3401.36,1,0,22,0,0.000,0
2.533089,3400.00,3401.36,1,0,23,0,0.000,0
2.533383,3400.00,3398.47,1,0,24,0,0.000,0
2.533677,3400.00,3399.92,1,0,25,0,0.000,0
2.533971,3400.00,3399.92,1,0,26,0,0.000,0
2.534265,3400.00,3399.92,1,0,27,0,0.000,0
2.534559,3400.00,3401.36,1,0,28,0,0.000,0
2.534853,3400.00,3398.47,1,0,29,0,0.000,0
2.535147,3400.00,3398.47,1,0,30,0,0.000,0
2.535441,3400.00,3398.47,1,0,31,0,0.000,0
2.535736,3400.00,3401.36,1,0,32,0,0.000,0
2.536030,3400.00,3402.81,1,0,33,0,0.000,0
2.536324,3400.00,3398.47,1,0,34,0,0.000,0
2.536618,3400.00,3398.47,1,0,35,0,0.000,0
2.536912,3400.00,3397.03,1,0,36,0,0.000,0
2.537206,3400.00,3398.47,1,0,37,0,0.000,0
2.537500,3400.00,3401.36,1,0,38,0,0.000,0
2.537794,3400.00,3399.92,1,0,39,0,0.000,0
2.538089,3400.00,3399.92,1,0,40,0,0.000,0
2.538383,3400.00,3397.03,1,0,41,0,0.000,0
2.538677,3400.00,3401.36,1,0,42,0,0.000,0
2.538971,3400.00,3399.92,1,0,43,0,0.000,0
2.539265,3400.00,3399.92,1,0,44,0,0.000,0
2.539559,3400.00,3401.36,1,0,45,0,0.000,0
2.539853,3400.00,3401.36,1,0,46,0,0.000,0
2.540147,3400.00,3401.36,1,0,47,0,0.000,0
2.540441,3400.00,3397.03,1,0,48,0,0.000,0
2.540736,3400.00,3401.36,1,0,49,0,0.000,0
2.541030,3400.00,3401.36,1,0,50,0,0.000,0
2.541324,3400.00,3399.92,1,0,51,0,0.000,0
2.541618,3400.00,3401.36,1,0,52,0,0.000,0
2.541912,3400.00,3399.92,1,0,53,0,0.000,0
2.542206,3400.00,3398.47,1,0,54,0,0.000,0
2.542500,3400.00,3398.47,1,0,55,0,0.000,0
2.542794,3400.00,3402.81,1,0,56,0,0.000,0
2.543089,3400.00,3399.92,1,0,57,0,0.000,0
2.543971,3400.00,3399.05,1,0,0,1,0.000,0
2.544265,3400.00,3401.36,1,0,1,1,0.000,0
2.544559,3400.00,3400.20,1,0,2,1,0.000,0
2.544853,3400.00,3400.20,1,0,3,1,0.000,0
2.545147,3400.00,3399.05,1,0,4,1,0.000,0
2.545441,3400.00,3400.20,1,0,5,1,0.000,0
2.545736,3400.00,3399.05,1,0,6,1,0.000,0
2.546030,3400.00,3400.20,1,0,7,1,0.000,0
2.546324,3400.00,3399.92,1,0,8,1,0.000,0
2.546618,3400.00,3398.47,1,0,9,1,0.000,0
2.546912,3400.00,3398.47,1,0,10,1,0.000,0
2.547206,3400.00,3398.47,1,0,11,1,0.000,0
2.547500,3400.00,3399.92,1,0,12,1,0.000,0
2.547794,3400.00,3401.36,1,0,13,1,0.000,0
2.548089,3400.00,3399.92,1,0,14,1,0.000,0
2.548383,3400.00,3399.92,1,0,15,1,0.000,0
2.548677,3400.00,3401.36,1,0,16,1,0.000,0
2.548971,3400.00,3399.92,1,0,17,1,0.000,0
2.549265,3400.00,3399.92,1,0,18,1,0.000,0
2.549559,3400.00,3401.36,1,0,19,1,0.000,0
2.549853,3400.00,3401.36,1,0,20,1,0.000,0
2.550147,3400.00,3399.92,1,0,21,1,0.000,0
2.550441,3400.00,3401.36,1,0,22,1,0.000,0
2.550736,3400.00,3398.47,1,0,23,1,0.000,0
2.551030,3400.00,3398.47,1,0,24,1,0.000,0
2.551324,3400.00,3399.92,1,0,25,1,0.000,0
2.551618,3400.00,3401.36,1,0,26,1,0.000,0
2.551912,3400.00,3399.92,1,0,27,1,0.000,0
2.552206,3400.00,3399.92,1,0,28,1,0.000,0
2.552500,3400.00,3399.92,1,0,29,1,0.000,0
2.552794,3400.00,3399.92,1,0,30,1,0.000,0
2.553089,3400.00,3399.92,1,0,31,1,0.000,0
2.553383,3400.00,3401.36,1,0,32,1,0.000,0
2.553677,3400.00,3399.92,1,0,33,1,0.000,0
2.553971,3400.00,3399.92,1,0,34,1,0.000,0
2.554265,3400.00,3401.36,1,0,35,1,0.000,0
2.554559,3400.00,3397.03,1,0,36,1,0.000,0
2.554853,3400.00,3401.36,1,0,37,1,0.000,0
2.555147,3400.00,3399.92,1,0,38,1,0.000,0
2.555441,3400.00,3399.92,1,0,39,1,0.000,0
2.555736,3400.00,3399.92,1,0,40,1,0.000,0
2.556030,3400.00,3401.36,1,0,41,1,0.000,0
2.556324,3400.00,3399.92,1,0,42,1,0.000,0
2.556618,3400.00,3399.92,1,0,43,1,0.000,0
2.556912,3400.00,3402.81,1,0,44,1,0.000,0
2.557206,3400.00,3397.03,1,0,45,1,0.000,0
2.557500,3400.00,3399.92,1,0,46,1,0.000,0
2.557794,3400.00,3399.92,1,0,47,1,0.000,0
2.558089,3400.00,3399.92,1,0,48,1,0.000,0
2.558383,3400.00,3398.47,1,0,49,1,0.000,0
2.558677,3400.00,3399.92,1,0,50,1,0.000,0
2.558971,3400.00,3397.03,1,0,51,1,0.000,0
2.559265,3400.00,3401.36,1,0,52,1,0.000,0
2.559559,3400.00,3399.92,1,0,53,1,0.000,0
2.559853,3400.00,3397.03,1,0,54,1,0.000,0
2.560147,3400.00,3401.36,1,0,55,1,0.000,0
2.560441,3400.00,3399.92,1,0,56,1,0.000,0
2.560736,3400.00,3401.36,1,0,57,1,0.000,0
2.561618,3400.00,3401.36,1,0,0,0,0.000,0
2.561912,3400.00,3400.20,1,0,1,0,0.000,0
2.562206,3400.00,3397.89,1,0,2,0,0.000,0
2.562500,3400.00,3402.52,1,0,3,0,0.000,0
2.562794,3400.00,3402.52,1,0,4,0,0.000,0
2.563089,3400.00,3400.20,1,0,5,0,0.000,0
2.563383,3400.00,3399.05,1,0,6,0,0.000,0
2.563677,3400.00,3399.05,1,0,7,0,0.000,0
2.563971,3400.00,3398.47,1,0,8,0,0.000,0
2.564265,3400.00,3401.36,1,0,9,0,0.000,0
2.564559,3400.00,3399.92,1,0,10,0,0.000,0
2.564853,3400.00,3398.47,1,0,11,0,0.000,0
2.565147,3400.00,3398.47,1,0,12,0,0.000,0
2.565441,3400.00,3397.03,1,0,13,0,0.000,0
2.565736,3400.00,3401.36,1,0,14,0,0.000,0
2.566030,3400.00,3401.36,1,0,15,0,0.000,0
2.566324,3400.00,3399.92,1,0,16,0,0.000,0
2.566618,3400.00,3399.92,1,0,17,0,0.000,0
2.566912,3400.00,3402.81,1,0,18,0,0.000,0
2.567206,3400.00,3399.92,1,0,19,0,0.000,0
2.567500,3400.00,3399.92,1,0,20,0,0.000,0
2.567794,3400.00,3402.81,1,0,21,0,0.000,0
2.568089,3400.00,3399.92,1,0,22,0,0.000,0
2.568383,3400.00,3399.92,1,0,23,0,0.000,0
2.568677,3400.00,3401.36,1,0,24,0,0.000,0
2.568971,3400.00,3399.92,1,0,25,0,0.000,0
2.569265,3400.00,3398.47,1,0,26,0,0.000,0
2.569559,3400.00,3398.47,1,0,27,0,0.000,0
2.569853,3400.00,3399.92,1,0,28,0,0.000,0
2.570147,3400.00,3399.92,1,0,29,0,0.000,0
2.570441,3400.00,3399.92,1,0,30,0,0.000,0
2.570736,3400.00,3398.47,1,0,31,0,0.000,0
2.571030,3400.00,3397.03,1,0,32,0,0.000,0
2.571324,3400.00,3399.92,1,0,33,0,0.000,0
2.571618,3400.00,3401.36,1,0,34,0,0.000,0
2.571912,3400.00,3399.92,1,0,35,0,0.000,0
2.572206,3400.00,3401.36,1,0,36,0,0.000,0
2.572500,3400.00,3399.92,1,0,37,0,0.000,0
2.572794,3400.00,3399.92,1,0,38,0,0.000,0
2.573089,3400.00,3401.36,1,0,39,0,0.000,0
2.573383,3400.00,3402.81,1,0,40,0,0.000,0
2.573677,3400.00,3401.36,1,0,41,0,0.000,0
2.573971,3400.00,3398.47,1,0,42,0,0.000,0
2.574265,3400.00,3401.36,1,0,43,0,0.000,0
2.574559,3400.00,3398.47,1,0,44,0,0.000,0
2.574853,3400.00,3399.92,1,0,45,0,0.000,0
2.575147,3400.00,3398.47,1,0,46,0,0.000,0
2.575441,3400.00,3398.47,1,0,47,0,0.000,0
2.575736,3400.00,3399.92,1,0,48,0,0.000,0
2.576030,3400.00,3398.47,1,0,49,0,0.000,0
2.576324,3400.00,3402.81,1,0,50,0,0.000,0
2.576618,3400.00,3398.47,1,0,51,0,0.000,0
2.576912,3400.00,3399.92,1,0,52,0,0.000,0
2.577206,3400.00,3397.03,1,0,53,0,0.000,0
2.577500,3400.00,3402.81,1,0,54,0,0.000,0
2.577794,3400.00,3399.92,1,0,55,0,0.000,0
2.578089,3400.00,3399.92,1,0,56,0,0.000,0
2.578383,3400.00,3399.92,1,0,57,0,0.000,0
2.579265,3400.00,3397.89,1,0,0,1,0.000,0
2.579559,3400.00,3401.36,1,0,1,1,0.000,0
2.579853,3400.00,3400.20,1,0,2,1,0.000,0
2.580147,3400.00,3402.52,1,0,3,1,0.000,0
2.580441,3400.00,3399.05,1,0,4,1,0.000,0
2.580736,3400.00,3401.36,1,0,5,1,0.000,0
2.581030,3400.00,3400.20,1,0,6,1,0.000,0
2.581324,3400.00,3400.20,1,0,7,1,0.000,0
2.581618,3400.00,3401.36,1,0,8,1,0.000,0
2.581912,3400.00,3401.36,1,0,9,1,0.000,0
2.582206,3400.00,3401.36,1,0,10,1,0.000,0
2.582500,3400.00,3398.47,1,0,11,1,0.000,0
2.582794,3400.00,3399.92,1,0,12,1,0.000,0
2.583089,3400.00,3398.47,1,0,13,1,0.000,0
2.583383,3400.00,3399.92,1,0,14,1,0.000,0
2.583677,3400.00,3399.92,1,0,15,1,0.000,0
2.583971,3400.00,3399.92,1,0,16,1,0.000,0
2.584265,3400.00,3398.47,1,0,17,1,0.000,0
2.584559,3400.00,3399.92,1,0,18,1,0.000,0
2.584853,3400.00,3401.36,1,0,19,1,0.000,0
2.585147,3400.00,3399.92,1,0,20,1,0.000,0
2.585441,3400.00,3401.36,1,0,21,1,0.000,0
2.585736,3400.00,3398.47,1,0,22,1,0.000,0
2.586030,3400.00,3399.92,1,0,23,1,0.000,0
2.586324,3400.00,3398.47,1,0,24,1,0.000,0
2.586618,3400.00,3399.92,1,0,25,1,0.000,0
2.586912,3400.00,3399.92,1,0,26,1,0.000,0
2.587206,3400.00,3398.47,1,0,27,1,0.000,0
2.587500,3400.00,3398.47,1,0,28,1,0.000,0
2.587794,3400.00,3399.92,1,0,29,1,0.000,0
2.588089,3400.00,3401.36,1,0,30,1,0.000,0
2.588383,3400.00,3401.36,1,0,31,1,0.000,0
2.588677,3400.00,3399.92,1,0,32,1,0.000,0
2.588971,3400.00,3399.92,1,0,33,1,0.000,0
2.589265,3400.00,3401.36,1,0,34,1,0.000,0
2.589559,3400.00,3399.92,1,0,35,1,0.000,0
2.589853,3400.00,3401.36,1,0,36,1,0.000,0
2.590147,3400.00,3399.92,1,0,37,1,0.000,0
2.590441,3400.00,3399.92,1,0,38,1,0.000,0
2.590736,3400.00,3399.92,1,0,39,1,0.000,0
2.591030,3400.00,3401.36,1,0,40,1,0.000,0
2.591324,3400.00,3399.92,1,0,41,1,0.000,0
2.591618,3400.00,3397.03,1,0,42,1,0.000,0
2.591912,3400.00,3401.36,1,0,43,1,0.000,0
2.592206,3400.00,3399.92,1,0,44,1,0.000,0
2.592500,3400.00,3398.47,1,0,45,1,0.000,0
2.592794,3400.00,3399.92,1,0,46,1,0.000,0
2.593089,3400.00,3399.92,1,0,47,1,0.000,0
2.593383,3400.00,3398.47,1,0,48,1,0.000,0
2.593677,3400.00,3399.92,1,0,49,1,0.000,0
2.593971,3400.00,3401.36,1,0,50,1,0.000,0
2.594265,3400.00,3398.47,1,0,51,1,0.000,0
2.594559,3400.00,3399.92,1,0,52,1,0.000,0
2.594853,3400.00,3401.36,1,0,53,1,0.000,0
2.595147,3400.00,3399.92,1,0,54,1,0.000,0
2.595441,3400.00,3398.47,1,0,55,1,0.000,0
2.595736,3400.00,3399.92,1,0,56,1,0.000,0
2.596030,3400.00,3401.36,1,0,57,1,0.000,0
2.596912,3400.00,3401.36,1,0,0,0,0.000,0
2.597206,3400.00,3400.20,1,0,1,0,0.000,0
2.597500,3400.00,3400.20,1,0,2,0,0.000,0
2.597794,3400.00,3400.20,1,0,3,0,0.000,0
2.598089,3400.00,3399.05,1,0,4,0,0.000,0
2.598383,3400.00,3402.52,1,0,5,0,0.000,0
2.598677,3400.00,3401.36,1,0,6,0,0.000,0
2.598971,3400.00,3399.05,1,0,7,0,0.000,0
2.599265,3400.00,3398.47,1,0,8,0,0.000,0
2.599559,3400.00,3401.36,1,0,9,0,0.000,0
2.599853,3400.00,3399.92,1,0,10,0,0.000,0
2.600147,3400.00,3399.92,1,0,11,0,0.000,0
2.600441,3400.00,3401.36,1,0,12,0,0.000,0
2.600736,3400.00,3395.59,1,0,13,0,0.000,0
2.601030,3400.00,3398.47,1,0,14,0,0.000,0
2.601324,3400.00,3399.92,1,0,15,0,0.000,0
2.601618,3400.00,3399.92,1,0,16,0,0.000,0
2.601912,3400.00,3399.92,1,0,17,0,0.000,0
2.602206,3400.00,3398.47,1,0,18,0,0.000,0
2.602500,3400.00,3401.36,1,0,19,0,0.000,0
2.602794,3400.00,3398.47,1,0,20,0,0.000,0
2.603089,3400.00,3402.81,1,0,21,0,0.000,0
2.603383,3400.00,3401.36,1,0,22,0,0.000,0
2.603677,3400.00,3399.92,1,0,23,0,0.000,0
2.603971,3400.00,3399.92,1,0,24,0,0.000,0
2.604265,3400.00,3399.92,1,0,25,0,0.000,0
2.604559,3400.00,3399.92,1,0,26,0,0.000,0
2.604853,3400.00,3398.47,1,0,27,0,0.000,0
2.605147,3400.00,3399.92,1,0,28,0,0.000,0
2.605441,3400.00,3398.47,1,0,29,0,0.000,0
2.605736,3400.00,3398.47,1,0,30,0,0.000,0
2.606030,3400.00,3401.36,1,0,31,0,0.000,0
2.606324,3400.00,3399.92,1,0,32,0,0.000,0
2.606618,3400.00,3399.92,1,0,33,0,0.000,0
2.606912,3400.00,3402.81,1,0,34,0,0.000,0
2.607206,3400.00,3399.92,1,0,35,0,0.000,0
2.607500,3400.00,3401.36,1,0,36,0,0.000,0
2.607794,3400.00,3399.92,1,0,37,0,0.000,0
2.608089,3400.00,3399.92,1,0,38,0,0.000,0
2.608383,3400.00,3398.47,1,0,39,0,0.000,0
2.608677,3400.00,3399.92,1,0,40,0,0.000,0
2.608971,3400.00,3401.36,1,0,41,0,0.000,0
2.609265,3400.00,3398.47,1,0,42,0,0.000,0
2.609559,3400.00,3401.36,1,0,43,0,0.000,0
2.609853,3400.00,3398.47,1,0,44,0,0.000,0
2.610147,3400.00,3401.36,1,0,45,0,0.000,0
2.610441,3400.00,3401.36,1,0,46,0,0.000,0
2.610736,3400.00,3401.36,1,0,47,0,0.000,0
2.611030,3400.00,3399.92,1,0,48,0,0.000,0
2.611324,3400.00,3398.47,1,0,49,0,0.000,0
2.611618,3400.00,3401.36,1,0,50,0,0.000,0
2.611912,3400.00,3398.47,1,0,51,0,0.000,0
2.612206,3400.00,3401.36,1,0,52,0,0.000,0
2.612500,3400.00,3399.92,1,0,53,0,0.000,0
2.612794,3400.00,3398.47,1,0,54,0,0.000,0
2.613089,3400.00,3401.36,1,0,55,0,0.000,0
2.613383,3400.00,3399.92,1,0,56,0,0.000,0
2.613677,3400.00,3401.36,1,0,57,0,0.000,0
2.614559,3400.00,3399.05,1,0,0,1,0.000,0
2.614853,3400.00,3400.20,1,0,1,1,0.000,0
2.615147,3400.00,3399.05,1,0,2,1,0.000,0
2.615441,3400.00,3399.05,1,0,3,1,0.000,0
2.615736,3400.00,3400.20,1,0,4,1,0.000,0
2.616030,3400.00,3399.05,1,0,5,1,0.000,0
2.616324,3400.00,3400.20,1,0,6,1,0.000,0
2.616618,3400.00,3397.89,1,0,7,1,0.000,0
2.616912,3400.00,3398.47,1,0,8,1,0.000,0
2.617206,3400.00,3401.36,1,0,9,1,0.000,0
2.617500,3400.00,3399.92,1,0,10,1,0.000,0
2.617794,3400.00,3401.36,1,0,11,1,0.000,0
2.618089,3400.00,3398.47,1,0,12,1,0.000,0
2.618383,3400.00,3398.47,1,0,13,1,0.000,0
2.618677,3400.00,3399.92,1,0,14,1,0.000,0
2.618971,3400.00,3401.36,1,0,15,1,0.000,0
2.619265,3400.00,3401.36,1,0,16,1,0.000,0
2.619559,3400.00,3398.47,1,0,17,1,0.000,0
2.619853,3400.00,3402.81,1,0,18,1,0.000,0
2.620147,3400.00,3398.47,1,0,19,1,0.000,0
2.620441,3400.00,3401.36,1,0,20,1,0.000,0
2.620736,3400.00,3399.92,1,0,21,1,0.000,0
2.621030,3400.00,3399.92,1,0,22,1,0.000,0
2.621324,3400.00,3401.36,1,0,23,1,0.000,0
2.621618,3400.00,3398.47,1,0,24,1,0.000,0
2.621912,3400.00,3401.36,1,0,25,1,0.000,0
2.622206,3400.00,3398.47,1,0,26,1,0.000,0
2.622500,3400.00,3402.81,1,0,27,1,0.000,0
2.622794,3400.00,3401.36,1,0,28,1,0.000,0
2.623089,3400.00,3401.36,1,0,29,1,0.000,0
2.623383,3400.00,3399.92,1,0,30,1,0.000,0
2.623677,3400.00,3399.92,1,0,31,1,0.000,0
2.623971,3400.00,3399.92,1,0,32,1,0.000,0
2.624265,3400.00,3398.47,1,0,33,1,0.000,0
2.624559,3400.00,3399.92,1,0,34,1,0.000,0
2.624853,3400.00,3397.03,1,0,35,1,0.000,0
2.625147,3400.00,3401.36,1,0,36,1,0.000,0
2.625441,3400.00,3398.47,1,0,37,1,0.000,0
2.625736,3400.00,3401.36,1,0,38,1,0.000,0
2.626030,3400.00,3399.92,1,0,39,1,0.000,0
2.626324,3400.00,3402.81,1,0,40,1,0.000,0
2.626618,3400.00,3399.92,1,0,41,1,0.000,0
2.626912,3400.00,3401.36,1,0,42,1,0.000,0
2.627206,3400.00,3399.92,1,0,43,1,0.000,0
2.627500,3400.00,3398.47,1,0,44,1,0.000,0
2.627794,3400.00,3399.92,1,0,45,1,0.000,0
2.628089,3400.00,3399.92,1,0,46,1,0.000,0
2.628383,3400.00,3398.47,1,0,47,1,0.000,0
2.628677,3400.00,3399.92,1,0,48,1,0.000,0
2.628971,3400.00,3399.92,1,0,49,1,0.000,0
2.629265,3400.00,3398.47,1,0,50,1,0.000,0
2.629559,3400.00,3399.92,1,0,51,1,0.000,0
2.629853,3400.00,3399.92,1,0,52,1,0.000,0
2.630147,3400.00,3399.92,1,0,53,1,0.000,0
2.630441,3400.00,3398.47,1,0,54,1,0.000,0
2.630736,3400.00,3399.92,1,0,55,1,0.000,0
2.631030,3400.00,3398.47,1,0,56,1,0.000,0
2.631324,3400.00,3401.36,1,0,57,1,0.000,0
2.632206,3400.00,3399.05,1,0,0,0,0.000,0
2.632500,3400.00,3401.36,1,0,1,0,0.000,0
2.632794,3400.00,3401.36,1,0,2,0,0.000,0
2.633089,3400.00,3400.20,1,0,3,0,0.000,0
2.633383,3400.00,3400.20,1,0,4,0,0.000,0
2.633677,3400.00,3401.36,1,0,5,0,0.000,0
2.633971,3400.00,3400.20,1,0,6,0,0.000,0
2.634265,3400.00,3399.05,1,0,7,0,0.000,0
2.634559,3400.00,3401.36,1,0,8,0,0.000,0
2.634853,3400.00,3399.92,1,0,9,0,0.000,0
2.635147,3400.00,3398.47,1,0,10,0,0.000,0
2.635441,3400.00,3399.92,1,0,11,0,0.000,0
2.635736,3400.00,3401.36,1,0,12,0,0.000,0
2.636030,3400.00,3399.92,1,0,13,0,0.000,0
2.636324,3400.00,3401.36,1,0,14,0,0.000,0
2.636618,3400.00,3399.92,1,0,15,0,0.000,0
2.636912,3400.00,3399.92,1,0,16,0,0.000,0
2.637206,3400.00,3397.03,1,0,17,0,0.000,0
2.637500,3400.00,3398.47,1,0,18,0,0.000,0
2.637794,3400.00,3399.92,1,0,19,0,0.000,0
2.638089,3400.00,3399.92,1,0,20,0,0.000,0
2.638383,3400.00,3399.92,1,0,21,0,0.000,0
2.638677,3400.00,3398.47,1,0,22,0,0.000,0
2.638971,3400.00,3401.36,1,0,23,0,0.000,0
2.639265,3400.00,3402.81,1,0,24,0,0.000,0
2.639559,3400.00,3404.26,1,0,25,0,0.000,0
2.639853,3400.00,3402.81,1,0,26,0,0.000,0
2.640147,3400.00,3401.36,1,0,27,0,0.000,0
2.640441,3400.00,3399.92,1,0,28,0,0.000,0
2.640736,3400.00,3399.92,1,0,29,0,0.000,0
2.641030,3400.00,3399.92,1,0,30,0,0.000,0
2.641324,3400.00,3398.47,1,0,31,0,0.000,0
2.641618,3400.00,3395.59,1,0,32,0,0.000,0
2.641912,3400.00,3398.47,1,0,33,0,0.000,0
2.642206,3400.00,3398.47,1,0,34,0,0.000,0
2.642500,3400.00,3398.47,1,0,35,0,0.000,0
2.642794,3400.00,3398.47,1,0,36,0,0.000,0
2.643089,3400.00,3398.47,1,0,37,0,0.000,0
2.643383,3400.00,3401.36,1,0,38,0,0.000,0
2.643677,3400.00,3399.92,1,0,39,0,0.000,0
2.643971,3400.00,3401.36,1,0,40,0,0.000,0
2.644265,3400.00,3399.92,1,0,41,0,0.000,0
2.644559,3400.00,3398.47,1,0,42,0,0.000,0
2.644853,3400.00,3399.92,1,0,43,0,0.000,0
2.645147,3400.00,3401.36,1,0,44,0,0.000,0
2.645441,3400.00,3399.92,1,0,45,0,0.000,0
2.645736,3400.00,3399.92,1,0,46,0,0.000,0
2.646030,3400.00,3399.92,1,0,47,0,0.000,0
2.646324,3400.00,3401.36,1,0,48,0,0.000,0
2.646618,3400.00,3399.92,1,0,49,0,0.000,0
2.646912,3400.00,3402.81,1,0,50,0,0.000,0
2.647206,3400.00,3399.92,1,0,51,0,0.000,0
2.647500,3400.00,3398.47,1,0,52,0,0.000,0
2.647794,3400.00,3401.36,1,0,53,0,0.000,0
2.648089,3400.00,3397.03,1,0,54,0,0.000,0
2.648383,3400.00,3399.92,1,0,55,0,0.000,0
2.648677,3400.00,3398.47,1,0,56,0,0.000,0
2.648971,3400.00,3399.92,1,0,57,0,0.000,0
2.649853,3400.00,3399.05,1,0,0,1,0.000,0
2.650147,3400.00,3401.36,1,0,1,1,0.000,0
2.650441,3400.00,3400.20,1,0,2,1,0.000,0
2.650736,3400.00,3400.20,1,0,3,1,0.000,0
2.651030,3400.00,3401.36,1,0,4,1,0.000,0
2.651324,3400.00,3401.36,1,0,5,1,0.000,0
2.651618,3400.00,3401.36,1,0,6,1,0.000,0
2.651912,3400.00,3401.36,1,0,7,1,0.000,0
2.652206,3400.00,3399.92,1,0,8,1,0.000,0
2.652500,3400.00,3399.92,1,0,9,1,0.000,0
2.652794,3400.00,3401.36,1,0,10,1,0.000,0
2.653089,3400.00,3399.92,1,0,11,1,0.000,0
2.653383,3400.00,3399.92,1,0,12,1,0.000,0
2.653677,3400.00,3399.92,1,0,13,1,0.000,0
2.653971,3400.00,3399.92,1,0,14,1,0.000,0
2.654265,3400.00,3398.47,1,0,15,1,0.000,0
2.654559,3400.00,3399.92,1,0,16,1,0.000,0
2.654853,3400.00,3401.36,1,0,17,1,0.000,0
2.655147,3400.00,3398.47,1,0,18,1,0.000,0
2.655441,3400.00,3399.92,1,0,19,1,0.000,0
2.655736,3400.00,3399.92,1,0,20,1,0.000,0
2.656030,3400.00,3398.47,1,0,21,1,0.000,0
2.656324,3400.00,3399.92,1,0,22,1,0.000,0
2.656618,3400.00,3399.92,1,0,23,1,0.000,0
2.656912,3400.00,3398.47,1,0,24,1,0.000,0
2.657206,3400.00,3398.47,1,0,25,1,0.000,0
2.657500,3400.00,3399.92,1,0,26,1,0.000,0
2.657794,3400.00,3399.92,1,0,27,1,0.000,0
2.658089,3400.00,3401.36,1,0,28,1,0.000,0
2.658383,3400.00,3401.36,1,0,29,1,0.000,0
2.658677,3400.00,3398.47,1,0,30,1,0.000,0
2.658971,3400.00,3399.92,1,0,31,1,0.000,0
2.659265,3400.00,3401.36,1,0,32,1,0.000,0
2.659559,3400.00,3399.92,1,0,33,1,0.000,0
2.659853,3400.00,3401.36,1,0,34,1,0.000,0
2.660147,3400.00,3399.92,1,0,35,1,0.000,0
2.660441,3400.00,3399.92,1,0,36,1,0.000,0
2.660736,3400.00,3398.47,1,0,37,1,0.000,0
2.661030,3400.00,3399.92,1,0,38,1,0.000,0
2.661324,3400.00,3399.92,1,0,39,1,0.000,0
2.661618,3400.00,3399.92,1,0,40,1,0.000,0
2.661912,3400.00,3399.92,1,0,41,1,0.000,0
2.662206,3400.00,3399.92,1,0,42,1,0.000,0
2.662500,3400.00,3399.92,1,0,43,1,0.000,0
2.662794,3400.00,3398.47,1,0,44,1,0.000,0
2.663089,3400.00,3401.36,1,0,45,1,0.000,0
2.663383,3400.00,3399.92,1,0,46,1,0.000,0
2.663677,3400.00,3399.92,1,0,47,1,0.000,0
2.663971,3400.00,3399.92,1,0,48,1,0.000,0
2.664265,3400.00,3401.36,1,0,49,1,0.000,0
2.664559,3400.00,3399.92,1,0,50,1,0.000,0
2.664853,3400.00,3399.92,1,0,51,1,0.000,0
2.665147,3400.00,3401.36,1,0,52,1,0.000,0
2.665441,3400.00,3399.92,1,0,53,1,0.000,0
2.665736,3400.00,3399.92,1,0,54,1,0.000,0
2.666030,3400.00,3399.92,1,0,55,1,0.000,0
2.666324,3400.00,3399.92,1,0,56,1,0.000,0
2.666618,3400.00,3398.47,1,0,57,1,0.000,0
2.667500,3400.00,3400.20,1,0,0,0,0.000,0
2.667794,3400.00,3399.05,1,0,1,0,0.000,0
2.668089,3400.00,3400.20,1,0,2,0,0.000,0
2.668383,3400.00,3397.89,1,0,3,0,0.000,0
2.668677,3400.00,3401.36,1,0,4,0,0.000,0
2.668971,3400.00,3401.36,1,0,5,0,0.000,0
2.669265,3400.00,3400.20,1,0,6,0,0.000,0
2.669559,3400.00,3400.20,1,0,7,0,0.000,0
2.669853,3400.00,3401.36,1,0,8,0,0.000,0
2.670147,3400.00,3401.36,1,0,9,0,0.000,0
2.670441,3400.00,3398.47,1,0,10,0,0.000,0
2.670736,3400.00,3402.81,1,0,11,0,0.000,0
2.671030,3400.00,3397.03,1,0,12,0,0.000,0
2.671324,3400.00,3398.47,1,0,13,0,0.000,0
2.671618,3400.00,3399.92,1,0,14,0,0.000,0
2.671912,3400.00,3399.92,1,0,15,0,0.000,0
2.672206,3400.00,3398.47,1,0,16,0,0.000,0
2.672500,3400.00,3399.92,1,0,17,0,0.000,0
2.672794,3400.00,3402.81,1,0,18,0,0.000,0
2.673089,3400.00,3399.92,1,0,19,0,0.000,0
2.673383,3400.00,3401.36,1,0,20,0,0.000,0
2.673677,3400.00,3399.92,1,0,21,0,0.000,0
2.673971,3400.00,3399.92,1,0,22,0,0.000,0
2.674265,3400.00,3401.36,1,0,23,0,0.000,0
2.674559,3400.00,3399.92,1,0,24,0,0.000,0
2.674853,3400.00,3398.47,1,0,25,0,0.000,0
2.675147,3400.00,3397.03,1,0,26,0,0.000,0
2.675441,3400.00,3398.47,1,0,27,0,0.000,0
2.675736,3400.00,3401.36,1,0,28,0,0.000,0
2.676030,3400.00,3399.92,1,0,29,0,0.000,0
2.676324,3400.00,3399.92,1,0,30,0,0.000,0
2.676618,3400.00,3398.47,1,0,31,0,0.000,0
2.676912,3400.00,3398.47,1,0,32,0,0.000,0
2.677206,3400.00,3401.36,1,0,33,0,0.000,0
2.677500,3400.00,3401.36,1,0,34,0,0.000,0
2.677794,3400.00,3399.92,1,0,35,0,0.000,0
2.678089,3400.00,3399.92,1,0,36,0,0.000,0
2.678383,3400.00,3402.81,1,0,37,0,0.000,0
2.678677,3400.00,3399.92,1,0,38,0,0.000,0
2.678971,3400.00,3401.36,1,0,39,0,0.000,0
2.679265,3400.00,3401.36,1,0,40,0,0.000,0
2.679559,3400.00,3399.92,1,0,41,0,0.000,0
2.679853,3400.00,3399.92,1,0,42,0,0.000,0
2.680147,3400.00,3401.36,1,0,43,0,0.000,0
2.680441,3400.00,3398.47,1,0,44,0,0.000,0
2.680736,3400.00,3398.47,1,0,45,0,0.000,0
2.681030,3400.00,3399.92,1,0,46,0,0.000,0
2.681324,3400.00,3398.47,1,0,47,0,0.000,0
2.681618,3400.00,3401.36,1,0,48,0,0.000,0
2.681912,3400.00,3399.92,1,0,49,0,0.000,0
2.682206,3400.00,3399.92,1,0,50,0,0.000,0
2.682500,3400.00,3399.92,1,0,51,0,0.000,0
2.682794,3400.00,3401.36,1,0,52,0,0.000,0
2.683089,3400.00,3399.92,1,0,53,0,0.000,0
2.683383,3400.00,3399.92,1,0,54,0,0.000,0
2.683677,3400.00,3401.36,1,0,55,0,0.000,0
2.683971,3400.00,3398.47,1,0,56,0,0.000,0
2.684265,3400.00,3401.36,1,0,57,0,0.000,0
2.685147,3400.00,3400.20,1,0,0,1,0.000,0
2.685441,3400.00,3399.05,1,0,1,1,0.000,0
2.685736,3400.00,3400.20,1,0,2,1,0.000,0
2.686030,3400.00,3400.20,1,0,3,1,0.000,0
2.686324,3400.00,3401.36,1,0,4,1,0.000,0
2.686618,3400.00,3400.20,1,0,5,1,0.000,0
2.686912,3400.00,3400.20,1,0,6,1,0.000,0
2.687206,3400.00,3399.05,1,0,7,1,0.000,0
2.687500,3400.00,3399.92,1,0,8,1,0.000,0
2.687794,3400.00,3399.92,1,0,9,1,0.000,0
2.688089,3400.00,3402.81,1,0,10,1,0.000,0
2.688383,3400.00,3398.47,1,0,11,1,0.000,0
2.688677,3400.00,3398.47,1,0,12,1,0.000,0
2.688971,3400.00,3398.47,1,0,13,1,0.000,0
2.689265,3400.00,3399.92,1,0,14,1,0.000,0
2.689559,3400.00,3401.36,1,0,15,1,0.000,0
2.689853,3400.00,3399.92,1,0,16,1,0.000,0
2.690147,3400.00,3399.92,1,0,17,1,0.000,0
2.690441,3400.00,3395.59,1,0,18,1,0.000,0
2.690736,3400.00,3401.36,1,0,19,1,0.000,0
2.691030,3400.00,3399.92,1,0,20,1,0.000,0
2.691324,3400.00,3399.92,1,0,21,1,0.000,0
2.691618,3400.00,3399.92,1,0,22,1,0.000,0
2.691912,3400.00,3399.92,1,0,23,1,0.000,0
2.692206,3400.00,3398.47,1,0,24,1,0.000,0
2.692500,3400.00,3399.92,1,0,25,1,0.000,0
2.692794,3400.00,3401.36,1,0,26,1,0.000,0
2.693089,3400.00,3398.47,1,0,27,1,0.000,0
2.693383,3400.00,3399.92,1,0,28,1,0.000,0
2.693677,3400.00,3401.36,1,0,29,1,0.000,0
2.693971,3400.00,3398.47,1,0,30,1,0.000,0
2.694265,3400.00,3397.03,1,0,31,1,0.000,0
2.694559,3400.00,3401.36,1,0,32,1,0.000,0
2.694853,3400.00,3401.36,1,0,33,1,0.000,0
2.695147,3400.00,3399.92,1,0,34,1,0.000,0
2.695441,3400.00,3401.36,1,0,35,1,0.000,0
2.695736,3400.00,3399.92,1,0,36,1,0.000,0
2.696030,3400.00,3398.47,1,0,37,1,0.000,0
2.696324,3400.00,3401.36,1,0,38,1,0.000,0
2.696618,3400.00,3401.36,1,0,39,1,0.000,0
2.696912,3400.00,3401.36,1,0,40,1,0.000,0
2.697206,3400.00,3401.36,1,0,41,1,0.000,0
2.697500,3400.00,3399.92,1,0,42,1,0.000,0
2.697794,3400.00,3399.92,1,0,43,1,0.000,0
2.698089,3400.00,3398.47,1,0,44,1,0.000,0
2.698383,3400.00,3401.36,1,0,45,1,0.000,0
2.698677,3400.00,3398.47,1,0,46,1,0.000,0
2.698971,3400.00,3401.36,1,0,47,1,0.000,0
2.699265,3400.00,3397.03,1,0,48,1,0.000,0
2.699559,3400.00,3397.03,1,0,49,1,0.000,0
2.699853,3400.00,3402.81,1,0,50,1,0.000,0
2.700147,3400.00,3401.36,1,0,51,1,0.000,0
2.700441,3400.00,3402.81,1,0,52,1,0.000,0
2.700736,3400.00,3399.92,1,0,53,1,0.000,0
2.701030,3400.00,3402.81,1,0,54,1,0.000,0
2.701324,3400.00,3398.47,1,0,55,1,0.000,0
2.701618,3400.00,3401.36,1,0,56,1,0.000,0
2.701912,3400.00,3401.36,1,0,57,1,0.000,0
2.702794,3400.00,3395.59,1,0,0,0,0.000,0
2.703089,3400.00,3397.89,1,0,1,0,0.000,0
2.703383,3400.00,3399.05,1,0,2,0,0.000,0
2.703677,3400.00,3399.05,1,0,3,0,0.000,0
2.703971,3400.00,3399.05,1,0,4,0,0.000,0
2.704265,3400.00,3400.20,1,0,5,0,0.000,0
2.704559,3400.00,3400.20,1,0,6,0,0.000,0
2.704853,3400.00,3400.20,1,0,7,0,0.000,0
2.705147,3400.00,3402.81,1,0,8,0,0.000,0
2.705441,3400.00,3398.47,1,0,9,0,0.000,0
2.705736,3400.00,3399.92,1,0,10,0,0.000,0
2.706030,3400.00,3399.92,1,0,11,0,0.000,0
2.706324,3400.00,3401.36,1,0,12,0,0.000,0
2.706618,3400.00,3401.36,1,0,13,0,0.000,0
2.706912,3400.00,3398.47,1,0,14,0,0.000,0
2.707206,3400.00,3399.92,1,0,15,0,0.000,0
2.707500,3400.00,3399.92,1,0,16,0,0.000,0
2.707794,3400.00,3401.36,1,0,17,0,0.000,0
2.708089,3400.00,3399.92,1,0,18,0,0.000,0
2.708383,3400.00,3399.92,1,0,19,0,0.000,0
2.708677,3400.00,3398.47,1,0,20,0,0.000,0
2.708971,3400.00,3398.47,1,0,21,0,0.000,0
2.709265,3400.00,3401.36,1,0,22,0,0.000,0
2.709559,3400.00,3401.36,1,0,23,0,0.000,0
2.709853,3400.00,3399.92,1,0,24,0,0.000,0
2.710147,3400.00,3401.36,1,0,25,0,0.000,0
2.710441,3400.00,3402.81,1,0,26,0,0.000,0
2.710736,3400.00,3399.92,1,0,27,0,0.000,0
2.711030,3400.00,3401.36,1,0,28,0,0.000,0
2.711324,3400.00,3401.36,1,0,29,0,0.000,0
2.711618,3400.00,3398.47,1,0,30,0,0.000,0
2.711912,3400.00,3397.03,1,0,31,0,0.000,0
2.712206,3400.00,3401.36,1,0,32,0,0.000,0
2.712500,3400.00,3399.92,1,0,33,0,0.000,0
2.712794,3400.00,3397.03,1,0,34,0,0.000,0
2.713089,3400.00,3399.92,1,0,35,0,0.000,0
2.713383,3400.00,3398.47,1,0,36,0,0.000,0
2.713677,3400.00,3398.47,1,0,37,0,0.000,0
2.713971,3400.00,3401.36,1,0,38,0,0.000,0
2.714265,3400.00,3401.36,1,0,39,0,0.000,0
2.714559,3400.00,3398.47,1,0,40,0,0.000,0
2.714853,3400.00,3401.36,1,0,41,0,0.000,0
2.715147,3400.00,3399.92,1,0,42,0,0.000,0
2.715441,3400.00,3399.92,1,0,43,0,0.000,0
2.715736,3400.00,3399.92,1,0,44,0,0.000,0
2.716030,3400.00,3401.36,1,0,45,0,0.000,0
2.716324,3400.00,3399.92,1,0,46,0,0.000,0
2.716618,3400.00,3399.92,1,0,47,0,0.000,0
2.716912,3400.00,3398.47,1,0,48,0,0.000,0
2.717206,3400.00,3399.92,1,0,49,0,0.000,0
2.717500,3400.00,3401.36,1,0,50,0,0.000,0
2.717794,3400.00,3401.36,1,0,51,0,0.000,0
2.718089,3400.00,3401.36,1,0,52,0,0.000,0
2.718383,3400.00,3401.36,1,0,53,0,0.000,0
2.718677,3400.00,3399.92,1,0,54,0,0.000,0
2.718971,3400.00,3399.92,1,0,55,0,0.000,0
2.719265,3400.00,3402.81,1,0,56,0,0.000,0
2.719559,3400.00,3398.47,1,0,57,0,0.000,0
2.720441,3400.00,3399.05,1,0,0,1,0.000,0
2.720736,3400.00,3399.05,1,0,1,1,0.000,0
2.721030,3400.00,3399.05,1,0,2,1,0.000,0
2.721324,3400.00,3399.05,1,0,3,1,0.000,0
2.721618,3400.00,3401.36,1,0,4,1,0.000,0
2.721912,3400.00,3400.20,1,0,5,1,0.000,0
2.722206,3400.00,3397.89,1,0,6,1,0.000,0
2.722500,3400.00,3399.05,1,0,7,1,0.000,0
2.722794,3400.00,3401.36,1,0,8,1,0.000,0
2.723089,3400.00,3399.92,1,0,9,1,0.000,0
2.723383,3400.00,3399.92,1,0,10,1,0.000,0
2.723677,3400.00,3399.92,1,0,11,1,0.000,0
2.723971,3400.00,3398.47,1,0,12,1,0.000,0
2.724265,3400.00,3399.92,1,0,13,1,0.000,0
2.724559,3400.00,3401.36,1,0,14,1,0.000,0
2.724853,3400.00,3401.36,1,0,15,1,0.000,0
2.725147,3400.00,3401.36,1,0,16,1,0.000,0
2.725441,3400.00,3399.92,1,0,17,1,0.000,0
2.725736,3400.00,3401.36,1,0,18,1,0.000,0
2.726030,3400.00,3399.92,1,0,19,1,0.000,0
2.726324,3400.00,3399.92,1,0,20,1,0.000,0
2.726618,3400.00,3399.92,1,0,21,1,0.000,0
2.726912,3400.00,3399.92,1,0,22,1,0.000,0
2.727206,3400.00,3399.92,1,0,23,1,0.000,0
2.727500,3400.00,3398.47,1,0,24,1,0.000,0
2.727794,3400.00,3401.36,1,0,25,1,0.000,0
2.728089,3400.00,3399.92,1,0,26,1,0.000,0
2.728383,3400.00,3399.92,1,0,27,1,0.000,0
2.728677,3400.00,3399.92,1,0,28,1,0.000,0
2.728971,3400.00,3401.36,1,0,29,1,0.000,0
2.729265,3400.00,3398.47,1,0,30,1,0.000,0
2.729559,3400.00,3398.47,1,0,31,1,0.000,0
2.729853,3400.00,3399.92,1,0,32,1,0.000,0
2.730147,3400.00,3398.47,1,0,33,1,0.000,0
2.730441,3400.00,3398.47,1,0,34,1,0.000,0
2.730736,3400.00,3398.47,1,0,35,1,0.000,0
2.731030,3400.00,3399.92,1,0,36,1,0.000,0
2.731324,3400.00,3398.47,1,0,37,1,0.000,0
2.731618,3400.00,3402.81,1,0,38,1,0.000,0
2.731912,3400.00,3399.92,1,0,39,1,0.000,0
2.732206,3400.00,3397.03,1,0,40,1,0.000,0
2.732500,3400.00,3401.36,1,0,41,1,0.000,0
2.732794,3400.00,3399.92,1,0,42,1,0.000,0
2.733089,3400.00,3401.36,1,0,43,1,0.000,0
2.733383,3400.00,3401.36,1,0,44,1,0.000,0
2.733677,3400.00,3399.92,1,0,45,1,0.000,0
2.733971,3400.00,3398.47,1,0,46,1,0.000,0
2.734265,3400.00,3401.36,1,0,47,1,0.000,0
2.734559,3400.00,3404.26,1,0,48,1,0.000,0
2.734853,3400.00,3401.36,1,0,49,1,0.000,0
2.735147,3400.00,3401.36,1,0,50,1,0.000,0
2.735441,3400.00,3398.47,1,0,51,1,0.000,0
2.735736,3400.00,3398.47,1,0,52,1,0.000,0
2.736030,3400.00,3399.92,1,0,53,1,0.000,0
2.736324,3400.00,3399.92,1,0,54,1,0.000,0
2.736618,3400.00,3401.36,1,0,55,1,0.000,0
2.736912,3400.00,3398.47,1,0,56,1,0.000,0
2.737206,3400.00,3397.03,1,0,57,1,0.000,0
2.738089,3400.00,3400.20,1,0,0,0,0.000,0
2.738383,3400.00,3400.20,1,0,1,0,0.000,0
2.738677,3400.00,3399.05,1,0,2,0,0.000,0
2.738971,3400.00,3399.05,1,0,3,0,0.000,0
2.739265,3400.00,3401.36,1,0,4,0,0.000,0
2.739559,3400.00,3397.89,1,0,5,0,0.000,0
2.739853,3400.00,3399.05,1,0,6,0,0.000,0
2.740147,3400.00,3400.20,1,0,7,0,0.000,0
2.740441,3400.00,3399.92,1,0,8,0,0.000,0
2.740736,3400.00,3399.92,1,0,9,0,0.000,0
2.741030,3400.00,3401.36,1,0,10,0,0.000,0
2.741324,3400.00,3399.92,1,0,11,0,0.000,0
2.741618,3400.00,3398.47,1,0,12,0,0.000,0
2.741912,3400.00,3399.92,1,0,13,0,0.000,0
2.742206,3400.00,3401.36,1,0,14,0,0.000,0
2.742500,3400.00,3401.36,1,0,15,0,0.000,0
2.742794,3400.00,3399.92,1,0,16,0,0.000,0
2.743089,3400.00,3399.92,1,0,17,0,0.000,0
2.743383,3400.00,3401.36,1,0,18,0,0.000,0
2.743677,3400.00,3402.81,1,0,19,0,0.000,0
2.743971,3400.00,3399.92,1,0,20,0,0.000,0
2.744265,3400.00,3401.36,1,0,21,0,0.000,0
2.744559,3400.00,3399.92,1,0,22,0,0.000,0
2.744853,3400.00,3399.92,1,0,23,0,0.000,0
2.745147,3400.00,3397.03,1,0,24,0,0.000,0
2.745441,3400.00,3399.92,1,0,25,0,0.000,0
2.745736,3400.00,3398.47,1,0,26,0,0.000,0
2.746030,3400.00,3398.47,1,0,27,0,0.000,0
2.746324,3400.00,3401.36,1,0,28,0,0.000,0
2.746618,3400.00,3401.36,1,0,29,0,0.000,0
2.746912,3400.00,3399.92,1,0,30,0,0.000,0
2.747206,3400.00,3399.92,1,0,31,0,0.000,0
2.747500,3400.00,3402.81,1,0,32,0,0.000,0
2.747794,3400.00,3399.92,1,0,33,0,0.000,0
2.748089,3400.00,3399.92,1,0,34,0,0.000,0
2.748383,3400.00,3401.36,1,0,35,0,0.000,0
2.748677,3400.00,3398.47,1,0,36,0,0.000,0
2.748971,3400.00,3398.47,1,0,37,0,0.000,0
2.749265,3400.00,3399.92,1,0,38,0,0.000,0
2.749559,3400.00,3399.92,1,0,39,0,0.000,0
2.749853,3400.00,3399.92,1,0,40,0,0.000,0
2.750147,3400.00,3401.36,1,0,41,0,0.000,0
2.750441,3400.00,3401.36,1,0,42,0,0.000,0
2.750736,3400.00,3398.47,1,0,43,0,0.000,0
2.751030,3400.00,3401.36,1,0,44,0,0.000,0
2.751324,3400.00,3399.92,1,0,45,0,0.000,0
2.751618,3400.00,3399.92,1,0,46,0,0.000,0
2.751912,3400.00,3399.92,1,0,47,0,0.000,0
2.752206,3400.00,3399.92,1,0,48,0,0.000,0
2.752500,3400.00,3398.47,1,0,49,0,0.000,0
2.752794,3400.00,3399.92,1,0,50,0,0.000,0
2.753089,3400.00,3399.92,1,0,51,0,0.000,0
2.753383,3400.00,3398.47,1,0,52,0,0.000,0
2.753677,3400.00,3399.92,1,0,53,0,0.000,0
2.753971,3400.00,3399.92,1,0,54,0,0.000,0
2.754265,3400.00,3398.47,1,0,55,0,0.000,0
2.754559,3400.00,3398.47,1,0,56,0,0.000,0
2.754853,3400.00,3402.81,1,0,57,0,0.000,0
2.755736,3400.00,3399.05,1,0,0,1,0.000,0
2.756030,3400.00,3401.36,1,0,1,1,0.000,0
2.756324,3400.00,3400.20,1,0,2,1,0.000,0
2.756618,3400.00,3399.05,1,0,3,1,0.000,0
2.756912,3400.00,3400.20,1,0,4,1,0.000,0
2.757206,3400.00,3401.36,1,0,5,1,0.000,0
2.757500,3400.00,3401.36,1,0,6,1,0.000,0
2.757794,3400.00,3399.05,1,0,7,1,0.000,0
2.758089,3400.00,3399.92,1,0,8,1,0.000,0
2.758383,3400.00,3398.47,1,0,9,1,0.000,0
2.758677,3400.00,3398.47,1,0,10,1,0.000,0
2.758971,3400.00,3401.36,1,0,11,1,0.000,0
2.759265,3400.00,3401.36,1,0,12,1,0.000,0
2.759559,3400.00,3399.92,1,0,13,1,0.000,0
2.759853,3400.00,3398.47,1,0,14,1,0.000,0
2.760147,3400.00,3398.47,1,0,15,1,0.000,0
2.760441,3400.00,3399.92,1,0,16,1,0.000,0
2.760736,3400.00,3401.36,1,0,17,1,0.000,0
2.761030,3400.00,3402.81,1,0,18,1,0.000,0
2.761324,3400.00,3401.36,1,0,19,1,0.000,0
2.761618,3400.00,3398.47,1,0,20,1,0.000,0
2.761912,3400.00,3399.92,1,0,21,1,0.000,0
2.762206,3400.00,3402.81,1,0,22,1,0.000,0
2.762500,3400.00,3402.81,1,0,23,1,0.000,0
2.762794,3400.00,3401.36,1,0,24,1,0.000,0
2.763089,3400.00,3399.92,1,0,25,1,0.000,0
2.763383,3400.00,3401.36,1,0,26,1,0.000,0
2.763677,3400.00,3398.47,1,0,27,1,0.000,0
2.763971,3400.00,3399.92,1,0,28,1,0.000,0
2.764265,3400.00,3399.92,1,0,29,1,0.000,0
2.764559,3400.00,3397.03,1,0,30,1,0.000,0
2.764853,3400.00,3398.47,1,0,31,1,0.000,0
2.765147,3400.00,3398.47,1,0,32,1,0.000,0
2.765441,3400.00,3399.92,1,0,33,1,0.000,0
2.765736,3400.00,3397.03,1,0,34,1,0.000,0
2.766030,3400.00,3399.92,1,0,35,1,0.000,0
2.766324,3400.00,3399.92,1,0,36,1,0.000,0
2.766618,3400.00,3398.47,1,0,37,1,0.000,0
2.766912,3400.00,3401.36,1,0,38,1,0.000,0
2.767206,3400.00,3399.92,1,0,39,1,0.000,0
2.767500,3400.00,3402.81,1,0,40,1,0.000,0
2.767794,3400.00,3398.47,1,0,41,1,0.000,0
2.768089,3400.00,3399.92,1,0,42,1,0.000,0
2.768383,3400.00,3399.92,1,0,43,1,0.000,0
2.768677,3400.00,3399.92,1,0,44,1,0.000,0
2.768971,3400.00,3402.81,1,0,45,1,0.000,0
2.769265,3400.00,3401.36,1,0,46,1,0.000,0
2.769559,3400.00,3399.92,1,0,47,1,0.000,0
2.769853,3400.00,3398.47,1,0,48,1,0.000,0
2.770147,3400.00,3399.92,1,0,49,1,0.000,0
2.770441,3400.00,3399.92,1,0,50,1,0.000,0
2.770736,3400.00,3401.36,1,0,51,1,0.000,0
2.771030,3400.00,3401.36,1,0,52,1,0.000,0
2.771324,3400.00,3399.92,1,0,53,1,0.000,0
2.771618,3400.00,3398.47,1,0,54,1,0.000,0
2.771912,3400.00,3399.92,1,0,55,1,0.000,0
2.772206,3400.00,3399.92,1,0,56,1,0.000,0
2.772500,3400.00,3401.36,1,0,57,1,0.000,0
2.773383,3400.00,3401.36,1,0,0,0,0.000,0
2.773677,3400.00,3399.05,1,0,1,0,0.000,0
2.773971,3400.00,3399.05,1,0,2,0,0.000,0
2.774265,3400.00,3400.20,1,0,3,0,0.000,0
2.774559,3400.00,3400.20,1,0,4,0,0.000,0
2.774853,3400.00,3400.20,1,0,5,0,0.000,0
2.775147,3400.00,3400.20,1,0,6,0,0.000,0
2.775441,3400.00,3400.20,1,0,7,0,0.000,0
2.775736,3400.00,3397.03,1,0,8,0,0.000,0
2.776030,3400.00,3401.36,1,0,9,0,0.000,0
2.776324,3400.00,3398.47,1,0,10,0,0.000,0
2.776618,3400.00,3397.03,1,0,11,0,0.000,0
2.776912,3400.00,3399.92,1,0,12,0,0.000,0
2.777206,3400.00,3399.92,1,0,13,0,0.000,0
2.777500,3400.00,3399.92,1,0,14,0,0.000,0
2.777794,3400.00,3398.47,1,0,15,0,0.000,0
2.778089,3400.00,3402.81,1,0,16,0,0.000,0
2.778383,3400.00,3398.47,1,0,17,0,0.000,0
2.778677,3400.00,3402.81,1,0,18,0,0.000,0
2.778971,3400.00,3401.36,1,0,19,0,0.000,0
2.779265,3400.00,3399.92,1,0,20,0,0.000,0
2.779559,3400.00,3398.47,1,0,21,0,0.000,0
2.779853,3400.00,3398.47,1,0,22,0,0.000,0
2.780147,3400.00,3401.36,1,0,23,0,0.000,0
2.780441,3400.00,3398.47,1,0,24,0,0.000,0
2.780736,3400.00,3401.36,1,0,25,0,0.000,0
2.781030,3400.00,3397.03,1,0,26,0,0.000,0
2.781324,3400.00,3399.92,1,0,27,0,0.000,0
2.781618,3400.00,3401.36,1,0,28,0,0.000,0
2.781912,3400.00,3401.36,1,0,29,0,0.000,0
2.782206,3400.00,3401.36,1,0,30,0,0.000,0
2.782500,3400.00,3399.92,1,0,31,0,0.000,0
2.782794,3400.00,3401.36,1,0,32,0,0.000,0
2.783089,3400.00,3399.92,1,0,33,0,0.000,0
2.783383,3400.00,3402.81,1,0,34,0,0.000,0
2.783677,3400.00,3398.47,1,0,35,0,0.000,0
2.783971,3400.00,3398.47,1,0,36,0,0.000,0
2.784265,3400.00,3399.92,1,0,37,0,0.000,0
2.784559,3400.00,3398.47,1,0,38,0,0.000,0
2.784853,3400.00,3398.47,1,0,39,0,0.000,0
2.785147,3400.00,3399.92,1,0,40,0,0.000,0
2.785441,3400.00,3399.92,1,0,41,0,0.000,0
2.785736,3400.00,3399.92,1,0,42,0,0.000,0
2.786030,3400.00,3402.81,1,0,43,0,0.000,0
2.786324,3400.00,3401.36,1,0,44,0,0.000,0
2.786618,3400.00,3398.47,1,0,45,0,0.000,0
2.786912,3400.00,3401.36,1,0,46,0,0.000,0
2.787206,3400.00,3401.36,1,0,47,0,0.000,0
2.787500,3400.00,3398.47,1,0,48,0,0.000,0
2.787794,3400.00,3399.92,1,0,49,0,0.000,0
2.788089,3400.00,3401.36,1,0,50,0,0.000,0
2.788383,3400.00,3397.03,1,0,51,0,0.000,0
2.788677,3400.00,3398.47,1,0,52,0,0.000,0
2.788971,3400.00,3401.36,1,0,53,0,0.000,0
2.789265,3400.00,3399.92,1,0,54,0,0.000,0
2.789559,3400.00,3398.47,1,0,55,0,0.000,0
2.789853,3400.00,3401.36,1,0,56,0,0.000,0
2.790147,3400.00,3399.92,1,0,57,0,0.000,0
2.791030,3400.00,3399.05,1,0,0,1,0.000,0
2.791324,3400.00,3402.52,1,0,1,1,0.000,0
2.791618,3400.00,3400.20,1,0,2,1,0.000,0
2.791912,3400.00,3399.05,1,0,3,1,0.000,0
2.792206,3400.00,3399.05,1,0,4,1,0.000,0
2.792500,3400.00,3399.05,1,0,5,1,0.000,0
2.792794,3400.00,3399.05,1,0,6,1,0.000,0
2.793089,3400.00,3400.20,1,0,7,1,0.000,0
2.793383,3400.00,3398.47,1,0,8,1,0.000,0
2.793677,3400.00,3397.03,1,0,9,1,0.000,0
2.793971,3400.00,3401.36,1,0,10,1,0.000,0
2.794265,3400.00,3401.36,1,0,11,1,0.000,0
2.794559,3400.00,3401.36,1,0,12,1,0.000,0
2.794853,3400.00,3401.36,1,0,13,1,0.000,0
2.795147,3400.00,3399.92,1,0,14,1,0.000,0
2.795441,3400.00,3399.92,1,0,15,1,0.000,0
2.795736,3400.00,3399.92,1,0,16,1,0.000,0
2.796030,3400.00,3402.81,1,0,17,1,0.000,0
2.796324,3400.00,3399.92,1,0,18,1,0.000,0
2.796618,3400.00,3398.47,1,0,19,1,0.000,0
2.796912,3400.00,3399.92,1,0,20,1,0.000,0
2.797206,3400.00,3401.36,1,0,21,1,0.000,0
2.797500,3400.00,3401.36,1,0,22,1,0.000,0
2.797794,3400.00,3399.92,1,0,23,1,0.000,0
2.798089,3400.00,3401.36,1,0,24,1,0.000,0
2.798383,3400.00,3399.92,1,0,25,1,0.000,0
2.798677,3400.00,3399.92,1,0,26,1,0.000,0
2.798971,3400.00,3401.36,1,0,27,1,0.000,0
2.799265,3400.00,3399.92,1,0,28,1,0.000,0
2.799559,3400.00,3399.92,1,0,29,1,0.000,0
2.799853,3400.00,3399.92,1,0,30,1,0.000,0
2.800147,3400.00,3399.92,1,0,31,1,0.000,0
2.800441,3400.00,3399.92,1,0,32,1,0.000,0
2.800736,3400.00,3398.47,1,0,33,1,0.000,0
2.801030,3400.00,3398.47,1,0,34,1,0.000,0
2.801324,3400.00,3401.36,1,0,35,1,0.000,0
2.801618,3400.00,3399.92,1,0,36,1,0.000,0
2.801912,3400.00,3398.47,1,0,37,1,0.000,0
2.802206,3400.00,3401.36,1,0,38,1,0.000,0
2.802500,3400.00,3398.47,1,0,39,1,0.000,0
2.802794,3400.00,3398.47,1,0,40,1,0.000,0
2.803089,3400.00,3398.47,1,0,41,1,0.000,0
2.803383,3400.00,3399.92,1,0,42,1,0.000,0
2.803677,3400.00,3398.47,1,0,43,1,0.000,0
2.803971,3400.00,3398.47,1,0,44,1,0.000,0
2.804265,3400.00,3401.36,1,0,45,1,0.000,0
2.804559,3400.00,3398.47,1,0,46,1,0.000,0
2.804853,3400.00,3402.81,1,0,47,1,0.000,0
2.805147,3400.00,3401.36,1,0,48,1,0.000,0
2.805441,3400.00,3402.81,1,0,49,1,0.000,0
2.805736,3400.00,3401.36,1,0,50,1,0.000,0
2.806030,3400.00,3399.92,1,0,51,1,0.000,0
2.806324,3400.00,3401.36,1,0,52,1,0.000,0
2.806618,3400.00,3399.92,1,0,53,1,0.000,0
2.806912,3400.00,3401.36,1,0,54,1,0.000,0
2.807206,3400.00,3398.47,1,0,55,1,0.000,0
2.807500,3400.00,3401.36,1,0,56,1,0.000,0
2.807794,3400.00,3399.92,1,0,57,1,0.000,0
2.808677,3400.00,3400.20,1,0,0,0,0.000,0
2.808971,3400.00,3400.20,1,0,1,0,0.000,0
2.809265,3400.00,3400.20,1,0,2,0,0.000,0
2.809559,3400.00,3400.20,1,0,3,0,0.000,0
2.809853,3400.00,3399.05,1,0,4,0,0.000,0
2.810147,3400.00,3400.20,1,0,5,0,0.000,0
2.810441,3400.00,3399.05,1,0,6,0,0.000,0
2.810736,3400.00,3400.20,1,0,7,0,0.000,0
2.811030,3400.00,3401.36,1,0,8,0,0.000,0
2.811324,3400.00,3399.92,1,0,9,0,0.000,0
2.811618,3400.00,3399.92,1,0,10,0,0.000,0
2.811912,3400.00,3399.92,1,0,11,0,0.000,0
2.812206,3400.00,3398.47,1,0,12,0,0.000,0
2.812500,3400.00,3398.47,1,0,13,0,0.000,0
2.812794,3400.00,3398.47,1,0,14,0,0.000,0
2.813089,3400.00,3398.47,1,0,15,0,0.000,0
2.813383,3400.00,3398.47,1,0,16,0,0.000,0
2.813677,3400.00,3399.92,1,0,17,0,0.000,0
2.813971,3400.00,3399.92,1,0,18,0,0.000,0
2.814265,3400.00,3399.92,1,0,19,0,0.000,0
2.814559,3400.00,3401.36,1,0,20,0,0.000,0
2.814853,3400.00,3401.36,1,0,21,0,0.000,0
2.815147,3400.00,3401.36,1,0,22,0,0.000,0
2.815441,3400.00,3401.36,1,0,23,0,0.000,0
2.815736,3400.00,3398.47,1,0,24,0,0.000,0
2.816030,3400.00,3399.92,1,0,25,0,0.000,0
2.816324,3400.00,3399.92,1,0,26,0,0.000,0
2.816618,3400.00,3398.47,1,0,27,0,0.000,0
2.816912,3400.00,3399.92,1,0,28,0,0.000,0
2.817206,3400.00,3401.36,1,0,29,0,0.000,0
2.817500,3400.00,3399.92,1,0,30,0,0.000,0
2.817794,3400.00,3398.47,1,0,31,0,0.000,0
2.818089,3400.00,3401.36,1,0,32,0,0.000,0
2.818383,3400.00,3399.92,1,0,33,0,0.000,0
2.818677,3400.00,3401.36,1,0,34,0,0.000,0
2.818971,3400.00,3401.36,1,0,35,0,0.000,0
2.819265,3400.00,3398.47,1,0,36,0,0.000,0
2.819559,3400.00,3399.92,1,0,37,0,0.000,0
2.819853,3400.00,3399.92,1,0,38,0,0.000,0
2.820147,3400.00,3401.36,1,0,39,0,0.000,0
2.820441,3400.00,3399.92,1,0,40,0,0.000,0
2.820736,3400.00,3399.92,1,0,41,0,0.000,0
2.821030,3400.00,3398.47,1,0,42,0,0.000,0
2.821324,3400.00,3399.92,1,0,43,0,0.000,0
2.821618,3400.00,3401.36,1,0,44,0,0.000,0
2.821912,3400.00,3398.47,1,0,45,0,0.000,0
2.822206,3400.00,3398.47,1,0,46,0,0.000,0
2.822500,3400.00,3398.47,1,0,47,0,0.000,0
2.822794,3400.00,3398.47,1,0,48,0,0.000,0
2.823089,3400.00,3399.92,1,0,49,0,0.000,0
2.823383,3400.00,3399.92,1,0,50,0,0.000,0
2.823677,3400.00,3399.92,1,0,51,0,0.000,0
2.823971,3400.00,3399.92,1,0,52,0,0.000,0
2.824265,3400.00,3398.47,1,0,53,0,0.000,0
2.824559,3400.00,3399.92,1,0,54,0,0.000,0
2.824853,3400.00,3399.92,1,0,55,0,0.000,0
2.825147,3400.00,3401.36,1,0,56,0,0.000,0
2.825441,3400.00,3399.92,1,0,57,0,0.000,0
2.826324,3400.00,3401.36,1,0,0,1,0.000,0
2.826618,3400.00,3400.20,1,0,1,1,0.000,0
2.826912,3400.00,3399.05,1,0,2,1,0.000,0
2.827206,3400.00,3401.36,1,0,3,1,0.000,0
2.827500,3400.00,3401.36,1,0,4,1,0.000,0
2.827794,3400.00,3401.36,1,0,5,1,0.000,0
2.828089,3400.00,3400.20,1,0,6,1,0.000,0
2.828383,3400.00,3400.20,1,0,7,1,0.000,0
2.828677,3400.00,3399.92,1,0,8,1,0.000,0
2.828971,3400.00,3401.36,1,0,9,1,0.000,0
2.829265,3400.00,3401.36,1,0,10,1,0.000,0
2.829559,3400.00,3399.92,1,0,11,1,0.000,0
2.829853,3400.00,3399.92,1,0,12,1,0.000,0
2.830147,3400.00,3399.92,1,0,13,1,0.000,0
2.830441,3400.00,3399.92,1,0,14,1,0.000,0
2.830736,3400.00,3401.36,1,0,15,1,0.000,0
2.831030,3400.00,3398.47,1,0,16,1,0.000,0
2.831324,3400.00,3398.47,1,0,17,1,0.000,0
2.831618,3400.00,3401.36,1,0,18,1,0.000,0
2.831912,3400.00,3398.47,1,0,19,1,0.000,0
2.832206,3400.00,3399.92,1,0,20,1,0.000,0
2.832500,3400.00,3401.36,1,0,21,1,0.000,0
2.832794,3400.00,3398.47,1,0,22,1,0.000,0
2.833089,3400.00,3399.92,1,0,23,1,0.000,0
2.833383,3400.00,3399.92,1,0,24,1,0.000,0
2.833677,3400.00,3399.92,1,0,25,1,0.000,0
2.833971,3400.00,3398.47,1,0,26,1,0.000,0
2.834265,3400.00,3401.36,1,0,27,1,0.000,0
2.834559,3400.00,3399.92,1,0,28,1,0.000,0
2.834853,3400.00,3397.03,1,0,29,1,0.000,0
2.835147,3400.00,3399.92,1,0,30,1,0.000,0
2.835441,3400.00,3398.47,1,0,31,1,0.000,0
2.835736,3400.00,3399.92,1,0,32,1,0.000,0
2.836030,3400.00,3399.92,1,0,33,1,0.000,0
2.836324,3400.00,3401.36,1,0,34,1,0.000,0
2.836618,3400.00,3399.92,1,0,35,1,0.000,0
2.836912,3400.00,3399.92,1,0,36,1,0.000,0
2.837206,3400.00,3399.92,1,0,37,1,0.000,0
2.837500,3400.00,3399.92,1,0,38,1,0.000,0
2.837794,3400.00,3399.92,1,0,39,1,0.000,0
2.838089,3400.00,3401.36,1,0,40,1,0.000,0
2.838383,3400.00,3399.92,1,0,41,1,0.000,0
2.838677,3400.00,3398.47,1,0,42,1,0.000,0
2.838971,3400.00,3401.36,1,0,43,1,0.000,0
2.839265,3400.00,3398.47,1,0,44,1,0.000,0
2.839559,3400.00,3401.36,1,0,45,1,0.000,0
2.839853,3400.00,3401.36,1,0,46,1,0.000,0
2.840147,3400.00,3399.92,1,0,47,1,0.000,0
2.840441,3400.00,3399.92,1,0,48,1,0.000,0
2.840736,3400.00,3401.36,1,0,49,1,0.000,0
2.841030,3400.00,3399.92,1,0,50,1,0.000,0
2.841324,3400.00,3398.47,1,0,51,1,0.000,0
2.841618,3400.00,3401.36,1,0,52,1,0.000,0
2.841912,3400.00,3398.47,1,0,53,1,0.000,0
2.842206,3400.00,3398.47,1,0,54,1,0.000,0
2.842500,3400.00,3399.92,1,0,55,1,0.000,0
2.842794,3400.00,3401.36,1,0,56,1,0.000,0
2.843089,3400.00,3398.47,1,0,57,1,0.000,0
2.843971,3400.00,3399.05,1,0,0,0,0.000,0
2.844265,3400.00,3400.20,1,0,1,0,0.000,0
2.844559,3400.00,3399.05,1,0,2,0,0.000,0
2.844853,3400.00,3400.20,1,0,3,0,0.000,0
2.845147,3400.00,3400.20,1,0,4,0,0.000,0
2.845441,3400.00,3400.20,1,0,5,0,0.000,0
2.845736,3400.00,3399.05,1,0,6,0,0.000,0
2.846030,3400.00,3400.20,1,0,7,0,0.000,0
2.846324,3400.00,3399.92,1,0,8,0,0.000,0
2.846618,3400.00,3399.92,1,0,9,0,0.000,0
2.846912,3400.00,3401.36,1,0,10,0,0.000,0
2.847206,3400.00,3399.92,1,0,11,0,0.000,0
2.847500,3400.00,3401.36,1,0,12,0,0.000,0
2.847794,3400.00,3401.36,1,0,13,0,0.000,0
2.848089,3400.00,3399.92,1,0,14,0,0.000,0
2.848383,3400.00,3399.92,1,0,15,0,0.000,0
2.848677,3400.00,3401.36,1,0,16,0,0.000,0
2.848971,3400.00,3401.36,1,0,17,0,0.000,0
2.849265,3400.00,3399.92,1,0,18,0,0.000,0
2.849559,3400.00,3401.36,1,0,19,0,0.000,0
2.849853,3400.00,3399.92,1,0,20,0,0.000,0
2.850147,3400.00,3399.92,1,0,21,0,0.000,0
2.850441,3400.00,3399.92,1,0,22,0,0.000,0
2.850736,3400.00,3399.92,1,0,23,0,0.000,0
2.851030,3400.00,3399.92,1,0,24,0,0.000,0
2.851324,3400.00,3398.47,1,0,25,0,0.000,0
2.851618,3400.00,3399.92,1,0,26,0,0.000,0
2.851912,3400.00,3401.36,1,0,27,0,0.000,0
2.852206,3400.00,3398.47,1,0,28,0,0.000,0
2.852500,3400.00,3399.92,1,0,29,0,0.000,0
2.852794,3400.00,3399.92,1,0,30,0,0.000,0
2.853089,3400.00,3401.36,1,0,31,0,0.000,0
2.853383,3400.00,3401.36,1,0,32,0,0.000,0
2.853677,3400.00,3401.36,1,0,33,0,0.000,0
2.853971,3400.00,3399.92,1,0,34,0,0.000,0
2.854265,3400.00,3398.47,1,0,35,0,0.000,0
2.854559,3400.00,3399.92,1,0,36,0,0.000,0
2.854853,3400.00,3398.47,1,0,37,0,0.000,0
2.855147,3400.00,3398.47,1,0,38,0,0.000,0
2.855441,3400.00,3399.92,1,0,39,0,0.000,0
2.855736,3400.00,3399.92,1,0,40,0,0.000,0
2.856030,3400.00,3398.47,1,0,41,0,0.000,0
2.856324,3400.00,3401.36,1,0,42,0,0.000,0
2.856618,3400.00,3399.92,1,0,43,0,0.000,0
2.856912,3400.00,3399.92,1,0,44,0,0.000,0
2.857206,3400.00,3402.81,1,0,45,0,0.000,0
2.857500,3400.00,3398.47,1,0,46,0,0.000,0
2.857794,3400.00,3399.92,1,0,47,0,0.000,0
2.858089,3400.00,3398.47,1,0,48,0,0.000,0
2.858383,3400.00,3399.92,1,0,49,0,0.000,0
2.858677,3400.00,3399.92,1,0,50,0,0.000,0
2.858971,3400.00,3399.92,1,0,51,0,0.000,0
2.859265,3400.00,3399.92,1,0,52,0,0.000,0
2.859559,3400.00,3398.47,1,0,53,0,0.000,0
2.859853,3400.00,3402.81,1,0,54,0,0.000,0
2.860147,3400.00,3398.47,1,0,55,0,0.000,0
2.860441,3400.00,3401.36,1,0,56,0,0.000,0
2.860736,3400.00,3401.36,1,0,57,0,0.000,0
2.861618,3400.00,3399.05,1,0,0,1,0.000,0
2.861912,3400.00,3400.20,1,0,1,1,0.000,0
2.862206,3400.00,3401.36,1,0,2,1,0.000,0
2.862500,3400.00,3400.20,1,0,3,1,0.000,0
2.862794,3400.00,3401.36,1,0,4,1,0.000,0
2.863089,3400.00,3401.36,1,0,5,1,0.000,0
2.863383,3400.00,3397.89,1,0,6,1,0.000,0
2.863677,3400.00,3400.20,1,0,7,1,0.000,0
2.863971,3400.00,3398.47,1,0,8,1,0.000,0
2.864265,3400.00,3399.92,1,0,9,1,0.000,0
2.864559,3400.00,3401.36,1,0,10,1,0.000,0
2.864853,3400.00,3398.47,1,0,11,1,0.000,0
2.865147,3400.00,3397.03,1,0,12,1,0.000,0
2.865441,3400.00,3399.92,1,0,13,1,0.000,0
2.865736,3400.00,3404.26,1,0,14,1,0.000,0
2.866030,3400.00,3398.47,1,0,15,1,0.000,0
2.866324,3400.00,3402.81,1,0,16,1,0.000,0
2.866618,3400.00,3399.92,1,0,17,1,0.000,0
2.866912,3400.00,3398.47,1,0,18,1,0.000,0
2.867206,3400.00,3401.36,1,0,19,1,0.000,0
2.867500,3400.00,3399.92,1,0,20,1,0.000,0
2.867794,3400.00,3399.92,1,0,21,1,0.000,0
2.868089,3400.00,3397.03,1,0,22,1,0.000,0
2.868383,3400.00,3399.92,1,0,23,1,0.000,0
2.868677,3400.00,3398.47,1,0,24,1,0.000,0
2.868971,3400.00,3399.92,1,0,25,1,0.000,0
2.869265,3400.00,3398.47,1,0,26,1,0.000,0
2.869559,3400.00,3399.92,1,0,27,1,0.000,0
2.869853,3400.00,3401.36,1,0,28,1,0.000,0
2.870147,3400.00,3399.92,1,0,29,1,0.000,0
2.870441,3400.00,3401.36,1,0,30,1,0.000,0
2.870736,3400.00,3399.92,1,0,31,1,0.000,0
2.871030,3400.00,3399.92,1,0,32,1,0.000,0
2.871324,3400.00,3399.92,1,0,33,1,0.000,0
2.871618,3400.00,3401.36,1,0,34,1,0.000,0
2.871912,3400.00,3399.92,1,0,35,1,0.000,0
2.872206,3400.00,3399.92,1,0,36,1,0.000,0
2.872500,3400.00,3399.92,1,0,37,1,0.000,0
2.872794,3400.00,3399.92,1,0,38,1,0.000,0
2.873089,3400.00,3399.92,1,0,39,1,0.000,0
2.873383,3400.00,3399.92,1,0,40,1,0.000,0
2.873677,3400.00,3399.92,1,0,41,1,0.000,0
2.873971,3400.00,3399.92,1,0,42,1,0.000,0
2.874265,3400.00,3399.92,1,0,43,1,0.000,0
2.874559,3400.00,3399.92,1,0,44,1,0.000,0
2.874853,3400.00,3401.36,1,0,45,1,0.000,0
2.875147,3400.00,3399.92,1,0,46,1,0.000,0
2.875441,3400.00,3401.36,1,0,47,1,0.000,0
2.875736,3400.00,3399.92,1,0,48,1,0.000,0
2.876030,3400.00,3399.92,1,0,49,1,0.000,0
2.876324,3400.00,3399.92,1,0,50,1,0.000,0
2.876618,3400.00,3398.47,1,0,51,1,0.000,0
2.876912,3400.00,3398.47,1,0,52,1,0.000,0
2.877206,3400.00,3398.47,1,0,53,1,0.000,0
2.877500,3400.00,3399.92,1,0,54,1,0.000,0
2.877794,3400.00,3398.47,1,0,55,1,0.000,0
2.878089,3400.00,3399.92,1,0,56,1,0.000,0
2.878383,3400.00,3399.92,1,0,57,1,0.000,0
2.879265,3400.00,3399.05,1,0,0,0,0.000,0
2.879559,3400.00,3401.36,1,0,1,0,0.000,0
2.879853,3400.00,3401.36,1,0,2,0,0.000,0
2.880147,3400.00,3400.20,1,0,3,0,0.000,0
2.880441,3400.00,3400.20,1,0,4,0,0.000,0
2.880736,3400.00,3400.20,1,0,5,0,0.000,0
2.881030,3400.00,3401.36,1,0,6,0,0.000,0
2.881324,3400.00,3401.36,1,0,7,0,0.000,0
2.881618,3400.00,3401.36,1,0,8,0,0.000,0
2.881912,3400.00,3399.92,1,0,9,0,0.000,0
2.882206,3400.00,3398.47,1,0,10,0,0.000,0
2.882500,3400.00,3399.92,1,0,11,0,0.000,0
2.882794,3400.00,3399.92,1,0,12,0,0.000,0
2.883089,3400.00,3399.92,1,0,13,0,0.000,0
2.883383,3400.00,3398.47,1,0,14,0,0.000,0
2.883677,3400.00,3398.47,1,0,15,0,0.000,0
2.883971,3400.00,3399.92,1,0,16,0,0.000,0
2.884265,3400.00,3399.92,1,0,17,0,0.000,0
2.884559,3400.00,3398.47,1,0,18,0,0.000,0
2.884853,3400.00,3398.47,1,0,19,0,0.000,0
2.885147,3400.00,3399.92,1,0,20,0,0.000,0
2.885441,3400.00,3399.92,1,0,21,0,0.000,0
2.885736,3400.00,3399.92,1,0,22,0,0.000,0
2.886030,3400.00,3399.92,1,0,23,0,0.000,0
2.886324,3400.00,3399.92,1,0,24,0,0.000,0
2.886618,3400.00,3399.92,1,0,25,0,0.000,0
2.886912,3400.00,3402.81,1,0,26,0,0.000,0
2.887206,3400.00,3402.81,1,0,27,0,0.000,0
2.887500,3400.00,3399.92,1,0,28,0,0.000,0
2.887794,3400.00,3399.92,1,0,29,0,0.000,0
2.888089,3400.00,3401.36,1,0,30,0,0.000,0
2.888383,3400.00,3401.36,1,0,31,0,0.000,0
2.888677,3400.00,3401.36,1,0,32,0,0.000,0
2.888971,3400.00,3401.36,1,0,33,0,0.000,0
2.889265,3400.00,3401.36,1,0,34,0,0.000,0
2.889559,3400.00,3399.92,1,0,35,0,0.000,0
2.889853,3400.00,3398.47,1,0,36,0,0.000,0
2.890147,3400.00,3399.92,1,0,37,0,0.000,0
2.890441,3400.00,3398.47,1,0,38,0,0.000,0
2.890736,3400.00,3398.47,1,0,39,0,0.000,0
2.891030,3400.00,3398.47,1,0,40,0,0.000,0
2.891324,3400.00,3399.92,1,0,41,0,0.000,0
2.891618,3400.00,3397.03,1,0,42,0,0.000,0
2.891912,3400.00,3398.47,1,0,43,0,0.000,0
2.892206,3400.00,3401.36,1,0,44,0,0.000,0
2.892500,3400.00,3402.81,1,0,45,0,0.000,0
2.892794,3400.00,3401.36,1,0,46,0,0.000,0
2.893089,3400.00,3401.36,1,0,47,0,0.000,0
2.893383,3400.00,3399.92,1,0,48,0,0.000,0
2.893677,3400.00,3398.47,1,0,49,0,0.000,0
2.893971,3400.00,3401.36,1,0,50,0,0.000,0
2.894265,3400.00,3399.92,1,0,51,0,0.000,0
2.894559,3400.00,3401.36,1,0,52,0,0.000,0
2.894853,3400.00,3398.47,1,0,53,0,0.000,0
2.895147,3400.00,3399.92,1,0,54,0,0.000,0
2.895441,3400.00,3399.92,1,0,55,0,0.000,0
2.895736,3400.00,3399.92,1,0,56,0,0.000,0
2.896030,3400.00,3398.47,1,0,57,0,0.000,0
2.896912,3400.00,3400.20,1,0,0,1,0.000,0
2.897206,3400.00,3400.20,1,0,1,1,0.000,0
2.897500,3400.00,3397.89,1,0,2,1,0.000,0
2.897794,3400.00,3397.89,1,0,3,1,0.000,0
2.898089,3400.00,3400.20,1,0,4,1,0.000,0
2.898383,3400.00,3400.20,1,0,5,1,0.000,0
2.898677,3400.00,3401.36,1,0,6,1,0.000,0
2.898971,3400.00,3401.36,1,0,7,1,0.000,0
2.899265,3400.00,3399.92,1,0,8,1,0.000,0
2.899559,3400.00,3399.92,1,0,9,1,0.000,0
2.899853,3400.00,3401.36,1,0,10,1,0.000,0
2.900147,3400.00,3402.81,1,0,11,1,0.000,0
2.900441,3400.00,3398.47,1,0,12,1,0.000,0
2.900736,3400.00,3399.92,1,0,13,1,0.000,0
2.901030,3400.00,3398.47,1,0,14,1,0.000,0
2.901324,3400.00,3401.36,1,0,15,1,0.000,0
2.901618,3400.00,3399.92,1,0,16,1,0.000,0
2.901912,3400.00,3399.92,1,0,17,1,0.000,0
2.902206,3400.00,3399.92,1,0,18,1,0.000,0
2.902500,3400.00,3401.36,1,0,19,1,0.000,0
2.902794,3400.00,3401.36,1,0,20,1,0.000,0
2.903089,3400.00,3398.47,1,0,21,1,0.000,0
2.903383,3400.00,3401.36,1,0,22,1,0.000,0
2.903677,3400.00,3397.03,1,0,23,1,0.000,0
2.903971,3400.00,3399.92,1,0,24,1,0.000,0
2.904265,3400.00,3399.92,1,0,25,1,0.000,0
2.904559,3400.00,3401.36,1,0,26,1,0.000,0
2.904853,3400.00,3398.47,1,0,27,1,0.000,0
2.905147,3400.00,3399.92,1,0,28,1,0.000,0
2.905441,3400.00,3398.47,1,0,29,1,0.000,0
2.905736,3400.00,3399.92,1,0,30,1,0.000,0
2.906030,3400.00,3401.36,1,0,31,1,0.000,0
2.906324,3400.00,3399.92,1,0,32,1,0.000,0
2.906618,3400.00,3399.92,1,0,33,1,0.000,0
2.906912,3400.00,3398.47,1,0,34,1,0.000,0
2.907206,3400.00,3399.92,1,0,35,1,0.000,0
2.907500,3400.00,3399.92,1,0,36,1,0.000,0
2.907794,3400.00,3401.36,1,0,37,1,0.000,0
2.908089,3400.00,3398.47,1,0,38,1,0.000,0
2.908383,3400.00,3401.36,1,0,39,1,0.000,0
2.908677,3400.00,3399.92,1,0,40,1,0.000,0
2.908971,3400.00,3399.92,1,0,41,1,0.000,0
2.909265,3400.00,3399.92,1,0,42,1,0.000,0
2.909559,3400.00,3399.92,1,0,43,1,0.000,0
2.909853,3400.00,3399.92,1,0,44,1,0.000,0
2.910147,3400.00,3401.36,1,0,45,1,0.000,0
2.910441,3400.00,3401.36,1,0,46,1,0.000,0
2.910736,3400.00,3399.92,1,0,47,1,0.000,0
2.911030,3400.00,3399.92,1,0,48,1,0.000,0
2.911324,3400.00,3399.92,1,0,49,1,0.000,0
2.911618,3400.00,3399.92,1,0,50,1,0.000,0
2.911912,3400.00,3399.92,1,0,51,1,0.000,0
2.912206,3400.00,3399.92,1,0,52,1,0.000,0
2.912500,3400.00,3399.92,1,0,53,1,0.000,0
2.912794,3400.00,3398.47,1,0,54,1,0.000,0
2.913089,3400.00,3398.47,1,0,55,1,0.000,0
2.913383,3400.00,3401.36,1,0,56,1,0.000,0
2.913677,3400.00,3399.92,1,0,57,1,0.000,0
2.914559,3400.00,3401.36,1,0,0,0,0.000,0
2.914853,3400.00,3400.20,1,0,1,0,0.000,0
2.915147,3400.00,3400.20,1,0,2,0,0.000,0
2.915441,3400.00,3400.20,1,0,3,0,0.000,0
2.915736,3400.00,3402.52,1,0,4,0,0.000,0
2.916030,3400.00,3400.20,1,0,5,0,0.000,0
2.916324,3400.00,3400.20,1,0,6,0,0.000,0
2.916618,3400.00,3400.20,1,0,7,0,0.000,0
2.916912,3400.00,3398.47,1,0,8,0,0.000,0
2.917206,3400.00,3401.36,1,0,9,0,0.000,0
2.917500,3400.00,3399.92,1,0,10,0,0.000,0
2.917794,3400.00,3398.47,1,0,11,0,0.000,0
2.918089,3400.00,3397.03,1,0,12,0,0.000,0
2.918383,3400.00,3399.92,1,0,13,0,0.000,0
2.918677,3400.00,3398.47,1,0,14,0,0.000,0
2.918971,3400.00,3401.36,1,0,15,0,0.000,0
2.919265,3400.00,3401.36,1,0,16,0,0.000,0
2.919559,3400.00,3397.03,1,0,17,0,0.000,0
2.919853,3400.00,3399.92,1,0,18,0,0.000,0
2.920147,3400.00,3401.36,1,0,19,0,0.000,0
2.920441,3400.00,3399.92,1,0,20,0,0.000,0
2.920736,3400.00,3399.92,1,0,21,0,0.000,0
2.921030,3400.00,3401.36,1,0,22,0,0.000,0
2.921324,3400.00,3399.92,1,0,23,0,0.000,0
2.921618,3400.00,3397.03,1,0,24,0,0.000,0
2.921912,3400.00,3402.81,1,0,25,0,0.000,0
2.922206,3400.00,3398.47,1,0,26,0,0.000,0
2.922500,3400.00,3398.47,1,0,27,0,0.000,0
2.922794,3400.00,3401.36,1,0,28,0,0.000,0
2.923089,3400.00,3401.36,1,0,29,0,0.000,0
2.923383,3400.00,3399.92,1,0,30,0,0.000,0
2.923677,3400.00,3398.47,1,0,31,0,0.000,0
2.923971,3400.00,3401.36,1,0,32,0,0.000,0
2.924265,3400.00,3397.03,1,0,33,0,0.000,0
2.924559,3400.00,3402.81,1,0,34,0,0.000,0
2.924853,3400.00,3399.92,1,0,35,0,0.000,0
2.925147,3400.00,3398.47,1,0,36,0,0.000,0
2.925441,3400.00,3399.92,1,0,37,0,0.000,0
2.925736,3400.00,3399.92,1,0,38,0,0.000,0
2.926030,3400.00,3399.92,1,0,39,0,0.000,0
2.926324,3400.00,3399.92,1,0,40,0,0.000,0
2.926618,3400.00,3399.92,1,0,41,0,0.000,0
2.926912,3400.00,3398.47,1,0,42,0,0.000,0
2.927206,3400.00,3401.36,1,0,43,0,0.000,0
2.927500,3400.00,3401.36,1,0,44,0,0.000,0
2.927794,3400.00,3399.92,1,0,45,0,0.000,0
2.928089,3400.00,3398.47,1,0,46,0,0.000,0
2.928383,3400.00,3399.92,1,0,47,0,0.000,0
2.928677,3400.00,3399.92,1,0,48,0,0.000,0
2.928971,3400.00,3402.81,1,0,49,0,0.000,0
2.929265,3400.00,3401.36,1,0,50,0,0.000,0
2.929559,3400.00,3399.92,1,0,51,0,0.000,0
2.929853,3400.00,3401.36,1,0,52,0,0.000,0
2.930147,3400.00,3398.47,1,0,53,0,0.000,0
2.930441,3400.00,3401.36,1,0,54,0,0.000,0
2.930736,3400.00,3401.36,1,0,55,0,0.000,0
2.931030,3400.00,3399.92,1,0,56,0,0.000,0
2.931324,3400.00,3398.47,1,0,57,0,0.000,0
2.932206,3400.00,3399.05,1,0,0,1,0.000,0
2.932500,3400.00,3399.05,1,0,1,1,0.000,0
2.932794,3400.00,3397.89,1,0,2,1,0.000,0
2.933089,3400.00,3399.05,1,0,3,1,0.000,0
2.933383,3400.00,3397.89,1,0,4,1,0.000,0
2.933677,3400.00,3400.20,1,0,5,1,0.000,0
2.933971,3400.00,3400.20,1,0,6,1,0.000,0
2.934265,3400.00,3399.05,1,0,7,1,0.000,0
2.934559,3400.00,3399.92,1,0,8,1,0.000,0
2.934853,3400.00,3401.36,1,0,9,1,0.000,0
2.935147,3400.00,3401.36,1,0,10,1,0.000,0
2.935441,3400.00,3404.26,1,0,11,1,0.000,0
2.935736,3400.00,3401.36,1,0,12,1,0.000,0
2.936030,3400.00,3397.03,1,0,13,1,0.000,0
2.936324,3400.00,3399.92,1,0,14,1,0.000,0
2.936618,3400.00,3401.36,1,0,15,1,0.000,0
2.936912,3400.00,3401.36,1,0,16,1,0.000,0
2.937206,3400.00,3398.47,1,0,17,1,0.000,0
2.937500,3400.00,3399.92,1,0,18,1,0.000,0
2.937794,3400.00,3397.03,1,0,19,1,0.000,0
2.938089,3400.00,3399.92,1,0,20,1,0.000,0
2.938383,3400.00,3401.36,1,0,21,1,0.000,0
2.938677,3400.00,3399.92,1,0,22,1,0.000,0
2.938971,3400.00,3399.92,1,0,23,1,0.000,0
2.939265,3400.00,3398.47,1,0,24,1,0.000,0
2.939559,3400.00,3399.92,1,0,25,1,0.000,0
2.939853,3400.00,3399.92,1,0,26,1,0.000,0
2.940147,3400.00,3401.36,1,0,27,1,0.000,0
2.940441,3400.00,3402.81,1,0,28,1,0.000,0
2.940736,3400.00,3401.36,1,0,29,1,0.000,0
2.941030,3400.00,3399.92,1,0,30,1,0.000,0
2.941324,3400.00,3399.92,1,0,31,1,0.000,0
2.941618,3400.00,3399.92,1,0,32,1,0.000,0
2.941912,3400.00,3399.92,1,0,33,1,0.000,0
2.942206,3400.00,3398.47,1,0,34,1,0.000,0
2.942500,3400.00,3398.47,1,0,35,1,0.000,0
2.942794,3400.00,3398.47,1,0,36,1,0.000,0
2.943089,3400.00,3399.92,1,0,37,1,0.000,0
2.943383,3400.00,3401.36,1,0,38,1,0.000,0
2.943677,3400.00,3401.36,1,0,39,1,0.000,0
2.943971,3400.00,3398.47,1,0,40,1,0.000,0
2.944265,3400.00,3401.36,1,0,41,1,0.000,0
2.944559,3400.00,3402.81,1,0,42,1,0.000,0
2.944853,3400.00,3401.36,1,0,43,1,0.000,0
2.945147,3400.00,3397.03,1,0,44,1,0.000,0
2.945441,3400.00,3397.03,1,0,45,1,0.000,0
2.945736,3400.00,3397.03,1,0,46,1,0.000,0
2.946030,3400.00,3399.92,1,0,47,1,0.000,0
2.946324,3400.00,3402.81,1,0,48,1,0.000,0
2.946618,3400.00,3399.92,1,0,49,1,0.000,0
2.946912,3400.00,3398.47,1,0,50,1,0.000,0
2.947206,3400.00,3399.92,1,0,51,1,0.000,0
2.947500,3400.00,3402.81,1,0,52,1,0.000,0
2.947794,3400.00,3401.36,1,0,53,1,0.000,0
2.948089,3400.00,3401.36,1,0,54,1,0.000,0
2.948383,3400.00,3397.03,1,0,55,1,0.000,0
2.948677,3400.00,3398.47,1,0,56,1,0.000,0
2.948971,3400.00,3399.92,1,0,57,1,0.000,0
2.949853,3400.00,3399.05,1,0,0,0,0.000,0
2.950147,3400.00,3400.20,1,0,1,0,0.000,0
2.950441,3400.00,3400.20,1,0,2,0,0.000,0
2.950736,3400.00,3401.36,1,0,3,0,0.000,0
2.951030,3400.00,3400.20,1,0,4,0,0.000,0
2.951324,3400.00,3400.20,1,0,5,0,0.000,0
2.951618,3400.00,3400.20,1,0,6,0,0.000,0
2.951912,3400.00,3400.20,1,0,7,0,0.000,0
2.952206,3400.00,3401.36,1,0,8,0,0.000,0
2.952500,3400.00,3399.92,1,0,9,0,0.000,0
2.952794,3400.00,3398.47,1,0,10,0,0.000,0
2.953089,3400.00,3398.47,1,0,11,0,0.000,0
2.953383,3400.00,3401.36,1,0,12,0,0.000,0
2.953677,3400.00,3401.36,1,0,13,0,0.000,0
2.953971,3400.00,3399.92,1,0,14,0,0.000,0
2.954265,3400.00,3399.92,1,0,15,0,0.000,0
2.954559,3400.00,3398.47,1,0,16,0,0.000,0
2.954853,3400.00,3398.47,1,0,17,0,0.000,0
2.955147,3400.00,3399.92,1,0,18,0,0.000,0
2.955441,3400.00,3399.92,1,0,19,0,0.000,0
2.955736,3400.00,3401.36,1,0,20,0,0.000,0
2.956030,3400.00,3401.36,1,0,21,0,0.000,0
2.956324,3400.00,3401.36,1,0,22,0,0.000,0
2.956618,3400.00,3399.92,1,0,23,0,0.000,0
2.956912,3400.00,3399.92,1,0,24,0,0.000,0
2.957206,3400.00,3399.92,1,0,25,0,0.000,0
2.957500,3400.00,3402.81,1,0,26,0,0.000,0
2.957794,3400.00,3401.36,1,0,27,0,0.000,0
2.958089,3400.00,3397.03,1,0,28,0,0.000,0
2.958383,3400.00,3401.36,1,0,29,0,0.000,0
2.958677,3400.00,3398.47,1,0,30,0,0.000,0
2.958971,3400.00,3398.47,1,0,31,0,0.000,0
2.959265,3400.00,3401.36,1,0,32,0,0.000,0
2.959559,3400.00,3401.36,1,0,33,0,0.000,0
2.959853,3400.00,3398.47,1,0,34,0,0.000,0
2.960147,3400.00,3398.47,1,0,35,0,0.000,0
2.960441,3400.00,3399.92,1,0,36,0,0.000,0
2.960736,3400.00,3398.47,1,0,37,0,0.000,0
2.961030,3400.00,3401.36,1,0,38,0,0.000,0
2.961324,3400.00,3401.36,1,0,39,0,0.000,0
2.961618,3400.00,3401.36,1,0,40,0,0.000,0
2.961912,3400.00,3399.92,1,0,41,0,0.000,0
2.962206,3400.00,3399.92,1,0,42,0,0.000,0
2.962500,3400.00,3402.81,1,0,43,0,0.000,0
2.962794,3400.00,3401.36,1,0,44,0,0.000,0
2.963089,3400.00,3398.47,1,0,45,0,0.000,0
2.963383,3400.00,3398.47,1,0,46,0,0.000,0
2.963677,3400.00,3399.92,1,0,47,0,0.000,0
2.963971,3400.00,3398.47,1,0,48,0,0.000,0
2.964265,3400.00,3401.36,1,0,49,0,0.000,0
2.964559,3400.00,3399.92,1,0,50,0,0.000,0
2.964853,3400.00,3398.47,1,0,51,0,0.000,0
2.965147,3400.00,3399.92,1,0,52,0,0.000,0
2.965441,3400.00,3399.92,1,0,53,0,0.000,0
2.965736,3400.00,3401.36,1,0,54,0,0.000,0
2.966030,3400.00,3401.36,1,0,55,0,0.000,0
2.966324,3400.00,3398.47,1,0,56,0,0.000,0
2.966618,3400.00,3398.47,1,0,57,0,0.000,0
2.967500,3400.00,3399.05,1,0,0,1,0.000,0
2.967794,3400.00,3400.20,1,0,1,1,0.000,0
2.968089,3400.00,3399.05,1,0,2,1,0.000,0
2.968383,3400.00,3401.36,1,0,3,1,0.000,0
2.968677,3400.00,3400.20,1,0,4,1,0.000,0
2.968971,3400.00,3399.05,1,0,5,1,0.000,0
2.969265,3400.00,3402.52,1,0,6,1,0.000,0
2.969559,3400.00,3400.20,1,0,7,1,0.000,0
2.969853,3400.00,3401.36,1,0,8,1,0.000,0
2.970147,3400.00,3399.92,1,0,9,1,0.000,0
2.970441,3400.00,3401.36,1,0,10,1,0.000,0
2.970736,3400.00,3398.47,1,0,11,1,0.000,0
2.971030,3400.00,3398.47,1,0,12,1,0.000,0
2.971324,3400.00,3398.47,1,0,13,1,0.000,0
2.971618,3400.00,3398.47,1,0,14,1,0.000,0
2.971912,3400.00,3398.47,1,0,15,1,0.000,0
2.972206,3400.00,3399.92,1,0,16,1,0.000,0
2.972500,3400.00,3399.92,1,0,17,1,0.000,0
2.972794,3400.00,3399.92,1,0,18,1,0.000,0
2.973089,3400.00,3399.92,1,0,19,1,0.000,0
2.973383,3400.00,3399.92,1,0,20,1,0.000,0
2.973677,3400.00,3401.36,1,0,21,1,0.000,0
2.973971,3400.00,3398.47,1,0,22,1,0.000,0
2.974265,3400.00,3402.81,1,0,23,1,0.000,0
2.974559,3400.00,3398.47,1,0,24,1,0.000,0
2.974853,3400.00,3399.92,1,0,25,1,0.000,0
2.975147,3400.00,3399.92,1,0,26,1,0.000,0
2.975441,3400.00,3399.92,1,0,27,1,0.000,0
2.975736,3400.00,3399.92,1,0,28,1,0.000,0
2.976030,3400.00,3399.92,1,0,29,1,0.000,0
2.976324,3400.00,3401.36,1,0,30,1,0.000,0
2.976618,3400.00,3398.47,1,0,31,1,0.000,0
2.976912,3400.00,3401.36,1,0,32,1,0.000,0
2.977206,3400.00,3399.92,1,0,33,1,0.000,0
2.977500,3400.00,3399.92,1,0,34,1,0.000,0
2.977794,3400.00,3401.36,1,0,35,1,0.000,0
2.978089,3400.00,3401.36,1,0,36,1,0.000,0
2.978383,3400.00,3399.92,1,0,37,1,0.000,0
2.978677,3400.00,3399.92,1,0,38,1,0.000,0
2.978971,3400.00,3399.92,1,0,39,1,0.000,0
2.979265,3400.00,3401.36,1,0,40,1,0.000,0
2.979559,3400.00,3399.92,1,0,41,1,0.000,0
2.979853,3400.00,3399.92,1,0,42,1,0.000,0
2.980147,3400.00,3398.47,1,0,43,1,0.000,0
2.980441,3400.00,3397.03,1,0,44,1,0.000,0
2.980736,3400.00,3401.36,1,0,45,1,0.000,0
2.981030,3400.00,3401.36,1,0,46,1,0.000,0
2.981324,3400.00,3399.92,1,0,47,1,0.000,0
2.981618,3400.00,3397.03,1,0,48,1,0.000,0
2.981912,3400.00,3399.92,1,0,49,1,0.000,0
2.982206,3400.00,3401.36,1,0,50,1,0.000,0
2.982500,3400.00,3401.36,1,0,51,1,0.000,0
2.982794,3400.00,3402.81,1,0,52,1,0.000,0
2.983089,3400.00,3398.47,1,0,53,1,0.000,0
2.983383,3400.00,3398.47,1,0,54,1,0.000,0
2.983677,3400.00,3398.47,1,0,55,1,0.000,0
2.983971,3400.00,3401.36,1,0,56,1,0.000,0
2.984265,3400.00,3398.47,1,0,57,1,0.000,0
2.985147,3400.00,3399.05,1,0,0,0,0.000,0
2.985441,3400.00,3399.05,1,0,1,0,0.000,0
2.985736,3400.00,3400.20,1,0,2,0,0.000,0
2.986030,3400.00,3401.36,1,0,3,0,0.000,0
2.986324,3400.00,3400.20,1,0,4,0,0.000,0
2.986618,3400.00,3401.36,1,0,5,0,0.000,0
2.986912,3400.00,3400.20,1,0,6,0,0.000,0
2.987206,3400.00,3401.36,1,0,7,0,0.000,0
2.987500,3400.00,3401.36,1,0,8,0,0.000,0
2.987794,3400.00,3401.36,1,0,9,0,0.000,0
2.988089,3400.00,3399.92,1,0,10,0,0.000,0
2.988383,3400.00,3398.47,1,0,11,0,0.000,0
2.988677,3400.00,3399.92,1,0,12,0,0.000,0
2.988971,3400.00,3398.47,1,0,13,0,0.000,0
2.989265,3400.00,3399.92,1,0,14,0,0.000,0
2.989559,3400.00,3398.47,1,0,15,0,0.000,0
2.989853,3400.00,3398.47,1,0,16,0,0.000,0
2.990147,3400.00,3398.47,1,0,17,0,0.000,0
2.990441,3400.00,3399.92,1,0,18,0,0.000,0
2.990736,3400.00,3399.92,1,0,19,0,0.000,0
2.991030,3400.00,3399.92,1,0,20,0,0.000,0
2.991324,3400.00,3399.92,1,0,21,0,0.000,0
2.991618,3400.00,3398.47,1,0,22,0,0.000,0
2.991912,3400.00,3399.92,1,0,23,0,0.000,0
2.992206,3400.00,3399.92,1,0,24,0,0.000,0
2.992500,3400.00,3402.81,1,0,25,0,0.000,0
2.992794,3400.00,3399.92,1,0,26,0,0.000,0
2.993089,3400.00,3401.36,1,0,27,0,0.000,0
2.993383,3400.00,3399.92,1,0,28,0,0.000,0
2.993677,3400.00,3401.36,1,0,29,0,0.000,0
2.993971,3400.00,3401.36,1,0,30,0,0.000,0
2.994265,3400.00,3402.81,1,0,31,0,0.000,0
2.994559,3400.00,3399.92,1,0,32,0,0.000,0
2.994853,3400.00,3397.03,1,0,33,0,0.000,0
2.995147,3400.00,3398.47,1,0,34,0,0.000,0
2.995441,3400.00,3398.47,1,0,35,0,0.000,0
2.995736,3400.00,3399.92,1,0,36,0,0.000,0
2.996030,3400.00,3401.36,1,0,37,0,0.000,0
2.996324,3400.00,3401.36,1,0,38,0,0.000,0
2.996618,3400.00,3398.47,1,0,39,0,0.000,0
2.996912,3400.00,3399.92,1,0,40,0,0.000,0
2.997206,3400.00,3402.81,1,0,41,0,0.000,0
2.997500,3400.00,3401.36,1,0,42,0,0.000,0
2.997794,3400.00,3401.36,1,0,43,0,0.000,0
2.998089,3400.00,3401.36,1,0,44,0,0.000,0
2.998383,3400.00,3398.47,1,0,45,0,0.000,0
2.998677,3400.00,3398.47,1,0,46,0,0.000,0
2.998971,3400.00,3399.92,1,0,47,0,0.000,0
2.999265,3400.00,3399.92,1,0,48,0,0.000,0
2.999559,3400.00,3399.92,1,0,49,0,0.000,0
2.999853,3400.00,3399.92,1,0,50,0,0.000,0
3.000147,3399.90,3399.92,1,0,51,0,0.000,0
3.000441,3399.69,3399.92,1,0,52,0,0.000,0
3.000736,3399.49,3401.36,1,0,53,0,0.000,0
3.001030,3399.28,3399.92,1,0,54,0,0.000,0
3.001324,3399.07,3401.36,1,0,55,0,0.000,0
3.001618,3398.87,3399.92,1,0,56,0,0.000,0
3.001912,3398.66,3397.03,1,0,57,0,0.000,0
3.002795,3398.04,3399.05,1,0,0,1,0.000,0
3.003089,3397.84,3399.05,1,0,1,1,0.000,0
3.003384,3397.63,3399.05,1,0,2,1,0.000,0
3.003678,3397.43,3397.89,1,0,3,1,0.000,0
3.003972,3397.22,3397.89,1,0,4,1,0.000,0
3.004267,3397.01,3396.74,1,0,5,1,0.000,0
3.004561,3396.81,3397.89,1,0,6,1,0.000,0
3.004856,3396.60,3397.89,1,0,7,1,0.000,0
3.005150,3396.39,3398.47,1,0,8,1,0.000,0
3.005445,3396.19,3395.59,1,0,9,1,0.000,0
3.005739,3395.98,3395.59,1,0,10,1,0.000,0
3.006033,3395.78,3395.59,1,0,11,1,0.000,0
3.006328,3395.57,3397.03,1,0,12,1,0.000,0
3.006622,3395.36,3395.59,1,0,13,1,0.000,0
3.006917,3395.16,3394.15,1,0,14,1,0.000,0
3.007212,3394.95,3395.59,1,0,15,1,0.000,0
3.007506,3394.75,3392.71,1,0,16,1,0.000,0
3.007801,3394.54,3394.15,1,0,17,1,0.000,0
3.008095,3394.33,3395.59,1,0,18,1,0.000,0
3.008390,3394.13,3395.59,1,0,19,1,0.000,0
3.008685,3393.92,3392.71,1,0,20,1,0.000,0
3.008979,3393.71,3395.59,1,0,21,1,0.000,0
3.009274,3393.51,3397.03,1,0,22,1,0.000,0
3.009569,3393.30,3395.59,1,0,23,1,0.000,0
3.009863,3393.10,3397.03,1,0,24,1,0.000,0
3.010158,3392.89,3397.03,1,0,25,1,0.000,0
3.010453,3392.68,3392.71,1,0,26,1,0.000,0
3.010747,3392.48,3392.71,1,0,27,1,0.000,0
3.011042,3392.27,3394.15,1,0,28,1,0.000,0
3.011337,3392.06,3392.71,1,0,29,1,0.000,0
3.011632,3391.86,3391.27,1,0,30,1,0.000,0
3.011927,3391.65,3392.71,1,0,31,1,0.000,0
3.012222,3391.45,3391.27,1,0,32,1,0.000,0
3.012516,3391.24,3389.83,1,0,33,1,0.000,0
3.012811,3391.03,3392.71,1,0,34,1,0.000,0
3.013106,3390.83,3392.71,1,0,35,1,0.000,0
3.013401,3390.62,3394.15,1,0,36,1,0.000,0
3.013696,3390.41,3389.83,1,0,37,1,0.000,0
3.013991,3390.21,3389.83,1,0,38,1,0.000,0
3.014286,3390.00,3389.83,1,0,39,1,0.000,0
3.014581,3389.79,3389.83,1,0,40,1,0.000,0
3.014876,3389.59,3391.27,1,0,41,1,0.000,0
3.015171,3389.38,3389.83,1,0,42,1,0.000,0
3.015466,3389.17,3388.39,1,0,43,1,0.000,0
3.015761,3388.97,3388.39,1,0,44,1,0.000,0
3.016056,3388.76,3391.27,1,0,45,1,0.000,0
3.016351,3388.55,3391.27,1,0,46,1,0.000,0
3.016646,3388.35,3391.27,1,0,47,1,0.000,0
3.016942,3388.14,3389.83,1,0,48,1,0.000,0
3.017237,3387.93,3388.39,1,0,49,1,0.000,0
3.017532,3387.73,3388.39,1,0,50,1,0.000,0
3.017827,3387.52,3389.83,1,0,51,1,0.000,0
3.018122,3387.31,3386.96,1,0,52,1,0.000,0
3.018418,3387.11,3388.39,1,0,53,1,0.000,0
3.018713,3386.90,3386.96,1,0,54,1,0.000,0
3.019008,3386.69,3385.53,1,0,55,1,0.000,0
3.019303,3386.49,3386.96,1,0,56,1,0.000,0
3.019599,3386.28,3386.96,1,0,57,1,0.000,0
3.020485,3385.66,3387.53,1,0,0,0,0.000,0
3.020780,3385.45,3386.39,1,0,1,0,0.000,0
3.021075,3385.25,3387.53,1,0,2,0,0.000,0
3.021371,3385.04,3385.24,1,0,3,0,0.000,0
3.021666,3384.83,3385.24,1,0,4,0,0.000,0
3.021962,3384.63,3384.09,1,0,5,0,0.000,0
3.022257,3384.42,3385.24,1,0,6,0,0.000,0
3.022553,3384.21,3386.39,1,0,7,0,0.000,0
3.022848,3384.01,3384.09,1,0,8,0,0.000,0
3.023144,3383.80,3382.66,1,0,9,0,0.000,0
3.023439,3383.59,3384.09,1,0,10,0,0.000,0
3.023735,3383.39,3382.66,1,0,11,0,0.000,0
3.024030,3383.18,3385.53,1,0,12,0,0.000,0
3.024326,3382.97,3386.96,1,0,13,0,0.000,0
3.024622,3382.77,3382.66,1,0,14,0,0.000,0
3.024917,3382.56,3381.23,1,0,15,0,0.000,0
3.025213,3382.35,3382.66,1,0,16,0,0.000,0
3.025508,3382.14,3384.09,1,0,17,0,0.000,0
3.025804,3381.94,3382.66,1,0,18,0,0.000,0
3.026100,3381.73,3385.53,1,0,19,0,0.000,0
3.026396,3381.52,3381.23,1,0,20,0,0.000,0
3.026691,3381.32,3379.81,1,0,21,0,0.000,0
3.026987,3381.11,3382.66,1,0,22,0,0.000,0
3.027283,3380.90,3385.53,1,0,23,0,0.000,0
3.027579,3380.70,3381.23,1,0,24,0,0.000,0
3.027874,3380.49,3382.66,1,0,25,0,0.000,0
3.028170,3380.28,3381.23,1,0,26,0,0.000,0
3.028466,3380.07,3381.23,1,0,27,0,0.000,0
3.028762,3379.87,3381.23,1,0,28,0,0.000,0
3.029058,3379.66,3381.23,1,0,29,0,0.000,0
3.029354,3379.45,3379.81,1,0,30,0,0.000,0
3.029650,3379.25,3375.53,1,0,31,0,0.000,0
3.029946,3379.04,3379.81,1,0,32,0,0.000,0
3.030241,3378.83,3376.95,1,0,33,0,0.000,0
3.030537,3378.62,3379.81,1,0,34,0,0.000,0
3.030833,3378.42,3378.38,1,0,35,0,0.000,0
3.031129,3378.21,3378.38,1,0,36,0,0.000,0
3.031425,3378.00,3379.81,1,0,37,0,0.000,0
3.031722,3377.80,3379.81,1,0,38,0,0.000,0
3.032018,3377.59,3381.23,1,0,39,0,0.000,0
3.032314,3377.38,3379.81,1,0,40,0,0.000,0
3.032610,3377.17,3379.81,1,0,41,0,0.000,0
3.032906,3376.97,3376.95,1,0,42,0,0.000,0
3.033202,3376.76,3378.38,1,0,43,0,0.000,0
3.033498,3376.55,3378.38,1,0,44,0,0.000,0
3.033794,3376.34,3376.95,1,0,45,0,0.000,0
3.034090,3376.14,3376.95,1,0,46,0,0.000,0
3.034387,3375.93,3375.53,1,0,47,0,0.000,0
3.034683,3375.72,3375.53,1,0,48,0,0.000,0
3.034979,3375.51,3374.10,1,0,49,0,0.000,0
3.035275,3375.31,3375.53,1,0,50,0,0.000,0
3.035572,3375.10,3374.10,1,0,51,0,0.000,0
3.035868,3374.89,3376.95,1,0,52,0,0.000,0
3.036164,3374.69,3374.10,1,0,53,0,0.000,0
3.036461,3374.48,3374.10,1,0,54,0,0.000,0
3.036757,3374.27,3375.53,1,0,55,0,0.000,0
3.037053,3374.06,3375.53,1,0,56,0,0.000,0
3.037350,3373.86,3376.95,1,0,57,0,0.000,0
3.038239,3373.23,3374.96,1,0,0,1,0.000,0
3.038535,3373.03,3376.10,1,0,1,1,0.000,0
3.038832,3372.82,3371.54,1,0,2,1,0.000,0
3.039128,3372.61,3373.82,1,0,3,1,0.000,0
3.039425,3372.40,3372.68,1,0,4,1,0.000,0
3.039722,3372.20,3372.68,1,0,5,1,0.000,0
3.040018,3371.99,3371.54,1,0,6,1,0.000,0
3.040315,3371.78,3373.82,1,0,7,1,0.000,0
3.040611,3371.57,3372.68,1,0,8,1,0.000,0
3.040908,3371.37,3369.84,1,0,9,1,0.000,0
3.041204,3371.16,3372.68,1,0,10,1,0.000,0
3.041501,3370.95,3372.68,1,0,11,1,0.000,0
3.041798,3370.74,3372.68,1,0,12,1,0.000,0
3.042094,3370.53,3371.26,1,0,13,1,0.000,0
3.042391,3370.33,3371.26,1,0,14,1,0.000,0
3.042688,3370.12,3371.26,1,0,15,1,0.000,0
3.042985,3369.91,3371.26,1,0,16,1,0.000,0
3.043281,3369.70,3372.68,1,0,17,1,0.000,0
3.043578,3369.50,3371.26,1,0,18,1,0.000,0
3.043875,3369.29,3369.84,1,0,19,1,0.000,0
3.044172,3369.08,3371.26,1,0,20,1,0.000,0
3.044469,3368.87,3371.26,1,0,21,1,0.000,0
3.044765,3368.66,3369.84,1,0,22,1,0.000,0
3.045062,3368.46,3368.42,1,0,23,1,0.000,0
3.045359,3368.25,3368.42,1,0,24,1,0.000,0
3.045656,3368.04,3367.00,1,0,25,1,0.000,0
3.045953,3367.83,3368.42,1,0,26,1,0.000,0
3.046250,3367.63,3369.84,1,0,27,1,0.000,0
3.046547,3367.42,3368.42,1,0,28,1,0.000,0
3.046844,3367.21,3367.00,1,0,29,1,0.000,0
3.047141,3367.00,3368.42,1,0,30,1,0.000,0
3.047438,3366.79,3367.00,1,0,31,1,0.000,0
3.047735,3366.59,3368.42,1,0,32,1,0.000,0
3.048032,3366.38,3368.42,1,0,33,1,0.000,0
3.048329,3366.17,3367.00,1,0,34,1,0.000,0
3.048626,3365.96,3364.17,1,0,35,1,0.000,0
3.048923,3365.75,3365.59,1,0,36,1,0.000,0
3.049220,3365.55,3365.59,1,0,37,1,0.000,0
3.049517,3365.34,3367.00,1,0,38,1,0.000,0
3.049815,3365.13,3367.00,1,0,39,1,0.000,0
3.050112,3364.92,3364.17,1,0,40,1,0.000,0
3.050409,3364.71,3362.76,1,0,41,1,0.000,0
3.050706,3364.51,3365.59,1,0,42,1,0.000,0
3.051003,3364.30,3368.42,1,0,43,1,0.000,0
3.051301,3364.09,3367.00,1,0,44,1,0.000,0
3.051598,3363.88,3365.59,1,0,45,1,0.000,0
3.051895,3363.67,3364.17,1,0,46,1,0.000,0
3.052192,3363.47,3364.17,1,0,47,1,0.000,0
3.052490,3363.26,3365.59,1,0,48,1,0.000,0
3.052787,3363.05,3364.17,1,0,49,1,0.000,0
3.053084,3362.84,3364.17,1,0,50,1,0.000,0
3.053382,3362.63,3361.34,1,0,51,1,0.000,0
3.053679,3362.42,3361.34,1,0,52,1,0.000,0
3.053977,3362.22,3362.76,1,0,53,1,0.000,0
3.054274,3362.01,3362.76,1,0,54,1,0.000,0
3.054572,3361.80,3362.76,1,0,55,1,0.000,0
3.054869,3361.59,3361.34,1,0,56,1,0.000,0
3.055167,3361.38,3364.17,1,0,57,1,0.000,0
3.056059,3360.76,3361.34,1,0,0,0,0.000,0
3.056357,3360.55,3362.47,1,0,1,0,0.000,0
3.056654,3360.34,3360.22,1,0,2,0,0.000,0
3.056952,3360.13,3362.47,1,0,3,0,0.000,0
3.057249,3359.93,3361.34,1,0,4,0,0.000,0
3.057547,3359.72,3359.09,1,0,5,0,0.000,0
3.057845,3359.51,3359.09,1,0,6,0,0.000,0
3.058142,3359.30,3360.22,1,0,7,0,0.000,0
3.058440,3359.09,3359.93,1,0,8,0,0.000,0
3.058738,3358.88,3358.52,1,0,9,0,0.000,0
3.059036,3358.68,3361.34,1,0,10,0,0.000,0
3.059333,3358.47,3358.52,1,0,11,0,0.000,0
3.059631,3358.26,3359.93,1,0,12,0,0.000,0
3.059929,3358.05,3361.34,1,0,13,0,0.000,0
3.060227,3357.84,3359.93,1,0,14,0,0.000,0
3.060524,3357.63,3358.52,1,0,15,0,0.000,0
3.060822,3357.42,3358.52,1,0,16,0,0.000,0
3.061120,3357.22,3357.11,1,0,17,0,0.000,0
3.061418,3357.01,3355.70,1,0,18,0,0.000,0
3.061716,3356.80,3357.11,1,0,19,0,0.000,0
3.062014,3356.59,3355.70,1,0,20,0,0.000,0
3.062312,3356.38,3355.70,1,0,21,0,0.000,0
3.062610,3356.17,3357.11,1,0,22,0,0.000,0
3.062908,3355.97,3355.70,1,0,23,0,0.000,0
3.063206,3355.76,3357.11,1,0,24,0,0.000,0
3.063504,3355.55,3357.11,1,0,25,0,0.000,0
3.063802,3355.34,3357.11,1,0,26,0,0.000,0
3.064100,3355.13,3355.70,1,0,27,0,0.000,0
3.064398,3354.92,3355.70,1,0,28,0,0.000,0
3.064696,3354.71,3355.70,1,0,29,0,0.000,0
3.064994,3354.50,3355.70,1,0,30,0,0.000,0
3.065292,3354.30,3354.30,1,0,31,0,0.000,0
3.065590,3354.09,3352.89,1,0,32,0,0.000,0
3.065888,3353.88,3357.11,1,0,33,0,0.000,0
3.066187,3353.67,3355.70,1,0,34,0,0.000,0
3.066485,3353.46,3354.30,1,0,35,0,0.000,0
3.066783,3353.25,3354.30,1,0,36,0,0.000,0
3.067081,3353.04,3352.89,1,0,37,0,0.000,0
3.067379,3352.83,3354.30,1,0,38,0,0.000,0
3.067678,3352.63,3355.70,1,0,39,0,0.000,0
3.067976,3352.42,3354.30,1,0,40,0,0.000,0
3.068274,3352.21,3351.49,1,0,41,0,0.000,0
3.068573,3352.00,3352.89,1,0,42,0,0.000,0
3.068871,3351.79,3352.89,1,0,43,0,0.000,0
3.069169,3351.58,3352.89,1,0,44,0,0.000,0
3.069468,3351.37,3351.49,1,0,45,0,0.000,0
3.069766,3351.16,3350.08,1,0,46,0,0.000,0
3.070064,3350.96,3350.08,1,0,47,0,0.000,0
3.070363,3350.75,3351.49,1,0,48,0,0.000,0
3.070661,3350.54,3351.49,1,0,49,0,0.000,0
3.070960,3350.33,3351.49,1,0,50,0,0.000,0
3.071258,3350.12,3350.08,1,0,51,0,0.000,0
3.071557,3349.91,3350.08,1,0,52,0,0.000,0
3.071855,3349.70,3352.89,1,0,53,0,0.000,0
3.072154,3349.49,3351.49,1,0,54,0,0.000,0
3.072452,3349.28,3350.08,1,0,55,0,0.000,0
3.072751,3349.08,3350.08,1,0,56,0,0.000,0
3.073050,3348.87,3348.68,1,0,57,0,0.000,0
3.073946,3348.24,3348.96,1,0,0,1,0.000,0
3.074244,3348.03,3350.08,1,0,1,1,0.000,0
3.074543,3347.82,3350.08,1,0,2,1,0.000,0
3.074842,3347.61,3348.96,1,0,3,1,0.000,0
3.075140,3347.40,3347.84,1,0,4,1,0.000,0
3.075439,3347.19,3348.96,1,0,5,1,0.000,0
3.075738,3346.98,3347.84,1,0,6,1,0.000,0
3.076037,3346.77,3348.96,1,0,7,1,0.000,0
3.076335,3346.57,3345.88,1,0,8,1,0.000,0
3.076634,3346.36,3345.88,1,0,9,1,0.000,0
3.076933,3346.15,3345.88,1,0,10,1,0.000,0
3.077232,3345.94,3344.48,1,0,11,1,0.000,0
3.077531,3345.73,3347.28,1,0,12,1,0.000,0
3.077830,3345.52,3347.28,1,0,13,1,0.000,0
3.078129,3345.31,3344.48,1,0,14,1,0.000,0
3.078428,3345.10,3345.88,1,0,15,1,0.000,0
3.078727,3344.89,3345.88,1,0,16,1,0.000,0
3.079025,3344.68,3347.28,1,0,17,1,0.000,0
3.079324,3344.47,3344.48,1,0,18,1,0.000,0
3.079623,3344.26,3345.88,1,0,19,1,0.000,0
3.079923,3344.05,3345.88,1,0,20,1,0.000,0
3.080222,3343.85,3344.48,1,0,21,1,0.000,0
3.080521,3343.64,3347.28,1,0,22,1,0.000,0
3.080820,3343.43,3343.08,1,0,23,1,0.000,0
3.081119,3343.22,3344.48,1,0,24,1,0.000,0
3.081418,3343.01,3343.08,1,0,25,1,0.000,0
3.081717,3342.80,3343.08,1,0,26,1,0.000,0
3.082016,3342.59,3344.48,1,0,27,1,0.000,0
3.082315,3342.38,3344.48,1,0,28,1,0.000,0
3.082615,3342.17,3340.29,1,0,29,1,0.000,0
3.082914,3341.96,3343.08,1,0,30,1,0.000,0
3.083213,3341.75,3343.08,1,0,31,1,0.000,0
3.083512,3341.54,3343.08,1,0,32,1,0.000,0
3.083812,3341.33,3341.69,1,0,33,1,0.000,0
3.084111,3341.12,3343.08,1,0,34,1,0.000,0
3.084410,3340.91,3343.08,1,0,35,1,0.000,0
3.084710,3340.70,3338.90,1,0,36,1,0.000,0
3.085009,3340.49,3343.08,1,0,37,1,0.000,0
3.085308,3340.28,3340.29,1,0,38,1,0.000,0
3.085608,3340.08,3341.69,1,0,39,1,0.000,0
3.085907,3339.87,3340.29,1,0,40,1,0.000,0
3.086206,3339.66,3341.69,1,0,41,1,0.000,0
3.086506,3339.45,3340.29,1,0,42,1,0.000,0
3.086805,3339.24,3338.90,1,0,43,1,0.000,0
3.087105,3339.03,3341.69,1,0,44,1,0.000,0
3.087404,3338.82,3338.90,1,0,45,1,0.000,0
3.087704,3338.61,3337.51,1,0,46,1,0.000,0
3.088003,3338.40,3337.51,1,0,47,1,0.000,0
3.088303,3338.19,3337.51,1,0,48,1,0.000,0
3.088603,3337.98,3337.51,1,0,49,1,0.000,0
3.088902,3337.77,3338.90,1,0,50,1,0.000,0
3.089202,3337.56,3338.90,1,0,51,1,0.000,0
3.089501,3337.35,3337.51,1,0,52,1,0.000,0
3.089801,3337.14,3337.51,1,0,53,1,0.000,0
3.090101,3336.93,3338.90,1,0,54,1,0.000,0
3.090400,3336.72,3338.90,1,0,55,1,0.000,0
3.090700,3336.51,3337.51,1,0,56,1,0.000,0
3.091000,3336.30,3337.51,1,0,57,1,0.000,0
3.091899,3335.67,3335.56,1,0,0,0,0.000,0
3.092199,3335.46,3335.56,1,0,1,0,0.000,0
3.092499,3335.25,3337.78,1,0,2,0,0.000,0
3.092799,3335.04,3336.67,1,0,3,0,0.000,0
3.093098,3334.83,3335.56,1,0,4,0,0.000,0
3.093398,3334.62,3334.44,1,0,5,0,0.000,0
3.093698,3334.41,3335.56,1,0,6,0,0.000,0
3.093998,3334.20,3335.56,1,0,7,0,0.000,0
3.094298,3333.99,3336.11,1,0,8,0,0.000,0
3.094598,3333.78,3334.72,1,0,9,0,0.000,0
3.094898,3333.57,3331.95,1,0,10,0,0.000,0
3.095198,3333.36,3334.72,1,0,11,0,0.000,0
3.095498,3333.15,3336.11,1,0,12,0,0.000,0
3.095798,3332.94,3334.72,1,0,13,0,0.000,0
3.096098,3332.73,3336.11,1,0,14,0,0.000,0
3.096398,3332.52,3333.33,1,0,15,0,0.000,0
3.096698,3332.31,3333.33,1,0,16,0,0.000,0
3.096998,3332.10,3333.33,1,0,17,0,0.000,0
3.097298,3331.89,3333.33,1,0,18,0,0.000,0
3.097598,3331.68,3333.33,1,0,19,0,0.000,0
3.097899,3331.47,3330.56,1,0,20,0,0.000,0
3.098199,3331.26,3333.33,1,0,21,0,0.000,0
3.098499,3331.05,3330.56,1,0,22,0,0.000,0
3.098799,3330.84,3331.95,1,0,23,0,0.000,0
3.099099,3330.63,3330.56,1,0,24,0,0.000,0
3.099400,3330.42,3333.33,1,0,25,0,0.000,0
3.099700,3330.21,3330.56,1,0,26,0,0.000,0
3.100000,3330.00,3330.56,1,0,27,0,0.000,0
3.100301,3329.79,3331.95,1,0,28,0,0.000,0
3.100601,3329.58,3330.56,1,0,29,0,0.000,0
3.100901,3329.37,3330.56,1,0,30,0,0.000,0
3.101202,3329.16,3329.17,1,0,31,0,0.000,0
3.101502,3328.95,3330.56,1,0,32,0,0.000,0
3.101802,3328.74,3327.79,1,0,33,0,0.000,0
3.102103,3328.53,3329.17,1,0,34,0,0.000,0
3.102403,3328.32,3329.17,1,0,35,0,0.000,0
3.102704,3328.11,3329.17,1,0,36,0,0.000,0
3.103004,3327.90,3327.79,1,0,37,0,0.000,0
3.103305,3327.69,3327.79,1,0,38,0,0.000,0
3.103605,3327.48,3327.79,1,0,39,0,0.000,0
3.103906,3327.27,3329.17,1,0,40,0,0.000,0
3.104206,3327.06,3326.40,1,0,41,0,0.000,0
3.104507,3326.85,3329.17,1,0,42,0,0.000,0
3.104808,3326.64,3325.02,1,0,43,0,0.000,0
3.105108,3326.42,3326.40,1,0,44,0,0.000,0
3.105409,3326.21,3327.79,1,0,45,0,0.000,0
3.105709,3326.00,3327.79,1,0,46,0,0.000,0
3.106010,3325.79,3327.79,1,0,47,0,0.000,0
3.106311,3325.58,3325.02,1,0,48,0,0.000,0
3.106611,3325.37,3327.79,1,0,49,0,0.000,0
3.106912,3325.16,3326.40,1,0,50,0,0.000,0
3.107213,3324.95,3327.79,1,0,51,0,0.000,0
3.107514,3324.74,3325.02,1,0,52,0,0.000,0
3.107815,3324.53,3323.64,1,0,53,0,0.000,0
3.108115,3324.32,3325.02,1,0,54,0,0.000,0
3.108416,3324.11,3325.02,1,0,55,0,0.000,0
3.108717,3323.90,3325.02,1,0,56,0,0.000,0
3.109018,3323.69,3323.64,1,0,57,0,0.000,0
3.109921,3323.06,3322.26,1,0,0,1,0.000,0
3.110221,3322.85,3324.47,1,0,1,1,0.000,0
3.110522,3322.63,3324.47,1,0,2,1,0.000,0
3.110823,3322.42,3324.47,1,0,3,1,0.000,0
3.111124,3322.21,3323.36,1,0,4,1,0.000,0
3.111425,3322.00,3322.26,1,0,5,1,0.000,0
3.111726,3321.79,3323.36,1,0,6,1,0.000,0
3.112027,3321.58,3322.26,1,0,7,1,0.000,0
3.112329,3321.37,3320.88,1,0,8,1,0.000,0
3.112630,3321.16,3320.88,1,0,9,1,0.000,0
3.112931,3320.95,3320.88,1,0,10,1,0.000,0
3.113232,3320.74,3322.26,1,0,11,1,0.000,0
3.113533,3320.53,3319.50,1,0,12,1,0.000,0
3.113834,3320.32,3322.26,1,0,13,1,0.000,0
3.114135,3320.11,3319.50,1,0,14,1,0.000,0
3.114437,3319.89,3320.88,1,0,15,1,0.000,0
3.114738,3319.68,3322.26,1,0,16,1,0.000,0
3.115039,3319.47,3320.88,1,0,17,1,0.000,0
3.115340,3319.26,3319.50,1,0,18,1,0.000,0
3.115642,3319.05,3319.50,1,0,19,1,0.000,0
3.115943,3318.84,3322.26,1,0,20,1,0.000,0
3.116244,3318.63,3318.13,1,0,21,1,0.000,0
3.116546,3318.42,3320.88,1,0,22,1,0.000,0
3.116847,3318.21,3319.50,1,0,23,1,0.000,0
3.117148,3318.00,3319.50,1,0,24,1,0.000,0
3.117450,3317.79,3318.13,1,0,25,1,0.000,0
3.117751,3317.57,3318.13,1,0,26,1,0.000,0
3.118053,3317.36,3316.75,1,0,27,1,0.000,0
3.118354,3317.15,3315.38,1,0,28,1,0.000,0
3.118655,3316.94,3318.13,1,0,29,1,0.000,0
3.118957,3316.73,3316.75,1,0,30,1,0.000,0
3.119258,3316.52,3318.13,1,0,31,1,0.000,0
3.119560,3316.31,3319.50,1,0,32,1,0.000,0
3.119862,3316.10,3318.13,1,0,33,1,0.000,0
3.120163,3315.89,3316.75,1,0,34,1,0.000,0
3.120465,3315.68,3318.13,1,0,35,1,0.000,0
3.120766,3315.46,3316.75,1,0,36,1,0.000,0
3.121068,3315.25,3316.75,1,0,37,1,0.000,0
3.121370,3315.04,3315.38,1,0,38,1,0.000,0
3.121671,3314.83,3315.38,1,0,39,1,0.000,0
3.121973,3314.62,3312.63,1,0,40,1,0.000,0
3.122275,3314.41,3314.00,1,0,41,1,0.000,0
3.122576,3314.20,3316.75,1,0,42,1,0.000,0
3.122878,3313.99,3315.38,1,0,43,1,0.000,0
3.123180,3313.77,3315.38,1,0,44,1,0.000,0
3.123482,3313.56,3314.00,1,0,45,1,0.000,0
3.123783,3313.35,3315.38,1,0,46,1,0.000,0
3.124085,3313.14,3312.63,1,0,47,1,0.000,0
3.124387,3312.93,3314.00,1,0,48,1,0.000,0
3.124689,3312.72,3314.00,1,0,49,1,0.000,0
3.124991,3312.51,3312.63,1,0,50,1,0.000,0
3.125293,3312.30,3312.63,1,0,51,1,0.000,0
3.125595,3312.08,3312.63,1,0,52,1,0.000,0
3.125897,3311.87,3312.63,1,0,53,1,0.000,0
3.126199,3311.66,3311.26,1,0,54,1,0.000,0
3.126501,3311.45,3314.00,1,0,55,1,0.000,0
3.126803,3311.24,3311.26,1,0,56,1,0.000,0
3.127105,3311.03,3312.63,1,0,57,1,0.000,0
3.128011,3310.39,3312.35,1,0,0,0,0.000,0
3.128313,3310.18,3310.16,1,0,1,0,0.000,0
3.128615,3309.97,3311.26,1,0,2,0,0.000,0
3.128917,3309.76,3311.26,1,0,3,0,0.000,0
3.129219,3309.55,3311.26,1,0,4,0,0.000,0
3.129521,3309.34,3311.26,1,0,5,0,0.000,0
3.129823,3309.12,3310.16,1,0,6,0,0.000,0
3.130126,3308.91,3310.16,1,0,7,0,0.000,0
3.130428,3308.70,3308.52,1,0,8,0,0.000,0
3.130730,3308.49,3308.52,1,0,9,0,0.000,0
3.131032,3308.28,3309.89,1,0,10,0,0.000,0
3.131335,3308.07,3308.52,1,0,11,0,0.000,0
3.131637,3307.85,3308.52,1,0,12,0,0.000,0
3.131939,3307.64,3307.15,1,0,13,0,0.000,0
3.132242,3307.43,3308.52,1,0,14,0,0.000,0
3.132544,3307.22,3307.15,1,0,15,0,0.000,0
3.132846,3307.01,3307.15,1,0,16,0,0.000,0
3.133149,3306.80,3308.52,1,0,17,0,0.000,0
3.133451,3306.58,3305.79,1,0,18,0,0.000,0
3.133754,3306.37,3308.52,1,0,19,0,0.000,0
3.134056,3306.16,3307.15,1,0,20,0,0.000,0
3.134359,3305.95,3305.79,1,0,21,0,0.000,0
3.134661,3305.74,3308.52,1,0,22,0,0.000,0
3.134964,3305.53,3307.15,1,0,23,0,0.000,0
3.135266,3305.31,3308.52,1,0,24,0,0.000,0
3.135569,3305.10,3305.79,1,0,25,0,0.000,0
3.135871,3304.89,3305.79,1,0,26,0,0.000,0
3.136174,3304.68,3304.42,1,0,27,0,0.000,0
3.136476,3304.47,3304.42,1,0,28,0,0.000,0
3.136779,3304.25,3304.42,1,0,29,0,0.000,0
3.137082,3304.04,3304.42,1,0,30,0,0.000,0
3.137384,3303.83,3304.42,1,0,31,0,0.000,0
3.137687,3303.62,3303.06,1,0,32,0,0.000,0
3.137990,3303.41,3307.15,1,0,33,0,0.000,0
3.138293,3303.20,3304.42,1,0,34,0,0.000,0
3.138595,3302.98,3304.42,1,0,35,0,0.000,0
3.138898,3302.77,3305.79,1,0,36,0,0.000,0
3.139201,3302.56,3304.42,1,0,37,0,0.000,0
3.139504,3302.35,3301.69,1,0,38,0,0.000,0
3.139806,3302.14,3301.69,1,0,39,0,0.000,0
3.140109,3301.92,3301.69,1,0,40,0,0.000,0
3.140412,3301.71,3300.33,1,0,41,0,0.000,0
3.140715,3301.50,3301.69,1,0,42,0,0.000,0
3.141018,3301.29,3303.06,1,0,43,0,0.000,0
3.141321,3301.08,3298.97,1,0,44,0,0.000,0
3.141624,3300.86,3301.69,1,0,45,0,0.000,0
3.141927,3300.65,3300.33,1,0,46,0,0.000,0
3.142230,3300.44,3301.69,1,0,47,0,0.000,0
3.142533,3300.23,3300.33,1,0,48,0,0.000,0
3.142836,3300.02,3300.33,1,0,49,0,0.000,0
3.143139,3299.80,3301.69,1,0,50,0,0.000,0
3.143442,3299.59,3298.97,1,0,51,0,0.000,0
3.143745,3299.38,3303.06,1,0,52,0,0.000,0
3.144048,3299.17,3300.33,1,0,53,0,0.000,0
3.144351,3298.95,3301.69,1,0,54,0,0.000,0
3.144654,3298.74,3298.97,1,0,55,0,0.000,0
3.144957,3298.53,3300.33,1,0,56,0,0.000,0
3.145261,3298.32,3300.33,1,0,57,0,0.000,0
3.146170,3297.68,3300.33,1,0,0,1,0.000,0
3.146474,3297.47,3298.15,1,0,1,1,0.000,0
3.146777,3297.26,3297.07,1,0,2,1,0.000,0
3.147080,3297.04,3298.15,1,0,3,1,0.000,0
3.147383,3296.83,3297.07,1,0,4,1,0.000,0
3.147687,3296.62,3298.15,1,0,5,1,0.000,0
3.147990,3296.41,3297.07,1,0,6,1,0.000,0
3.148293,3296.19,3297.07,1,0,7,1,0.000,0
3.148597,3295.98,3292.18,1,0,8,1,0.000,0
3.148900,3295.77,3297.61,1,0,9,1,0.000,0
3.149204,3295.56,3296.25,1,0,10,1,0.000,0
3.149507,3295.35,3296.25,1,0,11,1,0.000,0
3.149811,3295.13,3297.61,1,0,12,1,0.000,0
3.150114,3294.92,3296.25,1,0,13,1,0.000,0
3.150418,3294.71,3296.25,1,0,14,1,0.000,0
3.150721,3294.50,3296.25,1,0,15,1,0.000,0
3.151025,3294.28,3294.89,1,0,16,1,0.000,0
3.151328,3294.07,3294.89,1,0,17,1,0.000,0
3.151632,3293.86,3294.89,1,0,18,1,0.000,0
3.151935,3293.65,3294.89,1,0,19,1,0.000,0
3.152239,3293.43,3293.54,1,0,20,1,0.000,0
3.152543,3293.22,3293.54,1,0,21,1,0.000,0
3.152846,3293.01,3294.89,1,0,22,1,0.000,0
3.153150,3292.80,3292.18,1,0,23,1,0.000,0
3.153454,3292.58,3296.25,1,0,24,1,0.000,0
3.153757,3292.37,3292.18,1,0,25,1,0.000,0
3.154061,3292.16,3293.54,1,0,26,1,0.000,0
3.154365,3291.95,3290.83,1,0,27,1,0.000,0
3.154669,3291.73,3293.54,1,0,28,1,0.000,0
3.154973,3291.52,3290.83,1,0,29,1,0.000,0
3.155276,3291.31,3290.83,1,0,30,1,0.000,0
3.155580,3291.09,3293.54,1,0,31,1,0.000,0
3.155884,3290.88,3290.83,1,0,32,1,0.000,0
3.156188,3290.67,3292.18,1,0,33,1,0.000,0
3.156492,3290.46,3292.18,1,0,34,1,0.000,0
3.156796,3290.24,3292.18,1,0,35,1,0.000,0
3.157100,3290.03,3290.83,1,0,36,1,0.000,0
3.157404,3289.82,3293.54,1,0,37,1,0.000,0
3.157708,3289.61,3292.18,1,0,38,1,0.000,0
3.158012,3289.39,3289.47,1,0,39,1,0.000,0
3.158316,3289.18,3290.83,1,0,40,1,0.000,0
3.158620,3288.97,3288.12,1,0,41,1,0.000,0
3.158924,3288.75,3288.12,1,0,42,1,0.000,0
3.159228,3288.54,3290.83,1,0,43,1,0.000,0
3.159532,3288.33,3288.12,1,0,44,1,0.000,0
3.159836,3288.11,3288.12,1,0,45,1,0.000,0
3.160140,3287.90,3288.12,1,0,46,1,0.000,0
3.160444,3287.69,3288.12,1,0,47,1,0.000,0
3.160749,3287.48,3290.83,1,0,48,1,0.000,0
3.161053,3287.26,3290.83,1,0,49,1,0.000,0
3.161357,3287.05,3288.12,1,0,50,1,0.000,0
3.161661,3286.84,3285.42,1,0,51,1,0.000,0
3.161965,3286.62,3286.77,1,0,52,1,0.000,0
3.162270,3286.41,3288.12,1,0,53,1,0.000,0
3.162574,3286.20,3288.12,1,0,54,1,0.000,0
3.162878,3285.99,3288.12,1,0,55,1,0.000,0
3.163183,3285.77,3284.07,1,0,56,1,0.000,0
3.163487,3285.56,3285.42,1,0,57,1,0.000,0
3.164400,3284.92,3286.23,1,0,0,0,0.000,0
3.164705,3284.71,3286.23,1,0,1,0,0.000,0
3.165009,3284.49,3285.15,1,0,2,0,0.000,0
3.165313,3284.28,3284.07,1,0,3,0,0.000,0
3.165618,3284.07,3284.07,1,0,4,0,0.000,0
3.165922,3283.85,3282.99,1,0,5,0,0.000,0
3.166227,3283.64,3285.15,1,0,6,0,0.000,0
3.166532,3283.43,3284.07,1,0,7,0,0.000,0
3.166836,3283.21,3282.72,1,0,8,0,0.000,0
3.167141,3283.00,3282.72,1,0,9,0,0.000,0
3.167445,3282.79,3285.42,1,0,10,0,0.000,0
3.167750,3282.58,3285.42,1,0,11,0,0.000,0
3.168055,3282.36,3282.72,1,0,12,0,0.000,0
3.168359,3282.15,3284.07,1,0,13,0,0.000,0
3.168664,3281.94,3282.72,1,0,14,0,0.000,0
3.168969,3281.72,3282.72,1,0,15,0,0.000,0
3.169273,3281.51,3284.07,1,0,16,0,0.000,0
3.169578,3281.30,3284.07,1,0,17,0,0.000,0
3.169883,3281.08,3281.38,1,0,18,0,0.000,0
3.170188,3280.87,3280.03,1,0,19,0,0.000,0
3.170493,3280.66,3282.72,1,0,20,0,0.000,0
3.170797,3280.44,3281.38,1,0,21,0,0.000,0
3.171102,3280.23,3280.03,1,0,22,0,0.000,0
3.171407,3280.02,3281.38,1,0,23,0,0.000,0
3.171712,3279.80,3280.03,1,0,24,0,0.000,0
3.172017,3279.59,3282.72,1,0,25,0,0.000,0
3.172322,3279.38,3281.38,1,0,26,0,0.000,0
3.172627,3279.16,3280.03,1,0,27,0,0.000,0
3.172932,3278.95,3280.03,1,0,28,0,0.000,0
3.173237,3278.73,3280.03,1,0,29,0,0.000,0
3.173542,3278.52,3280.03,1,0,30,0,0.000,0
3.173847,3278.31,3278.69,1,0,31,0,0.000,0
3.174152,3278.09,3280.03,1,0,32,0,0.000,0
3.174457,3277.88,3276.00,1,0,33,0,0.000,0
3.174762,3277.67,3277.35,1,0,34,0,0.000,0
3.175067,3277.45,3278.69,1,0,35,0,0.000,0
3.175372,3277.24,3277.35,1,0,36,0,0.000,0
3.175677,3277.03,3277.35,1,0,37,0,0.000,0
3.175982,3276.81,3278.69,1,0,38,0,0.000,0
3.176288,3276.60,3278.69,1,0,39,0,0.000,0
3.176593,3276.39,3276.00,1,0,40,0,0.000,0
3.176898,3276.17,3278.69,1,0,41,0,0.000,0
3.177203,3275.96,3277.35,1,0,42,0,0.000,0
3.177509,3275.74,3277.35,1,0,43,0,0.000,0
3.177814,3275.53,3276.00,1,0,44,0,0.000,0
3.178119,3275.32,3276.00,1,0,45,0,0.000,0
3.178424,3275.10,3274.66,1,0,46,0,0.000,0
3.178730,3274.89,3274.66,1,0,47,0,0.000,0
3.179035,3274.68,3274.66,1,0,48,0,0.000,0
3.179341,3274.46,3274.66,1,0,49,0,0.000,0
3.179646,3274.25,3274.66,1,0,50,0,0.000,0
3.179951,3274.03,3273.32,1,0,51,0,0.000,0
3.180257,3273.82,3273.32,1,0,52,0,0.000,0
3.180562,3273.61,3274.66,1,0,53,0,0.000,0
3.180868,3273.39,3274.66,1,0,54,0,0.000,0
3.181173,3273.18,3274.66,1,0,55,0,0.000,0
3.181479,3272.97,3274.66,1,0,56,0,0.000,0
3.181784,3272.75,3273.32,1,0,57,0,0.000,0
3.182701,3272.11,3273.32,1,0,0,1,0.000,0
3.183007,3271.90,3273.32,1,0,1,1,0.000,0
3.183312,3271.68,3273.32,1,0,2,1,0.000,0
3.183618,3271.47,3273.32,1,0,3,1,0.000,0
3.183924,3271.25,3273.32,1,0,4,1,0.000,0
3.184229,3271.04,3272.25,1,0,5,1,0.000,0
3.184535,3270.83,3272.25,1,0,6,1,0.000,0
3.184841,3270.61,3271.18,1,0,7,1,0.000,0
3.185147,3270.40,3270.65,1,0,8,1,0.000,0
3.185452,3270.18,3273.32,1,0,9,1,0.000,0
3.185758,3269.97,3271.98,1,0,10,1,0.000,0
3.186064,3269.76,3270.65,1,0,11,1,0.000,0
3.186370,3269.54,3269.31,1,0,12,1,0.000,0
3.186676,3269.33,3270.65,1,0,13,1,0.000,0
3.186982,3269.11,3269.31,1,0,14,1,0.000,0
3.187288,3268.90,3269.31,1,0,15,1,0.000,0
3.187593,3268.68,3269.31,1,0,16,1,0.000,0
3.187899,3268.47,3266.64,1,0,17,1,0.000,0
3.188205,3268.26,3270.65,1,0,18,1,0.000,0
3.188511,3268.04,3266.64,1,0,19,1,0.000,0
3.188817,3267.83,3269.31,1,0,20,1,0.000,0
3.189123,3267.61,3267.97,1,0,21,1,0.000,0
3.189429,3267.40,3269.31,1,0,22,1,0.000,0
3.189736,3267.19,3267.97,1,0,23,1,0.000,0
3.190042,3266.97,3267.97,1,0,24,1,0.000,0
3.190348,3266.76,3267.97,1,0,25,1,0.000,0
3.190654,3266.54,3266.64,1,0,26,1,0.000,0
3.190960,3266.33,3267.97,1,0,27,1,0.000,0
3.191266,3266.11,3265.31,1,0,28,1,0.000,0
3.191572,3265.90,3266.64,1,0,29,1,0.000,0
3.191879,3265.69,3265.31,1,0,30,1,0.000,0
3.192185,3265.47,3265.31,1,0,31,1,0.000,0
3.192491,3265.26,3266.64,1,0,32,1,0.000,0
3.192797,3265.04,3266.64,1,0,33,1,0.000,0
3.193104,3264.83,3263.97,1,0,34,1,0.000,0
3.193410,3264.61,3266.64,1,0,35,1,0.000,0
3.193716,3264.40,3267.97,1,0,36,1,0.000,0
3.194023,3264.18,3265.31,1,0,37,1,0.000,0
3.194329,3263.97,3266.64,1,0,38,1,0.000,0
3.194635,3263.76,3265.31,1,0,39,1,0.000,0
3.194942,3263.54,3265.31,1,0,40,1,0.000,0
3.195248,3263.33,3265.31,1,0,41,1,0.000,0
3.195555,3263.11,3263.97,1,0,42,1,0.000,0
3.195861,3262.90,3263.97,1,0,43,1,0.000,0
3.196167,3262.68,3262.64,1,0,44,1,0.000,0
3.196474,3262.47,3263.97,1,0,45,1,0.000,0
3.196781,3262.25,3262.64,1,0,46,1,0.000,0
3.197087,3262.04,3263.97,1,0,47,1,0.000,0
3.197394,3261.82,3261.31,1,0,48,1,0.000,0
3.197700,3261.61,3261.31,1,0,49,1,0.000,0
3.198007,3261.40,3262.64,1,0,50,1,0.000,0
3.198313,3261.18,3261.31,1,0,51,1,0.000,0
3.198620,3260.97,3261.31,1,0,52,1,0.000,0
3.198927,3260.75,3258.66,1,0,53,1,0.000,0
3.199233,3260.54,3259.98,1,0,54,1,0.000,0
3.199540,3260.32,3261.31,1,0,55,1,0.000,0
3.199847,3260.11,3261.31,1,0,56,1,0.000,0
3.200154,3259.89,3261.31,1,0,57,1,0.000,0
3.201074,3259.25,3260.52,1,0,0,0,0.000,0
3.201381,3259.03,3257.33,1,0,1,0,0.000,0
3.201688,3258.82,3259.45,1,0,2,0,0.000,0
3.201995,3258.60,3260.52,1,0,3,0,0.000,0
3.202301,3258.39,3260.52,1,0,4,0,0.000,0
3.202608,3258.17,3258.39,1,0,5,0,0.000,0
3.202915,3257.96,3259.45,1,0,6,0,0.000,0
3.203222,3257.74,3258.39,1,0,7,0,0.000,0
3.203529,3257.53,3257.33,1,0,8,0,0.000,0
3.203836,3257.31,3261.31,1,0,9,0,0.000,0
3.204143,3257.10,3258.66,1,0,10,0,0.000,0
3.204450,3256.89,3257.33,1,0,11,0,0.000,0
3.204757,3256.67,3258.66,1,0,12,0,0.000,0
3.205064,3256.46,3258.66,1,0,13,0,0.000,0
3.205371,3256.24,3257.33,1,0,14,0,0.000,0
3.205679,3256.03,3256.00,1,0,15,0,0.000,0
3.205986,3255.81,3257.33,1,0,16,0,0.000,0
3.206293,3255.60,3253.35,1,0,17,0,0.000,0
3.206600,3255.38,3256.00,1,0,18,0,0.000,0
3.206907,3255.17,3256.00,1,0,19,0,0.000,0
3.207214,3254.95,3253.35,1,0,20,0,0.000,0
3.207522,3254.74,3256.00,1,0,21,0,0.000,0
3.207829,3254.52,3254.68,1,0,22,0,0.000,0
3.208136,3254.30,3254.68,1,0,23,0,0.000,0
3.208444,3254.09,3254.68,1,0,24,0,0.000,0
3.208751,3253.88,3257.33,1,0,25,0,0.000,0
3.209058,3253.66,3253.35,1,0,26,0,0.000,0
3.209366,3253.44,3256.00,1,0,27,0,0.000,0
3.209673,3253.23,3254.68,1,0,28,0,0.000,0
3.209980,3253.01,3253.35,1,0,29,0,0.000,0
3.210288,3252.80,3254.68,1,0,30,0,0.000,0
3.210595,3252.58,3254.68,1,0,31,0,0.000,0
3.210903,3252.37,3253.35,1,0,32,0,0.000,0
3.211210,3252.15,3252.03,1,0,33,0,0.000,0
3.211518,3251.94,3253.35,1,0,34,0,0.000,0
3.211825,3251.72,3252.03,1,0,35,0,0.000,0
3.212133,3251.51,3252.03,1,0,36,0,0.000,0
3.212440,3251.29,3252.03,1,0,37,0,0.000,0
3.212748,3251.08,3250.71,1,0,38,0,0.000,0
3.213055,3250.86,3252.03,1,0,39,0,0.000,0
3.213363,3250.65,3250.71,1,0,40,0,0.000,0
3.213671,3250.43,3252.03,1,0,41,0,0.000,0
3.213978,3250.22,3250.71,1,0,42,0,0.000,0
3.214286,3250.00,3250.71,1,0,43,0,0.000,0
3.214594,3249.78,3250.71,1,0,44,0,0.000,0
3.214901,3249.57,3248.07,1,0,45,0,0.000,0
3.215209,3249.35,3249.39,1,0,46,0,0.000,0
3.215517,3249.14,3250.71,1,0,47,0,0.000,0
3.215825,3248.92,3250.71,1,0,48,0,0.000,0
3.216133,3248.71,3249.39,1,0,49,0,0.000,0
3.216440,3248.49,3250.71,1,0,50,0,0.000,0
3.216748,3248.28,3248.07,1,0,51,0,0.000,0
3.217056,3248.06,3249.39,1,0,52,0,0.000,0
3.217364,3247.85,3250.71,1,0,53,0,0.000,0
3.217672,3247.63,3248.07,1,0,54,0,0.000,0
3.217980,3247.41,3246.75,1,0,55,0,0.000,0
3.218288,3247.20,3249.39,1,0,56,0,0.000,0
3.218596,3246.98,3248.07,1,0,57,0,0.000,0
3.219520,3246.34,3247.81,1,0,0,1,0.000,0
3.219828,3246.12,3248.86,1,0,1,1,0.000,0
3.220136,3245.91,3247.81,1,0,2,1,0.000,0
3.220444,3245.69,3246.75,1,0,3,1,0.000,0
3.220752,3245.47,3247.81,1,0,4,1,0.000,0
3.221060,3245.26,3246.75,1,0,5,1,0.000,0
3.221368,3245.04,3245.70,1,0,6,1,0.000,0
3.221676,3244.83,3244.65,1,0,7,1,0.000,0
3.221985,3244.61,3244.12,1,0,8,1,0.000,0
3.222293,3244.40,3244.12,1,0,9,1,0.000,0
3.222601,3244.18,3244.12,1,0,10,1,0.000,0
3.222909,3243.96,3244.12,1,0,11,1,0.000,0
3.223218,3243.75,3245.44,1,0,12,1,0.000,0
3.223526,3243.53,3245.44,1,0,13,1,0.000,0
3.223834,3243.32,3244.12,1,0,14,1,0.000,0
3.224143,3243.10,3245.44,1,0,15,1,0.000,0
3.224451,3242.88,3244.12,1,0,16,1,0.000,0
3.224759,3242.67,3242.80,1,0,17,1,0.000,0
3.225068,3242.45,3242.80,1,0,18,1,0.000,0
3.225376,3242.24,3244.12,1,0,19,1,0.000,0
3.225685,3242.02,3240.18,1,0,20,1,0.000,0
3.225993,3241.80,3240.18,1,0,21,1,0.000,0
3.226302,3241.59,3241.49,1,0,22,1,0.000,0
3.226610,3241.37,3242.80,1,0,23,1,0.000,0
3.226919,3241.16,3242.80,1,0,24,1,0.000,0
3.227227,3240.94,3244.12,1,0,25,1,0.000,0
3.227536,3240.73,3241.49,1,0,26,1,0.000,0
3.227844,3240.51,3241.49,1,0,27,1,0.000,0
3.228153,3240.29,3242.80,1,0,28,1,0.000,0
3.228461,3240.08,3241.49,1,0,29,1,0.000,0
3.228770,3239.86,3240.18,1,0,30,1,0.000,0
3.229079,3239.65,3240.18,1,0,31,1,0.000,0
3.229387,3239.43,3238.87,1,0,32,1,0.000,0
3.229696,3239.21,3238.87,1,0,33,1,0.000,0
3.230005,3239.00,3240.18,1,0,34,1,0.000,0
3.230314,3238.78,3238.87,1,0,35,1,0.000,0
3.230622,3238.56,3238.87,1,0,36,1,0.000,0
3.230931,3238.35,3240.18,1,0,37,1,0.000,0
3.231240,3238.13,3240.18,1,0,38,1,0.000,0
3.231549,3237.92,3240.18,1,0,39,1,0.000,0
3.231858,3237.70,3241.49,1,0,40,1,0.000,0
3.232167,3237.48,3238.87,1,0,41,1,0.000,0
3.232475,3237.27,3238.87,1,0,42,1,0.000,0
3.232784,3237.05,3238.87,1,0,43,1,0.000,0
3.233093,3236.83,3238.87,1,0,44,1,0.000,0
3.233402,3236.62,3237.56,1,0,45,1,0.000,0
3.233711,3236.40,3237.56,1,0,46,1,0.000,0
3.234020,3236.19,3234.94,1,0,47,1,0.000,0
3.234329,3235.97,3234.94,1,0,48,1,0.000,0
3.234638,3235.75,3236.25,1,0,49,1,0.000,0
3.234947,3235.54,3234.94,1,0,50,1,0.000,0
3.235256,3235.32,3234.94,1,0,51,1,0.000,0
3.235566,3235.10,3236.25,1,0,52,1,0.000,0
3.235875,3234.89,3236.25,1,0,53,1,0.000,0
3.236184,3234.67,3236.25,1,0,54,1,0.000,0
3.236493,3234.46,3234.94,1,0,55,1,0.000,0
3.236802,3234.24,3234.94,1,0,56,1,0.000,0
3.237111,3234.02,3234.94,1,0,57,1,0.000,0
3.238039,3233.37,3234.15,1,0,0,0,0.000,0
3.238348,3233.16,3234.15,1,0,1,0,0.000,0
3.238658,3232.94,3234.15,1,0,2,0,0.000,0
3.238967,3232.72,3233.11,1,0,3,0,0.000,0
3.239276,3232.51,3233.11,1,0,4,0,0.000,0
3.239586,3232.29,3234.15,1,0,5,0,0.000,0
3.239895,3232.07,3233.11,1,0,6,0,0.000,0
3.240204,3231.86,3233.11,1,0,7,0,0.000,0
3.240514,3231.64,3233.63,1,0,8,0,0.000,0
3.240823,3231.42,3232.32,1,0,9,0,0.000,0
3.241133,3231.21,3231.02,1,0,10,0,0.000,0
3.241442,3230.99,3229.71,1,0,11,0,0.000,0
3.241752,3230.77,3231.02,1,0,12,0,0.000,0
3.242061,3230.56,3232.32,1,0,13,0,0.000,0
3.242371,3230.34,3232.32,1,0,14,0,0.000,0
3.242681,3230.12,3229.71,1,0,15,0,0.000,0
3.242990,3229.91,3232.32,1,0,16,0,0.000,0
3.243300,3229.69,3231.02,1,0,17,0,0.000,0
3.243609,3229.47,3229.71,1,0,18,0,0.000,0
3.243919,3229.26,3232.32,1,0,19,0,0.000,0
3.244229,3229.04,3231.02,1,0,20,0,0.000,0
3.244538,3228.82,3231.02,1,0,21,0,0.000,0
3.244848,3228.61,3228.41,1,0,22,0,0.000,0
3.245158,3228.39,3229.71,1,0,23,0,0.000,0
3.245468,3228.17,3227.11,1,0,24,0,0.000,0
3.245777,3227.96,3228.41,1,0,25,0,0.000,0
3.246087,3227.74,3229.71,1,0,26,0,0.000,0
3.246397,3227.52,3228.41,1,0,27,0,0.000,0
3.246707,3227.31,3225.81,1,0,28,0,0.000,0
3.247017,3227.09,3225.81,1,0,29,0,0.000,0
3.247327,3226.87,3227.11,1,0,30,0,0.000,0
3.247637,3226.65,3227.11,1,0,31,0,0.000,0
3.247946,3226.44,3228.41,1,0,32,0,0.000,0
3.248256,3226.22,3228.41,1,0,33,0,0.000,0
3.248566,3226.00,3225.81,1,0,34,0,0.000,0
3.248876,3225.79,3227.11,1,0,35,0,0.000,0
3.249186,3225.57,3228.41,1,0,36,0,0.000,0
3.249496,3225.35,3225.81,1,0,37,0,0.000,0
3.249806,3225.14,3225.81,1,0,38,0,0.000,0
3.250117,3224.92,3225.81,1,0,39,0,0.000,0
3.250427,3224.70,3224.51,1,0,40,0,0.000,0
3.250737,3224.48,3224.51,1,0,41,0,0.000,0
3.251047,3224.27,3225.81,1,0,42,0,0.000,0
3.251357,3224.05,3225.81,1,0,43,0,0.000,0
3.251667,3223.83,3221.91,1,0,44,0,0.000,0
3.251977,3223.62,3225.81,1,0,45,0,0.000,0
3.252288,3223.40,3225.81,1,0,46,0,0.000,0
3.252598,3223.18,3225.81,1,0,47,0,0.000,0
3.252908,3222.96,3224.51,1,0,48,0,0.000,0
3.253218,3222.75,3225.81,1,0,49,0,0.000,0
3.253529,3222.53,3223.21,1,0,50,0,0.000,0
3.253839,3222.31,3223.21,1,0,51,0,0.000,0
3.254149,3222.10,3224.51,1,0,52,0,0.000,0
3.254460,3221.88,3221.91,1,0,53,0,0.000,0
3.254770,3221.66,3221.91,1,0,54,0,0.000,0
3.255081,3221.44,3221.91,1,0,55,0,0.000,0
3.255391,3221.23,3223.21,1,0,56,0,0.000,0
3.255701,3221.01,3220.61,1,0,57,0,0.000,0
3.256633,3220.36,3221.65,1,0,0,1,0.000,0
3.256943,3220.14,3219.57,1,0,1,1,0.000,0
3.257254,3219.92,3221.65,1,0,2,1,0.000,0
3.257565,3219.71,3220.61,1,0,3,1,0.000,0
3.257875,3219.49,3219.57,1,0,4,1,0.000,0
3.258186,3219.27,3220.61,1,0,5,1,0.000,0
3.258496,3219.05,3218.54,1,0,6,1,0.000,0
3.258807,3218.84,3220.61,1,0,7,1,0.000,0
3.259118,3218.62,3219.32,1,0,8,1,0.000,0
3.259429,3218.40,3220.61,1,0,9,1,0.000,0
3.259739,3218.18,3219.32,1,0,10,1,0.000,0
3.260050,3217.97,3219.32,1,0,11,1,0.000,0
3.260361,3217.75,3219.32,1,0,12,1,0.000,0
3.260672,3217.53,3216.73,1,0,13,1,0.000,0
3.260982,3217.31,3219.32,1,0,14,1,0.000,0
3.261293,3217.09,3216.73,1,0,15,1,0.000,0
3.261604,3216.88,3219.32,1,0,16,1,0.000,0
3.261915,3216.66,3216.73,1,0,17,1,0.000,0
3.262226,3216.44,3215.43,1,0,18,1,0.000,0
3.262537,3216.22,3216.73,1,0,19,1,0.000,0
3.262848,3216.01,3218.02,1,0,20,1,0.000,0
3.263159,3215.79,3216.73,1,0,21,1,0.000,0
3.263470,3215.57,3216.73,1,0,22,1,0.000,0
3.263781,3215.35,3215.43,1,0,23,1,0.000,0
3.264092,3215.14,3212.85,1,0,24,1,0.000,0
3.264403,3214.92,3218.02,1,0,25,1,0.000,0
3.264714,3214.70,3216.73,1,0,26,1,0.000,0
3.265025,3214.48,3214.14,1,0,27,1,0.000,0
3.265336,3214.27,3214.14,1,0,28,1,0.000,0
3.265647,3214.05,3216.73,1,0,29,1,0.000,0
3.265958,3213.83,3215.43,1,0,30,1,0.000,0
3.266269,3213.61,3215.43,1,0,31,1,0.000,0
3.266580,3213.39,3215.43,1,0,32,1,0.000,0
3.266892,3213.18,3212.85,1,0,33,1,0.000,0
3.267203,3212.96,3214.14,1,0,34,1,0.000,0
3.267514,3212.74,3216.73,1,0,35,1,0.000,0
3.267825,3212.52,3214.14,1,0,36,1,0.000,0
3.268137,3212.30,3211.56,1,0,37,1,0.000,0
3.268448,3212.09,3211.56,1,0,38,1,0.000,0
3.268759,3211.87,3212.85,1,0,39,1,0.000,0
3.269071,3211.65,3212.85,1,0,40,1,0.000,0
3.269382,3211.43,3210.27,1,0,41,1,0.000,0
3.269694,3211.21,3211.56,1,0,42,1,0.000,0
3.270005,3211.00,3210.27,1,0,43,1,0.000,0
3.270316,3210.78,3211.56,1,0,44,1,0.000,0
3.270628,3210.56,3211.56,1,0,45,1,0.000,0
3.270939,3210.34,3211.56,1,0,46,1,0.000,0
3.271251,3210.12,3211.56,1,0,47,1,0.000,0
3.271562,3209.91,3210.27,1,0,48,1,0.000,0
3.271874,3209.69,3211.56,1,0,49,1,0.000,0
3.272185,3209.47,3210.27,1,0,50,1,0.000,0
3.272497,3209.25,3208.99,1,0,51,1,0.000,0
3.272809,3209.03,3208.99,1,0,52,1,0.000,0
3.273120,3208.82,3210.27,1,0,53,1,0.000,0
3.273432,3208.60,3210.27,1,0,54,1,0.000,0
3.273744,3208.38,3207.70,1,0,55,1,0.000,0
3.274055,3208.16,3210.27,1,0,56,1,0.000,0
3.274367,3207.94,3208.99,1,0,57,1,0.000,0
3.275302,3207.29,3209.24,1,0,0,0,0.000,0
3.275614,3207.07,3209.24,1,0,1,0,0.000,0
3.275926,3206.85,3207.18,1,0,2,0,0.000,0
3.276238,3206.63,3206.16,1,0,3,0,0.000,0
3.276550,3206.42,3207.18,1,0,4,0,0.000,0
3.276862,3206.20,3207.18,1,0,5,0,0.000,0
3.277173,3205.98,3207.18,1,0,6,0,0.000,0
3.277485,3205.76,3207.18,1,0,7,0,0.000,0
3.277797,3205.54,3206.41,1,0,8,0,0.000,0
3.278109,3205.32,3206.41,1,0,9,0,0.000,0
3.278421,3205.11,3208.99,1,0,10,0,0.000,0
3.278733,3204.89,3206.41,1,0,11,0,0.000,0
3.279045,3204.67,3203.84,1,0,12,0,0.000,0
3.279357,3204.45,3205.13,1,0,13,0,0.000,0
3.279669,3204.23,3205.13,1,0,14,0,0.000,0
3.279982,3204.01,3206.41,1,0,15,0,0.000,0
3.280294,3203.79,3202.56,1,0,16,0,0.000,0
3.280606,3203.58,3201.28,1,0,17,0,0.000,0
3.280918,3203.36,3202.56,1,0,18,0,0.000,0
3.281230,3203.14,3205.13,1,0,19,0,0.000,0
3.281542,3202.92,3205.13,1,0,20,0,0.000,0
3.281855,3202.70,3205.13,1,0,21,0,0.000,0
3.282167,3202.48,3203.84,1,0,22,0,0.000,0
3.282479,3202.26,3200.00,1,0,23,0,0.000,0
3.282791,3202.05,3203.84,1,0,24,0,0.000,0
3.283104,3201.83,3205.13,1,0,25,0,0.000,0
3.283416,3201.61,3202.56,1,0,26,0,0.000,0
3.283728,3201.39,3202.56,1,0,27,0,0.000,0
3.284041,3201.17,3201.28,1,0,28,0,0.000,0
3.284353,3200.95,3201.28,1,0,29,0,0.000,0
3.284666,3200.73,3200.00,1,0,30,0,0.000,0
3.284978,3200.52,3201.28,1,0,31,0,0.000,0
3.285290,3200.30,3202.56,1,0,32,0,0.000,0
3.285603,3200.08,3201.28,1,0,33,0,0.000,0
3.285915,3199.86,3198.72,1,0,34,0,0.000,0
3.286228,3199.64,3201.28,1,0,35,0,0.000,0
3.286541,3199.42,3201.28,1,0,36,0,0.000,0
3.286853,3199.20,3200.00,1,0,37,0,0.000,0
3.287166,3198.98,3201.28,1,0,38,0,0.000,0
3.287478,3198.77,3200.00,1,0,39,0,0.000,0
3.287791,3198.55,3198.72,1,0,40,0,0.000,0
3.288104,3198.33,3198.72,1,0,41,0,0.000,0
3.288416,3198.11,3201.28,1,0,42,0,0.000,0
3.288729,3197.89,3197.44,1,0,43,0,0.000,0
3.289042,3197.67,3197.44,1,0,44,0,0.000,0
3.289354,3197.45,3198.72,1,0,45,0,0.000,0
3.289667,3197.23,3198.72,1,0,46,0,0.000,0
3.289980,3197.01,3198.72,1,0,47,0,0.000,0
3.290293,3196.80,3197.44,1,0,48,0,0.000,0
3.290606,3196.58,3197.44,1,0,49,0,0.000,0
3.290918,3196.36,3197.44,1,0,50,0,0.000,0
3.291231,3196.14,3198.72,1,0,51,0,0.000,0
3.291544,3195.92,3197.44,1,0,52,0,0.000,0
3.291857,3195.70,3194.89,1,0,53,0,0.000,0
3.292170,3195.48,3194.89,1,0,54,0,0.000,0
3.292483,3195.26,3194.89,1,0,55,0,0.000,0
3.292796,3195.04,3197.44,1,0,56,0,0.000,0
3.293109,3194.82,3196.16,1,0,57,0,0.000,0
3.294048,3194.17,3194.89,1,0,0,1,0.000,0
3.294361,3193.95,3193.87,1,0,1,1,0.000,0
3.294674,3193.73,3194.89,1,0,2,1,0.000,0
3.294987,3193.51,3196.93,1,0,3,1,0.000,0
3.295300,3193.29,3193.87,1,0,4,1,0.000,0
3.295614,3193.07,3194.89,1,0,5,1,0.000,0
3.295927,3192.85,3192.85,1,0,6,1,0.000,0
3.296240,3192.63,3193.87,1,0,7,1,0.000,0
3.296553,3192.41,3193.61,1,0,8,1,0.000,0
3.296867,3192.19,3192.34,1,0,9,1,0.000,0
3.297180,3191.97,3193.61,1,0,10,1,0.000,0
3.297493,3191.75,3192.34,1,0,11,1,0.000,0
3.297806,3191.54,3192.34,1,0,12,1,0.000,0
3.298120,3191.32,3192.34,1,0,13,1,0.000,0
3.298433,3191.10,3191.06,1,0,14,1,0.000,0
3.298747,3190.88,3191.06,1,0,15,1,0.000,0
3.299060,3190.66,3189.79,1,0,16,1,0.000,0
3.299373,3190.44,3191.06,1,0,17,1,0.000,0
3.299687,3190.22,3189.79,1,0,18,1,0.000,0
3.300000,3190.00,3189.79,1,0,19,1,0.000,0
3.300314,3189.78,3192.34,1,0,20,1,0.000,0
3.300627,3189.56,3191.06,1,0,21,1,0.000,0
3.300941,3189.34,3192.34,1,0,22,1,0.000,0
3.301254,3189.12,3191.06,1,0,23,1,0.000,0
3.301568,3188.90,3191.06,1,0,24,1,0.000,0
3.301882,3188.68,3191.06,1,0,25,1,0.000,0
3.302195,3188.46,3188.52,1,0,26,1,0.000,0
3.302509,3188.24,3188.52,1,0,27,1,0.000,0
3.302822,3188.02,3187.25,1,0,28,1,0.000,0
3.303136,3187.80,3188.52,1,0,29,1,0.000,0
3.303450,3187.59,3185.98,1,0,30,1,0.000,0
3.303764,3187.37,3185.98,1,0,31,1,0.000,0
3.304077,3187.15,3188.52,1,0,32,1,0.000,0
3.304391,3186.93,3188.52,1,0,33,1,0.000,0
3.304705,3186.71,3188.52,1,0,34,1,0.000,0
3.305019,3186.49,3189.79,1,0,35,1,0.000,0
3.305333,3186.27,3187.25,1,0,36,1,0.000,0
3.305646,3186.05,3185.98,1,0,37,1,0.000,0
3.305960,3185.83,3188.52,1,0,38,1,0.000,0
3.306274,3185.61,3189.79,1,0,39,1,0.000,0
3.306588,3185.39,3184.71,1,0,40,1,0.000,0
3.306902,3185.17,3184.71,1,0,41,1,0.000,0
3.307216,3184.95,3185.98,1,0,42,1,0.000,0
3.307530,3184.73,3183.45,1,0,43,1,0.000,0
3.307844,3184.51,3185.98,1,0,44,1,0.000,0
3.308158,3184.29,3187.25,1,0,45,1,0.000,0
3.308472,3184.07,3184.71,1,0,46,1,0.000,0
3.308786,3183.85,3182.18,1,0,47,1,0.000,0
3.309100,3183.63,3184.71,1,0,48,1,0.000,0
3.309414,3183.41,3184.71,1,0,49,1,0.000,0
3.309729,3183.19,3184.71,1,0,50,1,0.000,0
3.310043,3182.97,3183.45,1,0,51,1,0.000,0
3.310357,3182.75,3183.45,1,0,52,1,0.000,0
3.310671,3182.53,3180.91,1,0,53,1,0.000,0
3.310985,3182.31,3182.18,1,0,54,1,0.000,0
3.311300,3182.09,3184.71,1,0,55,1,0.000,0
3.311614,3181.87,3184.71,1,0,56,1,0.000,0
3.311928,3181.65,3182.18,1,0,57,1,0.000,0
3.312871,3180.99,3180.66,1,0,0,0,0.000,0
3.313185,3180.77,3181.67,1,0,1,0,0.000,0
3.313500,3180.55,3181.67,1,0,2,0,0.000,0
3.313814,3180.33,3181.67,1,0,3,0,0.000,0
3.314129,3180.11,3182.69,1,0,4,0,0.000,0
3.314443,3179.89,3180.66,1,0,5,0,0.000,0
3.314758,3179.67,3180.66,1,0,6,0,0.000,0
3.315072,3179.45,3179.65,1,0,7,0,0.000,0
3.315387,3179.23,3182.18,1,0,8,0,0.000,0
3.315701,3179.01,3182.18,1,0,9,0,0.000,0
3.316016,3178.79,3179.65,1,0,10,0,0.000,0
3.316330,3178.57,3180.91,1,0,11,0,0.000,0
3.316645,3178.35,3178.39,1,0,12,0,0.000,0
3.316960,3178.13,3178.39,1,0,13,0,0.000,0
3.317274,3177.91,3178.39,1,0,14,0,0.000,0
3.317589,3177.69,3179.65,1,0,15,0,0.000,0
3.317904,3177.47,3178.39,1,0,16,0,0.000,0
3.318218,3177.25,3177.12,1,0,17,0,0.000,0
3.318533,3177.03,3179.65,1,0,18,0,0.000,0
3.318848,3176.81,3177.12,1,0,19,0,0.000,0
3.319163,3176.59,3175.86,1,0,20,0,0.000,0
3.319478,3176.37,3178.39,1,0,21,0,0.000,0
3.319792,3176.15,3177.12,1,0,22,0,0.000,0
3.320107,3175.93,3175.86,1,0,23,0,0.000,0
3.320422,3175.70,3175.86,1,0,24,0,0.000,0
3.320737,3175.48,3174.60,1,0,25,0,0.000,0
3.321052,3175.26,3177.12,1,0,26,0,0.000,0
3.321367,3175.04,3175.86,1,0,27,0,0.000,0
3.321682,3174.82,3175.86,1,0,28,0,0.000,0
3.321997,3174.60,3174.60,1,0,29,0,0.000,0
3.322312,3174.38,3174.60,1,0,30,0,0.000,0
3.322627,3174.16,3175.86,1,0,31,0,0.000,0
3.322942,3173.94,3174.60,1,0,32,0,0.000,0
3.323257,3173.72,3175.86,1,0,33,0,0.000,0
3.323572,3173.50,3170.83,1,0,34,0,0.000,0
3.323887,3173.28,3173.34,1,0,35,0,0.000,0
3.324202,3173.06,3175.86,1,0,36,0,0.000,0
3.324518,3172.84,3173.34,1,0,37,0,0.000,0
3.324833,3172.62,3173.34,1,0,38,0,0.000,0
3.325148,3172.40,3173.34,1,0,39,0,0.000,0
3.325463,3172.18,3173.34,1,0,40,0,0.000,0
3.325779,3171.96,3172.09,1,0,41,0,0.000,0
3.326094,3171.73,3172.09,1,0,42,0,0.000,0
3.326409,3171.51,3173.34,1,0,43,0,0.000,0
3.326724,3171.29,3172.09,1,0,44,0,0.000,0
3.327040,3171.07,3173.34,1,0,45,0,0.000,0
3.327355,3170.85,3172.09,1,0,46,0,0.000,0
3.327670,3170.63,3172.09,1,0,47,0,0.000,0
3.327986,3170.41,3169.57,1,0,48,0,0.000,0
3.328301,3170.19,3172.09,1,0,49,0,0.000,0
3.328617,3169.97,3173.34,1,0,50,0,0.000,0
3.328932,3169.75,3169.57,1,0,51,0,0.000,0
3.329248,3169.53,3168.32,1,0,52,0,0.000,0
3.329563,3169.31,3169.57,1,0,53,0,0.000,0
3.329879,3169.09,3170.83,1,0,54,0,0.000,0
3.330194,3168.86,3168.32,1,0,55,0,0.000,0
3.330510,3168.64,3170.83,1,0,56,0,0.000,0
3.330826,3168.42,3169.57,1,0,57,0,0.000,0
3.331772,3167.76,3167.56,1,0,0,1,0.000,0
3.332088,3167.54,3169.57,1,0,1,1,0.000,0
3.332404,3167.32,3169.57,1,0,2,1,0.000,0
3.332720,3167.10,3166.56,1,0,3,1,0.000,0
3.333035,3166.88,3166.56,1,0,4,1,0.000,0
3.333351,3166.65,3167.56,1,0,5,1,0.000,0
3.333667,3166.43,3168.57,1,0,6,1,0.000,0
3.333983,3166.21,3167.56,1,0,7,1,0.000,0
3.334299,3165.99,3168.32,1,0,8,1,0.000,0
3.334614,3165.77,3165.81,1,0,9,1,0.000,0
3.334930,3165.55,3167.06,1,0,10,1,0.000,0
3.335246,3165.33,3167.06,1,0,11,1,0.000,0
3.335562,3165.11,3167.06,1,0,12,1,0.000,0
3.335878,3164.89,3167.06,1,0,13,1,0.000,0
3.336194,3164.66,3164.56,1,0,14,1,0.000,0
3.336510,3164.44,3164.56,1,0,15,1,0.000,0
3.336826,3164.22,3164.56,1,0,16,1,0.000,0
3.337142,3164.00,3164.56,1,0,17,1,0.000,0
3.337458,3163.78,3164.56,1,0,18,1,0.000,0
3.337774,3163.56,3165.81,1,0,19,1,0.000,0
3.338090,3163.34,3163.31,1,0,20,1,0.000,0
3.338407,3163.12,3164.56,1,0,21,1,0.000,0
3.338723,3162.89,3163.31,1,0,22,1,0.000,0
3.339039,3162.67,3164.56,1,0,23,1,0.000,0
3.339355,3162.45,3163.31,1,0,24,1,0.000,0
3.339671,3162.23,3164.56,1,0,25,1,0.000,0
3.339988,3162.01,3162.06,1,0,26,1,0.000,0
3.340304,3161.79,3164.56,1,0,27,1,0.000,0
3.340620,3161.57,3162.06,1,0,28,1,0.000,0
3.340936,3161.34,3163.31,1,0,29,1,0.000,0
3.341253,3161.12,3162.06,1,0,30,1,0.000,0
3.341569,3160.90,3159.56,1,0,31,1,0.000,0
3.341886,3160.68,3162.06,1,0,32,1,0.000,0
3.342202,3160.46,3159.56,1,0,33,1,0.000,0
3.342518,3160.24,3160.81,1,0,34,1,0.000,0
3.342835,3160.02,3158.31,1,0,35,1,0.000,0
3.343151,3159.79,3163.31,1,0,36,1,0.000,0
3.343468,3159.57,3159.56,1,0,37,1,0.000,0
3.343784,3159.35,3159.56,1,0,38,1,0.000,0
3.344101,3159.13,3160.81,1,0,39,1,0.000,0
3.344417,3158.91,3158.31,1,0,40,1,0.000,0
3.344734,3158.69,3160.81,1,0,41,1,0.000,0
3.345051,3158.47,3159.56,1,0,42,1,0.000,0
3.345367,3158.24,3159.56,1,0,43,1,0.000,0
3.345684,3158.02,3157.06,1,0,44,1,0.000,0
3.346000,3157.80,3158.31,1,0,45,1,0.000,0
3.346317,3157.58,3158.31,1,0,46,1,0.000,0
3.346634,3157.36,3158.31,1,0,47,1,0.000,0
3.346951,3157.14,3158.31,1,0,48,1,0.000,0
3.347267,3156.91,3158.31,1,0,49,1,0.000,0
3.347584,3156.69,3158.31,1,0,50,1,0.000,0
3.347901,3156.47,3155.82,1,0,51,1,0.000,0
3.348218,3156.25,3158.31,1,0,52,1,0.000,0
3.348535,3156.03,3157.06,1,0,53,1,0.000,0
3.348851,3155.80,3157.06,1,0,54,1,0.000,0
3.349168,3155.58,3157.06,1,0,55,1,0.000,0
3.349485,3155.36,3155.82,1,0,56,1,0.000,0
3.349802,3155.14,3155.82,1,0,57,1,0.000,0
3.350753,3154.47,3155.57,1,0,0,0,0.000,0
3.351070,3154.25,3156.57,1,0,1,0,0.000,0
3.351387,3154.03,3153.58,1,0,2,0,0.000,0
3.351704,3153.81,3154.57,1,0,3,0,0.000,0
3.352021,3153.59,3154.57,1,0,4,0,0.000,0
3.352338,3153.36,3152.59,1,0,5,0,0.000,0
3.352656,3153.14,3154.57,1,0,6,0,0.000,0
3.352973,3152.92,3153.58,1,0,7,0,0.000,0
3.353290,3152.70,3154.57,1,0,8,0,0.000,0
3.353607,3152.48,3150.85,1,0,9,0,0.000,0
3.353924,3152.25,3154.57,1,0,10,0,0.000,0
3.354242,3152.03,3153.33,1,0,11,0,0.000,0
3.354559,3151.81,3154.57,1,0,12,0,0.000,0
3.354876,3151.59,3154.57,1,0,13,0,0.000,0
3.355193,3151.36,3152.09,1,0,14,0,0.000,0
3.355511,3151.14,3152.09,1,0,15,0,0.000,0
3.355828,3150.92,3150.85,1,0,16,0,0.000,0
3.356145,3150.70,3153.33,1,0,17,0,0.000,0
3.356463,3150.48,3150.85,1,0,18,0,0.000,0
3.356780,3150.25,3149.61,1,0,19,0,0.000,0
3.357098,3150.03,3149.61,1,0,20,0,0.000,0
3.357415,3149.81,3152.09,1,0,21,0,0.000,0
3.357733,3149.59,3150.85,1,0,22,0,0.000,0
3.358050,3149.36,3149.61,1,0,23,0,0.000,0
3.358368,3149.14,3150.85,1,0,24,0,0.000,0
3.358685,3148.92,3150.85,1,0,25,0,0.000,0
3.359003,3148.70,3149.61,1,0,26,0,0.000,0
3.359321,3148.48,3150.85,1,0,27,0,0.000,0
3.359638,3148.25,3148.37,1,0,28,0,0.000,0
3.359956,3148.03,3148.37,1,0,29,0,0.000,0
3.360273,3147.81,3149.61,1,0,30,0,0.000,0
3.360591,3147.59,3150.85,1,0,31,0,0.000,0
3.360909,3147.36,3147.13,1,0,32,0,0.000,0
3.361227,3147.14,3147.13,1,0,33,0,0.000,0
3.361544,3146.92,3148.37,1,0,34,0,0.000,0
3.361862,3146.70,3145.89,1,0,35,0,0.000,0
3.362180,3146.47,3148.37,1,0,36,0,0.000,0
3.362498,3146.25,3148.37,1,0,37,0,0.000,0
3.362816,3146.03,3145.89,1,0,38,0,0.000,0
3.363134,3145.81,3144.65,1,0,39,0,0.000,0
3.363451,3145.58,3147.13,1,0,40,0,0.000,0
3.363769,3145.36,3147.13,1,0,41,0,0.000,0
3.364087,3145.14,3144.65,1,0,42,0,0.000,0
3.364405,3144.92,3147.13,1,0,43,0,0.000,0
3.364723,3144.69,3145.89,1,0,44,0,0.000,0
3.365041,3144.47,3143.42,1,0,45,0,0.000,0
3.365359,3144.25,3144.65,1,0,46,0,0.000,0
3.365677,3144.03,3145.89,1,0,47,0,0.000,0
3.365995,3143.80,3144.65,1,0,48,0,0.000,0
3.366313,3143.58,3143.42,1,0,49,0,0.000,0
3.366632,3143.36,3145.89,1,0,50,0,0.000,0
3.366950,3143.14,3143.42,1,0,51,0,0.000,0
3.367268,3142.91,3144.65,1,0,52,0,0.000,0
3.367586,3142.69,3142.18,1,0,53,0,0.000,0
3.367904,3142.47,3143.42,1,0,54,0,0.000,0
3.368223,3142.24,3143.42,1,0,55,0,0.000,0
3.368541,3142.02,3143.42,1,0,56,0,0.000,0
3.368859,3141.80,3142.18,1,0,57,0,0.000,0
3.369814,3141.13,3141.69,1,0,0,1,0.000,0
3.370132,3140.91,3142.68,1,0,1,1,0.000,0
3.370451,3140.68,3139.72,1,0,2,1,0.000,0
3.370769,3140.46,3142.68,1,0,3,1,0.000,0
3.371088,3140.24,3140.70,1,0,4,1,0.000,0
3.371406,3140.02,3140.70,1,0,5,1,0.000,0
3.371725,3139.79,3140.70,1,0,6,1,0.000,0
3.372043,3139.57,3142.68,1,0,7,1,0.000,0
3.372362,3139.35,3140.95,1,0,8,1,0.000,0
3.372680,3139.12,3139.72,1,0,9,1,0.000,0
3.372999,3138.90,3140.95,1,0,10,1,0.000,0
3.373317,3138.68,3139.72,1,0,11,1,0.000,0
3.373636,3138.46,3142.18,1,0,12,1,0.000,0
3.373955,3138.23,3139.72,1,0,13,1,0.000,0
3.374273,3138.01,3138.49,1,0,14,1,0.000,0
3.374592,3137.79,3136.03,1,0,15,1,0.000,0
3.374911,3137.56,3137.25,1,0,16,1,0.000,0
3.375229,3137.34,3138.49,1,0,17,1,0.000,0
3.375548,3137.12,3138.49,1,0,18,1,0.000,0
3.375867,3136.89,3136.03,1,0,19,1,0.000,0
3.376186,3136.67,3136.03,1,0,20,1,0.000,0
3.376504,3136.45,3136.03,1,0,21,1,0.000,0
3.376823,3136.22,3138.49,1,0,22,1,0.000,0
3.377142,3136.00,3138.49,1,0,23,1,0.000,0
3.377461,3135.78,3137.25,1,0,24,1,0.000,0
3.377780,3135.55,3136.03,1,0,25,1,0.000,0
3.378099,3135.33,3136.03,1,0,26,1,0.000,0
3.378418,3135.11,3137.25,1,0,27,1,0.000,0
3.378737,3134.88,3136.03,1,0,28,1,0.000,0
3.379056,3134.66,3136.03,1,0,29,1,0.000,0
3.379375,3134.44,3133.57,1,0,30,1,0.000,0
3.379694,3134.21,3134.80,1,0,31,1,0.000,0
3.380013,3133.99,3134.80,1,0,32,1,0.000,0
3.380332,3133.77,3134.80,1,0,33,1,0.000,0
3.380651,3133.54,3134.80,1,0,34,1,0.000,0
3.380970,3133.32,3134.80,1,0,35,1,0.000,0
3.381290,3133.10,3133.57,1,0,36,1,0.000,0
3.381609,3132.87,3133.57,1,0,37,1,0.000,0
3.381928,3132.65,3133.57,1,0,38,1,0.000,0
3.382247,3132.43,3133.57,1,0,39,1,0.000,0
3.382566,3132.20,3132.34,1,0,40,1,0.000,0
3.382886,3131.98,3132.34,1,0,41,1,0.000,0
3.383205,3131.76,3132.34,1,0,42,1,0.000,0
3.383524,3131.53,3133.57,1,0,43,1,0.000,0
3.383844,3131.31,3132.34,1,0,44,1,0.000,0
3.384163,3131.09,3132.34,1,0,45,1,0.000,0
3.384482,3130.86,3131.12,1,0,46,1,0.000,0
3.384802,3130.64,3131.12,1,0,47,1,0.000,0
3.385121,3130.42,3132.34,1,0,48,1,0.000,0
3.385441,3130.19,3131.12,1,0,49,1,0.000,0
3.385760,3129.97,3131.12,1,0,50,1,0.000,0
3.386080,3129.74,3129.89,1,0,51,1,0.000,0
3.386399,3129.52,3132.34,1,0,52,1,0.000,0
3.386719,3129.30,3129.89,1,0,53,1,0.000,0
3.387038,3129.07,3131.12,1,0,54,1,0.000,0
3.387358,3128.85,3129.89,1,0,55,1,0.000,0
3.387678,3128.63,3129.89,1,0,56,1,0.000,0
3.387997,3128.40,3129.89,1,0,57,1,0.000,0
3.388956,3127.73,3128.91,1,0,0,0,0.000,0
3.389276,3127.51,3127.93,1,0,1,0,0.000,0
3.389596,3127.28,3126.95,1,0,2,0,0.000,0
3.389916,3127.06,3126.95,1,0,3,0,0.000,0
3.390235,3126.84,3126.95,1,0,4,0,0.000,0
3.390555,3126.61,3126.95,1,0,5,0,0.000,0
3.390875,3126.39,3126.95,1,0,6,0,0.000,0
3.391195,3126.16,3126.95,1,0,7,0,0.000,0
3.391515,3125.94,3126.22,1,0,8,0,0.000,0
3.391835,3125.72,3126.22,1,0,9,0,0.000,0
3.392155,3125.49,3126.22,1,0,10,0,0.000,0
3.392475,3125.27,3128.67,1,0,11,0,0.000,0
3.392795,3125.04,3125.00,1,0,12,0,0.000,0
3.393115,3124.82,3127.44,1,0,13,0,0.000,0
3.393435,3124.60,3126.22,1,0,14,0,0.000,0
3.393755,3124.37,3126.22,1,0,15,0,0.000,0
3.394075,3124.15,3125.00,1,0,16,0,0.000,0
3.394395,3123.92,3125.00,1,0,17,0,0.000,0
3.394715,3123.70,3126.22,1,0,18,0,0.000,0
3.395035,3123.48,3123.78,1,0,19,0,0.000,0
3.395355,3123.25,3127.44,1,0,20,0,0.000,0
3.395675,3123.03,3123.78,1,0,21,0,0.000,0
3.395996,3122.80,3123.78,1,0,22,0,0.000,0
3.396316,3122.58,3122.56,1,0,23,0,0.000,0
3.396636,3122.35,3122.56,1,0,24,0,0.000,0
3.396956,3122.13,3122.56,1,0,25,0,0.000,0
3.397277,3121.91,3121.34,1,0,26,0,0.000,0
3.397597,3121.68,3121.34,1,0,27,0,0.000,0
3.397917,3121.46,3121.34,1,0,28,0,0.000,0
3.398238,3121.23,3120.12,1,0,29,0,0.000,0
3.398558,3121.01,3121.34,1,0,30,0,0.000,0
3.398879,3120.79,3121.34,1,0,31,0,0.000,0
3.399199,3120.56,3122.56,1,0,32,0,0.000,0
3.399520,3120.34,3123.78,1,0,33,0,0.000,0
3.399840,3120.11,3121.34,1,0,34,0,0.000,0
3.400161,3119.89,3122.56,1,0,35,0,0.000,0
3.400481,3119.66,3121.34,1,0,36,0,0.000,0
3.400802,3119.44,3121.34,1,0,37,0,0.000,0
3.401122,3119.21,3121.34,1,0,38,0,0.000,0
3.401443,3118.99,3121.34,1,0,39,0,0.000,0
3.401763,3118.77,3118.91,1,0,40,0,0.000,0
3.402084,3118.54,3118.91,1,0,41,0,0.000,0
3.402405,3118.32,3120.12,1,0,42,0,0.000,0
3.402725,3118.09,3120.12,1,0,43,0,0.000,0
3.403046,3117.87,3117.69,1,0,44,0,0.000,0
3.403367,3117.64,3117.69,1,0,45,0,0.000,0
3.403688,3117.42,3116.48,1,0,46,0,0.000,0
3.404008,3117.19,3116.48,1,0,47,0,0.000,0
3.404329,3116.97,3120.12,1,0,48,0,0.000,0
3.404650,3116.75,3116.48,1,0,49,0,0.000,0
3.404971,3116.52,3116.48,1,0,50,0,0.000,0
3.405292,3116.30,3115.26,1,0,51,0,0.000,0
3.405613,3116.07,3116.48,1,0,52,0,0.000,0
3.405934,3115.85,3118.91,1,0,53,0,0.000,0
3.406255,3115.62,3116.48,1,0,54,0,0.000,0
3.406576,3115.40,3116.48,1,0,55,0,0.000,0
3.406897,3115.17,3114.05,1,0,56,0,0.000,0
3.407218,3114.95,3117.69,1,0,57,0,0.000,0
3.408181,3114.27,3114.29,1,0,0,1,0.000,0
3.408502,3114.05,3115.26,1,0,1,1,0.000,0
3.408823,3113.82,3114.29,1,0,2,1,0.000,0
3.409144,3113.60,3113.32,1,0,3,1,0.000,0
3.409465,3113.37,3115.26,1,0,4,1,0.000,0
3.409787,3113.15,3114.29,1,0,5,1,0.000,0
3.410108,3112.93,3114.29,1,0,6,1,0.000,0
3.410429,3112.70,3112.36,1,0,7,1,0.000,0
3.410750,3112.48,3114.05,1,0,8,1,0.000,0
3.411072,3112.25,3112.84,1,0,9,1,0.000,0
3.411393,3112.02,3112.84,1,0,10,1,0.000,0
3.411714,3111.80,3114.05,1,0,11,1,0.000,0
3.412036,3111.58,3112.84,1,0,12,1,0.000,0
3.412357,3111.35,3112.84,1,0,13,1,0.000,0
3.412679,3111.13,3111.63,1,0,14,1,0.000,0
3.413000,3110.90,3112.84,1,0,15,1,0.000,0
3.413321,3110.68,3112.84,1,0,16,1,0.000,0
3.413643,3110.45,3110.42,1,0,17,1,0.000,0
3.413964,3110.23,3111.63,1,0,18,1,0.000,0
3.414286,3110.00,3109.21,1,0,19,1,0.000,0
3.414608,3109.78,3109.21,1,0,20,1,0.000,0
3.414929,3109.55,3110.42,1,0,21,1,0.000,0
3.415251,3109.32,3111.63,1,0,22,1,0.000,0
3.415572,3109.10,3109.21,1,0,23,1,0.000,0
3.415894,3108.87,3108.00,1,0,24,1,0.000,0
3.416216,3108.65,3111.63,1,0,25,1,0.000,0
3.416537,3108.42,3110.42,1,0,26,1,0.000,0
3.416859,3108.20,3111.63,1,0,27,1,0.000,0
3.417181,3107.97,3108.00,1,0,28,1,0.000,0
3.417503,3107.75,3109.21,1,0,29,1,0.000,0
3.417824,3107.52,3106.80,1,0,30,1,0.000,0
3.418146,3107.30,3108.00,1,0,31,1,0.000,0
3.418468,3107.07,3110.42,1,0,32,1,0.000,0
3.418790,3106.85,3108.00,1,0,33,1,0.000,0
3.419112,3106.62,3109.21,1,0,34,1,0.000,0
3.419434,3106.40,3106.80,1,0,35,1,0.000,0
3.419756,3106.17,3110.42,1,0,36,1,0.000,0
3.420078,3105.95,3106.80,1,0,37,1,0.000,0
3.420400,3105.72,3106.80,1,0,38,1,0.000,0
3.420722,3105.50,3106.80,1,0,39,1,0.000,0
3.421044,3105.27,3105.59,1,0,40,1,0.000,0
3.421366,3105.04,3105.59,1,0,41,1,0.000,0
3.421688,3104.82,3104.39,1,0,42,1,0.000,0
3.422010,3104.59,3104.39,1,0,43,1,0.000,0
3.422332,3104.37,3104.39,1,0,44,1,0.000,0
3.422654,3104.14,3103.18,1,0,45,1,0.000,0
3.422976,3103.92,3106.80,1,0,46,1,0.000,0
3.423298,3103.69,3104.39,1,0,47,1,0.000,0
3.423621,3103.47,3103.18,1,0,48,1,0.000,0
3.423943,3103.24,3101.98,1,0,49,1,0.000,0
3.424265,3103.01,3103.18,1,0,50,1,0.000,0
3.424587,3102.79,3104.39,1,0,51,1,0.000,0
3.424910,3102.56,3103.18,1,0,52,1,0.000,0
3.425232,3102.34,3103.18,1,0,53,1,0.000,0
3.425554,3102.11,3100.78,1,0,54,1,0.000,0
3.425877,3101.89,3101.98,1,0,55,1,0.000,0
3.426199,3101.66,3101.98,1,0,56,1,0.000,0
3.426521,3101.44,3105.59,1,0,57,1,0.000,0
3.427489,3100.76,3101.74,1,0,0,0,0.000,0
3.427811,3100.53,3101.74,1,0,1,0,0.000,0
3.428134,3100.31,3100.78,1,0,2,0,0.000,0
3.428456,3100.08,3102.70,1,0,3,0,0.000,0
3.428779,3099.85,3101.74,1,0,4,0,0.000,0
3.429102,3099.63,3100.78,1,0,5,0,0.000,0
3.429424,3099.40,3101.74,1,0,6,0,0.000,0
3.429747,3099.18,3099.81,1,0,7,0,0.000,0
3.430070,3098.95,3100.78,1,0,8,0,0.000,0
3.430392,3098.73,3099.57,1,0,9,0,0.000,0
3.430715,3098.50,3100.78,1,0,10,0,0.000,0
3.431038,3098.27,3097.17,1,0,11,0,0.000,0
3.431361,3098.05,3099.57,1,0,12,0,0.000,0
3.431683,3097.82,3099.57,1,0,13,0,0.000,0
3.432006,3097.60,3099.57,1,0,14,0,0.000,0
3.432329,3097.37,3095.98,1,0,15,0,0.000,0
3.432652,3097.14,3098.37,1,0,16,0,0.000,0
3.432975,3096.92,3097.17,1,0,17,0,0.000,0
3.433298,3096.69,3097.17,1,0,18,0,0.000,0
3.433621,3096.47,3098.37,1,0,19,0,0.000,0
3.433944,3096.24,3097.17,1,0,20,0,0.000,0
3.434267,3096.01,3094.78,1,0,21,0,0.000,0
3.434590,3095.79,3094.78,1,0,22,0,0.000,0
3.434913,3095.56,3097.17,1,0,23,0,0.000,0
3.435236,3095.34,3094.78,1,0,24,0,0.000,0
3.435559,3095.11,3095.98,1,0,25,0,0.000,0
3.435882,3094.88,3095.98,1,0,26,0,0.000,0
3.436205,3094.66,3095.98,1,0,27,0,0.000,0
3.436528,3094.43,3094.78,1,0,28,0,0.000,0
3.436851,3094.20,3097.17,1,0,29,0,0.000,0
3.437175,3093.98,3097.17,1,0,30,0,0.000,0
3.437498,3093.75,3095.98,1,0,31,0,0.000,0
3.437821,3093.53,3093.58,1,0,32,0,0.000,0
3.438144,3093.30,3094.78,1,0,33,0,0.000,0
3.438468,3093.07,3092.39,1,0,34,0,0.000,0
3.438791,3092.85,3094.78,1,0,35,0,0.000,0
3.439114,3092.62,3093.58,1,0,36,0,0.000,0
3.439438,3092.39,3092.39,1,0,37,0,0.000,0
3.439761,3092.17,3092.39,1,0,38,0,0.000,0
3.440084,3091.94,3092.39,1,0,39,0,0.000,0
3.440408,3091.72,3093.58,1,0,40,0,0.000,0
3.440731,3091.49,3093.58,1,0,41,0,0.000,0
3.441055,3091.26,3093.58,1,0,42,0,0.000,0
3.441378,3091.04,3091.19,1,0,43,0,0.000,0
3.441702,3090.81,3091.19,1,0,44,0,0.000,0
3.442025,3090.58,3091.19,1,0,45,0,0.000,0
3.442349,3090.36,3090.00,1,0,46,0,0.000,0
3.442672,3090.13,3090.00,1,0,47,0,0.000,0
3.442996,3089.90,3092.39,1,0,48,0,0.000,0
3.443320,3089.68,3090.00,1,0,49,0,0.000,0
3.443643,3089.45,3088.80,1,0,50,0,0.000,0
3.443967,3089.22,3090.00,1,0,51,0,0.000,0
3.444291,3089.00,3090.00,1,0,52,0,0.000,0
3.444615,3088.77,3091.19,1,0,53,0,0.000,0
3.444938,3088.54,3088.80,1,0,54,0,0.000,0
3.445262,3088.32,3088.80,1,0,55,0,0.000,0
3.445586,3088.09,3087.61,1,0,56,0,0.000,0
3.445910,3087.86,3087.61,1,0,57,0,0.000,0
3.446881,3087.18,3088.33,1,0,0,1,0.000,0
3.447205,3086.96,3088.33,1,0,1,1,0.000,0
3.447529,3086.73,3088.33,1,0,2,1,0.000,0
3.447853,3086.50,3087.37,1,0,3,1,0.000,0
3.448177,3086.28,3088.33,1,0,4,1,0.000,0
3.448501,3086.05,3087.37,1,0,5,1,0.000,0
3.448825,3085.82,3087.37,1,0,6,1,0.000,0
3.449149,3085.60,3086.42,1,0,7,1,0.000,0
3.449474,3085.37,3087.61,1,0,8,1,0.000,0
3.449798,3085.14,3085.23,1,0,9,1,0.000,0
3.450122,3084.92,3085.23,1,0,10,1,0.000,0
3.450446,3084.69,3084.04,1,0,11,1,0.000,0
3.450770,3084.46,3085.23,1,0,12,1,0.000,0
3.451094,3084.23,3086.42,1,0,13,1,0.000,0
3.451419,3084.01,3084.04,1,0,14,1,0.000,0
3.451743,3083.78,3085.23,1,0,15,1,0.000,0
3.452067,3083.55,3082.85,1,0,16,1,0.000,0
3.452392,3083.33,3084.04,1,0,17,1,0.000,0
3.452716,3083.10,3085.23,1,0,18,1,0.000,0
3.453040,3082.87,3085.23,1,0,19,1,0.000,0
3.453365,3082.65,3082.85,1,0,20,1,0.000,0
3.453689,3082.42,3084.04,1,0,21,1,0.000,0
3.454013,3082.19,3084.04,1,0,22,1,0.000,0
3.454338,3081.96,3082.85,1,0,23,1,0.000,0
3.454662,3081.74,3084.04,1,0,24,1,0.000,0
3.454987,3081.51,3082.85,1,0,25,1,0.000,0
3.455311,3081.28,3080.48,1,0,26,1,0.000,0
3.455636,3081.06,3081.66,1,0,27,1,0.000,0
3.455961,3080.83,3082.85,1,0,28,1,0.000,0
3.456285,3080.60,3080.48,1,0,29,1,0.000,0
3.456610,3080.37,3081.66,1,0,30,1,0.000,0
3.456934,3080.15,3079.29,1,0,31,1,0.000,0
3.457259,3079.92,3079.29,1,0,32,1,0.000,0
3.457584,3079.69,3080.48,1,0,33,1,0.000,0
3.457908,3079.46,3080.48,1,0,34,1,0.000,0
3.458233,3079.24,3080.48,1,0,35,1,0.000,0
3.458558,3079.01,3079.29,1,0,36,1,0.000,0
3.458883,3078.78,3079.29,1,0,37,1,0.000,0
3.459208,3078.56,3078.11,1,0,38,1,0.000,0
3.459532,3078.33,3081.66,1,0,39,1,0.000,0
3.459857,3078.10,3080.48,1,0,40,1,0.000,0
3.460182,3077.87,3080.48,1,0,41,1,0.000,0
3.460507,3077.65,3079.29,1,0,42,1,0.000,0
3.460832,3077.42,3080.48,1,0,43,1,0.000,0
3.461157,3077.19,3078.11,1,0,44,1,0.000,0
3.461482,3076.96,3079.29,1,0,45,1,0.000,0
3.461807,3076.74,3078.11,1,0,46,1,0.000,0
3.462132,3076.51,3076.92,1,0,47,1,0.000,0
3.462457,3076.28,3076.92,1,0,48,1,0.000,0
3.462782,3076.05,3075.74,1,0,49,1,0.000,0
3.463107,3075.83,3076.92,1,0,50,1,0.000,0
3.463432,3075.60,3073.38,1,0,51,1,0.000,0
3.463758,3075.37,3075.74,1,0,52,1,0.000,0
3.464083,3075.14,3073.38,1,0,53,1,0.000,0
3.464408,3074.92,3076.92,1,0,54,1,0.000,0
3.464733,3074.69,3075.74,1,0,55,1,0.000,0
3.465058,3074.46,3075.74,1,0,56,1,0.000,0
3.465384,3074.23,3075.74,1,0,57,1,0.000,0
3.466360,3073.55,3074.09,1,0,0,0,0.000,0
3.466685,3073.32,3075.03,1,0,1,0,0.000,0
3.467010,3073.09,3075.03,1,0,2,0,0.000,0
3.467336,3072.87,3074.09,1,0,3,0,0.000,0
3.467661,3072.64,3072.20,1,0,4,0,0.000,0
3.467987,3072.41,3073.14,1,0,5,0,0.000,0
3.468312,3072.18,3073.14,1,0,6,0,0.000,0
3.468638,3071.95,3071.25,1,0,7,0,0.000,0
3.468963,3071.73,3072.20,1,0,8,0,0.000,0
3.469289,3071.50,3073.38,1,0,9,0,0.000,0
3.469614,3071.27,3071.02,1,0,10,0,0.000,0
3.469940,3071.04,3073.38,1,0,11,0,0.000,0
3.470266,3070.81,3073.38,1,0,12,0,0.000,0
3.470591,3070.59,3072.20,1,0,13,0,0.000,0
3.470917,3070.36,3071.02,1,0,14,0,0.000,0
3.471243,3070.13,3072.20,1,0,15,0,0.000,0
3.471568,3069.90,3069.84,1,0,16,0,0.000,0
3.471894,3069.67,3069.84,1,0,17,0,0.000,0
3.472220,3069.45,3071.02,1,0,18,0,0.000,0
3.472546,3069.22,3069.84,1,0,19,0,0.000,0
3.472872,3068.99,3068.66,1,0,20,0,0.000,0
3.473197,3068.76,3068.66,1,0,21,0,0.000,0
3.473523,3068.53,3069.84,1,0,22,0,0.000,0
3.473849,3068.31,3069.84,1,0,23,0,0.000,0
3.474175,3068.08,3069.84,1,0,24,0,0.000,0
3.474501,3067.85,3068.66,1,0,25,0,0.000,0
3.474827,3067.62,3067.48,1,0,26,0,0.000,0
3.475153,3067.39,3068.66,1,0,27,0,0.000,0
3.475479,3067.16,3068.66,1,0,28,0,0.000,0
3.475805,3066.94,3068.66,1,0,29,0,0.000,0
3.476131,3066.71,3066.31,1,0,30,0,0.000,0
3.476457,3066.48,3066.31,1,0,31,0,0.000,0
3.476783,3066.25,3067.48,1,0,32,0,0.000,0
3.477110,3066.02,3067.48,1,0,33,0,0.000,0
3.477436,3065.80,3067.48,1,0,34,0,0.000,0
3.477762,3065.57,3065.13,1,0,35,0,0.000,0
3.478088,3065.34,3067.48,1,0,36,0,0.000,0
3.478414,3065.11,3065.13,1,0,37,0,0.000,0
3.478741,3064.88,3067.48,1,0,38,0,0.000,0
3.479067,3064.65,3065.13,1,0,39,0,0.000,0
3.479393,3064.42,3066.31,1,0,40,0,0.000,0
3.479720,3064.20,3065.13,1,0,41,0,0.000,0
3.480046,3063.97,3065.13,1,0,42,0,0.000,0
3.480372,3063.74,3066.31,1,0,43,0,0.000,0
3.480699,3063.51,3062.79,1,0,44,0,0.000,0
3.481025,3063.28,3063.96,1,0,45,0,0.000,0
3.481352,3063.05,3065.13,1,0,46,0,0.000,0
3.481678,3062.83,3063.96,1,0,47,0,0.000,0
3.482005,3062.60,3063.96,1,0,48,0,0.000,0
3.482331,3062.37,3062.79,1,0,49,0,0.000,0
3.482658,3062.14,3062.79,1,0,50,0,0.000,0
3.482984,3061.91,3063.96,1,0,51,0,0.000,0
3.483311,3061.68,3063.96,1,0,52,0,0.000,0
3.483638,3061.45,3063.96,1,0,53,0,0.000,0
3.483964,3061.23,3060.44,1,0,54,0,0.000,0
3.484291,3061.00,3063.96,1,0,55,0,0.000,0
3.484618,3060.77,3060.44,1,0,56,0,0.000,0
3.484944,3060.54,3061.61,1,0,57,0,0.000,0
3.485925,3059.85,3060.91,1,0,0,1,0.000,0
3.486251,3059.62,3059.04,1,0,1,1,0.000,0
3.486578,3059.40,3059.04,1,0,2,1,0.000,0
3.486905,3059.17,3060.91,1,0,3,1,0.000,0
3.487232,3058.94,3059.98,1,0,4,1,0.000,0
3.487559,3058.71,3059.04,1,0,5,1,0.000,0
3.487886,3058.48,3059.98,1,0,6,1,0.000,0
3.488213,3058.25,3059.04,1,0,7,1,0.000,0
3.488540,3058.02,3060.44,1,0,8,1,0.000,0
3.488867,3057.79,3060.44,1,0,9,1,0.000,0
3.489194,3057.56,3059.27,1,0,10,1,0.000,0
3.489521,3057.34,3056.94,1,0,11,1,0.000,0
3.489848,3057.11,3058.10,1,0,12,1,0.000,0
3.490175,3056.88,3058.10,1,0,13,1,0.000,0
3.490502,3056.65,3056.94,1,0,14,1,0.000,0
3.490830,3056.42,3056.94,1,0,15,1,0.000,0
3.491157,3056.19,3056.94,1,0,16,1,0.000,0
3.491484,3055.96,3055.77,1,0,17,1,0.000,0
3.491811,3055.73,3058.10,1,0,18,1,0.000,0
3.492138,3055.50,3056.94,1,0,19,1,0.000,0
3.492466,3055.27,3056.94,1,0,20,1,0.000,0
3.492793,3055.04,3054.60,1,0,21,1,0.000,0
3.493120,3054.82,3058.10,1,0,22,1,0.000,0
3.493448,3054.59,3055.77,1,0,23,1,0.000,0
3.493775,3054.36,3054.60,1,0,24,1,0.000,0
3.494103,3054.13,3054.60,1,0,25,1,0.000,0
3.494430,3053.90,3053.44,1,0,26,1,0.000,0
3.494758,3053.67,3054.60,1,0,27,1,0.000,0
3.495085,3053.44,3052.27,1,0,28,1,0.000,0
3.495413,3053.21,3055.77,1,0,29,1,0.000,0
3.495740,3052.98,3052.27,1,0,30,1,0.000,0
3.496068,3052.75,3054.60,1,0,31,1,0.000,0
3.496395,3052.52,3053.44,1,0,32,1,0.000,0
3.496723,3052.29,3053.44,1,0,33,1,0.000,0
3.497050,3052.07,3053.44,1,0,34,1,0.000,0
3.497378,3051.84,3052.27,1,0,35,1,0.000,0
3.497706,3051.61,3053.44,1,0,36,1,0.000,0
3.498033,3051.38,3052.27,1,0,37,1,0.000,0
3.498361,3051.15,3052.27,1,0,38,1,0.000,0
3.498689,3050.92,3052.27,1,0,39,1,0.000,0
3.499017,3050.69,3052.27,1,0,40,1,0.000,0
3.499345,3050.46,3051.11,1,0,41,1,0.000,0
3.499672,3050.23,3051.11,1,0,42,1,0.000,0
3.500000,3050.00,3051.11,1,0,43,1,0.000,0
3.500328,3049.77,3051.11,1,0,44,1,0.000,0
3.500656,3049.54,3051.11,1,0,45,1,0.000,0
3.500984,3049.31,3049.94,1,0,46,1,0.000,0
3.501312,3049.08,3049.94,1,0,47,1,0.000,0
3.501640,3048.85,3047.62,1,0,48,1,0.000,0
3.501968,3048.62,3049.94,1,0,49,1,0.000,0
3.502296,3048.39,3047.62,1,0,50,1,0.000,0
3.502624,3048.16,3048.78,1,0,51,1,0.000,0
3.502952,3047.93,3048.78,1,0,52,1,0.000,0
3.503280,3047.70,3046.46,1,0,53,1,0.000,0
3.503608,3047.47,3049.94,1,0,54,1,0.000,0
3.503936,3047.24,3046.46,1,0,55,1,0.000,0
3.504265,3047.02,3049.94,1,0,56,1,0.000,0
3.504593,3046.79,3048.78,1,0,57,1,0.000,0
3.505578,3046.10,3047.85,1,0,0,0,0.000,0
3.505906,3045.87,3046.92,1,0,1,0,0.000,0
3.506234,3045.64,3047.85,1,0,2,0,0.000,0
3.506563,3045.41,3045.99,1,0,3,0,0.000,0
3.506891,3045.18,3045.07,1,0,4,0,0.000,0
3.507219,3044.95,3046.92,1,0,5,0,0.000,0
3.507548,3044.72,3044.14,1,0,6,0,0.000,0
3.507876,3044.49,3045.07,1,0,7,0,0.000,0
3.508205,3044.26,3045.30,1,0,8,0,0.000,0
3.508533,3044.03,3045.30,1,0,9,0,0.000,0
3.508862,3043.80,3045.30,1,0,10,0,0.000,0
3.509190,3043.57,3046.46,1,0,11,0,0.000,0
3.509519,3043.34,3044.14,1,0,12,0,0.000,0
3.509847,3043.11,3041.83,1,0,13,0,0.000,0
3.510176,3042.88,3045.30,1,0,14,0,0.000,0
3.510505,3042.65,3042.98,1,0,15,0,0.000,0
3.510833,3042.42,3042.98,1,0,16,0,0.000,0
3.511162,3042.19,3042.98,1,0,17,0,0.000,0
3.511491,3041.96,3042.98,1,0,18,0,0.000,0
3.511820,3041.73,3041.83,1,0,19,0,0.000,0
3.512148,3041.50,3042.98,1,0,20,0,0.000,0
3.512477,3041.27,3044.14,1,0,21,0,0.000,0
3.512806,3041.04,3040.67,1,0,22,0,0.000,0
3.513135,3040.81,3041.83,1,0,23,0,0.000,0
3.513464,3040.58,3041.83,1,0,24,0,0.000,0
3.513793,3040.35,3040.67,1,0,25,0,0.000,0
3.514121,3040.12,3039.51,1,0,26,0,0.000,0
3.514450,3039.89,3040.67,1,0,27,0,0.000,0
3.514779,3039.65,3039.51,1,0,28,0,0.000,0
3.515108,3039.42,3040.67,1,0,29,0,0.000,0
3.515437,3039.19,3040.67,1,0,30,0,0.000,0
3.515766,3038.96,3039.51,1,0,31,0,0.000,0
3.516096,3038.73,3040.67,1,0,32,0,0.000,0
3.516425,3038.50,3039.51,1,0,33,0,0.000,0
3.516754,3038.27,3038.36,1,0,34,0,0.000,0
3.517083,3038.04,3040.67,1,0,35,0,0.000,0
3.517412,3037.81,3039.51,1,0,36,0,0.000,0
3.517741,3037.58,3037.21,1,0,37,0,0.000,0
3.518071,3037.35,3038.36,1,0,38,0,0.000,0
3.518400,3037.12,3038.36,1,0,39,0,0.000,0
3.518729,3036.89,3038.36,1,0,40,0,0.000,0
3.519058,3036.66,3038.36,1,0,41,0,0.000,0
3.519388,3036.43,3037.21,1,0,42,0,0.000,0
3.519717,3036.20,3034.90,1,0,43,0,0.000,0
3.520046,3035.97,3038.36,1,0,44,0,0.000,0
3.520376,3035.74,3038.36,1,0,45,0,0.000,0
3.520705,3035.51,3036.05,1,0,46,0,0.000,0
3.521035,3035.28,3037.21,1,0,47,0,0.000,0
3.521364,3035.05,3036.05,1,0,48,0,0.000,0
3.521694,3034.81,3036.05,1,0,49,0,0.000,0
3.522023,3034.58,3036.05,1,0,50,0,0.000,0
3.522353,3034.35,3034.90,1,0,51,0,0.000,0
3.522682,3034.12,3033.75,1,0,52,0,0.000,0
3.523012,3033.89,3034.90,1,0,53,0,0.000,0
3.523341,3033.66,3036.05,1,0,54,0,0.000,0
3.523671,3033.43,3032.60,1,0,55,0,0.000,0
3.524001,3033.20,3034.90,1,0,56,0,0.000,0
3.524330,3032.97,3033.75,1,0,57,0,0.000,0
3.525320,3032.28,3033.06,1,0,0,1,0.000,0
3.525650,3032.05,3034.90,1,0,1,1,0.000,0
3.525979,3031.81,3032.14,1,0,2,1,0.000,0
3.526309,3031.58,3033.06,1,0,3,1,0.000,0
3.526639,3031.35,3032.14,1,0,4,1,0.000,0
3.526969,3031.12,3033.98,1,0,5,1,0.000,0
3.527299,3030.89,3031.22,1,0,6,1,0.000,0
3.527629,3030.66,3031.22,1,0,7,1,0.000,0
3.527959,3030.43,3031.45,1,0,8,1,0.000,0
3.528289,3030.20,3031.45,1,0,9,1,0.000,0
3.528619,3029.97,3031.45,1,0,10,1,0.000,0
3.528949,3029.74,3029.16,1,0,11,1,0.000,0
3.529279,3029.51,3030.30,1,0,12,1,0.000,0
3.529609,3029.27,3029.16,1,0,13,1,0.000,0
3.529939,3029.04,3028.01,1,0,14,1,0.000,0
3.530269,3028.81,3030.30,1,0,15,1,0.000,0
3.530600,3028.58,3029.16,1,0,16,1,0.000,0
3.530930,3028.35,3028.01,1,0,17,1,0.000,0
3.531260,3028.12,3029.16,1,0,18,1,0.000,0
3.531590,3027.89,3029.16,1,0,19,1,0.000,0
3.531920,3027.66,3028.01,1,0,20,1,0.000,0
3.532251,3027.43,3026.86,1,0,21,1,0.000,0
3.532581,3027.19,3028.01,1,0,22,1,0.000,0
3.532911,3026.96,3028.01,1,0,23,1,0.000,0
3.533242,3026.73,3028.01,1,0,24,1,0.000,0
3.533572,3026.50,3028.01,1,0,25,1,0.000,0
3.533903,3026.27,3026.86,1,0,26,1,0.000,0
3.534233,3026.04,3025.72,1,0,27,1,0.000,0
3.534564,3025.81,3029.16,1,0,28,1,0.000,0
3.534894,3025.57,3030.30,1,0,29,1,0.000,0
3.535225,3025.34,3026.86,1,0,30,1,0.000,0
3.535555,3025.11,3025.72,1,0,31,1,0.000,0
3.535886,3024.88,3028.01,1,0,32,1,0.000,0
3.536216,3024.65,3025.72,1,0,33,1,0.000,0
3.536547,3024.42,3025.72,1,0,34,1,0.000,0
3.536878,3024.19,3025.72,1,0,35,1,0.000,0
3.537208,3023.95,3022.29,1,0,36,1,0.000,0
3.537539,3023.72,3022.29,1,0,37,1,0.000,0
3.537870,3023.49,3024.57,1,0,38,1,0.000,0
3.538200,3023.26,3023.43,1,0,39,1,0.000,0
3.538531,3023.03,3022.29,1,0,40,1,0.000,0
3.538862,3022.80,3023.43,1,0,41,1,0.000,0
3.539193,3022.57,3023.43,1,0,42,1,0.000,0
3.539524,3022.33,3023.43,1,0,43,1,0.000,0
3.539855,3022.10,3023.43,1,0,44,1,0.000,0
3.540186,3021.87,3024.57,1,0,45,1,0.000,0
3.540516,3021.64,3022.29,1,0,46,1,0.000,0
3.540847,3021.41,3023.43,1,0,47,1,0.000,0
3.541178,3021.18,3022.29,1,0,48,1,0.000,0
3.541509,3020.94,3020.01,1,0,49,1,0.000,0
3.541840,3020.71,3021.15,1,0,50,1,0.000,0
3.542172,3020.48,3022.29,1,0,51,1,0.000,0
3.542503,3020.25,3021.15,1,0,52,1,0.000,0
3.542834,3020.02,3020.01,1,0,53,1,0.000,0
3.543165,3019.79,3021.15,1,0,54,1,0.000,0
3.543496,3019.55,3020.01,1,0,55,1,0.000,0
3.543827,3019.32,3020.01,1,0,56,1,0.000,0
3.544158,3019.09,3023.43,1,0,57,1,0.000,0
3.545152,3018.39,3019.32,1,0,0,0,0.000,0
3.545484,3018.16,3019.32,1,0,1,0,0.000,0
3.545815,3017.93,3019.32,1,0,2,0,0.000,0
3.546146,3017.70,3019.32,1,0,3,0,0.000,0
3.546478,3017.47,3019.32,1,0,4,0,0.000,0
3.546809,3017.23,3018.41,1,0,5,0,0.000,0
3.547141,3017.00,3016.59,1,0,6,0,0.000,0
3.547472,3016.77,3015.68,1,0,7,0,0.000,0
3.547803,3016.54,3017.73,1,0,8,0,0.000,0
3.548135,3016.31,3016.59,1,0,9,0,0.000,0
3.548467,3016.07,3016.59,1,0,10,0,0.000,0
3.548798,3015.84,3015.45,1,0,11,0,0.000,0
3.549130,3015.61,3016.59,1,0,12,0,0.000,0
3.549461,3015.38,3015.45,1,0,13,0,0.000,0
3.549793,3015.15,3017.73,1,0,14,0,0.000,0
3.550125,3014.91,3017.73,1,0,15,0,0.000,0
3.550456,3014.68,3017.73,1,0,16,0,0.000,0
3.550788,3014.45,3014.32,1,0,17,0,0.000,0
3.551120,3014.22,3015.45,1,0,18,0,0.000,0
3.551452,3013.98,3014.32,1,0,19,0,0.000,0
3.551783,3013.75,3013.18,1,0,20,0,0.000,0
3.552115,3013.52,3014.32,1,0,21,0,0.000,0
3.552447,3013.29,3014.32,1,0,22,0,0.000,0
3.552779,3013.06,3014.32,1,0,23,0,0.000,0
3.553111,3012.82,3012.05,1,0,24,0,0.000,0
3.553443,3012.59,3012.05,1,0,25,0,0.000,0
3.553775,3012.36,3013.18,1,0,26,0,0.000,0
3.554107,3012.13,3012.05,1,0,27,0,0.000,0
3.554439,3011.89,3014.32,1,0,28,0,0.000,0
3.554771,3011.66,3013.18,1,0,29,0,0.000,0
3.555103,3011.43,3012.05,1,0,30,0,0.000,0
3.555435,3011.20,3010.91,1,0,31,0,0.000,0
3.555767,3010.96,3012.05,1,0,32,0,0.000,0
3.556099,3010.73,3014.32,1,0,33,0,0.000,0
3.556431,3010.50,3010.91,1,0,34,0,0.000,0
3.556763,3010.27,3012.05,1,0,35,0,0.000,0
3.557096,3010.03,3009.78,1,0,36,0,0.000,0
3.557428,3009.80,3010.91,1,0,37,0,0.000,0
3.557760,3009.57,3010.91,1,0,38,0,0.000,0
3.558092,3009.34,3010.91,1,0,39,0,0.000,0
3.558425,3009.10,3010.91,1,0,40,0,0.000,0
3.558757,3008.87,3009.78,1,0,41,0,0.000,0
3.559089,3008.64,3010.91,1,0,42,0,0.000,0
3.559422,3008.41,3009.78,1,0,43,0,0.000,0
3.559754,3008.17,3009.78,1,0,44,0,0.000,0
3.560087,3007.94,3008.65,1,0,45,0,0.000,0
3.560419,3007.71,3007.52,1,0,46,0,0.000,0
3.560752,3007.47,3008.65,1,0,47,0,0.000,0
3.561084,3007.24,3006.39,1,0,48,0,0.000,0
3.561417,3007.01,3007.52,1,0,49,0,0.000,0
3.561749,3006.78,3007.52,1,0,50,0,0.000,0
3.562082,3006.54,3007.52,1,0,51,0,0.000,0
3.562414,3006.31,3007.52,1,0,52,0,0.000,0
3.562747,3006.08,3006.39,1,0,53,0,0.000,0
3.563080,3005.84,3007.52,1,0,54,0,0.000,0
3.563413,3005.61,3006.39,1,0,55,0,0.000,0
3.563745,3005.38,3007.52,1,0,56,0,0.000,0
3.564078,3005.15,3005.26,1,0,57,0,0.000,0
3.565076,3004.45,3005.71,1,0,0,1,0.000,0
3.565409,3004.21,3005.71,1,0,1,1,0.000,0
3.565742,3003.98,3004.81,1,0,2,1,0.000,0
3.566075,3003.75,3005.71,1,0,3,1,0.000,0
3.566408,3003.52,3003.91,1,0,4,1,0.000,0
3.566741,3003.28,3003.91,1,0,5,1,0.000,0
3.567074,3003.05,3003.91,1,0,6,1,0.000,0
3.567407,3002.82,3004.81,1,0,7,1,0.000,0
3.567740,3002.58,3004.13,1,0,8,1,0.000,0
3.568073,3002.35,3001.88,1,0,9,1,0.000,0
3.568406,3002.12,3003.00,1,0,10,1,0.000,0
3.568739,3001.88,3004.13,1,0,11,1,0.000,0
3.569072,3001.65,3004.13,1,0,12,1,0.000,0
3.569405,3001.42,3001.88,1,0,13,1,0.000,0
3.569739,3001.18,3003.00,1,0,14,1,0.000,0
3.570072,3000.95,3000.75,1,0,15,1,0.000,0
3.570405,3000.72,3000.75,1,0,16,1,0.000,0
3.570738,3000.48,3004.13,1,0,17,1,0.000,0
3.571072,3000.25,3001.88,1,0,18,1,0.000,0
3.571405,3000.02,2998.50,1,1,19,1,0.000,0
3.571738,2999.78,3000.75,1,1,20,1,0.000,0
3.572072,2999.55,3000.75,1,1,21,1,0.000,0
3.572405,2999.32,2998.50,1,1,22,1,0.000,0
3.572739,2999.08,3001.88,1,1,23,1,0.000,0
3.573072,2998.85,2998.50,1,1,24,1,0.000,0
3.573405,2998.62,2997.38,1,1,25,1,0.000,0
3.573739,2998.38,2999.62,1,1,26,1,0.000,0
3.574072,2998.15,3001.88,1,1,27,1,0.000,0
3.574406,2997.92,2998.50,1,1,28,1,0.000,0
3.574740,2997.68,2998.50,1,1,29,1,0.000,0
3.575073,2997.45,3000.75,1,1,30,1,0.000,0
3.575407,2997.22,2998.50,1,1,31,1,0.000,0
3.575741,2996.98,3000.75,1,1,32,1,0.000,0
3.576074,2996.75,2997.38,1,1,33,1,0.000,0
3.576408,2996.52,2996.25,1,1,34,1,0.000,0
3.576742,2996.28,2995.13,1,1,35,1,0.000,0
3.577075,2996.05,2997.38,1,1,36,1,0.000,0
3.577409,2995.81,2997.38,1,1,37,1,0.000,0
3.577743,2995.58,2995.13,1,1,38,1,0.000,0
3.578077,2995.35,2995.13,1,1,39,1,0.000,0
3.578411,2995.11,2994.01,1,1,40,1,0.000,0
3.578745,2994.88,2995.13,1,1,41,1,0.000,0
3.579079,2994.65,2995.13,1,1,42,1,0.000,0
3.579412,2994.41,2995.13,1,1,43,1,0.000,0
3.579746,2994.18,2994.01,1,1,44,1,0.000,0
3.580080,2993.94,2995.13,1,1,45,1,0.000,0
3.580414,2993.71,2995.13,1,1,46,1,0.000,0
3.580748,2993.48,2995.13,1,1,47,1,0.000,0
3.581083,2993.24,2994.01,1,1,48,1,0.000,0
3.581417,2993.01,2996.25,1,1,49,1,0.000,0
3.581751,2992.78,2994.01,1,1,50,1,0.000,0
3.582085,2992.54,2995.13,1,1,51,1,0.000,0
3.582419,2992.31,2992.89,1,1,52,1,0.000,0
3.582753,2992.07,2992.89,1,1,53,1,0.000,0
3.583088,2991.84,2991.77,1,1,54,1,0.000,0
3.583422,2991.61,2991.77,1,1,55,1,0.000,0
3.583756,2991.37,2994.01,1,1,56,1,0.000,0
3.584090,2991.14,2992.89,1,1,57,1,0.000,0
3.585093,2990.43,2991.33,1,1,0,0,0.000,0
3.585428,2990.20,2990.43,1,1,1,0,0.000,0
3.585762,2989.97,2992.22,1,1,2,0,0.000,0
3.586097,2989.73,2991.33,1,1,3,0,0.000,0
3.586431,2989.50,2991.33,1,1,4,0,0.000,0
3.586766,2989.26,2991.33,1,1,5,0,0.000,0
3.587100,2989.03,2988.64,1,1,6,0,0.000,0
3.587435,2988.80,2988.64,1,1,7,0,0.000,0
3.587769,2988.56,2989.54,1,1,8,0,0.000,0
3.588104,2988.33,2990.65,1,1,9,0,0.000,0
3.588439,2988.09,2990.65,1,1,10,0,0.000,0
3.588773,2987.86,2988.42,1,1,11,0,0.000,0
3.589108,2987.62,2987.30,1,1,12,0,0.000,0
3.589443,2987.39,2986.19,1,1,13,0,0.000,0
3.589778,2987.16,2989.54,1,1,14,0,0.000,0
3.590112,2986.92,2988.42,1,1,15,0,0.000,0
3.590447,2986.69,2988.42,1,1,16,0,0.000,0
3.590782,2986.45,2986.19,1,1,17,0,0.000,0
3.591117,2986.22,2985.07,1,1,18,0,0.000,0
3.591452,2985.98,2987.30,1,1,19,0,0.000,0
3.591787,2985.75,2988.42,1,1,20,0,0.000,0
3.592122,2985.52,2988.42,1,1,21,0,0.000,0
3.592457,2985.28,2985.07,1,1,22,0,0.000,0
3.592792,2985.05,2985.07,1,1,23,0,0.000,0
3.593127,2984.81,2986.19,1,1,24,0,0.000,0
3.593462,2984.58,2986.19,1,1,25,0,0.000,0
3.593797,2984.34,2986.19,1,1,26,0,0.000,0
3.594132,2984.11,2985.07,1,1,27,0,0.000,0
3.594467,2983.87,2985.07,1,1,28,0,0.000,0
3.594802,2983.64,2982.85,1,1,29,0,0.000,0
3.595137,2983.40,2985.07,1,1,30,0,0.000,0
3.595472,2983.17,2985.07,1,1,31,0,0.000,0
3.595808,2982.94,2982.85,1,1,32,0,0.000,0
3.596143,2982.70,2982.85,1,1,33,0,0.000,0
3.596478,2982.47,2981.74,1,1,34,0,0.000,0
3.596814,2982.23,2982.85,1,1,35,0,0.000,0
3.597149,2982.00,2981.74,1,1,36,0,0.000,0
3.597484,2981.76,2983.96,1,1,37,0,0.000,0
3.597820,2981.53,2982.85,1,1,38,0,0.000,0
3.598155,2981.29,2981.74,1,1,39,0,0.000,0
3.598490,2981.06,2981.74,1,1,40,0,0.000,0
3.598826,2980.82,2982.85,1,1,41,0,0.000,0
3.599161,2980.59,2981.74,1,1,42,0,0.000,0
3.599497,2980.35,2979.52,1,1,43,0,0.000,0
3.599832,2980.12,2979.52,1,1,44,0,0.000,0
3.600168,2979.88,2981.74,1,1,45,0,0.000,0
3.600504,2979.65,2979.52,1,1,46,0,0.000,0
3.600839,2979.41,2979.52,1,1,47,0,0.000,0
3.601175,2979.18,2980.63,1,1,48,0,0.000,0
3.601511,2978.94,2978.41,1,1,49,0,0.000,0
3.601846,2978.71,2980.63,1,1,50,0,0.000,0
3.602182,2978.47,2980.63,1,1,51,0,0.000,0
3.602518,2978.24,2980.63,1,1,52,0,0.000,0
3.602854,2978.00,2977.30,1,1,53,0,0.000,0
3.603189,2977.77,2978.41,1,1,54,0,0.000,0
3.603525,2977.53,2979.52,1,1,55,0,0.000,0
3.603861,2977.30,2979.52,1,1,56,0,0.000,0
3.604197,2977.06,2977.30,1,1,57,0,0.000,0
3.605205,2976.36,2977.08,1,1,0,1,0.000,0
3.605541,2976.12,2977.96,1,1,1,1,0.000,0
3.605877,2975.89,2977.96,1,1,2,1,0.000,0
3.606213,2975.65,2977.96,1,1,3,1,0.000,0
3.606549,2975.42,2976.19,1,1,4,1,0.000,0
3.606885,2975.18,2976.19,1,1,5,1,0.000,0
3.607221,2974.95,2974.42,1,1,6,1,0.000,0
3.607557,2974.71,2977.08,1,1,7,1,0.000,0
3.607893,2974.47,2975.08,1,1,8,1,0.000,0
3.608230,2974.24,2975.08,1,1,9,1,0.000,0
3.608566,2974.00,2973.98,1,1,10,1,0.000,0
3.608902,2973.77,2973.98,1,1,11,1,0.000,0
3.609238,2973.53,2977.30,1,1,12,1,0.000,0
3.609575,2973.30,2975.08,1,1,13,1,0.000,0
3.609911,2973.06,2975.08,1,1,14,1,0.000,0
3.610247,2972.83,2972.87,1,1,15,1,0.000,0
3.610584,2972.59,2973.98,1,1,16,1,0.000,0
3.610920,2972.36,2971.77,1,1,17,1,0.000,0
3.611257,2972.12,2973.98,1,1,18,1,0.000,0
3.611593,2971.88,2971.77,1,1,19,1,0.000,0
3.611930,2971.65,2971.77,1,1,20,1,0.000,0
3.612266,2971.41,2971.77,1,1,21,1,0.000,0
3.612603,2971.18,2972.87,1,1,22,1,0.000,0
3.612939,2970.94,2973.98,1,1,23,1,0.000,0
3.613276,2970.71,2972.87,1,1,24,1,0.000,0
3.613613,2970.47,2970.66,1,1,25,1,0.000,0
3.613949,2970.24,2969.56,1,1,26,1,0.000,0
3.614286,2970.00,2971.77,1,1,27,1,0.000,0
3.614623,2969.76,2969.56,1,1,28,1,0.000,0
3.614959,2969.53,2969.56,1,1,29,1,0.000,0
3.615296,2969.29,2968.46,1,1,30,1,0.000,0
3.615633,2969.06,2968.46,1,1,31,1,0.000,0
3.615970,2968.82,2968.46,1,1,32,1,0.000,0
3.616307,2968.59,2971.77,1,1,33,1,0.000,0
3.616644,2968.35,2969.56,1,1,34,1,0.000,0
3.616980,2968.11,2968.46,1,1,35,1,0.000,0
3.617317,2967.88,2968.46,1,1,36,1,0.000,0
3.617654,2967.64,2969.56,1,1,37,1,0.000,0
3.617991,2967.41,2969.56,1,1,38,1,0.000,0
3.618328,2967.17,2967.36,1,1,39,1,0.000,0
3.618665,2966.93,2969.56,1,1,40,1,0.000,0
3.619002,2966.70,2968.46,1,1,41,1,0.000,0
3.619339,2966.46,2967.36,1,1,42,1,0.000,0
3.619677,2966.23,2966.26,1,1,43,1,0.000,0
3.620014,2965.99,2967.36,1,1,44,1,0.000,0
3.620351,2965.76,2965.16,1,1,45,1,0.000,0
3.620688,2965.52,2965.16,1,1,46,1,0.000,0
3.621025,2965.28,2967.36,1,1,47,1,0.000,0
3.621363,2965.05,2965.16,1,1,48,1,0.000,0
3.621700,2964.81,2964.06,1,1,49,1,0.000,0
3.622037,2964.57,2965.16,1,1,50,1,0.000,0
3.622374,2964.34,2966.26,1,1,51,1,0.000,0
3.622712,2964.10,2966.26,1,1,52,1,0.000,0
3.623049,2963.87,2966.26,1,1,53,1,0.000,0
3.623387,2963.63,2965.16,1,1,54,1,0.000,0
3.623724,2963.39,2965.16,1,1,55,1,0.000,0
3.624062,2963.16,2962.96,1,1,56,1,0.000,0
3.624399,2962.92,2964.06,1,1,57,1,0.000,0
3.625412,2962.21,2964.72,1,1,0,0,0.000,0
3.625749,2961.98,2963.84,1,1,1,0,0.000,0
3.626087,2961.74,2962.96,1,1,2,0,0.000,0
3.626425,2961.50,2962.09,1,1,3,0,0.000,0
3.626762,2961.27,2962.96,1,1,4,0,0.000,0
3.627100,2961.03,2962.09,1,1,5,0,0.000,0
3.627438,2960.79,2962.09,1,1,6,0,0.000,0
3.627775,2960.56,2962.09,1,1,7,0,0.000,0
3.628113,2960.32,2959.67,1,1,8,0,0.000,0
3.628451,2960.08,2960.77,1,1,9,0,0.000,0
3.628789,2959.85,2959.67,1,1,10,0,0.000,0
3.629127,2959.61,2960.77,1,1,11,0,0.000,0
3.629465,2959.38,2960.77,1,1,12,0,0.000,0
3.629803,2959.14,2960.77,1,1,13,0,0.000,0
3.630140,2958.90,2959.67,1,1,14,0,0.000,0
3.630478,2958.67,2959.67,1,1,15,0,0.000,0
3.630816,2958.43,2959.67,1,1,16,0,0.000,0
3.631155,2958.19,2959.67,1,1,17,0,0.000,0
3.631493,2957.96,2959.67,1,1,18,0,0.000,0
3.631831,2957.72,2959.67,1,1,19,0,0.000,0
3.632169,2957.48,2958.58,1,1,20,0,0.000,0
3.632507,2957.25,2955.30,1,1,21,0,0.000,0
3.632845,2957.01,2958.58,1,1,22,0,0.000,0
3.633183,2956.77,2956.39,1,1,23,0,0.000,0
3.633521,2956.54,2957.49,1,1,24,0,0.000,0
3.633860,2956.30,2955.30,1,1,25,0,0.000,0
3.634198,2956.06,2956.39,1,1,26,0,0.000,0
3.634536,2955.82,2956.39,1,1,27,0,0.000,0
3.634875,2955.59,2955.30,1,1,28,0,0.000,0
3.635213,2955.35,2957.49,1,1,29,0,0.000,0
3.635551,2955.11,2955.30,1,1,30,0,0.000,0
3.635890,2954.88,2956.39,1,1,31,0,0.000,0
3.636228,2954.64,2955.30,1,1,32,0,0.000,0
3.636567,2954.40,2956.39,1,1,33,0,0.000,0
3.636905,2954.17,2954.21,1,1,34,0,0.000,0
3.637244,2953.93,2955.30,1,1,35,0,0.000,0
3.637582,2953.69,2954.21,1,1,36,0,0.000,0
3.637921,2953.46,2954.21,1,1,37,0,0.000,0
3.638259,2953.22,2954.21,1,1,38,0,0.000,0
3.638598,2952.98,2954.21,1,1,39,0,0.000,0
3.638937,2952.74,2955.30,1,1,40,0,0.000,0
3.639275,2952.51,2953.12,1,1,41,0,0.000,0
3.639614,2952.27,2953.12,1,1,42,0,0.000,0
3.639953,2952.03,2952.03,1,1,43,0,0.000,0
3.640292,2951.80,2953.12,1,1,44,0,0.000,0
3.640630,2951.56,2953.12,1,1,45,0,0.000,0
3.640969,2951.32,2952.03,1,1,46,0,0.000,0
3.641308,2951.08,2953.12,1,1,47,0,0.000,0
3.641647,2950.85,2950.94,1,1,48,0,0.000,0
3.641986,2950.61,2952.03,1,1,49,0,0.000,0
3.642325,2950.37,2953.12,1,1,50,0,0.000,0
3.642664,2950.14,2950.94,1,1,51,0,0.000,0
3.643003,2949.90,2949.85,1,1,52,0,0.000,0
3.643342,2949.66,2950.94,1,1,53,0,0.000,0
3.643681,2949.42,2950.94,1,1,54,0,0.000,0
3.644020,2949.19,2947.68,1,1,55,0,0.000,0
3.644359,2948.95,2948.77,1,1,56,0,0.000,0
3.644698,2948.71,2949.85,1,1,57,0,0.000,0
3.645716,2948.00,2948.11,1,1,0,1,0.000,0
3.646055,2947.76,2949.85,1,1,1,1,0.000,0
3.646394,2947.52,2949.85,1,1,2,1,0.000,0
3.646733,2947.29,2948.11,1,1,3,1,0.000,0
3.647073,2947.05,2948.11,1,1,4,1,0.000,0
3.647412,2946.81,2948.98,1,1,5,1,0.000,0
3.647751,2946.57,2948.98,1,1,6,1,0.000,0
3.648091,2946.34,2947.24,1,1,7,1,0.000,0
3.648430,2946.10,2946.59,1,1,8,1,0.000,0
3.648770,2945.86,2945.51,1,1,9,1,0.000,0
3.649109,2945.62,2946.59,1,1,10,1,0.000,0
3.649448,2945.39,2945.51,1,1,11,1,0.000,0
3.649788,2945.15,2946.59,1,1,12,1,0.000,0
3.650128,2944.91,2945.51,1,1,13,1,0.000,0
3.650467,2944.67,2945.51,1,1,14,1,0.000,0
3.650807,2944.44,2945.51,1,1,15,1,0.000,0
3.651146,2944.20,2946.59,1,1,16,1,0.000,0
3.651486,2943.96,2945.51,1,1,17,1,0.000,0
3.651826,2943.72,2944.42,1,1,18,1,0.000,0
3.652165,2943.48,2945.51,1,1,19,1,0.000,0
3.652505,2943.25,2943.34,1,1,20,1,0.000,0
3.652845,2943.01,2943.34,1,1,21,1,0.000,0
3.653185,2942.77,2943.34,1,1,22,1,0.000,0
3.653525,2942.53,2943.34,1,1,23,1,0.000,0
3.653864,2942.30,2942.26,1,1,24,1,0.000,0
3.654204,2942.06,2943.34,1,1,25,1,0.000,0
3.654544,2941.82,2943.34,1,1,26,1,0.000,0
3.654884,2941.58,2941.18,1,1,27,1,0.000,0
3.655224,2941.34,2943.34,1,1,28,1,0.000,0
3.655564,2941.11,2942.26,1,1,29,1,0.000,0
3.655904,2940.87,2941.18,1,1,30,1,0.000,0
3.656244,2940.63,2943.34,1,1,31,1,0.000,0
3.656584,2940.39,2941.18,1,1,32,1,0.000,0
3.656924,2940.15,2940.10,1,1,33,1,0.000,0
3.657265,2939.92,2940.10,1,1,34,1,0.000,0
3.657605,2939.68,2941.18,1,1,35,1,0.000,0
3.657945,2939.44,2940.10,1,1,36,1,0.000,0
3.658285,2939.20,2941.18,1,1,37,1,0.000,0
3.658625,2938.96,2940.10,1,1,38,1,0.000,0
3.658966,2938.72,2939.02,1,1,39,1,0.000,0
3.659306,2938.49,2940.10,1,1,40,1,0.000,0
3.659646,2938.25,2939.02,1,1,41,1,0.000,0
3.659987,2938.01,2941.18,1,1,42,1,0.000,0
3.660327,2937.77,2939.02,1,1,43,1,0.000,0
3.660667,2937.53,2937.94,1,1,44,1,0.000,0
3.661008,2937.30,2939.02,1,1,45,1,0.000,0
3.661348,2937.06,2937.94,1,1,46,1,0.000,0
3.661689,2936.82,2937.94,1,1,47,1,0.000,0
3.662029,2936.58,2937.94,1,1,48,1,0.000,0
3.662370,2936.34,2937.94,1,1,49,1,0.000,0
3.662710,2936.10,2934.70,1,1,50,1,0.000,0
3.663051,2935.86,2936.86,1,1,51,1,0.000,0
3.663392,2935.63,2935.78,1,1,52,1,0.000,0
3.663732,2935.39,2935.78,1,1,53,1,0.000,0
3.664073,2935.15,2936.86,1,1,54,1,0.000,0
3.664414,2934.91,2936.86,1,1,55,1,0.000,0
3.664754,2934.67,2934.70,1,1,56,1,0.000,0
3.665095,2934.43,2935.78,1,1,57,1,0.000,0
3.666118,2933.72,2936.00,1,1,0,0,0.000,0
3.666459,2933.48,2934.27,1,1,1,0,0.000,0
3.666799,2933.24,2935.13,1,1,2,0,0.000,0
3.667140,2933.00,2934.27,1,1,3,0,0.000,0
3.667481,2932.76,2934.27,1,1,4,0,0.000,0
3.667822,2932.52,2933.41,1,1,5,0,0.000,0
3.668163,2932.29,2934.27,1,1,6,0,0.000,0
3.668504,2932.05,2932.55,1,1,7,0,0.000,0
3.668846,2931.81,2931.48,1,1,8,0,0.000,0
3.669187,2931.57,2933.63,1,1,9,0,0.000,0
3.669528,2931.33,2932.55,1,1,10,0,0.000,0
3.669869,2931.09,2930.40,1,1,11,0,0.000,0
3.670210,2930.85,2931.48,1,1,12,0,0.000,0
3.670551,2930.61,2931.48,1,1,13,0,0.000,0
3.670893,2930.38,2930.40,1,1,14,0,0.000,0
3.671234,2930.14,2931.48,1,1,15,0,0.000,0
3.671575,2929.90,2930.40,1,1,16,0,0.000,0
3.671916,2929.66,2929.33,1,1,17,0,0.000,0
3.672258,2929.42,2931.48,1,1,18,0,0.000,0
3.672599,2929.18,2932.55,1,1,19,0,0.000,0
3.672941,2928.94,2930.40,1,1,20,0,0.000,0
3.673282,2928.70,2928.26,1,1,21,0,0.000,0
3.673623,2928.46,2929.33,1,1,22,0,0.000,0
3.673965,2928.23,2929.33,1,1,23,0,0.000,0
3.674306,2927.99,2929.33,1,1,24,0,0.000,0
3.674648,2927.75,2929.33,1,1,25,0,0.000,0
3.674990,2927.51,2927.19,1,1,26,0,0.000,0
3.675331,2927.27,2926.12,1,1,27,0,0.000,0
3.675673,2927.03,2928.26,1,1,28,0,0.000,0
3.676014,2926.79,2928.26,1,1,29,0,0.000,0
3.676356,2926.55,2928.26,1,1,30,0,0.000,0
3.676698,2926.31,2927.19,1,1,31,0,0.000,0
3.677040,2926.07,2927.19,1,1,32,0,0.000,0
3.677381,2925.83,2926.12,1,1,33,0,0.000,0
3.677723,2925.59,2926.12,1,1,34,0,0.000,0
3.678065,2925.36,2928.26,1,1,35,0,0.000,0
3.678407,2925.12,2925.05,1,1,36,0,0.000,0
3.678749,2924.88,2926.12,1,1,37,0,0.000,0
3.679091,2924.64,2925.05,1,1,38,0,0.000,0
3.679433,2924.40,2926.12,1,1,39,0,0.000,0
3.679775,2924.16,2926.12,1,1,40,0,0.000,0
3.680117,2923.92,2926.12,1,1,41,0,0.000,0
3.680459,2923.68,2925.05,1,1,42,0,0.000,0
3.680801,2923.44,2923.98,1,1,43,0,0.000,0
3.681143,2923.20,2923.98,1,1,44,0,0.000,0
3.681485,2922.96,2922.91,1,1,45,0,0.000,0
3.681827,2922.72,2922.91,1,1,46,0,0.000,0
3.682169,2922.48,2923.98,1,1,47,0,0.000,0
3.682511,2922.24,2921.84,1,1,48,0,0.000,0
3.682853,2922.00,2922.91,1,1,49,0,0.000,0
3.683196,2921.76,2922.91,1,1,50,0,0.000,0
3.683538,2921.52,2921.84,1,1,51,0,0.000,0
3.683880,2921.28,2921.84,1,1,52,0,0.000,0
3.684223,2921.04,2921.84,1,1,53,0,0.000,0
3.684565,2920.81,2922.91,1,1,54,0,0.000,0
3.684907,2920.57,2920.77,1,1,55,0,0.000,0
3.685250,2920.33,2922.91,1,1,56,0,0.000,0
3.685592,2920.09,2920.77,1,1,57,0,0.000,0
3.686620,2919.37,2920.56,1,1,0,1,0.000,0
3.686962,2919.13,2919.71,1,1,1,1,0.000,0
3.687305,2918.89,2920.56,1,1,2,1,0.000,0
3.687647,2918.65,2920.56,1,1,3,1,0.000,0
3.687990,2918.41,2920.56,1,1,4,1,0.000,0
3.688333,2918.17,2918.86,1,1,5,1,0.000,0
3.688675,2917.93,2917.15,1,1,6,1,0.000,0
3.689018,2917.69,2918.86,1,1,7,1,0.000,0
3.689361,2917.45,2918.64,1,1,8,1,0.000,0
3.689704,2917.21,2918.64,1,1,9,1,0.000,0
3.690047,2916.97,2917.58,1,1,10,1,0.000,0
3.690389,2916.73,2917.58,1,1,11,1,0.000,0
3.690732,2916.49,2915.45,1,1,12,1,0.000,0
3.691075,2916.25,2917.58,1,1,13,1,0.000,0
3.691418,2916.01,2919.71,1,1,14,1,0.000,0
3.691761,2915.77,2915.45,1,1,15,1,0.000,0
3.692104,2915.53,2916.51,1,1,16,1,0.000,0
3.692447,2915.29,2915.45,1,1,17,1,0.000,0
3.692790,2915.05,2916.51,1,1,18,1,0.000,0
3.693133,2914.81,2915.45,1,1,19,1,0.000,0
3.693476,2914.57,2916.51,1,1,20,1,0.000,0
3.693819,2914.33,2914.39,1,1,21,1,0.000,0
3.694162,2914.09,2914.39,1,1,22,1,0.000,0
3.694506,2913.85,2915.45,1,1,23,1,0.000,0
3.694849,2913.61,2913.33,1,1,24,1,0.000,0
3.695192,2913.37,2915.45,1,1,25,1,0.000,0
3.695535,2913.13,2914.39,1,1,26,1,0.000,0
3.695879,2912.89,2914.39,1,1,27,1,0.000,0
3.696222,2912.65,2913.33,1,1,28,1,0.000,0
3.696565,2912.40,2913.33,1,1,29,1,0.000,0
3.696909,2912.16,2913.33,1,1,30,1,0.000,0
3.697252,2911.92,2913.33,1,1,31,1,0.000,0
3.697595,2911.68,2914.39,1,1,32,1,0.000,0
3.697939,2911.44,2912.27,1,1,33,1,0.000,0
3.698282,2911.20,2911.21,1,1,34,1,0.000,0
3.698626,2910.96,2911.21,1,1,35,1,0.000,0
3.698969,2910.72,2911.21,1,1,36,1,0.000,0
3.699313,2910.48,2912.27,1,1,37,1,0.000,0
3.699657,2910.24,2910.15,1,1,38,1,0.000,0
3.700000,2910.00,2911.21,1,1,39,1,0.000,0
3.700344,2909.76,2910.15,1,1,40,1,0.000,0
3.700688,2909.52,2910.15,1,1,41,1,0.000,0
3.701031,2909.28,2910.15,1,1,42,1,0.000,0
3.701375,2909.04,2909.09,1,1,43,1,0.000,0
3.701719,2908.80,2909.09,1,1,44,1,0.000,0
3.702063,2908.56,2910.15,1,1,45,1,0.000,0
3.702406,2908.32,2909.09,1,1,46,1,0.000,0
3.702750,2908.07,2909.09,1,1,47,1,0.000,0
3.703094,2907.83,2908.03,1,1,48,1,0.000,0
3.703438,2907.59,2908.03,1,1,49,1,0.000,0
3.703782,2907.35,2910.15,1,1,50,1,0.000,0
3.704126,2907.11,2909.09,1,1,51,1,0.000,0
3.704470,2906.87,2908.03,1,1,52,1,0.000,0
3.704814,2906.63,2906.98,1,1,53,1,0.000,0
3.705158,2906.39,2905.92,1,1,54,1,0.000,0
3.705502,2906.15,2908.03,1,1,55,1,0.000,0
3.705846,2905.91,2906.98,1,1,56,1,0.000,0
3.706190,2905.67,2908.03,1,1,57,1,0.000,0
3.707223,2904.94,2906.13,1,1,0,0,0.000,0
3.707567,2904.70,2906.98,1,1,1,0,0.000,0
3.707912,2904.46,2906.13,1,1,2,0,0.000,0
3.708256,2904.22,2904.44,1,1,3,0,0.000,0
3.708600,2903.98,2906.13,1,1,4,0,0.000,0
3.708945,2903.74,2903.60,1,1,5,0,0.000,0
3.709289,2903.50,2904.44,1,1,6,0,0.000,0
3.709633,2903.26,2904.44,1,1,7,0,0.000,0
3.709978,2903.02,2902.76,1,1,8,0,0.000,0
3.710322,2902.77,2901.70,1,1,9,0,0.000,0
3.710667,2902.53,2905.92,1,1,10,0,0.000,0
3.711011,2902.29,2903.81,1,1,11,0,0.000,0
3.711356,2902.05,2903.81,1,1,12,0,0.000,0
3.711701,2901.81,2901.70,1,1,13,0,0.000,0
3.712045,2901.57,2904.87,1,1,14,0,0.000,0
3.712390,2901.33,2902.76,1,1,15,0,0.000,0
3.712735,2901.09,2902.76,1,1,16,0,0.000,0
3.713079,2900.84,2902.76,1,1,17,0,0.000,0
3.713424,2900.60,2899.60,1,1,18,0,0.000,0
3.713769,2900.36,2901.70,1,1,19,0,0.000,0
3.714114,2900.12,2900.65,1,1,20,0,0.000,0
3.714458,2899.88,2902.76,1,1,21,0,0.000,0
3.714803,2899.64,2899.60,1,1,22,0,0.000,0
3.715148,2899.40,2898.55,1,1,23,0,0.000,0
3.715493,2899.15,2898.55,1,1,24,0,0.000,0
3.715838,2898.91,2900.65,1,1,25,0,0.000,0
3.716183,2898.67,2898.55,1,1,26,0,0.000,0
3.716528,2898.43,2897.50,1,1,27,0,0.000,0
3.716873,2898.19,2901.70,1,1,28,0,0.000,0
3.717218,2897.95,2897.50,1,1,29,0,0.000,0
3.717563,2897.71,2898.55,1,1,30,0,0.000,0
3.717908,2897.46,2898.55,1,1,31,0,0.000,0
3.718253,2897.22,2898.55,1,1,32,0,0.000,0
3.718599,2896.98,2897.50,1,1,33,0,0.000,0
3.718944,2896.74,2898.55,1,1,34,0,0.000,0
3.719289,2896.50,2900.65,1,1,35,0,0.000,0
3.719634,2896.26,2895.40,1,1,36,0,0.000,0
3.719980,2896.01,2898.55,1,1,37,0,0.000,0
3.720325,2895.77,2897.50,1,1,38,0,0.000,0
3.720670,2895.53,2895.40,1,1,39,0,0.000,0
3.721016,2895.29,2896.45,1,1,40,0,0.000,0
3.721361,2895.05,2895.40,1,1,41,0,0.000,0
3.721706,2894.81,2895.40,1,1,42,0,0.000,0
3.722052,2894.56,2894.36,1,1,43,0,0.000,0
3.722397,2894.32,2894.36,1,1,44,0,0.000,0
3.722743,2894.08,2894.36,1,1,45,0,0.000,0
3.723088,2893.84,2894.36,1,1,46,0,0.000,0
3.723434,2893.60,2896.45,1,1,47,0,0.000,0
3.723780,2893.35,2895.40,1,1,48,0,0.000,0
3.724125,2893.11,2893.31,1,1,49,0,0.000,0
3.724471,2892.87,2895.40,1,1,50,0,0.000,0
3.724817,2892.63,2894.36,1,1,51,0,0.000,0
3.725162,2892.39,2893.31,1,1,52,0,0.000,0
3.725508,2892.14,2893.31,1,1,53,0,0.000,0
3.725854,2891.90,2892.26,1,1,54,0,0.000,0
3.726200,2891.66,2892.26,1,1,55,0,0.000,0
3.726545,2891.42,2892.26,1,1,56,0,0.000,0
3.726891,2891.18,2893.31,1,1,57,0,0.000,0
3.727929,2890.45,2890.17,1,1,0,1,0.000,0
3.728275,2890.21,2890.17,1,1,1,1,0.000,0
3.728621,2889.97,2891.84,1,1,2,1,0.000,0
3.728967,2889.72,2891.01,1,1,3,1,0.000,0
3.729313,2889.48,2891.84,1,1,4,1,0.000,0
3.729659,2889.24,2891.01,1,1,5,1,0.000,0
3.730005,2889.00,2890.17,1,1,6,1,0.000,0
3.730352,2888.75,2889.34,1,1,7,1,0.000,0
3.730698,2888.51,2890.17,1,1,8,1,0.000,0
3.731044,2888.27,2891.22,1,1,9,1,0.000,0
3.731390,2888.03,2888.09,1,1,10,1,0.000,0
3.731737,2887.78,2889.13,1,1,11,1,0.000,0
3.732083,2887.54,2887.04,1,1,12,1,0.000,0
3.732429,2887.30,2889.13,1,1,13,1,0.000,0
3.732775,2887.06,2888.09,1,1,14,1,0.000,0
3.733122,2886.82,2888.09,1,1,15,1,0.000,0
3.733468,2886.57,2888.09,1,1,16,1,0.000,0
3.733815,2886.33,2886.00,1,1,17,1,0.000,0
3.734161,2886.09,2888.09,1,1,18,1,0.000,0
3.734508,2885.85,2887.04,1,1,19,1,0.000,0
3.734854,2885.60,2886.00,1,1,20,1,0.000,0
3.735201,2885.36,2884.96,1,1,21,1,0.000,0
3.735547,2885.12,2886.00,1,1,22,1,0.000,0
3.735894,2884.87,2886.00,1,1,23,1,0.000,0
3.736241,2884.63,2883.92,1,1,24,1,0.000,0
3.736587,2884.39,2884.96,1,1,25,1,0.000,0
3.736934,2884.15,2884.96,1,1,26,1,0.000,0
3.737281,2883.90,2883.92,1,1,27,1,0.000,0
3.737628,2883.66,2884.96,1,1,28,1,0.000,0
3.737974,2883.42,2884.96,1,1,29,1,0.000,0
3.738321,2883.18,2883.92,1,1,30,1,0.000,0
3.738668,2882.93,2882.88,1,1,31,1,0.000,0
3.739015,2882.69,2886.00,1,1,32,1,0.000,0
3.739362,2882.45,2883.92,1,1,33,1,0.000,0
3.739709,2882.20,2881.84,1,1,34,1,0.000,0
3.740056,2881.96,2882.88,1,1,35,1,0.000,0
3.740403,2881.72,2882.88,1,1,36,1,0.000,0
3.740750,2881.48,2882.88,1,1,37,1,0.000,0
3.741097,2881.23,2881.84,1,1,38,1,0.000,0
3.741444,2880.99,2882.88,1,1,39,1,0.000,0
3.741791,2880.75,2879.77,1,1,40,1,0.000,0
3.742138,2880.50,2881.84,1,1,41,1,0.000,0
3.742485,2880.26,2881.84,1,1,42,1,0.000,0
3.742833,2880.02,2881.84,1,1,43,1,0.000,0
3.743180,2879.77,2879.77,1,1,44,1,0.000,0
3.743527,2879.53,2879.77,1,1,45,1,0.000,0
3.743874,2879.29,2882.88,1,1,46,1,0.000,0
3.744222,2879.05,2880.81,1,1,47,1,0.000,0
3.744569,2878.80,2879.77,1,1,48,1,0.000,0
3.744916,2878.56,2879.77,1,1,49,1,0.000,0
3.745264,2878.32,2879.77,1,1,50,1,0.000,0
3.745611,2878.07,2877.70,1,1,51,1,0.000,0
3.745959,2877.83,2879.77,1,1,52,1,0.000,0
3.746306,2877.59,2878.73,1,1,53,1,0.000,0
3.746654,2877.34,2875.63,1,1,54,1,0.000,0
3.747001,2877.10,2876.66,1,1,55,1,0.000,0
3.747349,2876.86,2877.70,1,1,56,1,0.000,0
3.747697,2876.61,2877.70,1,1,57,1,0.000,0
3.748740,2875.88,2876.04,1,1,0,0,0.000,0
3.749087,2875.64,2877.70,1,1,1,0,0.000,0
3.749435,2875.40,2876.87,1,1,2,0,0.000,0
3.749783,2875.15,2875.22,1,1,3,0,0.000,0
3.750131,2874.91,2877.70,1,1,4,0,0.000,0
3.750479,2874.67,2876.04,1,1,5,0,0.000,0
3.750826,2874.42,2876.87,1,1,6,0,0.000,0
3.751174,2874.18,2875.22,1,1,7,0,0.000,0
3.751522,2873.93,2877.70,1,1,8,0,0.000,0
3.751870,2873.69,2873.56,1,1,9,0,0.000,0
3.752218,2873.45,2873.56,1,1,10,0,0.000,0
3.752566,2873.20,2874.60,1,1,11,0,0.000,0
3.752914,2872.96,2872.53,1,1,12,0,0.000,0
3.753262,2872.72,2874.60,1,1,13,0,0.000,0
3.753611,2872.47,2872.53,1,1,14,0,0.000,0
3.753959,2872.23,2873.56,1,1,15,0,0.000,0
3.754307,2871.99,2870.47,1,1,16,0,0.000,0
3.754655,2871.74,2874.60,1,1,17,0,0.000,0
3.755003,2871.50,2872.53,1,1,18,0,0.000,0
3.755352,2871.25,2874.60,1,1,19,0,0.000,0
3.755700,2871.01,2871.50,1,1,20,0,0.000,0
3.756048,2870.77,2870.47,1,1,21,0,0.000,0
3.756397,2870.52,2872.53,1,1,22,0,0.000,0
3.756745,2870.28,2868.41,1,1,23,0,0.000,0
3.757093,2870.03,2872.53,1,1,24,0,0.000,0
3.757442,2869.79,2869.44,1,1,25,0,0.000,0
3.757790,2869.55,2870.47,1,1,26,0,0.000,0
3.758139,2869.30,2869.44,1,1,27,0,0.000,0
3.758487,2869.06,2870.47,1,1,28,0,0.000,0
3.758836,2868.82,2871.50,1,1,29,0,0.000,0
3.759184,2868.57,2869.44,1,1,30,0,0.000,0
3.759533,2868.33,2871.50,1,1,31,0,0.000,0
3.759882,2868.08,2867.38,1,1,32,0,0.000,0
3.760230,2867.84,2869.44,1,1,33,0,0.000,0
3.760579,2867.59,2868.41,1,1,34,0,0.000,0
3.760928,2867.35,2867.38,1,1,35,0,0.000,0
3.761277,2867.11,2866.36,1,1,36,0,0.000,0
3.761625,2866.86,2866.36,1,1,37,0,0.000,0
3.761974,2866.62,2867.38,1,1,38,0,0.000,0
3.762323,2866.37,2867.38,1,1,39,0,0.000,0
3.762672,2866.13,2868.41,1,1,40,0,0.000,0
3.763021,2865.89,2867.38,1,1,41,0,0.000,0
3.763370,2865.64,2869.44,1,1,42,0,0.000,0
3.763719,2865.40,2867.38,1,1,43,0,0.000,0
3.764068,2865.15,2867.38,1,1,44,0,0.000,0
3.764417,2864.91,2867.38,1,1,45,0,0.000,0
3.764766,2864.66,2865.33,1,1,46,0,0.000,0
3.765115,2864.42,2866.36,1,1,47,0,0.000,0
3.765464,2864.18,2864.30,1,1,48,0,0.000,0
3.765813,2863.93,2864.30,1,1,49,0,0.000,0
3.766162,2863.69,2862.25,1,1,50,0,0.000,0
3.766512,2863.44,2863.28,1,1,51,0,0.000,0
3.766861,2863.20,2864.30,1,1,52,0,0.000,0
3.767210,2862.95,2863.28,1,1,53,0,0.000,0
3.767560,2862.71,2865.33,1,1,54,0,0.000,0
3.767909,2862.46,2862.25,1,1,55,0,0.000,0
3.768258,2862.22,2864.30,1,1,56,0,0.000,0
3.768608,2861.98,2862.25,1,1,57,0,0.000,0
3.769656,2861.24,2863.69,1,1,0,1,0.000,0
3.770005,2861.00,2862.87,1,1,1,1,0.000,0
3.770355,2860.75,2862.05,1,1,2,1,0.000,0
3.770705,2860.51,2862.05,1,1,3,1,0.000,0
3.771054,2860.26,2859.59,1,1,4,1,0.000,0
3.771404,2860.02,2862.05,1,1,5,1,0.000,0
3.771753,2859.77,2860.41,1,1,6,1,0.000,0
3.772103,2859.53,2860.41,1,1,7,1,0.000,0
3.772453,2859.28,2859.19,1,1,8,1,0.000,0
3.772803,2859.04,2860.21,1,1,9,1,0.000,0
3.773152,2858.79,2859.19,1,1,10,1,0.000,0
3.773502,2858.55,2858.16,1,1,11,1,0.000,0
3.773852,2858.30,2860.21,1,1,12,1,0.000,0
3.774202,2858.06,2859.19,1,1,13,1,0.000,0
3.774552,2857.81,2858.16,1,1,14,1,0.000,0
3.774902,2857.57,2859.19,1,1,15,1,0.000,0
3.775252,2857.32,2858.16,1,1,16,1,0.000,0
3.775602,2857.08,2857.14,1,1,17,1,0.000,0
3.775952,2856.83,2858.16,1,1,18,1,0.000,0
3.776302,2856.59,2858.16,1,1,19,1,0.000,0
3.776652,2856.34,2857.14,1,1,20,1,0.000,0
3.777002,2856.10,2856.12,1,1,21,1,0.000,0
3.777352,2855.85,2857.14,1,1,22,1,0.000,0
3.777702,2855.61,2857.14,1,1,23,1,0.000,0
3.778053,2855.36,2855.10,1,1,24,1,0.000,0
3.778403,2855.12,2857.14,1,1,25,1,0.000,0
3.778753,2854.87,2857.14,1,1,26,1,0.000,0
3.779103,2854.63,2856.12,1,1,27,1,0.000,0
3.779454,2854.38,2856.12,1,1,28,1,0.000,0
3.779804,2854.14,2855.10,1,1,29,1,0.000,0
3.780154,2853.89,2856.12,1,1,30,1,0.000,0
3.780505,2853.65,2854.08,1,1,31,1,0.000,0
3.780855,2853.40,2856.12,1,1,32,1,0.000,0
3.781206,2853.16,2854.08,1,1,33,1,0.000,0
3.781556,2852.91,2854.08,1,1,34,1,0.000,0
3.781907,2852.67,2853.07,1,1,35,1,0.000,0
3.782257,2852.42,2853.07,1,1,36,1,0.000,0
3.782608,2852.18,2852.05,1,1,37,1,0.000,0
3.782959,2851.93,2853.07,1,1,38,1,0.000,0
3.783309,2851.68,2852.05,1,1,39,1,0.000,0
3.783660,2851.44,2852.05,1,1,40,1,0.000,0
3.784011,2851.19,2851.03,1,1,41,1,0.000,0
3.784361,2850.95,2851.03,1,1,42,1,0.000,0
3.784712,2850.70,2852.05,1,1,43,1,0.000,0
3.785063,2850.46,2852.05,1,1,44,1,0.000,0
3.785414,2850.21,2853.07,1,1,45,1,0.000,0
3.785765,2849.97,2851.03,1,1,46,1,0.000,0
3.786116,2849.72,2850.02,1,1,47,1,0.000,0
3.786466,2849.47,2851.03,1,1,48,1,0.000,0
3.786817,2849.23,2851.03,1,1,49,1,0.000,0
3.787168,2848.98,2846.98,1,1,50,1,0.000,0
3.787519,2848.74,2850.02,1,1,51,1,0.000,0
3.787870,2848.49,2849.00,1,1,52,1,0.000,0
3.788222,2848.25,2847.99,1,1,53,1,0.000,0
3.788573,2848.00,2849.00,1,1,54,1,0.000,0
3.788924,2847.75,2850.02,1,1,55,1,0.000,0
3.789275,2847.51,2847.99,1,1,56,1,0.000,0
3.789626,2847.26,2847.99,1,1,57,1,0.000,0
3.790680,2846.52,2849.81,1,1,0,0,0.000,0
3.791031,2846.28,2845.76,1,1,1,0,0.000,0
3.791383,2846.03,2846.57,1,1,2,0,0.000,0
3.791734,2845.79,2848.19,1,1,3,0,0.000,0
3.792085,2845.54,2845.76,1,1,4,0,0.000,0
3.792437,2845.29,2846.57,1,1,5,0,0.000,0
3.792788,2845.05,2847.38,1,1,6,0,0.000,0
3.793140,2844.80,2844.95,1,1,7,0,0.000,0
3.793491,2844.56,2844.95,1,1,8,0,0.000,0
3.793843,2844.31,2845.96,1,1,9,0,0.000,0
3.794195,2844.06,2845.96,1,1,10,0,0.000,0
3.794546,2843.82,2844.95,1,1,11,0,0.000,0
3.794898,2843.57,2844.95,1,1,12,0,0.000,0
3.795249,2843.33,2844.95,1,1,13,0,0.000,0
3.795601,2843.08,2843.94,1,1,14,0,0.000,0
3.795953,2842.83,2843.94,1,1,15,0,0.000,0
3.796305,2842.59,2844.95,1,1,16,0,0.000,0
3.796657,2842.34,2844.95,1,1,17,0,0.000,0
3.797008,2842.09,2842.93,1,1,18,0,0.000,0
3.797360,2841.85,2841.92,1,1,19,0,0.000,0
3.797712,2841.60,2843.94,1,1,20,0,0.000,0
3.798064,2841.36,2840.91,1,1,21,0,0.000,0
3.798416,2841.11,2839.90,1,1,22,0,0.000,0
3.798768,2840.86,2842.93,1,1,23,0,0.000,0
3.799120,2840.62,2839.90,1,1,24,0,0.000,0
3.799472,2840.37,2840.91,1,1,25,0,0.000,0
3.799824,2840.12,2839.90,1,1,26,0,0.000,0
3.800176,2839.88,2840.91,1,1,27,0,0.000,0
3.800528,2839.63,2839.90,1,1,28,0,0.000,0
3.800881,2839.38,2841.92,1,1,29,0,0.000,0
3.801233,2839.14,2840.91,1,1,30,0,0.000,0
3.801585,2838.89,2839.90,1,1,31,0,0.000,0
3.801937,2838.64,2839.90,1,1,32,0,0.000,0
3.802290,2838.40,2837.89,1,1,33,0,0.000,0
3.802642,2838.15,2839.90,1,1,34,0,0.000,0
3.802994,2837.90,2838.89,1,1,35,0,0.000,0
3.803347,2837.66,2837.89,1,1,36,0,0.000,0
3.803699,2837.41,2837.89,1,1,37,0,0.000,0
3.804052,2837.16,2838.89,1,1,38,0,0.000,0
3.804404,2836.92,2837.89,1,1,39,0,0.000,0
3.804757,2836.67,2838.89,1,1,40,0,0.000,0
3.805109,2836.42,2838.89,1,1,41,0,0.000,0
3.805462,2836.18,2836.88,1,1,42,0,0.000,0
3.805814,2835.93,2835.87,1,1,43,0,0.000,0
3.806167,2835.68,2837.89,1,1,44,0,0.000,0
3.806520,2835.44,2836.88,1,1,45,0,0.000,0
3.806872,2835.19,2835.87,1,1,46,0,0.000,0
3.807225,2834.94,2836.88,1,1,47,0,0.000,0
3.807578,2834.70,2835.87,1,1,48,0,0.000,0
3.807931,2834.45,2835.87,1,1,49,0,0.000,0
3.808283,2834.20,2836.88,1,1,50,0,0.000,0
3.808636,2833.95,2836.88,1,1,51,0,0.000,0
3.808989,2833.71,2834.87,1,1,52,0,0.000,0
3.809342,2833.46,2833.86,1,1,53,0,0.000,0
3.809695,2833.21,2835.87,1,1,54,0,0.000,0
3.810048,2832.97,2831.86,1,1,55,0,0.000,0
3.810401,2832.72,2832.86,1,1,56,0,0.000,0
3.810754,2832.47,2833.86,1,1,57,0,0.000,0
3.811813,2831.73,2832.06,1,1,0,1,0.000,0
3.812166,2831.48,2832.06,1,1,1,1,0.000,0
3.812520,2831.24,2832.86,1,1,2,1,0.000,0
3.812873,2830.99,2832.06,1,1,3,1,0.000,0
3.813226,2830.74,2830.46,1,1,4,1,0.000,0
3.813579,2830.49,2832.86,1,1,5,1,0.000,0
3.813933,2830.25,2830.46,1,1,6,1,0.000,0
3.814286,2830.00,2830.46,1,1,7,1,0.000,0
3.814639,2829.75,2830.86,1,1,8,1,0.000,0
3.814993,2829.51,2829.85,1,1,9,1,0.000,0
3.815346,2829.26,2828.85,1,1,10,1,0.000,0
3.815700,2829.01,2829.85,1,1,11,1,0.000,0
3.816053,2828.76,2828.85,1,1,12,1,0.000,0
3.816407,2828.52,2829.85,1,1,13,1,0.000,0
3.816760,2828.27,2830.86,1,1,14,1,0.000,0
3.817114,2828.02,2828.85,1,1,15,1,0.000,0
3.817467,2827.77,2828.85,1,1,16,1,0.000,0
3.817821,2827.53,2829.85,1,1,17,1,0.000,0
3.818175,2827.28,2828.85,1,1,18,1,0.000,0
3.818528,2827.03,2828.85,1,1,19,1,0.000,0
3.818882,2826.78,2828.85,1,1,20,1,0.000,0
3.819236,2826.54,2826.86,1,1,21,1,0.000,0
3.819590,2826.29,2826.86,1,1,22,1,0.000,0
3.819944,2826.04,2826.86,1,1,23,1,0.000,0
3.820297,2825.79,2826.86,1,1,24,1,0.000,0
3.820651,2825.54,2826.86,1,1,25,1,0.000,0
3.821005,2825.30,2824.86,1,1,26,1,0.000,0
3.821359,2825.05,2826.86,1,1,27,1,0.000,0
3.821713,2824.80,2826.86,1,1,28,1,0.000,0
3.822067,2824.55,2824.86,1,1,29,1,0.000,0
3.822421,2824.31,2825.86,1,1,30,1,0.000,0
3.822775,2824.06,2824.86,1,1,31,1,0.000,0
3.823130,2823.81,2823.86,1,1,32,1,0.000,0
3.823484,2823.56,2823.86,1,1,33,1,0.000,0
3.823838,2823.31,2824.86,1,1,34,1,0.000,0
3.824192,2823.07,2820.87,1,1,35,1,0.000,0
3.824546,2822.82,2822.87,1,1,36,1,0.000,0
3.824901,2822.57,2824.86,1,1,37,1,0.000,0
3.825255,2822.32,2822.87,1,1,38,1,0.000,0
3.825609,2822.07,2824.86,1,1,39,1,0.000,0
3.825964,2821.83,2823.86,1,1,40,1,0.000,0
3.826318,2821.58,2821.87,1,1,41,1,0.000,0
3.826672,2821.33,2823.86,1,1,42,1,0.000,0
3.827027,2821.08,2824.86,1,1,43,1,0.000,0
3.827381,2820.83,2820.87,1,1,44,1,0.000,0
3.827736,2820.59,2820.87,1,1,45,1,0.000,0
3.828090,2820.34,2820.87,1,1,46,1,0.000,0
3.828445,2820.09,2818.89,1,1,47,1,0.000,0
3.828800,2819.84,2820.87,1,1,48,1,0.000,0
3.829154,2819.59,2820.87,1,1,49,1,0.000,0
3.829509,2819.34,2817.89,1,1,50,1,0.000,0
3.829864,2819.10,2818.89,1,1,51,1,0.000,0
3.830218,2818.85,2818.89,1,1,52,1,0.000,0
3.830573,2818.60,2819.88,1,1,53,1,0.000,0
3.830928,2818.35,2820.87,1,1,54,1,0.000,0
3.831283,2818.10,2819.88,1,1,55,1,0.000,0
3.831638,2817.85,2817.89,1,1,56,1,0.000,0
3.831993,2817.61,2817.89,1,1,57,1,0.000,0
3.833057,2816.86,2818.49,1,1,0,0,0.000,0
3.833412,2816.61,2816.90,1,1,1,0,0.000,0
3.833768,2816.36,2818.49,1,1,2,0,0.000,0
3.834123,2816.11,2817.70,1,1,3,0,0.000,0
3.834478,2815.87,2816.11,1,1,4,0,0.000,0
3.834833,2815.62,2817.70,1,1,5,0,0.000,0
3.835188,2815.37,2817.70,1,1,6,0,0.000,0
3.835543,2815.12,2816.90,1,1,7,0,0.000,0
3.835898,2814.87,2816.90,1,1,8,0,0.000,0
3.836254,2814.62,2816.90,1,1,9,0,0.000,0
3.836609,2814.37,2815.91,1,1,10,0,0.000,0
3.836964,2814.13,2815.91,1,1,11,0,0.000,0
3.837320,2813.88,2815.91,1,1,12,0,0.000,0
3.837675,2813.63,2812.94,1,1,13,0,0.000,0
3.838031,2813.38,2813.93,1,1,14,0,0.000,0
3.838386,2813.13,2812.94,1,1,15,0,0.000,0
3.838742,2812.88,2812.94,1,1,16,0,0.000,0
3.839097,2812.63,2813.93,1,1,17,0,0.000,0
3.839453,2812.38,2812.94,1,1,18,0,0.000,0
3.839808,2812.13,2811.95,1,1,19,0,0.000,0
3.840164,2811.89,2811.95,1,1,20,0,0.000,0
3.840519,2811.64,2813.93,1,1,21,0,0.000,0
3.840875,2811.39,2811.95,1,1,22,0,0.000,0
3.841231,2811.14,2812.94,1,1,23,0,0.000,0
3.841587,2810.89,2812.94,1,1,24,0,0.000,0
3.841942,2810.64,2811.95,1,1,25,0,0.000,0
3.842298,2810.39,2810.96,1,1,26,0,0.000,0
3.842654,2810.14,2811.95,1,1,27,0,0.000,0
3.843010,2809.89,2811.95,1,1,28,0,0.000,0
3.843366,2809.64,2809.98,1,1,29,0,0.000,0
3.843722,2809.40,2810.96,1,1,30,0,0.000,0
3.844078,2809.15,2808.99,1,1,31,0,0.000,0
3.844434,2808.90,2808.99,1,1,32,0,0.000,0
3.844790,2808.65,2808.00,1,1,33,0,0.000,0
3.845146,2808.40,2809.98,1,1,34,0,0.000,0
3.845502,2808.15,2808.99,1,1,35,0,0.000,0
3.845858,2807.90,2808.99,1,1,36,0,0.000,0
3.846214,2807.65,2808.00,1,1,37,0,0.000,0
3.846570,2807.40,2807.02,1,1,38,0,0.000,0
3.846927,2807.15,2808.99,1,1,39,0,0.000,0
3.847283,2806.90,2807.02,1,1,40,0,0.000,0
3.847639,2806.65,2808.00,1,1,41,0,0.000,0
3.847995,2806.40,2808.00,1,1,42,0,0.000,0
3.848352,2806.15,2805.05,1,1,43,0,0.000,0
3.848708,2805.90,2806.03,1,1,44,0,0.000,0
3.849065,2805.66,2808.00,1,1,45,0,0.000,0
3.849421,2805.41,2806.03,1,1,46,0,0.000,0
3.849777,2805.16,2806.03,1,1,47,0,0.000,0
3.850134,2804.91,2808.99,1,1,48,0,0.000,0
3.850490,2804.66,2807.02,1,1,49,0,0.000,0
3.850847,2804.41,2805.05,1,1,50,0,0.000,0
3.851204,2804.16,2807.02,1,1,51,0,0.000,0
3.851560,2803.91,2805.05,1,1,52,0,0.000,0
3.851917,2803.66,2804.07,1,1,53,0,0.000,0
3.852274,2803.41,2806.03,1,1,54,0,0.000,0
3.852630,2803.16,2805.05,1,1,55,0,0.000,0
3.852987,2802.91,2801.12,1,1,56,0,0.000,0
3.853344,2802.66,2804.07,1,1,57,0,0.000,0
3.854414,2801.91,2803.48,1,1,0,1,0.000,0
3.854771,2801.66,2803.48,1,1,1,1,0.000,0
3.855128,2801.41,2801.91,1,1,2,1,0.000,0
3.855485,2801.16,2801.91,1,1,3,1,0.000,0
3.855842,2800.91,2801.12,1,1,4,1,0.000,0
3.856199,2800.66,2801.12,1,1,5,1,0.000,0
3.856556,2800.41,2801.12,1,1,6,1,0.000,0
3.856914,2800.16,2801.12,1,1,7,1,0.000,0
3.857271,2799.91,2800.14,1,1,8,1,0.000,0
3.857628,2799.66,2799.16,1,1,9,1,0.000,0
3.857985,2799.41,2801.12,1,1,10,1,0.000,0
3.858342,2799.16,2800.14,1,1,11,1,0.000,0
3.858700,2798.91,2801.12,1,1,12,1,0.000,0
3.859057,2798.66,2800.14,1,1,13,1,0.000,0
3.859414,2798.41,2800.14,1,1,14,1,0.000,0
3.859772,2798.16,2799.16,1,1,15,1,0.000,0
3.860129,2797.91,2799.16,1,1,16,1,0.000,0
3.860486,2797.66,2799.16,1,1,17,1,0.000,0
3.860844,2797.41,2798.18,1,1,18,1,0.000,0
3.861201,2797.16,2798.18,1,1,19,1,0.000,0
3.861559,2796.91,2796.23,1,1,20,1,0.000,0
3.861916,2796.66,2798.18,1,1,21,1,0.000,0
3.862274,2796.41,2797.20,1,1,22,1,0.000,0
3.862632,2796.16,2797.20,1,1,23,1,0.000,0
3.862989,2795.91,2797.20,1,1,24,1,0.000,0
3.863347,2795.66,2796.23,1,1,25,1,0.000,0
3.863705,2795.41,2797.20,1,1,26,1,0.000,0
3.864062,2795.16,2797.20,1,1,27,1,0.000,0
3.864420,2794.91,2797.20,1,1,28,1,0.000,0
3.864778,2794.66,2797.20,1,1,29,1,0.000,0
3.865136,2794.41,2795.25,1,1,30,1,0.000,0
3.865494,2794.15,2795.25,1,1,31,1,0.000,0
3.865852,2793.90,2794.27,1,1,32,1,0.000,0
3.866209,2793.65,2795.25,1,1,33,1,0.000,0
3.866567,2793.40,2794.27,1,1,34,1,0.000,0
3.866925,2793.15,2795.25,1,1,35,1,0.000,0
3.867283,2792.90,2793.30,1,1,36,1,0.000,0
3.867642,2792.65,2794.27,1,1,37,1,0.000,0
3.868000,2792.40,2794.27,1,1,38,1,0.000,0
3.868358,2792.15,2790.37,1,1,39,1,0.000,0
3.868716,2791.90,2793.30,1,1,40,1,0.000,0
3.869074,2791.65,2791.35,1,1,41,1,0.000,0
3.869432,2791.40,2791.35,1,1,42,1,0.000,0
3.869791,2791.15,2791.35,1,1,43,1,0.000,0
3.870149,2790.90,2792.32,1,1,44,1,0.000,0
3.870507,2790.65,2790.37,1,1,45,1,0.000,0
3.870866,2790.39,2792.32,1,1,46,1,0.000,0
3.871224,2790.14,2792.32,1,1,47,1,0.000,0
3.871582,2789.89,2791.35,1,1,48,1,0.000,0
3.871941,2789.64,2791.35,1,1,49,1,0.000,0
3.872299,2789.39,2791.35,1,1,50,1,0.000,0
3.872658,2789.14,2789.40,1,1,51,1,0.000,0
3.873016,2788.89,2789.40,1,1,52,1,0.000,0
3.873375,2788.64,2788.43,1,1,53,1,0.000,0
3.873734,2788.39,2788.43,1,1,54,1,0.000,0
3.874092,2788.14,2790.37,1,1,55,1,0.000,0
3.874451,2787.89,2788.43,1,1,56,1,0.000,0
3.874810,2787.63,2788.43,1,1,57,1,0.000,0
3.875886,2786.88,2787.84,1,1,0,0,0.000,0
3.876245,2786.63,2787.84,1,1,1,0,0.000,0
3.876604,2786.38,2787.84,1,1,2,0,0.000,0
3.876963,2786.13,2787.07,1,1,3,0,0.000,0
3.877322,2785.88,2787.07,1,1,4,0,0.000,0
3.877681,2785.62,2786.29,1,1,5,0,0.000,0
3.878040,2785.37,2785.52,1,1,6,0,0.000,0
3.878399,2785.12,2785.52,1,1,7,0,0.000,0
3.878758,2784.87,2785.52,1,1,8,0,0.000,0
3.879117,2784.62,2786.49,1,1,9,0,0.000,0
3.879476,2784.37,2784.55,1,1,10,0,0.000,0
3.879835,2784.12,2786.49,1,1,11,0,0.000,0
3.880194,2783.86,2785.52,1,1,12,0,0.000,0
3.880553,2783.61,2786.49,1,1,13,0,0.000,0
3.880913,2783.36,2786.49,1,1,14,0,0.000,0
3.881272,2783.11,2784.55,1,1,15,0,0.000,0
3.881631,2782.86,2784.55,1,1,16,0,0.000,0
3.881991,2782.61,2782.61,1,1,17,0,0.000,0
3.882350,2782.36,2784.55,1,1,18,0,0.000,0
3.882709,2782.10,2781.64,1,1,19,0,0.000,0
3.883069,2781.85,2782.61,1,1,20,0,0.000,0
3.883428,2781.60,2781.64,1,1,21,0,0.000,0
3.883788,2781.35,2780.67,1,1,22,0,0.000,0
3.884148,2781.10,2783.58,1,1,23,0,0.000,0
3.884507,2780.85,2781.64,1,1,24,0,0.000,0
3.884867,2780.59,2782.61,1,1,25,0,0.000,0
3.885226,2780.34,2781.64,1,1,26,0,0.000,0
3.885586,2780.09,2782.61,1,1,27,0,0.000,0
3.885946,2779.84,2780.67,1,1,28,0,0.000,0
3.886306,2779.59,2781.64,1,1,29,0,0.000,0
3.886665,2779.33,2781.64,1,1,30,0,0.000,0
3.887025,2779.08,2777.78,1,1,31,0,0.000,0
3.887385,2778.83,2779.71,1,1,32,0,0.000,0
3.887745,2778.58,2779.71,1,1,33,0,0.000,0
3.888105,2778.33,2778.74,1,1,34,0,0.000,0
3.888465,2778.08,2778.74,1,1,35,0,0.000,0
3.888825,2777.82,2777.78,1,1,36,0,0.000,0
3.889185,2777.57,2776.81,1,1,37,0,0.000,0
3.889545,2777.32,2778.74,1,1,38,0,0.000,0
3.889905,2777.07,2778.74,1,1,39,0,0.000,0
3.890265,2776.82,2777.78,1,1,40,0,0.000,0
3.890625,2776.56,2775.85,1,1,41,0,0.000,0
3.890985,2776.31,2776.81,1,1,42,0,0.000,0
3.891345,2776.06,2775.85,1,1,43,0,0.000,0
3.891706,2775.81,2777.78,1,1,44,0,0.000,0
3.892066,2775.55,2777.78,1,1,45,0,0.000,0
3.892426,2775.30,2774.89,1,1,46,0,0.000,0
3.892787,2775.05,2777.78,1,1,47,0,0.000,0
3.893147,2774.80,2775.85,1,1,48,0,0.000,0
3.893507,2774.55,2777.78,1,1,49,0,0.000,0
3.893868,2774.29,2775.85,1,1,50,0,0.000,0
3.894228,2774.04,2775.85,1,1,51,0,0.000,0
3.894589,2773.79,2774.89,1,1,52,0,0.000,0
3.894949,2773.54,2772.96,1,1,53,0,0.000,0
3.895310,2773.28,2774.89,1,1,54,0,0.000,0
3.895670,2773.03,2773.93,1,1,55,0,0.000,0
3.896031,2772.78,2773.93,1,1,56,0,0.000,0
3.896392,2772.53,2772.00,1,1,57,0,0.000,0
3.897474,2771.77,2773.93,1,1,0,1,0.000,0
3.897835,2771.52,2773.16,1,1,1,1,0.000,0
3.898196,2771.26,2771.62,1,1,2,1,0.000,0
3.898556,2771.01,2772.39,1,1,3,1,0.000,0
3.898917,2770.76,2771.62,1,1,4,1,0.000,0
3.899278,2770.51,2771.62,1,1,5,1,0.000,0
3.899639,2770.25,2772.39,1,1,6,1,0.000,0
3.900000,2770.00,2771.62,1,1,7,1,0.000,0
3.900361,2769.75,2769.12,1,1,8,1,0.000,0
3.900722,2769.49,2770.08,1,1,9,1,0.000,0
3.901083,2769.24,2772.00,1,1,10,1,0.000,0
3.901445,2768.99,2770.08,1,1,11,1,0.000,0
3.901806,2768.74,2772.00,1,1,12,1,0.000,0
3.902167,2768.48,2770.08,1,1,13,1,0.000,0
3.902528,2768.23,2768.17,1,1,14,1,0.000,0
3.902889,2767.98,2769.12,1,1,15,1,0.000,0
3.903251,2767.73,2769.12,1,1,16,1,0.000,0
3.903612,2767.47,2768.17,1,1,17,1,0.000,0
3.903973,2767.22,2768.17,1,1,18,1,0.000,0
3.904335,2766.97,2769.12,1,1,19,1,0.000,0
3.904696,2766.71,2765.30,1,1,20,1,0.000,0
3.905058,2766.46,2768.17,1,1,21,1,0.000,0
3.905419,2766.21,2766.25,1,1,22,1,0.000,0
3.905781,2765.95,2768.17,1,1,23,1,0.000,0
3.906142,2765.70,2766.25,1,1,24,1,0.000,0
3.906504,2765.45,2765.30,1,1,25,1,0.000,0
3.906865,2765.19,2765.30,1,1,26,1,0.000,0
3.907227,2764.94,2765.30,1,1,27,1,0.000,0
3.907589,2764.69,2766.25,1,1,28,1,0.000,0
3.907950,2764.43,2763.39,1,1,29,1,0.000,0
3.908312,2764.18,2766.25,1,1,30,1,0.000,0
3.908674,2763.93,2761.48,1,1,31,1,0.000,0
3.909036,2763.68,2766.25,1,1,32,1,0.000,0
3.909398,2763.42,2767.21,1,1,33,1,0.000,0
3.909760,2763.17,2764.34,1,1,34,1,0.000,0
3.910121,2762.92,2763.39,1,1,35,1,0.000,0
3.910483,2762.66,2762.43,1,1,36,1,0.000,0
3.910845,2762.41,2764.34,1,1,37,1,0.000,0
3.911207,2762.16,2762.43,1,1,38,1,0.000,0
3.911569,2761.90,2765.30,1,1,39,1,0.000,0
3.911932,2761.65,2761.48,1,1,40,1,0.000,0
3.912294,2761.39,2760.52,1,1,41,1,0.000,0
3.912656,2761.14,2762.43,1,1,42,1,0.000,0
3.913018,2760.89,2762.43,1,1,43,1,0.000,0
3.913380,2760.63,2763.39,1,1,44,1,0.000,0
3.913743,2760.38,2760.52,1,1,45,1,0.000,0
3.914105,2760.13,2761.48,1,1,46,1,0.000,0
3.914467,2759.87,2760.52,1,1,47,1,0.000,0
3.914829,2759.62,2760.52,1,1,48,1,0.000,0
3.915192,2759.37,2760.52,1,1,49,1,0.000,0
3.915554,2759.11,2761.48,1,1,50,1,0.000,0
3.915917,2758.86,2759.57,1,1,51,1,0.000,0
3.916279,2758.60,2758.62,1,1,52,1,0.000,0
3.916642,2758.35,2759.57,1,1,53,1,0.000,0
3.917004,2758.10,2759.57,1,1,54,1,0.000,0
3.917367,2757.84,2758.62,1,1,55,1,0.000,0
3.917729,2757.59,2759.57,1,1,56,1,0.000,0
3.918092,2757.34,2757.67,1,1,57,1,0.000,0
3.919180,2756.57,2757.86,1,1,0,0,0.000,0
3.919543,2756.32,2757.86,1,1,1,0,0.000,0
3.919906,2756.07,2757.86,1,1,2,0,0.000,0
3.920269,2755.81,2757.10,1,1,3,0,0.000,0
3.920632,2755.56,2757.10,1,1,4,0,0.000,0
3.920995,2755.30,2756.34,1,1,5,0,0.000,0
3.921358,2755.05,2755.58,1,1,6,0,0.000,0
3.921720,2754.80,2756.34,1,1,7,0,0.000,0
3.922084,2754.54,2754.82,1,1,8,0,0.000,0
3.922447,2754.29,2755.77,1,1,9,0,0.000,0
3.922810,2754.03,2754.82,1,1,10,0,0.000,0
3.923173,2753.78,2755.77,1,1,11,0,0.000,0
3.923536,2753.53,2753.87,1,1,12,0,0.000,0
3.923899,2753.27,2754.82,1,1,13,0,0.000,0
3.924262,2753.02,2754.82,1,1,14,0,0.000,0
3.924626,2752.76,2755.77,1,1,15,0,0.000,0
3.924989,2752.51,2752.93,1,1,16,0,0.000,0
3.925352,2752.25,2752.93,1,1,17,0,0.000,0
3.925716,2752.00,2753.87,1,1,18,0,0.000,0
3.926079,2751.75,2750.09,1,1,19,0,0.000,0
3.926442,2751.49,2751.98,1,1,20,0,0.000,0
3.926806,2751.24,2753.87,1,1,21,0,0.000,0
3.927169,2750.98,2751.98,1,1,22,0,0.000,0
3.927533,2750.73,2751.98,1,1,23,0,0.000,0
3.927896,2750.47,2751.03,1,1,24,0,0.000,0
3.928260,2750.22,2751.03,1,1,25,0,0.000,0
3.928624,2749.96,2750.09,1,1,26,0,0.000,0
3.928987,2749.71,2753.87,1,1,27,0,0.000,0
3.929351,2749.45,2751.03,1,1,28,0,0.000,0
3.929715,2749.20,2749.14,1,1,29,0,0.000,0
3.930078,2748.95,2750.09,1,1,30,0,0.000,0
3.930442,2748.69,2748.20,1,1,31,0,0.000,0
3.930806,2748.44,2751.03,1,1,32,0,0.000,0
3.931170,2748.18,2750.09,1,1,33,0,0.000,0
3.931534,2747.93,2749.14,1,1,34,0,0.000,0
3.931898,2747.67,2748.20,1,1,35,0,0.000,0
3.932262,2747.42,2748.20,1,1,36,0,0.000,0
3.932626,2747.16,2748.20,1,1,37,0,0.000,0
3.932990,2746.91,2747.25,1,1,38,0,0.000,0
3.933354,2746.65,2748.20,1,1,39,0,0.000,0
3.933718,2746.40,2746.31,1,1,40,0,0.000,0
3.934082,2746.14,2747.25,1,1,41,0,0.000,0
3.934446,2745.89,2747.25,1,1,42,0,0.000,0
3.934810,2745.63,2746.31,1,1,43,0,0.000,0
3.935175,2745.38,2747.25,1,1,44,0,0.000,0
3.935539,2745.12,2745.37,1,1,45,0,0.000,0
3.935903,2744.87,2746.31,1,1,46,0,0.000,0
3.936268,2744.61,2745.37,1,1,47,0,0.000,0
3.936632,2744.36,2746.31,1,1,48,0,0.000,0
3.936996,2744.10,2744.43,1,1,49,0,0.000,0
3.937361,2743.85,2744.43,1,1,50,0,0.000,0
3.937725,2743.59,2744.43,1,1,51,0,0.000,0
3.938090,2743.34,2743.48,1,1,52,0,0.000,0
3.938454,2743.08,2742.54,1,1,53,0,0.000,0
3.938819,2742.83,2744.43,1,1,54,0,0.000,0
3.939183,2742.57,2744.43,1,1,55,0,0.000,0
3.939548,2742.32,2741.60,1,1,56,0,0.000,0
3.939913,2742.06,2743.48,1,1,57,0,0.000,0
3.941007,2741.30,2742.73,1,1,0,1,0.000,0
3.941372,2741.04,2742.73,1,1,1,1,0.000,0
3.941737,2740.78,2741.98,1,1,2,1,0.000,0
3.942101,2740.53,2742.73,1,1,3,1,0.000,0
3.942466,2740.27,2740.48,1,1,4,1,0.000,0
3.942831,2740.02,2740.48,1,1,5,1,0.000,0
3.943196,2739.76,2740.48,1,1,6,1,0.000,0
3.943561,2739.51,2739.73,1,1,7,1,0.000,0
3.943926,2739.25,2739.73,1,1,8,1,0.000,0
3.944291,2739.00,2738.79,1,1,9,1,0.000,0
3.944657,2738.74,2741.60,1,1,10,1,0.000,0
3.945022,2738.49,2738.79,1,1,11,1,0.000,0
3.945387,2738.23,2738.79,1,1,12,1,0.000,0
3.945752,2737.97,2738.79,1,1,13,1,0.000,0
3.946117,2737.72,2740.66,1,1,14,1,0.000,0
3.946483,2737.46,2738.79,1,1,15,1,0.000,0
3.946848,2737.21,2737.85,1,1,16,1,0.000,0
3.947213,2736.95,2737.85,1,1,17,1,0.000,0
3.947579,2736.70,2735.98,1,1,18,1,0.000,0
3.947944,2736.44,2738.79,1,1,19,1,0.000,0
3.948310,2736.18,2737.85,1,1,20,1,0.000,0
3.948675,2735.93,2735.98,1,1,21,1,0.000,0
3.949041,2735.67,2735.04,1,1,22,1,0.000,0
3.949406,2735.42,2736.91,1,1,23,1,0.000,0
3.949772,2735.16,2736.91,1,1,24,1,0.000,0
3.950137,2734.90,2735.98,1,1,25,1,0.000,0
3.950503,2734.65,2735.04,1,1,26,1,0.000,0
3.950869,2734.39,2735.04,1,1,27,1,0.000,0
3.951234,2734.14,2735.04,1,1,28,1,0.000,0
3.951600,2733.88,2735.04,1,1,29,1,0.000,0
3.951966,2733.62,2735.04,1,1,30,1,0.000,0
3.952332,2733.37,2735.04,1,1,31,1,0.000,0
3.952698,2733.11,2735.98,1,1,32,1,0.000,0
3.953064,2732.86,2735.98,1,1,33,1,0.000,0
3.953430,2732.60,2734.11,1,1,34,1,0.000,0
3.953795,2732.34,2733.17,1,1,35,1,0.000,0
3.954161,2732.09,2734.11,1,1,36,1,0.000,0
3.954528,2731.83,2733.17,1,1,37,1,0.000,0
3.954894,2731.57,2733.17,1,1,38,1,0.000,0
3.955260,2731.32,2731.31,1,1,39,1,0.000,0
3.955626,2731.06,2730.38,1,1,40,1,0.000,0
3.955992,2730.81,2730.38,1,1,41,1,0.000,0
3.956358,2730.55,2732.24,1,1,42,1,0.000,0
3.956724,2730.29,2731.31,1,1,43,1,0.000,0
3.957091,2730.04,2730.38,1,1,44,1,0.000,0
3.957457,2729.78,2731.31,1,1,45,1,0.000,0
3.957823,2729.52,2732.24,1,1,46,1,0.000,0
3.958190,2729.27,2732.24,1,1,47,1,0.000,0
3.958556,2729.01,2731.31,1,1,48,1,0.000,0
3.958923,2728.75,2729.44,1,1,49,1,0.000,0
3.959289,2728.50,2729.44,1,1,50,1,0.000,0
3.959656,2728.24,2730.38,1,1,51,1,0.000,0
3.960022,2727.98,2728.51,1,1,52,1,0.000,0
3.960389,2727.73,2729.44,1,1,53,1,0.000,0
3.960755,2727.47,2726.65,1,1,54,1,0.000,0
3.961122,2727.21,2726.65,1,1,55,1,0.000,0
3.961489,2726.96,2727.58,1,1,56,1,0.000,0
3.961856,2726.70,2728.51,1,1,57,1,0.000,0
3.962956,2725.93,2727.02,1,1,0,0,0.000,0
3.963323,2725.67,2727.02,1,1,1,0,0.000,0
3.963690,2725.42,2728.51,1,1,2,0,0.000,0
3.964057,2725.16,2726.28,1,1,3,0,0.000,0
3.964424,2724.90,2726.28,1,1,4,0,0.000,0
3.964791,2724.65,2725.54,1,1,5,0,0.000,0
3.965158,2724.39,2725.54,1,1,6,0,0.000,0
3.965525,2724.13,2725.54,1,1,7,0,0.000,0
3.965892,2723.88,2725.72,1,1,8,0,0.000,0
3.966259,2723.62,2723.87,1,1,9,0,0.000,0
3.966626,2723.36,2723.87,1,1,10,0,0.000,0
3.966993,2723.10,2723.87,1,1,11,0,0.000,0
3.967361,2722.85,2722.94,1,1,12,0,0.000,0
3.967728,2722.59,2723.87,1,1,13,0,0.000,0
3.968095,2722.33,2722.94,1,1,14,0,0.000,0
3.968462,2722.08,2722.01,1,1,15,0,0.000,0
3.968830,2721.82,2722.94,1,1,16,0,0.000,0
3.969197,2721.56,2723.87,1,1,17,0,0.000,0
3.969565,2721.31,2721.09,1,1,18,0,0.000,0
3.969932,2721.05,2722.94,1,1,19,0,0.000,0
3.970300,2720.79,2723.87,1,1,20,0,0.000,0
3.970667,2720.53,2722.01,1,1,21,0,0.000,0
3.971035,2720.28,2720.16,1,1,22,0,0.000,0
3.971403,2720.02,2720.16,1,1,23,0,0.000,0
3.971770,2719.76,2719.24,1,1,24,0,0.000,0
3.972138,2719.50,2720.16,1,1,25,0,0.000,0
3.972506,2719.25,2721.09,1,1,26,0,0.000,0
3.972873,2718.99,2718.31,1,1,27,0,0.000,0
3.973241,2718.73,2719.24,1,1,28,0,0.000,0
3.973609,2718.47,2719.24,1,1,29,0,0.000,0
3.973977,2718.22,2721.09,1,1,30,0,0.000,0
3.974345,2717.96,2719.24,1,1,31,0,0.000,0
3.974713,2717.70,2718.31,1,1,32,0,0.000,0
3.975081,2717.44,2717.39,1,1,33,0,0.000,0
3.975449,2717.19,2717.39,1,1,34,0,0.000,0
3.975817,2716.93,2720.16,1,1,35,0,0.000,0
3.976185,2716.67,2717.39,1,1,36,0,0.000,0
3.976553,2716.41,2717.39,1,1,37,0,0.000,0
3.976921,2716.16,2716.47,1,1,38,0,0.000,0
3.977289,2715.90,2719.24,1,1,39,0,0.000,0
3.977658,2715.64,2717.39,1,1,40,0,0.000,0
3.978026,2715.38,2715.55,1,1,41,0,0.000,0
3.978394,2715.12,2716.47,1,1,42,0,0.000,0
3.978762,2714.87,2714.62,1,1,43,0,0.000,0
3.979131,2714.61,2715.55,1,1,44,0,0.000,0
3.979499,2714.35,2714.62,1,1,45,0,0.000,0
3.979868,2714.09,2715.55,1,1,46,0,0.000,0
3.980236,2713.83,2713.70,1,1,47,0,0.000,0
3.980605,2713.58,2715.55,1,1,48,0,0.000,0
3.980973,2713.32,2716.47,1,1,49,0,0.000,0
3.981342,2713.06,2712.78,1,1,50,0,0.000,0
3.981710,2712.80,2712.78,1,1,51,0,0.000,0
3.982079,2712.55,2714.62,1,1,52,0,0.000,0
3.982448,2712.29,2714.62,1,1,53,0,0.000,0
3.982816,2712.03,2712.78,1,1,54,0,0.000,0
3.983185,2711.77,2711.86,1,1,55,0,0.000,0
3.983554,2711.51,2711.86,1,1,56,0,0.000,0
3.983923,2711.25,2710.95,1,1,57,0,0.000,0
3.985029,2710.48,2712.97,1,1,0,1,0.000,0
3.985398,2710.22,2712.97,1,1,1,1,0.000,0
3.985767,2709.96,2710.76,1,1,2,1,0.000,0
3.986136,2709.70,2710.03,1,1,3,1,0.000,0
3.986505,2709.45,2711.50,1,1,4,1,0.000,0
3.986874,2709.19,2710.76,1,1,5,1,0.000,0
3.987244,2708.93,2710.03,1,1,6,1,0.000,0
3.987613,2708.67,2710.76,1,1,7,1,0.000,0
3.987982,2708.41,2709.11,1,1,8,1,0.000,0
3.988351,2708.15,2707.28,1,1,9,1,0.000,0
3.988720,2707.90,2709.11,1,1,10,1,0.000,0
3.989090,2707.64,2710.03,1,1,11,1,0.000,0
3.989459,2707.38,2708.19,1,1,12,1,0.000,0
3.989828,2707.12,2710.03,1,1,13,1,0.000,0
3.990198,2706.86,2708.19,1,1,14,1,0.000,0
3.990567,2706.60,2706.36,1,1,15,1,0.000,0
3.990937,2706.34,2707.28,1,1,16,1,0.000,0
3.991306,2706.09,2709.11,1,1,17,1,0.000,0
3.991676,2705.83,2706.36,1,1,18,1,0.000,0
3.992045,2705.57,2705.44,1,1,19,1,0.000,0
3.992415,2705.31,2703.62,1,1,20,1,0.000,0
3.992785,2705.05,2704.53,1,1,21,1,0.000,0
3.993154,2704.79,2706.36,1,1,22,1,0.000,0
3.993524,2704.53,2705.44,1,1,23,1,0.000,0
3.993894,2704.27,2705.44,1,1,24,1,0.000,0
3.994264,2704.02,2705.44,1,1,25,1,0.000,0
3.994634,2703.76,2704.53,1,1,26,1,0.000,0
3.995003,2703.50,2704.53,1,1,27,1,0.000,0
3.995373,2703.24,2706.36,1,1,28,1,0.000,0
3.995743,2702.98,2704.53,1,1,29,1,0.000,0
3.996113,2702.72,2703.62,1,1,30,1,0.000,0
3.996483,2702.46,2704.53,1,1,31,1,0.000,0
3.996853,2702.20,2703.62,1,1,32,1,0.000,0
3.997223,2701.94,2702.70,1,1,33,1,0.000,0
3.997594,2701.68,2703.62,1,1,34,1,0.000,0
3.997964,2701.43,2703.62,1,1,35,1,0.000,0
3.998334,2701.17,2700.88,1,1,36,1,0.000,0
3.998704,2700.91,2701.79,1,1,37,1,0.000,0
3.999074,2700.65,2701.79,1,1,38,1,0.000,0
3.999445,2700.39,2701.79,1,1,39,1,0.000,0
3.999815,2700.13,2700.88,1,1,40,1,0.000,0
4.000185,2700.00,2699.06,1,1,41,1,0.000,0
4.000556,2700.00,2699.97,1,1,42,1,0.000,0
4.000926,2700.00,2700.88,1,1,43,1,0.000,0
4.001297,2700.00,2700.88,1,1,44,1,0.000,0
4.001667,2700.00,2700.88,1,1,45,1,0.000,0
4.002037,2700.00,2699.06,1,1,46,1,0.000,0
4.002408,2700.00,2699.06,1,1,47,1,0.000,0
4.002778,2700.00,2699.06,1,1,48,1,0.000,0
4.003148,2700.00,2699.97,1,1,49,1,0.000,0
4.003519,2700.00,2700.88,1,1,50,1,0.000,0
4.003889,2700.00,2699.97,1,1,51,1,0.000,0
4.004259,2700.00,2700.88,1,1,52,1,0.000,0
4.004630,2700.00,2699.06,1,1,53,1,0.000,0
4.005000,2700.00,2701.79,1,1,54,1,0.000,0
4.005371,2700.00,2700.88,1,1,55,1,0.000,0
4.005741,2700.00,2701.79,1,1,56,1,0.000,0
4.006111,2700.00,2700.88,1,1,57,1,0.000,0
4.007222,2700.00,2699.06,1,1,0,0,0.000,0
4.007593,2700.00,2699.06,1,1,1,0,0.000,0
4.007963,2700.00,2699.06,1,1,2,0,0.000,0
4.008334,2700.00,2699.78,1,1,3,0,0.000,0
4.008704,2700.00,2699.06,1,1,4,0,0.000,0
4.009074,2700.00,2700.51,1,1,5,0,0.000,0
4.009445,2700.00,2699.06,1,1,6,0,0.000,0
4.009815,2700.00,2699.78,1,1,7,0,0.000,0
4.010185,2700.00,2700.88,1,1,8,0,0.000,0
4.010556,2700.00,2699.97,1,1,9,0,0.000,0
4.010926,2700.00,2700.88,1,1,10,0,0.000,0
4.011297,2700.00,2699.97,1,1,11,0,0.000,0
4.011667,2700.00,2699.97,1,1,12,0,0.000,0
4.012037,2700.00,2699.06,1,1,13,0,0.000,0
4.012408,2700.00,2701.79,1,1,14,0,0.000,0
4.012778,2700.00,2699.97,1,1,15,0,0.000,0
4.013148,2700.00,2699.97,1,1,16,0,0.000,0
4.013519,2700.00,2699.97,1,1,17,0,0.000,0
4.013889,2700.00,2699.97,1,1,18,0,0.000,0
4.014259,2700.00,2699.97,1,1,19,0,0.000,0
4.014630,2700.00,2699.97,1,1,20,0,0.000,0
4.015000,2700.00,2700.88,1,1,21,0,0.000,0
4.015371,2700.00,2699.06,1,1,22,0,0.000,0
4.015741,2700.00,2699.97,1,1,23,0,0.000,0
4.016111,2700.00,2699.06,1,1,24,0,0.000,0
4.016482,2700.00,2700.88,1,1,25,0,0.000,0
4.016852,2700.00,2699.06,1,1,26,0,0.000,0
4.017222,2700.00,2701.79,1,1,27,0,0.000,0
4.017593,2700.00,2699.97,1,1,28,0,0.000,0
4.017963,2700.00,2699.06,1,1,29,0,0.000,0
4.018334,2700.00,2699.06,1,1,30,0,0.000,0
4.018704,2700.00,2699.06,1,1,31,0,0.000,0
4.019074,2700.00,2699.97,1,1,32,0,0.000,0
4.019445,2700.00,2699.06,1,1,33,0,0.000,0
4.019815,2700.00,2701.79,1,1,34,0,0.000,0
4.020185,2700.00,2698.15,1,1,35,0,0.000,0
4.020556,2700.00,2699.06,1,1,36,0,0.000,0
4.020926,2700.00,2699.06,1,1,37,0,0.000,0
4.021297,2700.00,2700.88,1,1,38,0,0.000,0
4.021667,2700.00,2700.88,1,1,39,0,0.000,0
4.022037,2700.00,2699.97,1,1,40,0,0.000,0
4.022408,2700.00,2699.06,1,1,41,0,0.000,0
4.022778,2700.00,2698.15,1,1,42,0,0.000,0
4.023148,2700.00,2700.88,1,1,43,0,0.000,0
4.023519,2700.00,2700.88,1,1,44,0,0.000,0
4.023889,2700.00,2699.97,1,1,45,0,0.000,0
4.024259,2700.00,2699.06,1,1,46,0,0.000,0
4.024630,2700.00,2700.88,1,1,47,0,0.000,0
4.025000,2700.00,2700.88,1,1,48,0,0.000,0
4.025371,2700.00,2700.88,1,1,49,0,0.000,0
4.025741,2700.00,2700.88,1,1,50,0,0.000,0
4.026111,2700.00,2699.97,1,1,51,0,0.000,0
4.026482,2700.00,2699.97,1,1,52,0,0.000,0
4.026852,2700.00,2699.97,1,1,53,0,0.000,0
4.027222,2700.00,2699.97,1,1,54,0,0.000,0
4.027593,2700.00,2699.06,1,1,55,0,0.000,0
4.027963,2700.00,2699.97,1,1,56,0,0.000,0
4.028334,2700.00,2699.97,1,1,57,0,0.000,0
4.029445,2700.00,2699.78,1,1,0,1,0.000,0
4.029815,2700.00,2699.06,1,1,1,1,0.000,0
4.030185,2700.00,2699.78,1,1,2,1,0.000,0
4.030556,2700.00,2699.78,1,1,3,1,0.000,0
4.030926,2700.00,2700.51,1,1,4,1,0.000,0
4.031297,2700.00,2700.51,1,1,5,1,0.000,0
4.031667,2700.00,2699.78,1,1,6,1,0.000,0
4.032037,2700.00,2699.78,1,1,7,1,0.000,0
4.032408,2700.00,2699.97,1,1,8,1,0.000,0
4.032778,2700.00,2700.88,1,1,9,1,0.000,0
4.033148,2700.00,2699.97,1,1,10,1,0.000,0
4.033519,2700.00,2701.79,1,1,11,1,0.000,0
4.033889,2700.00,2700.88,1,1,12,1,0.000,0
4.034259,2700.00,2699.97,1,1,13,1,0.000,0
4.034630,2700.00,2699.97,1,1,14,1,0.000,0
4.035000,2700.00,2701.79,1,1,15,1,0.000,0
4.035371,2700.00,2699.97,1,1,16,1,0.000,0
4.035741,2700.00,2699.06,1,1,17,1,0.000,0
4.036111,2700.00,2699.97,1,1,18,1,0.000,0
4.036482,2700.00,2698.15,1,1,19,1,0.000,0
4.036852,2700.00,2698.15,1,1,20,1,0.000,0
4.037222,2700.00,2699.06,1,1,21,1,0.000,0
4.037593,2700.00,2699.97,1,1,22,1,0.000,0
4.037963,2700.00,2698.15,1,1,23,1,0.000,0
4.038334,2700.00,2700.88,1,1,24,1,0.000,0
4.038704,2700.00,2701.79,1,1,25,1,0.000,0
4.039074,2700.00,2699.97,1,1,26,1,0.000,0
4.039445,2700.00,2700.88,1,1,27,1,0.000,0
4.039815,2700.00,2700.88,1,1,28,1,0.000,0
4.040185,2700.00,2699.06,1,1,29,1,0.000,0
4.040556,2700.00,2699.97,1,1,30,1,0.000,0
4.040926,2700.00,2699.97,1,1,31,1,0.000,0
4.041297,2700.00,2699.97,1,1,32,1,0.000,0
4.041667,2700.00,2699.06,1,1,33,1,0.000,0
4.042037,2700.00,2699.97,1,1,34,1,0.000,0
4.042408,2700.00,2699.97,1,1,35,1,0.000,0
4.042778,2700.00,2699.97,1,1,36,1,0.000,0
4.043148,2700.00,2700.88,1,1,37,1,0.000,0
4.043519,2700.00,2699.97,1,1,38,1,0.000,0
4.043889,2700.00,2701.79,1,1,39,1,0.000,0
4.044259,2700.00,2699.06,1,1,40,1,0.000,0
4.044630,2700.00,2701.79,1,1,41,1,0.000,0
4.045000,2700.00,2700.88,1,1,42,1,0.000,0
4.045371,2700.00,2700.88,1,1,43,1,0.000,0
4.045741,2700.00,2700.88,1,1,44,1,0.000,0
4.046111,2700.00,2699.97,1,1,45,1,0.000,0
4.046482,2700.00,2699.97,1,1,46,1,0.000,0
4.046852,2700.00,2699.97,1,1,47,1,0.000,0
4.047222,2700.00,2700.88,1,1,48,1,0.000,0
4.047593,2700.00,2699.06,1,1,49,1,0.000,0
4.047963,2700.00,2699.06,1,1,50,1,0.000,0
4.048334,2700.00,2699.97,1,1,51,1,0.000,0
4.048704,2700.00,2699.06,1,1,52,1,0.000,0
4.049074,2700.00,2700.88,1,1,53,1,0.000,0
4.049445,2700.00,2700.88,1,1,54,1,0.000,0
4.049815,2700.00,2698.15,1,1,55,1,0.000,0
4.050185,2700.00,2698.15,1,1,56,1,0.000,0
4.050556,2700.00,2698.15,1,1,57,1,0.000,0
4.051667,2700.00,2699.78,1,1,0,0,0.000,0
4.052037,2700.00,2699.06,1,1,1,0,0.000,0
4.052408,2700.00,2699.78,1,1,2,0,0.000,0
4.052778,2700.00,2699.78,1,1,3,0,0.000,0
4.053148,2700.00,2699.78,1,1,4,0,0.000,0
4.053519,2700.00,2700.51,1,1,5,0,0.000,0
4.053889,2700.00,2701.24,1,1,6,0,0.000,0
4.054259,2700.00,2700.51,1,1,7,0,0.000,0
4.054630,2700.00,2699.97,1,1,8,0,0.000,0
4.055000,2700.00,2699.97,1,1,9,0,0.000,0
4.055371,2700.00,2699.97,1,1,10,0,0.000,0
4.055741,2700.00,2700.88,1,1,11,0,0.000,0
4.056111,2700.00,2699.97,1,1,12,0,0.000,0
4.056482,2700.00,2701.79,1,1,13,0,0.000,0
4.056852,2700.00,2699.97,1,1,14,0,0.000,0
4.057222,2700.00,2700.88,1,1,15,0,0.000,0
4.057593,2700.00,2701.79,1,1,16,0,0.000,0
4.057963,2700.00,2701.79,1,1,17,0,0.000,0
4.058334,2700.00,2699.97,1,1,18,0,0.000,0
4.058704,2700.00,2699.06,1,1,19,0,0.000,0
4.059074,2700.00,2699.97,1,1,20,0,0.000,0
4.059445,2700.00,2698.15,1,1,21,0,0.000,0
4.059815,2700.00,2700.88,1,1,22,0,0.000,0
4.060185,2700.00,2699.06,1,1,23,0,0.000,0
4.060556,2700.00,2699.97,1,1,24,0,0.000,0
4.060926,2700.00,2697.24,1,1,25,0,0.000,0
4.061297,2700.00,2699.97,1,1,26,0,0.000,0
4.061667,2700.00,2699.97,1,1,27,0,0.000,0
4.062037,2700.00,2699.06,1,1,28,0,0.000,0
4.062408,2700.00,2700.88,1,1,29,0,0.000,0
4.062778,2700.00,2699.06,1,1,30,0,0.000,0
4.063148,2700.00,2700.88,1,1,31,0,0.000,0
4.063519,2700.00,2699.06,1,1,32,0,0.000,0
4.063889,2700.00,2700.88,1,1,33,0,0.000,0
4.064259,2700.00,2700.88,1,1,34,0,0.000,0
4.064630,2700.00,2699.97,1,1,35,0,0.000,0
4.065000,2700.00,2700.88,1,1,36,0,0.000,0
4.065371,2700.00,2699.97,1,1,37,0,0.000,0
4.065741,2700.00,2699.97,1,1,38,0,0.000,0
4.066111,2700.00,2698.15,1,1,39,0,0.000,0
4.066482,2700.00,2699.97,1,1,40,0,0.000,0
4.066852,2700.00,2699.97,1,1,41,0,0.000,0
4.067222,2700.00,2699.97,1,1,42,0,0.000,0
4.067593,2700.00,2700.88,1,1,43,0,0.000,0
4.067963,2700.00,2699.97,1,1,44,0,0.000,0
4.068334,2700.00,2699.97,1,1,45,0,0.000,0
4.068704,2700.00,2700.88,1,1,46,0,0.000,0
4.069074,2700.00,2701.79,1,1,47,0,0.000,0
4.069445,2700.00,2701.79,1,1,48,0,0.000,0
4.069815,2700.00,2699.97,1,1,49,0,0.000,0
4.070185,2700.00,2698.15,1,1,50,0,0.000,0
4.070556,2700.00,2699.97,1,1,51,0,0.000,0
4.070926,2700.00,2699.97,1,1,52,0,0.000,0
4.071297,2700.00,2699.06,1,1,53,0,0.000,0
4.071667,2700.00,2699.06,1,1,54,0,0.000,0
4.072037,2700.00,2699.97,1,1,55,0,0.000,0
4.072408,2700.00,2698.15,1,1,56,0,0.000,0
4.072778,2700.00,2699.97,1,1,57,0,0.000,0
4.073889,2700.00,2700.51,1,1,0,1,0.000,0
4.074259,2700.00,2699.78,1,1,1,1,0.000,0
4.074630,2700.00,2700.51,1,1,2,1,0.000,0
4.075000,2700.00,2700.51,1,1,3,1,0.000,0
4.075371,2700.00,2700.51,1,1,4,1,0.000,0
4.075741,2700.00,2699.06,1,1,5,1,0.000,0
4.076111,2700.00,2700.51,1,1,6,1,0.000,0
4.076482,2700.00,2701.24,1,1,7,1,0.000,0
4.076852,2700.00,2700.88,1,1,8,1,0.000,0
4.077222,2700.00,2699.06,1,1,9,1,0.000,0
4.077593,2700.00,2699.97,1,1,10,1,0.000,0
4.077963,2700.00,2699.97,1,1,11,1,0.000,0
4.078334,2700.00,2698.15,1,1,12,1,0.000,0
4.078704,2700.00,2700.88,1,1,13,1,0.000,0
4.079074,2700.00,2699.06,1,1,14,1,0.000,0
4.079445,2700.00,2699.06,1,1,15,1,0.000,0
4.079815,2700.00,2699.06,1,1,16,1,0.000,0
4.080185,2700.00,2700.88,1,1,17,1,0.000,0
4.080556,2700.00,2699.06,1,1,18,1,0.000,0
4.080926,2700.00,2700.88,1,1,19,1,0.000,0
4.081297,2700.00,2701.79,1,1,20,1,0.000,0
4.081667,2700.00,2699.97,1,1,21,1,0.000,0
4.082037,2700.00,2701.79,1,1,22,1,0.000,0
4.082408,2700.00,2700.88,1,1,23,1,0.000,0
4.082778,2700.00,2700.88,1,1,24,1,0.000,0
4.083148,2700.00,2700.88,1,1,25,1,0.000,0
4.083519,2700.00,2701.79,1,1,26,1,0.000,0
4.083889,2700.00,2699.06,1,1,27,1,0.000,0
4.084259,2700.00,2699.97,1,1,28,1,0.000,0
4.084630,2700.00,2699.97,1,1,29,1,0.000,0
4.085000,2700.00,2698.15,1,1,30,1,0.000,0
4.085371,2700.00,2699.97,1,1,31,1,0.000,0
4.085741,2700.00,2699.97,1,1,32,1,0.000,0
4.086111,2700.00,2699.97,1,1,33,1,0.000,0
4.086482,2700.00,2697.24,1,1,34,1,0.000,0
4.086852,2700.00,2700.88,1,1,35,1,0.000,0
4.087222,2700.00,2700.88,1,1,36,1,0.000,0
4.087593,2700.00,2700.88,1,1,37,1,0.000,0
4.087963,2700.00,2700.88,1,1,38,1,0.000,0
4.088334,2700.00,2699.97,1,1,39,1,0.000,0
4.088704,2700.00,2698.15,1,1,40,1,0.000,0
4.089074,2700.00,2699.06,1,1,41,1,0.000,0
4.089445,2700.00,2702.70,1,1,42,1,0.000,0
4.089815,2700.00,2699.06,1,1,43,1,0.000,0
4.090185,2700.00,2699.06,1,1,44,1,0.000,0
4.090556,2700.00,2699.06,1,1,45,1,0.000,0
4.090926,2700.00,2699.06,1,1,46,1,0.000,0
4.091297,2700.00,2699.97,1,1,47,1,0.000,0
4.091667,2700.00,2700.88,1,1,48,1,0.000,0
4.092037,2700.00,2699.97,1,1,49,1,0.000,0
4.092408,2700.00,2699.06,1,1,50,1,0.000,0
4.092778,2700.00,2699.06,1,1,51,1,0.000,0
4.093148,2700.00,2698.15,1,1,52,1,0.000,0
4.093519,2700.00,2699.97,1,1,53,1,0.000,0
4.093889,2700.00,2699.97,1,1,54,1,0.000,0
4.094259,2700.00,2699.97,1,1,55,1,0.000,0
4.094630,2700.00,2699.97,1,1,56,1,0.000,0
4.095000,2700.00,2699.97,1,1,57,1,0.000,0
4.096111,2700.00,2699.78,1,1,0,0,0.000,0
4.096482,2700.00,2700.51,1,1,1,0,0.000,0
4.096852,2700.00,2701.24,1,1,2,0,0.000,0
4.097222,2700.00,2699.78,1,1,3,0,0.000,0
4.097593,2700.00,2699.78,1,1,4,0,0.000,0
4.097963,2700.00,2699.06,1,1,5,0,0.000,0
4.098334,2700.00,2700.51,1,1,6,0,0.000,0
4.098704,2700.00,2699.06,1,1,7,0,0.000,0
4.099074,2700.00,2699.97,1,1,8,0,0.000,0
4.099445,2700.00,2700.88,1,1,9,0,0.000,0
4.099815,2700.00,2700.88,1,1,10,0,0.000,0
4.100185,2700.00,2699.97,1,1,11,0,0.000,0
4.100556,2700.00,2700.88,1,1,12,0,0.000,0
4.100926,2700.00,2699.97,1,1,13,0,0.000,0
4.101297,2700.00,2700.88,1,1,14,0,0.000,0
4.101667,2700.00,2700.88,1,1,15,0,0.000,0
4.102037,2700.00,2700.88,1,1,16,0,0.000,0
4.102408,2700.00,2699.06,1,1,17,0,0.000,0
4.102778,2700.00,2699.97,1,1,18,0,0.000,0
4.103148,2700.00,2699.97,1,1,19,0,0.000,0
4.103519,2700.00,2699.97,1,1,20,0,0.000,0
4.103889,2700.00,2699.97,1,1,21,0,0.000,0
4.104259,2700.00,2699.97,1,1,22,0,0.000,0
4.104630,2700.00,2700.88,1,1,23,0,0.000,0
4.105000,2700.00,2699.06,1,1,24,0,0.000,0
4.105371,2700.00,2699.97,1,1,25,0,0.000,0
4.105741,2700.00,2699.06,1,1,26,0,0.000,0
4.106111,2700.00,2699.06,1,1,27,0,0.000,0
4.106482,2700.00,2699.06,1,1,28,0,0.000,0
4.106852,2700.00,2699.97,1,1,29,0,0.000,0
4.107222,2700.00,2697.24,1,1,30,0,0.000,0
4.107593,2700.00,2699.06,1,1,31,0,0.000,0
4.107963,2700.00,2699.06,1,1,32,0,0.000,0
4.108334,2700.00,2700.88,1,1,33,0,0.000,0
4.108704,2700.00,2699.06,1,1,34,0,0.000,0
4.109074,2700.00,2700.88,1,1,35,0,0.000,0
4.109445,2700.00,2700.88,1,1,36,0,0.000,0
4.109815,2700.00,2700.88,1,1,37,0,0.000,0
4.110185,2700.00,2702.70,1,1,38,0,0.000,0
4.110556,2700.00,2699.97,1,1,39,0,0.000,0
4.110926,2700.00,2699.97,1,1,40,0,0.000,0
4.111297,2700.00,2699.97,1,1,41,0,0.000,0
4.111667,2700.00,2701.79,1,1,42,0,0.000,0
4.112037,2700.00,2700.88,1,1,43,0,0.000,0
4.112408,2700.00,2699.97,1,1,44,0,0.000,0
4.112778,2700.00,2698.15,1,1,45,0,0.000,0
4.113148,2700.00,2699.06,1,1,46,0,0.000,0
4.113519,2700.00,2700.88,1,1,47,0,0.000,0
4.113889,2700.00,2700.88,1,1,48,0,0.000,0
4.114259,2700.00,2699.06,1,1,49,0,0.000,0
4.114630,2700.00,2700.88,1,1,50,0,0.000,0
4.115000,2700.00,2699.97,1,1,51,0,0.000,0
4.115371,2700.00,2700.88,1,1,52,0,0.000,0
4.115741,2700.00,2701.79,1,1,53,0,0.000,0
4.116111,2700.00,2700.88,1,1,54,0,0.000,0
4.116482,2700.00,2699.06,1,1,55,0,0.000,0
4.116852,2700.00,2699.06,1,1,56,0,0.000,0
4.117222,2700.00,2699.97,1,1,57,0,0.000,0
4.118334,2700.00,2699.06,1,1,0,1,0.000,0
4.118704,2700.00,2699.78,1,1,1,1,0.000,0
4.119074,2700.00,2699.06,1,1,2,1,0.000,0
4.119445,2700.00,2700.51,1,1,3,1,0.000,0
4.119815,2700.00,2699.78,1,1,4,1,0.000,0
4.120185,2700.00,2699.78,1,1,5,1,0.000,0
4.120556,2700.00,2701.24,1,1,6,1,0.000,0
4.120926,2700.00,2699.78,1,1,7,1,0.000,0
4.121297,2700.00,2699.06,1,1,8,1,0.000,0
4.121667,2700.00,2699.97,1,1,9,1,0.000,0
4.122037,2700.00,2700.88,1,1,10,1,0.000,0
4.122408,2700.00,2699.97,1,1,11,1,0.000,0
4.122778,2700.00,2700.88,1,1,12,1,0.000,0
4.123148,2700.00,2699.97,1,1,13,1,0.000,0
4.123519,2700.00,2699.06,1,1,14,1,0.000,0
4.123889,2700.00,2700.88,1,1,15,1,0.000,0
4.124259,2700.00,2699.97,1,1,16,1,0.000,0
4.124630,2700.00,2699.97,1,1,17,1,0.000,0
4.125000,2700.00,2699.06,1,1,18,1,0.000,0
4.125371,2700.00,2700.88,1,1,19,1,0.000,0
4.125741,2700.00,2699.06,1,1,20,1,0.000,0
4.126111,2700.00,2700.88,1,1,21,1,0.000,0
4.126482,2700.00,2700.88,1,1,22,1,0.000,0
4.126852,2700.00,2699.97,1,1,23,1,0.000,0
4.127222,2700.00,2700.88,1,1,24,1,0.000,0
4.127593,2700.00,2699.97,1,1,25,1,0.000,0
4.127963,2700.00,2700.88,1,1,26,1,0.000,0
4.128334,2700.00,2698.15,1,1,27,1,0.000,0
4.128704,2700.00,2700.88,1,1,28,1,0.000,0
4.129074,2700.00,2699.06,1,1,29,1,0.000,0
4.129445,2700.00,2698.15,1,1,30,1,0.000,0
4.129815,2700.00,2700.88,1,1,31,1,0.000,0
4.130185,2700.00,2699.06,1,1,32,1,0.000,0
4.130556,2700.00,2700.88,1,1,33,1,0.000,0
4.130926,2700.00,2699.06,1,1,34,1,0.000,0
4.131297,2700.00,2700.88,1,1,35,1,0.000,0
4.131667,2700.00,2698.15,1,1,36,1,0.000,0
4.132037,2700.00,2700.88,1,1,37,1,0.000,0
4.132408,2700.00,2699.97,1,1,38,1,0.000,0
4.132778,2700.00,2698.15,1,1,39,1,0.000,0
4.133148,2700.00,2699.06,1,1,40,1,0.000,0
4.133519,2700.00,2699.06,1,1,41,1,0.000,0
4.133889,2700.00,2700.88,1,1,42,1,0.000,0
4.134259,2700.00,2699.97,1,1,43,1,0.000,0
4.134630,2700.00,2702.70,1,1,44,1,0.000,0
4.135000,2700.00,2700.88,1,1,45,1,0.000,0
4.135371,2700.00,2701.79,1,1,46,1,0.000,0
4.135741,2700.00,2701.79,1,1,47,1,0.000,0
4.136111,2700.00,2701.79,1,1,48,1,0.000,0
4.136482,2700.00,2701.79,1,1,49,1,0.000,0
4.136852,2700.00,2699.97,1,1,50,1,0.000,0
4.137222,2700.00,2699.97,1,1,51,1,0.000,0
4.137593,2700.00,2698.15,1,1,52,1,0.000,0
4.137963,2700.00,2699.06,1,1,53,1,0.000,0
4.138334,2700.00,2698.15,1,1,54,1,0.000,0
4.138704,2700.00,2699.97,1,1,55,1,0.000,0
4.139074,2700.00,2699.97,1,1,56,1,0.000,0
4.139445,2700.00,2698.15,1,1,57,1,0.000,0
4.140556,2700.00,2700.51,1,1,0,0,0.000,0
4.140926,2700.00,2700.51,1,1,1,0,0.000,0
4.141297,2700.00,2699.06,1,1,2,0,0.000,0
4.141667,2700.00,2699.78,1,1,3,0,0.000,0
4.142037,2700.00,2701.97,1,1,4,0,0.000,0
4.142408,2700.00,2699.78,1,1,5,0,0.000,0
4.142778,2700.00,2700.51,1,1,6,0,0.000,0
4.143148,2700.00,2699.78,1,1,7,0,0.000,0
4.143519,2700.00,2699.97,1,1,8,0,0.000,0
4.143889,2700.00,2698.15,1,1,9,0,0.000,0
4.144259,2700.00,2701.79,1,1,10,0,0.000,0
4.144630,2700.00,2699.97,1,1,11,0,0.000,0
4.145000,2700.00,2699.06,1,1,12,0,0.000,0
4.145371,2700.00,2698.15,1,1,13,0,0.000,0
4.145741,2700.00,2698.15,1,1,14,0,0.000,0
4.146111,2700.00,2700.88,1,1,15,0,0.000,0
4.146482,2700.00,2699.06,1,1,16,0,0.000,0
4.146852,2700.00,2700.88,1,1,17,0,0.000,0
4.147222,2700.00,2699.06,1,1,18,0,0.000,0
4.147593,2700.00,2699.97,1,1,19,0,0.000,0
4.147963,2700.00,2699.06,1,1,20,0,0.000,0
4.148334,2700.00,2701.79,1,1,21,0,0.000,0
4.148704,2700.00,2699.97,1,1,22,0,0.000,0
4.149074,2700.00,2699.06,1,1,23,0,0.000,0
4.149445,2700.00,2699.97,1,1,24,0,0.000,0
4.149815,2700.00,2699.97,1,1,25,0,0.000,0
4.150185,2700.00,2700.88,1,1,26,0,0.000,0
4.150556,2700.00,2700.88,1,1,27,0,0.000,0
4.150926,2700.00,2700.88,1,1,28,0,0.000,0
4.151297,2700.00,2698.15,1,1,29,0,0.000,0
4.151667,2700.00,2700.88,1,1,30,0,0.000,0
4.152037,2700.00,2700.88,1,1,31,0,0.000,0
4.152408,2700.00,2699.97,1,1,32,0,0.000,0
4.152778,2700.00,2699.97,1,1,33,0,0.000,0
4.153148,2700.00,2699.06,1,1,34,0,0.000,0
4.153519,2700.00,2699.06,1,1,35,0,0.000,0
4.153889,2700.00,2700.88,1,1,36,0,0.000,0
4.154259,2700.00,2701.79,1,1,37,0,0.000,0
4.154630,2700.00,2699.97,1,1,38,0,0.000,0
4.155000,2700.00,2699.97,1,1,39,0,0.000,0
4.155371,2700.00,2700.88,1,1,40,0,0.000,0
4.155741,2700.00,2699.97,1,1,41,0,0.000,0
4.156111,2700.00,2699.97,1,1,42,0,0.000,0
4.156482,2700.00,2699.97,1,1,43,0,0.000,0
4.156852,2700.00,2698.15,1,1,44,0,0.000,0
4.157222,2700.00,2699.97,1,1,45,0,0.000,0
4.157593,2700.00,2699.97,1,1,46,0,0.000,0
4.157963,2700.00,2699.97,1,1,47,0,0.000,0
4.158334,2700.00,2699.06,1,1,48,0,0.000,0
4.158704,2700.00,2700.88,1,1,49,0,0.000,0
4.159074,2700.00,2700.88,1,1,50,0,0.000,0
4.159445,2700.00,2700.88,1,1,51,0,0.000,0
4.159815,2700.00,2700.88,1,1,52,0,0.000,0
4.160185,2700.00,2699.06,1,1,53,0,0.000,0
4.160556,2700.00,2700.88,1,1,54,0,0.000,0
4.160926,2700.00,2699.06,1,1,55,0,0.000,0
4.161297,2700.00,2699.97,1,1,56,0,0.000,0
4.161667,2700.00,2699.06,1,1,57,0,0.000,0
4.162778,2700.00,2701.24,1,1,0,1,0.000,0
4.163148,2700.00,2699.06,1,1,1,1,0.000,0
4.163519,2700.00,2700.51,1,1,2,1,0.000,0
4.163889,2700.00,2699.78,1,1,3,1,0.000,0
4.164259,2700.00,2699.06,1,1,4,1,0.000,0
4.164630,2700.00,2700.51,1,1,5,1,0.000,0
4.165000,2700.00,2699.06,1,1,6,1,0.000,0
4.165371,2700.00,2699.78,1,1,7,1,0.000,0
4.165741,2700.00,2699.06,1,1,8,1,0.000,0
4.166111,2700.00,2700.88,1,1,9,1,0.000,0
4.166482,2700.00,2699.06,1,1,10,1,0.000,0
4.166852,2700.00,2700.88,1,1,11,1,0.000,0
4.167222,2700.00,2702.70,1,1,12,1,0.000,0
4.167593,2700.00,2699.97,1,1,13,1,0.000,0
4.167963,2700.00,2701.79,1,1,14,1,0.000,0
4.168334,2700.00,2699.97,1,1,15,1,0.000,0
4.168704,2700.00,2699.97,1,1,16,1,0.000,0
4.169074,2700.00,2699.06,1,1,17,1,0.000,0
4.169445,2700.00,2700.88,1,1,18,1,0.000,0
4.169815,2700.00,2700.88,1,1,19,1,0.000,0
4.170185,2700.00,2698.15,1,1,20,1,0.000,0
4.170556,2700.00,2701.79,1,1,21,1,0.000,0
4.170926,2700.00,2699.97,1,1,22,1,0.000,0
4.171297,2700.00,2699.97,1,1,23,1,0.000,0
4.171667,2700.00,2699.06,1,1,24,1,0.000,0
4.172037,2700.00,2700.88,1,1,25,1,0.000,0
4.172408,2700.00,2699.97,1,1,26,1,0.000,0
4.172778,2700.00,2699.06,1,1,27,1,0.000,0
4.173148,2700.00,2699.97,1,1,28,1,0.000,0
4.173519,2700.00,2697.24,1,1,29,1,0.000,0
4.173889,2700.00,2699.06,1,1,30,1,0.000,0
4.174259,2700.00,2701.79,1,1,31,1,0.000,0
4.174630,2700.00,2699.97,1,1,32,1,0.000,0
4.175000,2700.00,2699.06,1,1,33,1,0.000,0
4.175371,2700.00,2699.97,1,1,34,1,0.000,0
4.175741,2700.00,2699.97,1,1,35,1,0.000,0
4.176111,2700.00,2699.06,1,1,36,1,0.000,0
4.176482,2700.00,2700.88,1,1,37,1,0.000,0
4.176852,2700.00,2701.79,1,1,38,1,0.000,0
4.177222,2700.00,2698.15,1,1,39,1,0.000,0
4.177593,2700.00,2699.97,1,1,40,1,0.000,0
4.177963,2700.00,2700.88,1,1,41,1,0.000,0
4.178334,2700.00,2699.97,1,1,42,1,0.000,0
4.178704,2700.00,2699.97,1,1,43,1,0.000,0
4.179074,2700.00,2699.97,1,1,44,1,0.000,0
4.179445,2700.00,2699.97,1,1,45,1,0.000,0
4.179815,2700.00,2699.06,1,1,46,1,0.000,0
4.180185,2700.00,2700.88,1,1,47,1,0.000,0
4.180556,2700.00,2699.97,1,1,48,1,0.000,0
4.180926,2700.00,2700.88,1,1,49,1,0.000,0
4.181297,2700.00,2699.06,1,1,50,1,0.000,0
4.181667,2700.00,2699.97,1,1,51,1,0.000,0
4.182037,2700.00,2700.88,1,1,52,1,0.000,0
4.182408,2700.00,2699.97,1,1,53,1,0.000,0
4.182778,2700.00,2699.97,1,1,54,1,0.000,0
4.183148,2700.00,2699.06,1,1,55,1,0.000,0
4.183519,2700.00,2698.15,1,1,56,1,0.000,0
4.183889,2700.00,2699.06,1,1,57,1,0.000,0
4.185000,2700.00,2699.78,1,1,0,0,0.000,0
4.185371,2700.00,2700.51,1,1,1,0,0.000,0
4.185741,2700.00,2701.24,1,1,2,0,0.000,0
4.186111,2700.00,2699.78,1,1,3,0,0.000,0
4.186482,2700.00,2700.51,1,1,4,0,0.000,0
4.186852,2700.00,2700.51,1,1,5,0,0.000,0
4.187222,2700.00,2701.24,1,1,6,0,0.000,0
4.187593,2700.00,2699.06,1,1,7,0,0.000,0
4.187963,2700.00,2700.88,1,1,8,0,0.000,0
4.188334,2700.00,2699.97,1,1,9,0,0.000,0
4.188704,2700.00,2698.15,1,1,10,0,0.000,0
4.189074,2700.00,2699.97,1,1,11,0,0.000,0
4.189445,2700.00,2697.24,1,1,12,0,0.000,0
4.189815,2700.00,2699.97,1,1,13,0,0.000,0
4.190185,2700.00,2701.79,1,1,14,0,0.000,0
4.190556,2700.00,2699.97,1,1,15,0,0.000,0
4.190926,2700.00,2699.06,1,1,16,0,0.000,0
4.191297,2700.00,2699.06,1,1,17,0,0.000,0
4.191667,2700.00,2699.97,1,1,18,0,0.000,0
4.192037,2700.00,2699.97,1,1,19,0,0.000,0
4.192408,2700.00,2702.70,1,1,20,0,0.000,0
4.192778,2700.00,2699.06,1,1,21,0,0.000,0
4.193148,2700.00,2696.33,1,1,22,0,0.000,0
4.193519,2700.00,2700.88,1,1,23,0,0.000,0
4.193889,2700.00,2701.79,1,1,24,0,0.000,0
4.194259,2700.00,2701.79,1,1,25,0,0.000,0
4.194630,2700.00,2699.97,1,1,26,0,0.000,0
4.195000,2700.00,2700.88,1,1,27,0,0.000,0
4.195371,2700.00,2699.97,1,1,28,0,0.000,0
4.195741,2700.00,2700.88,1,1,29,0,0.000,0
4.196111,2700.00,2702.70,1,1,30,0,0.000,0
4.196482,2700.00,2700.88,1,1,31,0,0.000,0
4.196852,2700.00,2699.06,1,1,32,0,0.000,0
4.197222,2700.00,2698.15,1,1,33,0,0.000,0
4.197593,2700.00,2699.97,1,1,34,0,0.000,0
4.197963,2700.00,2699.06,1,1,35,0,0.000,0
4.198334,2700.00,2699.06,1,1,36,0,0.000,0
4.198704,2700.00,2699.97,1,1,37,0,0.000,0
4.199074,2700.00,2699.06,1,1,38,0,0.000,0
4.199445,2700.00,2699.06,1,1,39,0,0.000,0
4.199815,2700.00,2700.88,1,1,40,0,0.000,0
4.200185,2700.00,2699.97,1,1,41,0,0.000,0
4.200556,2700.00,2700.88,1,1,42,0,0.000,0
4.200926,2700.00,2699.97,1,1,43,0,0.000,0
4.201297,2700.00,2699.06,1,1,44,0,0.000,0
4.201667,2700.00,2699.06,1,1,45,0,0.000,0
4.202037,2700.00,2700.88,1,1,46,0,0.000,0
4.202408,2700.00,2700.88,1,1,47,0,0.000,0
4.202778,2700.00,2698.15,1,1,48,0,0.000,0
4.203148,2700.00,2700.88,1,1,49,0,0.000,0
4.203519,2700.00,2699.97,1,1,50,0,0.000,0
4.203889,2700.00,2701.79,1,1,51,0,0.000,0
4.204259,2700.00,2701.79,1,1,52,0,0.000,0
4.204630,2700.00,2700.88,1,1,53,0,0.000,0
4.205000,2700.00,2699.97,1,1,54,0,0.000,0
4.205371,2700.00,2700.88,1,1,55,0,0.000,0
4.205741,2700.00,2701.79,1,1,56,0,0.000,0
4.206111,2700.00,2699.97,1,1,57,0,0.000,0
4.207222,2700.00,2699.06,1,1,0,1,0.000,0
4.207593,2700.00,2699.06,1,1,1,1,0.000,0
4.207963,2700.00,2699.78,1,1,2,1,0.000,0
4.208334,2700.00,2700.51,1,1,3,1,0.000,0
4.208704,2700.00,2699.78,1,1,4,1,0.000,0
4.209074,2700.00,2699.06,1,1,5,1,0.000,0
4.209445,2700.00,2699.06,1,1,6,1,0.000,0
4.209815,2700.00,2699.06,1,1,7,1,0.000,0
4.210185,2700.00,2700.88,1,1,8,1,0.000,0
4.210556,2700.00,2699.06,1,1,9,1,0.000,0
4.210926,2700.00,2700.88,1,1,10,1,0.000,0
4.211297,2700.00,2699.06,1,1,11,1,0.000,0
4.211667,2700.00,2699.06,1,1,12,1,0.000,0
4.212037,2700.00,2699.97,1,1,13,1,0.000,0
4.212408,2700.00,2700.88,1,1,14,1,0.000,0
4.212778,2700.00,2701.79,1,1,15,1,0.000,0
4.213148,2700.00,2699.06,1,1,16,1,0.000,0
4.213519,2700.00,2700.88,1,1,17,1,0.000,0
4.213889,2700.00,2699.06,1,1,18,1,0.000,0
4.214259,2700.00,2699.97,1,1,19,1,0.000,0
4.214630,2700.00,2700.88,1,1,20,1,0.000,0
4.215000,2700.00,2699.97,1,1,21,1,0.000,0
4.215371,2700.00,2699.06,1,1,22,1,0.000,0
4.215741,2700.00,2699.06,1,1,23,1,0.000,0
4.216111,2700.00,2700.88,1,1,24,1,0.000,0
4.216482,2700.00,2699.06,1,1,25,1,0.000,0
4.216852,2700.00,2699.97,1,1,26,1,0.000,0
4.217222,2700.00,2699.97,1,1,27,1,0.000,0
4.217593,2700.00,2700.88,1,1,28,1,0.000,0
4.217963,2700.00,2700.88,1,1,29,1,0.000,0
4.218334,2700.00,2700.88,1,1,30,1,0.000,0
4.218704,2700.00,2699.97,1,1,31,1,0.000,0
4.219074,2700.00,2699.97,1,1,32,1,0.000,0
4.219445,2700.00,2700.88,1,1,33,1,0.000,0
4.219815,2700.00,2699.06,1,1,34,1,0.000,0
4.220185,2700.00,2700.88,1,1,35,1,0.000,0
4.220556,2700.00,2699.06,1,1,36,1,0.000,0
4.220926,2700.00,2699.06,1,1,37,1,0.000,0
4.221297,2700.00,2699.97,1,1,38,1,0.000,0
4.221667,2700.00,2699.97,1,1,39,1,0.000,0
4.222037,2700.00,2699.06,1,1,40,1,0.000,0
4.222408,2700.00,2700.88,1,1,41,1,0.000,0
4.222778,2700.00,2699.97,1,1,42,1,0.000,0
4.223148,2700.00,2698.15,1,1,43,1,0.000,0
4.223519,2700.00,2699.97,1,1,44,1,0.000,0
4.223889,2700.00,2699.97,1,1,45,1,0.000,0
4.224259,2700.00,2699.97,1,1,46,1,0.000,0
4.224630,2700.00,2700.88,1,1,47,1,0.000,0
4.225000,2700.00,2701.79,1,1,48,1,0.000,0
4.225371,2700.00,2700.88,1,1,49,1,0.000,0
4.225741,2700.00,2699.97,1,1,50,1,0.000,0
4.226111,2700.00,2701.79,1,1,51,1,0.000,0
4.226482,2700.00,2700.88,1,1,52,1,0.000,0
4.226852,2700.00,2699.97,1,1,53,1,0.000,0
4.227222,2700.00,2699.06,1,1,54,1,0.000,0
4.227593,2700.00,2699.97,1,1,55,1,0.000,0
4.227963,2700.00,2699.06,1,1,56,1,0.000,0
4.228334,2700.00,2698.15,1,1,57,1,0.000,0
4.229445,2700.00,2699.78,1,1,0,0,0.000,0
4.229815,2700.00,2699.78,1,1,1,0,0.000,0
4.230185,2700.00,2699.78,1,1,2,0,0.000,0
4.230556,2700.00,2700.51,1,1,3,0,0.000,0
4.230926,2700.00,2699.78,1,1,4,0,0.000,0
4.231297,2700.00,2699.06,1,1,5,0,0.000,0
4.231667,2700.00,2700.51,1,1,6,0,0.000,0
4.232037,2700.00,2700.51,1,1,7,0,0.000,0
4.232408,2700.00,2701.79,1,1,8,0,0.000,0
4.232778,2700.00,2699.97,1,1,9,0,0.000,0
4.233148,2700.00,2699.06,1,1,10,0,0.000,0
4.233519,2700.00,2699.06,1,1,11,0,0.000,0
4.233889,2700.00,2700.88,1,1,12,0,0.000,0
4.234259,2700.00,2699.97,1,1,13,0,0.000,0
4.234630,2700.00,2698.15,1,1,14,0,0.000,0
4.235000,2700.00,2699.97,1,1,15,0,0.000,0
4.235371,2700.00,2699.06,1,1,16,0,0.000,0
4.235741,2700.00,2700.88,1,1,17,0,0.000,0
4.236111,2700.00,2699.97,1,1,18,0,0.000,0
4.236482,2700.00,2699.97,1,1,19,0,0.000,0
4.236852,2700.00,2699.06,1,1,20,0,0.000,0
4.237222,2700.00,2700.88,1,1,21,0,0.000,0
4.237593,2700.00,2700.88,1,1,22,0,0.000,0
4.237963,2700.00,2699.06,1,1,23,0,0.000,0
4.238334,2700.00,2700.88,1,1,24,0,0.000,0
4.238704,2700.00,2699.97,1,1,25,0,0.000,0
4.239074,2700.00,2701.79,1,1,26,0,0.000,0
4.239445,2700.00,2699.97,1,1,27,0,0.000,0
4.239815,2700.00,2700.88,1,1,28,0,0.000,0
4.240185,2700.00,2699.06,1,1,29,0,0.000,0
4.240556,2700.00,2699.97,1,1,30,0,0.000,0
4.240926,2700.00,2701.79,1,1,31,0,0.000,0
4.241297,2700.00,2698.15,1,1,32,0,0.000,0
4.241667,2700.00,2698.15,1,1,33,0,0.000,0
4.242037,2700.00,2698.15,1,1,34,0,0.000,0
4.242408,2700.00,2699.97,1,1,35,0,0.000,0
4.242778,2700.00,2699.06,1,1,36,0,0.000,0
4.243148,2700.00,2700.88,1,1,37,0,0.000,0
4.243519,2700.00,2700.88,1,1,38,0,0.000,0
4.243889,2700.00,2699.06,1,1,39,0,0.000,0
4.244259,2700.00,2702.70,1,1,40,0,0.000,0
4.244630,2700.00,2701.79,1,1,41,0,0.000,0
4.245000,2700.00,2700.88,1,1,42,0,0.000,0
4.245371,2700.00,2700.88,1,1,43,0,0.000,0
4.245741,2700.00,2699.97,1,1,44,0,0.000,0
4.246111,2700.00,2699.06,1,1,45,0,0.000,0
4.246482,2700.00,2699.97,1,1,46,0,0.000,0
4.246852,2700.00,2700.88,1,1,47,0,0.000,0
4.247222,2700.00,2699.06,1,1,48,0,0.000,0
4.247593,2700.00,2699.06,1,1,49,0,0.000,0
4.247963,2700.00,2699.06,1,1,50,0,0.000,0
4.248334,2700.00,2699.97,1,1,51,0,0.000,0
4.248704,2700.00,2701.79,1,1,52,0,0.000,0
4.249074,2700.00,2700.88,1,1,53,0,0.000,0
4.249445,2700.00,2699.97,1,1,54,0,0.000,0
4.249815,2700.00,2699.97,1,1,55,0,0.000,0
4.250185,2700.00,2699.06,1,1,56,0,0.000,0
4.250556,2700.00,2699.06,1,1,57,0,0.000,0
4.251667,2700.00,2700.51,1,1,0,1,0.000,0
4.252037,2700.00,2699.78,1,1,1,1,0.000,0
4.252408,2700.00,2698.33,1,1,2,1,0.000,0
4.252778,2700.00,2699.78,1,1,3,1,0.000,0
4.253148,2700.00,2699.78,1,1,4,1,0.000,0
4.253519,2700.00,2699.78,1,1,5,1,0.000,0
4.253889,2700.00,2701.24,1,1,6,1,0.000,0
4.254259,2700.00,2700.51,1,1,7,1,0.000,0
4.254630,2700.00,2699.97,1,1,8,1,0.000,0
4.255000,2700.00,2699.97,1,1,9,1,0.000,0
4.255371,2700.00,2701.79,1,1,10,1,0.000,0
4.255741,2700.00,2699.97,1,1,11,1,0.000,0
4.256111,2700.00,2699.97,1,1,12,1,0.000,0
4.256482,2700.00,2699.06,1,1,13,1,0.000,0
4.256852,2700.00,2698.15,1,1,14,1,0.000,0
4.257222,2700.00,2699.97,1,1,15,1,0.000,0
4.257593,2700.00,2699.97,1,1,16,1,0.000,0
4.257963,2700.00,2699.97,1,1,17,1,0.000,0
4.258334,2700.00,2699.06,1,1,18,1,0.000,0
4.258704,2700.00,2698.15,1,1,19,1,0.000,0
4.259074,2700.00,2699.97,1,1,20,1,0.000,0
4.259445,2700.00,2699.97,1,1,21,1,0.000,0
4.259815,2700.00,2700.88,1,1,22,1,0.000,0
4.260185,2700.00,2701.79,1,1,23,1,0.000,0
4.260556,2700.00,2699.97,1,1,24,1,0.000,0
4.260926,2700.00,2700.88,1,1,25,1,0.000,0
4.261297,2700.00,2700.88,1,1,26,1,0.000,0
4.261667,2700.00,2701.79,1,1,27,1,0.000,0
4.262037,2700.00,2700.88,1,1,28,1,0.000,0
4.262408,2700.00,2702.70,1,1,29,1,0.000,0
4.262778,2700.00,2699.97,1,1,30,1,0.000,0
4.263148,2700.00,2699.06,1,1,31,1,0.000,0
4.263519,2700.00,2700.88,1,1,32,1,0.000,0
4.263889,2700.00,2699.97,1,1,33,1,0.000,0
4.264259,2700.00,2699.97,1,1,34,1,0.000,0
4.264630,2700.00,2700.88,1,1,35,1,0.000,0
4.265000,2700.00,2699.97,1,1,36,1,0.000,0
4.265371,2700.00,2696.33,1,1,37,1,0.000,0
4.265741,2700.00,2699.97,1,1,38,1,0.000,0
4.266111,2700.00,2699.97,1,1,39,1,0.000,0
4.266482,2700.00,2699.06,1,1,40,1,0.000,0
4.266852,2700.00,2699.06,1,1,41,1,0.000,0
4.267222,2700.00,2699.06,1,1,42,1,0.000,0
4.267593,2700.00,2698.15,1,1,43,1,0.000,0
4.267963,2700.00,2699.06,1,1,44,1,0.000,0
4.268334,2700.00,2702.70,1,1,45,1,0.000,0
4.268704,2700.00,2699.97,1,1,46,1,0.000,0
4.269074,2700.00,2699.06,1,1,47,1,0.000,0
4.269445,2700.00,2700.88,1,1,48,1,0.000,0
4.269815,2700.00,2699.97,1,1,49,1,0.000,0
4.270185,2700.00,2701.79,1,1,50,1,0.000,0
4.270556,2700.00,2700.88,1,1,51,1,0.000,0
4.270926,2700.00,2699.97,1,1,52,1,0.000,0
4.271297,2700.00,2698.15,1,1,53,1,0.000,0
4.271667,2700.00,2699.97,1,1,54,1,0.000,0
4.272037,2700.00,2699.97,1,1,55,1,0.000,0
4.272408,2700.00,2699.97,1,1,56,1,0.000,0
4.272778,2700.00,2699.06,1,1,57,1,0.000,0
4.273889,2700.00,2699.06,1,1,0,0,0.000,0
4.274259,2700.00,2700.51,1,1,1,0,0.000,0
4.274630,2700.00,2699.78,1,1,2,0,0.000,0
4.275000,2700.00,2700.51,1,1,3,0,0.000,0
4.275371,2700.00,2700.51,1,1,4,0,0.000,0
4.275741,2700.00,2701.24,1,1,5,0,0.000,0
4.276111,2700.00,2699.06,1,1,6,0,0.000,0
4.276482,2700.00,2700.51,1,1,7,0,0.000,0
4.276852,2700.00,2699.06,1,1,8,0,0.000,0
4.277222,2700.00,2699.06,1,1,9,0,0.000,0
4.277593,2700.00,2699.97,1,1,10,0,0.000,0
4.277963,2700.00,2699.97,1,1,11,0,0.000,0
4.278334,2700.00,2699.06,1,1,12,0,0.000,0
4.278704,2700.00,2699.06,1,1,13,0,0.000,0
4.279074,2700.00,2699.97,1,1,14,0,0.000,0
4.279445,2700.00,2701.79,1,1,15,0,0.000,0
4.279815,2700.00,2701.79,1,1,16,0,0.000,0
4.280185,2700.00,2699.97,1,1,17,0,0.000,0
4.280556,2700.00,2699.97,1,1,18,0,0.000,0
4.280926,2700.00,2699.97,1,1,19,0,0.000,0
4.281297,2700.00,2699.97,1,1,20,0,0.000,0
4.281667,2700.00,2699.97,1,1,21,0,0.000,0
4.282037,2700.00,2700.88,1,1,22,0,0.000,0
4.282408,2700.00,2699.06,1,1,23,0,0.000,0
4.282778,2700.00,2698.15,1,1,24,0,0.000,0
4.283148,2700.00,2700.88,1,1,25,0,0.000,0
4.283519,2700.00,2699.97,1,1,26,0,0.000,0
4.283889,2700.00,2699.97,1,1,27,0,0.000,0
4.284259,2700.00,2700.88,1,1,28,0,0.000,0
4.284630,2700.00,2700.88,1,1,29,0,0.000,0
4.285000,2700.00,2699.97,1,1,30,0,0.000,0
4.285371,2700.00,2698.15,1,1,31,0,0.000,0
4.285741,2700.00,2700.88,1,1,32,0,0.000,0
4.286111,2700.00,2701.79,1,1,33,0,0.000,0
4.286482,2700.00,2699.97,1,1,34,0,0.000,0
4.286852,2700.00,2699.97,1,1,35,0,0.000,0
4.287222,2700.00,2699.97,1,1,36,0,0.000,0
4.287593,2700.00,2699.06,1,1,37,0,0.000,0
4.287963,2700.00,2699.97,1,1,38,0,0.000,0
4.288334,2700.00,2700.88,1,1,39,0,0.000,0
4.288704,2700.00,2699.97,1,1,40,0,0.000,0
4.289074,2700.00,2697.24,1,1,41,0,0.000,0
4.289445,2700.00,2701.79,1,1,42,0,0.000,0
4.289815,2700.00,2700.88,1,1,43,0,0.000,0
4.290185,2700.00,2699.06,1,1,44,0,0.000,0
4.290556,2700.00,2700.88,1,1,45,0,0.000,0
4.290926,2700.00,2699.97,1,1,46,0,0.000,0
4.291297,2700.00,2701.79,1,1,47,0,0.000,0
4.291667,2700.00,2700.88,1,1,48,0,0.000,0
4.292037,2700.00,2699.97,1,1,49,0,0.000,0
4.292408,2700.00,2697.24,1,1,50,0,0.000,0
4.292778,2700.00,2699.06,1,1,51,0,0.000,0
4.293148,2700.00,2699.06,1,1,52,0,0.000,0
4.293519,2700.00,2699.97,1,1,53,0,0.000,0
4.293889,2700.00,2699.06,1,1,54,0,0.000,0
4.294259,2700.00,2698.15,1,1,55,0,0.000,0
4.294630,2700.00,2699.97,1,1,56,0,0.000,0
4.295000,2700.00,2700.88,1,1,57,0,0.000,0
4.296111,2700.00,2701.24,1,1,0,1,0.000,0
4.296482,2700.00,2699.06,1,1,1,1,0.000,0
4.296852,2700.00,2701.24,1,1,2,1,0.000,0
4.297222,2700.00,2699.06,1,1,3,1,0.000,0
4.297593,2700.00,2700.51,1,1,4,1,0.000,0
4.297963,2700.00,2699.78,1,1,5,1,0.000,0
4.298334,2700.00,2699.06,1,1,6,1,0.000,0
4.298704,2700.00,2699.78,1,1,7,1,0.000,0
4.299074,2700.00,2700.88,1,1,8,1,0.000,0
4.299445,2700.00,2700.88,1,1,9,1,0.000,0
4.299815,2700.00,2699.97,1,1,10,1,0.000,0
4.300185,2700.00,2699.97,1,1,11,1,0.000,0
4.300556,2700.00,2698.15,1,1,12,1,0.000,0
4.300926,2700.00,2700.88,1,1,13,1,0.000,0
4.301297,2700.00,2700.88,1,1,14,1,0.000,0
4.301667,2700.00,2699.06,1,1,15,1,0.000,0
4.302037,2700.00,2699.06,1,1,16,1,0.000,0
4.302408,2700.00,2699.97,1,1,17,1,0.000,0
4.302778,2700.00,2699.97,1,1,18,1,0.000,0
4.303148,2700.00,2700.88,1,1,19,1,0.000,0
4.303519,2700.00,2701.79,1,1,20,1,0.000,0
4.303889,2700.00,2700.88,1,1,21,1,0.000,0
4.304259,2700.00,2699.06,1,1,22,1,0.000,0
4.304630,2700.00,2699.97,1,1,23,1,0.000,0
4.305000,2700.00,2699.06,1,1,24,1,0.000,0
4.305371,2700.00,2700.88,1,1,25,1,0.000,0
4.305741,2700.00,2700.88,1,1,26,1,0.000,0
4.306111,2700.00,2699.06,1,1,27,1,0.000,0
4.306482,2700.00,2700.88,1,1,28,1,0.000,0
4.306852,2700.00,2699.97,1,1,29,1,0.000,0
4.307222,2700.00,2700.88,1,1,30,1,0.000,0
4.307593,2700.00,2701.79,1,1,31,1,0.000,0
4.307963,2700.00,2699.97,1,1,32,1,0.000,0
4.308334,2700.00,2699.97,1,1,33,1,0.000,0
4.308704,2700.00,2699.06,1,1,34,1,0.000,0
4.309074,2700.00,2701.79,1,1,35,1,0.000,0
4.309445,2700.00,2699.97,1,1,36,1,0.000,0
4.309815,2700.00,2699.06,1,1,37,1,0.000,0
4.310185,2700.00,2699.97,1,1,38,1,0.000,0
4.310556,2700.00,2700.88,1,1,39,1,0.000,0
4.310926,2700.00,2699.97,1,1,40,1,0.000,0
4.311297,2700.00,2699.97,1,1,41,1,0.000,0
4.311667,2700.00,2699.97,1,1,42,1,0.000,0
4.312037,2700.00,2699.06,1,1,43,1,0.000,0
4.312408,2700.00,2699.06,1,1,44,1,0.000,0
4.312778,2700.00,2699.06,1,1,45,1,0.000,0
4.313148,2700.00,2698.15,1,1,46,1,0.000,0
4.313519,2700.00,2696.33,1,1,47,1,0.000,0
4.313889,2700.00,2699.97,1,1,48,1,0.000,0
4.314259,2700.00,2700.88,1,1,49,1,0.000,0
4.314630,2700.00,2700.88,1,1,50,1,0.000,0
4.315000,2700.00,2699.97,1,1,51,1,0.000,0
4.315371,2700.00,2699.06,1,1,52,1,0.000,0
4.315741,2700.00,2700.88,1,1,53,1,0.000,0
4.316111,2700.00,2702.70,1,1,54,1,0.000,0
4.316482,2700.00,2701.79,1,1,55,1,0.000,0
4.316852,2700.00,2700.88,1,1,56,1,0.000,0
4.317222,2700.00,2699.97,1,1,57,1,0.000,0
4.318334,2700.00,2699.78,1,1,0,0,0.000,0
4.318704,2700.00,2698.33,1,1,1,0,0.000,0
4.319074,2700.00,2700.51,1,1,2,0,0.000,0
4.319445,2700.00,2699.78,1,1,3,0,0.000,0
4.319815,2700.00,2698.33,1,1,4,0,0.000,0
4.320185,2700.00,2699.78,1,1,5,0,0.000,0
4.320556,2700.00,2700.51,1,1,6,0,0.000,0
4.320926,2700.00,2698.33,1,1,7,0,0.000,0
4.321297,2700.00,2698.15,1,1,8,0,0.000,0
4.321667,2700.00,2700.88,1,1,9,0,0.000,0
4.322037,2700.00,2701.79,1,1,10,0,0.000,0
4.322408,2700.00,2699.06,1,1,11,0,0.000,0
4.322778,2700.00,2699.97,1,1,12,0,0.000,0
4.323148,2700.00,2700.88,1,1,13,0,0.000,0
4.323519,2700.00,2698.15,1,1,14,0,0.000,0
4.323889,2700.00,2700.88,1,1,15,0,0.000,0
4.324259,2700.00,2700.88,1,1,16,0,0.000,0
4.324630,2700.00,2699.97,1,1,17,0,0.000,0
4.325000,2700.00,2699.06,1,1,18,0,0.000,0
4.325371,2700.00,2700.88,1,1,19,0,0.000,0
4.325741,2700.00,2700.88,1,1,20,0,0.000,0
4.326111,2700.00,2699.97,1,1,21,0,0.000,0
4.326482,2700.00,2700.88,1,1,22,0,0.000,0
4.326852,2700.00,2699.97,1,1,23,0,0.000,0
4.327222,2700.00,2699.97,1,1,24,0,0.000,0
4.327593,2700.00,2699.97,1,1,25,0,0.000,0
4.327963,2700.00,2699.97,1,1,26,0,0.000,0
4.328334,2700.00,2699.06,1,1,27,0,0.000,0
4.328704,2700.00,2700.88,1,1,28,0,0.000,0
4.329074,2700.00,2699.06,1,1,29,0,0.000,0
4.329445,2700.00,2700.88,1,1,30,0,0.000,0
4.329815,2700.00,2699.97,1,1,31,0,0.000,0
4.330185,2700.00,2699.97,1,1,32,0,0.000,0
4.330556,2700.00,2701.79,1,1,33,0,0.000,0
4.330926,2700.00,2699.97,1,1,34,0,0.000,0
4.331297,2700.00,2699.97,1,1,35,0,0.000,0
4.331667,2700.00,2699.06,1,1,36,0,0.000,0
4.332037,2700.00,2699.97,1,1,37,0,0.000,0
4.332408,2700.00,2699.97,1,1,38,0,0.000,0
4.332778,2700.00,2699.97,1,1,39,0,0.000,0
4.333148,2700.00,2700.88,1,1,40,0,0.000,0
4.333519,2700.00,2699.06,1,1,41,0,0.000,0
4.333889,2700.00,2699.97,1,1,42,0,0.000,0
4.334259,2700.00,2700.88,1,1,43,0,0.000,0
4.334630,2700.00,2699.97,1,1,44,0,0.000,0
4.335000,2700.00,2700.88,1,1,45,0,0.000,0
4.335371,2700.00,2699.97,1,1,46,0,0.000,0
4.335741,2700.00,2699.97,1,1,47,0,0.000,0
4.336111,2700.00,2700.88,1,1,48,0,0.000,0
4.336482,2700.00,2699.06,1,1,49,0,0.000,0
4.336852,2700.00,2699.97,1,1,50,0,0.000,0
4.337222,2700.00,2699.97,1,1,51,0,0.000,0
4.337593,2700.00,2699.06,1,1,52,0,0.000,0
4.337963,2700.00,2698.15,1,1,53,0,0.000,0
4.338334,2700.00,2699.06,1,1,54,0,0.000,0
4.338704,2700.00,2699.06,1,1,55,0,0.000,0
4.339074,2700.00,2698.15,1,1,56,0,0.000,0
4.339445,2700.00,2700.88,1,1,57,0,0.000,0
4.340556,2700.00,2699.78,1,1,0,1,0.000,0
4.340926,2700.00,2700.51,1,1,1,1,0.000,0
4.341297,2700.00,2701.24,1,1,2,1,0.000,0
4.341667,2700.00,2701.97,1,1,3,1,0.000,0
4.342037,2700.00,2699.06,1,1,4,1,0.000,0
4.342408,2700.00,2701.24,1,1,5,1,0.000,0
4.342778,2700.00,2699.06,1,1,6,1,0.000,0
4.343148,2700.00,2700.51,1,1,7,1,0.000,0
4.343519,2700.00,2700.88,1,1,8,1,0.000,0
4.343889,2700.00,2699.06,1,1,9,1,0.000,0
4.344259,2700.00,2699.97,1,1,10,1,0.000,0
4.344630,2700.00,2698.15,1,1,11,1,0.000,0
4.345000,2700.00,2701.79,1,1,12,1,0.000,0
4.345371,2700.00,2699.06,1,1,13,1,0.000,0
4.345741,2700.00,2702.70,1,1,14,1,0.000,0
4.346111,2700.00,2699.06,1,1,15,1,0.000,0
4.346482,2700.00,2698.15,1,1,16,1,0.000,0
4.346852,2700.00,2701.79,1,1,17,1,0.000,0
4.347222,2700.00,2700.88,1,1,18,1,0.000,0
4.347593,2700.00,2701.79,1,1,19,1,0.000,0
4.347963,2700.00,2699.97,1,1,20,1,0.000,0
4.348334,2700.00,2700.88,1,1,21,1,0.000,0
4.348704,2700.00,2700.88,1,1,22,1,0.000,0
4.349074,2700.00,2699.97,1,1,23,1,0.000,0
4.349445,2700.00,2699.97,1,1,24,1,0.000,0
4.349815,2700.00,2699.06,1,1,25,1,0.000,0
4.350185,2700.00,2698.15,1,1,26,1,0.000,0
4.350556,2700.00,2699.97,1,1,27,1,0.000,0
4.350926,2700.00,2699.97,1,1,28,1,0.000,0
4.351297,2700.00,2699.06,1,1,29,1,0.000,0
4.351667,2700.00,2698.15,1,1,30,1,0.000,0
4.352037,2700.00,2699.97,1,1,31,1,0.000,0
4.352408,2700.00,2700.88,1,1,32,1,0.000,0
4.352778,2700.00,2699.06,1,1,33,1,0.000,0
4.353148,2700.00,2699.97,1,1,34,1,0.000,0
4.353519,2700.00,2699.06,1,1,35,1,0.000,0
4.353889,2700.00,2699.97,1,1,36,1,0.000,0
4.354259,2700.00,2699.06,1,1,37,1,0.000,0
4.354630,2700.00,2699.06,1,1,38,1,0.000,0
4.355000,2700.00,2700.88,1,1,39,1,0.000,0
4.355371,2700.00,2700.88,1,1,40,1,0.000,0
4.355741,2700.00,2699.97,1,1,41,1,0.000,0
4.356111,2700.00,2699.97,1,1,42,1,0.000,0
4.356482,2700.00,2700.88,1,1,43,1,0.000,0
4.356852,2700.00,2699.06,1,1,44,1,0.000,0
4.357222,2700.00,2701.79,1,1,45,1,0.000,0
4.357593,2700.00,2701.79,1,1,46,1,0.000,0
4.357963,2700.00,2699.97,1,1,47,1,0.000,0
4.358334,2700.00,2700.88,1,1,48,1,0.000,0
4.358704,2700.00,2701.79,1,1,49,1,0.000,0
4.359074,2700.00,2701.79,1,1,50,1,0.000,0
4.359445,2700.00,2699.06,1,1,51,1,0.000,0
4.359815,2700.00,2699.06,1,1,52,1,0.000,0
4.360185,2700.00,2699.06,1,1,53,1,0.000,0
4.360556,2700.00,2698.15,1,1,54,1,0.000,0
4.360926,2700.00,2699.06,1,1,55,1,0.000,0
4.361297,2700.00,2699.06,1,1,56,1,0.000,0
4.361667,2700.00,2699.06,1,1,57,1,0.000,0
4.362778,2700.00,2699.06,1,1,0,0,0.000,0
4.363148,2700.00,2699.78,1,1,1,0,0.000,0
4.363519,2700.00,2701.24,1,1,2,0,0.000,0
4.363889,2700.00,2700.51,1,1,3,0,0.000,0
4.364259,2700.00,2701.24,1,1,4,0,0.000,0
4.364630,2700.00,2700.51,1,1,5,0,0.000,0
4.365000,2700.00,2699.78,1,1,6,0,0.000,0
4.365371,2700.00,2699.78,1,1,7,0,0.000,0
4.365741,2700.00,2700.88,1,1,8,0,0.000,0
4.366111,2700.00,2701.79,1,1,9,0,0.000,0
4.366482,2700.00,2700.88,1,1,10,0,0.000,0
4.366852,2700.00,2700.88,1,1,11,0,0.000,0
4.367222,2700.00,2699.06,1,1,12,0,0.000,0
4.367593,2700.00,2699.97,1,1,13,0,0.000,0
4.367963,2700.00,2699.06,1,1,14,0,0.000,0
4.368334,2700.00,2699.97,1,1,15,0,0.000,0
4.368704,2700.00,2698.15,1,1,16,0,0.000,0
4.369074,2700.00,2699.06,1,1,17,0,0.000,0
4.369445,2700.00,2699.97,1,1,18,0,0.000,0
4.369815,2700.00,2699.06,1,1,19,0,0.000,0
4.370185,2700.00,2700.88,1,1,20,0,0.000,0
4.370556,2700.00,2699.06,1,1,21,0,0.000,0
4.370926,2700.00,2700.88,1,1,22,0,0.000,0
4.371297,2700.00,2700.88,1,1,23,0,0.000,0
4.371667,2700.00,2701.79,1,1,24,0,0.000,0
4.372037,2700.00,2699.97,1,1,25,0,0.000,0
4.372408,2700.00,2699.06,1,1,26,0,0.000,0
4.372778,2700.00,2699.97,1,1,27,0,0.000,0
4.373148,2700.00,2699.06,1,1,28,0,0.000,0
4.373519,2700.00,2701.79,1,1,29,0,0.000,0
4.373889,2700.00,2699.97,1,1,30,0,0.000,0
4.374259,2700.00,2699.06,1,1,31,0,0.000,0
4.374630,2700.00,2698.15,1,1,32,0,0.000,0
4.375000,2700.00,2699.06,1,1,33,0,0.000,0
4.375371,2700.00,2700.88,1,1,34,0,0.000,0
4.375741,2700.00,2700.88,1,1,35,0,0.000,0
4.376111,2700.00,2699.97,1,1,36,0,0.000,0
4.376482,2700.00,2699.06,1,1,37,0,0.000,0
4.376852,2700.00,2700.88,1,1,38,0,0.000,0
4.377222,2700.00,2700.88,1,1,39,0,0.000,0
4.377593,2700.00,2699.97,1,1,40,0,0.000,0
4.377963,2700.00,2700.88,1,1,41,0,0.000,0
4.378334,2700.00,2699.97,1,1,42,0,0.000,0
4.378704,2700.00,2699.97,1,1,43,0,0.000,0
4.379074,2700.00,2699.97,1,1,44,0,0.000,0
4.379445,2700.00,2699.97,1,1,45,0,0.000,0
4.379815,2700.00,2698.15,1,1,46,0,0.000,0
4.380185,2700.00,2699.97,1,1,47,0,0.000,0
4.380556,2700.00,2700.88,1,1,48,0,0.000,0
4.380926,2700.00,2699.97,1,1,49,0,0.000,0
4.381297,2700.00,2699.06,1,1,50,0,0.000,0
4.381667,2700.00,2698.15,1,1,51,0,0.000,0
4.382037,2700.00,2700.88,1,1,52,0,0.000,0
4.382408,2700.00,2699.97,1,1,53,0,0.000,0
4.382778,2700.00,2700.88,1,1,54,0,0.000,0
4.383148,2700.00,2699.06,1,1,55,0,0.000,0
4.383519,2700.00,2700.88,1,1,56,0,0.000,0
4.383889,2700.00,2700.88,1,1,57,0,0.000,0
4.385000,2700.00,2699.78,1,1,0,1,0.000,0
4.385371,2700.00,2700.51,1,1,1,1,0.000,0
4.385741,2700.00,2699.78,1,1,2,1,0.000,0
4.386111,2700.00,2701.24,1,1,3,1,0.000,0
4.386482,2700.00,2699.78,1,1,4,1,0.000,0
4.386852,2700.00,2701.24,1,1,5,1,0.000,0
4.387222,2700.00,2699.78,1,1,6,1,0.000,0
4.387593,2700.00,2699.06,1,1,7,1,0.000,0
4.387963,2700.00,2699.97,1,1,8,1,0.000,0
4.388334,2700.00,2700.88,1,1,9,1,0.000,0
4.388704,2700.00,2699.97,1,1,10,1,0.000,0
4.389074,2700.00,2699.06,1,1,11,1,0.000,0
4.389445,2700.00,2700.88,1,1,12,1,0.000,0
4.389815,2700.00,2699.06,1,1,13,1,0.000,0
4.390185,2700.00,2699.97,1,1,14,1,0.000,0
4.390556,2700.00,2699.06,1,1,15,1,0.000,0
4.390926,2700.00,2700.88,1,1,16,1,0.000,0
4.391297,2700.00,2699.06,1,1,17,1,0.000,0
4.391667,2700.00,2700.88,1,1,18,1,0.000,0
4.392037,2700.00,2699.97,1,1,19,1,0.000,0
4.392408,2700.00,2699.06,1,1,20,1,0.000,0
4.392778,2700.00,2699.06,1,1,21,1,0.000,0
4.393148,2700.00,2700.88,1,1,22,1,0.000,0
4.393519,2700.00,2699.97,1,1,23,1,0.000,0
4.393889,2700.00,2699.97,1,1,24,1,0.000,0
4.394259,2700.00,2702.70,1,1,25,1,0.000,0
4.394630,2700.00,2700.88,1,1,26,1,0.000,0
4.395000,2700.00,2700.88,1,1,27,1,0.000,0
4.395371,2700.00,2699.97,1,1,28,1,0.000,0
4.395741,2700.00,2701.79,1,1,29,1,0.000,0
4.396111,2700.00,2698.15,1,1,30,1,0.000,0
4.396482,2700.00,2701.79,1,1,31,1,0.000,0
4.396852,2700.00,2699.97,1,1,32,1,0.000,0
4.397222,2700.00,2698.15,1,1,33,1,0.000,0
4.397593,2700.00,2696.33,1,1,34,1,0.000,0
4.397963,2700.00,2699.06,1,1,35,1,0.000,0
4.398334,2700.00,2699.97,1,1,36,1,0.000,0
4.398704,2700.00,2699.97,1,1,37,1,0.000,0
4.399074,2700.00,2700.88,1,1,38,1,0.000,0
4.399445,2700.00,2699.97,1,1,39,1,0.000,0
4.399815,2700.00,2699.97,1,1,40,1,0.000,0
4.400185,2700.00,2700.88,1,1,41,1,0.000,0
4.400556,2700.00,2700.88,1,1,42,1,0.000,0
4.400926,2700.00,2699.97,1,1,43,1,0.000,0
4.401297,2700.00,2700.88,1,1,44,1,0.000,0
4.401667,2700.00,2698.15,1,1,45,1,0.000,0
4.402037,2700.00,2699.06,1,1,46,1,0.000,0
4.402408,2700.00,2699.06,1,1,47,1,0.000,0
4.402778,2700.00,2700.88,1,1,48,1,0.000,0
4.403148,2700.00,2698.15,1,1,49,1,0.000,0
4.403519,2700.00,2700.88,1,1,50,1,0.000,0
4.403889,2700.00,2699.97,1,1,51,1,0.000,0
4.404259,2700.00,2699.06,1,1,52,1,0.000,0
4.404630,2700.00,2701.79,1,1,53,1,0.000,0
4.405000,2700.00,2700.88,1,1,54,1,0.000,0
4.405371,2700.00,2700.88,1,1,55,1,0.000,0
4.405741,2700.00,2698.15,1,1,56,1,0.000,0
4.406111,2700.00,2701.79,1,1,57,1,0.000,0
4.407222,2700.00,2700.51,1,1,0,0,0.000,0
4.407593,2700.00,2699.78,1,1,1,0,0.000,0
4.407963,2700.00,2699.78,1,1,2,0,0.000,0
4.408334,2700.00,2699.78,1,1,3,0,0.000,0
4.408704,2700.00,2699.78,1,1,4,0,0.000,0
4.409074,2700.00,2700.51,1,1,5,0,0.000,0
4.409445,2700.00,2699.78,1,1,6,0,0.000,0
4.409815,2700.00,2698.33,1,1,7,0,0.000,0
4.410185,2700.00,2699.97,1,1,8,0,0.000,0
4.410556,2700.00,2700.88,1,1,9,0,0.000,0
4.410926,2700.00,2701.79,1,1,10,0,0.000,0
4.411297,2700.00,2699.06,1,1,11,0,0.000,0
4.411667,2700.00,2700.88,1,1,12,0,0.000,0
4.412037,2700.00,2699.06,1,1,13,0,0.000,0
4.412408,2700.00,2699.97,1,1,14,0,0.000,0
4.412778,2700.00,2700.88,1,1,15,0,0.000,0
4.413148,2700.00,2698.15,1,1,16,0,0.000,0
4.413519,2700.00,2698.15,1,1,17,0,0.000,0
4.413889,2700.00,2698.15,1,1,18,0,0.000,0
4.414259,2700.00,2700.88,1,1,19,0,0.000,0
4.414630,2700.00,2699.06,1,1,20,0,0.000,0
4.415000,2700.00,2699.06,1,1,21,0,0.000,0
4.415371,2700.00,2700.88,1,1,22,0,0.000,0
4.415741,2700.00,2699.97,1,1,23,0,0.000,0
4.416111,2700.00,2701.79,1,1,24,0,0.000,0
4.416482,2700.00,2700.88,1,1,25,0,0.000,0
4.416852,2700.00,2700.88,1,1,26,0,0.000,0
4.417222,2700.00,2699.97,1,1,27,0,0.000,0
4.417593,2700.00,2699.06,1,1,28,0,0.000,0
4.417963,2700.00,2700.88,1,1,29,0,0.000,0
4.418334,2700.00,2700.88,1,1,30,0,0.000,0
4.418704,2700.00,2699.97,1,1,31,0,0.000,0
4.419074,2700.00,2699.06,1,1,32,0,0.000,0
4.419445,2700.00,2699.97,1,1,33,0,0.000,0
4.419815,2700.00,2699.06,1,1,34,0,0.000,0
4.420185,2700.00,2699.97,1,1,35,0,0.000,0
4.420556,2700.00,2699.97,1,1,36,0,0.000,0
4.420926,2700.00,2699.97,1,1,37,0,0.000,0
4.421297,2700.00,2699.06,1,1,38,0,0.000,0
4.421667,2700.00,2700.88,1,1,39,0,0.000,0
4.422037,2700.00,2699.97,1,1,40,0,0.000,0
4.422408,2700.00,2699.97,1,1,41,0,0.000,0
4.422778,2700.00,2699.97,1,1,42,0,0.000,0
4.423148,2700.00,2699.06,1,1,43,0,0.000,0
4.423519,2700.00,2700.88,1,1,44,0,0.000,0
4.423889,2700.00,2700.88,1,1,45,0,0.000,0
4.424259,2700.00,2699.97,1,1,46,0,0.000,0
4.424630,2700.00,2699.06,1,1,47,0,0.000,0
4.425000,2700.00,2700.88,1,1,48,0,0.000,0
4.425371,2700.00,2699.97,1,1,49,0,0.000,0
4.425741,2700.00,2700.88,1,1,50,0,0.000,0
4.426111,2700.00,2700.88,1,1,51,0,0.000,0
4.426482,2700.00,2700.88,1,1,52,0,0.000,0
4.426852,2700.00,2700.88,1,1,53,0,0.000,0
4.427222,2700.00,2700.88,1,1,54,0,0.000,0
4.427593,2700.00,2699.97,1,1,55,0,0.000,0
4.427963,2700.00,2699.97,1,1,56,0,0.000,0
4.428334,2700.00,2699.97,1,1,57,0,0.000,0
4.429445,2700.00,2699.78,1,1,0,1,0.000,0
4.429815,2700.00,2700.51,1,1,1,1,0.000,0
4.430185,2700.00,2698.33,1,1,2,1,0.000,0
4.430556,2700.00,2699.06,1,1,3,1,0.000,0
4.430926,2700.00,2699.78,1,1,4,1,0.000,0
4.431297,2700.00,2699.78,1,1,5,1,0.000,0
4.431667,2700.00,2700.51,1,1,6,1,0.000,0
4.432037,2700.00,2700.51,1,1,7,1,0.000,0
4.432408,2700.00,2700.88,1,1,8,1,0.000,0
4.432778,2700.00,2699.06,1,1,9,1,0.000,0
4.433148,2700.00,2700.88,1,1,10,1,0.000,0
4.433519,2700.00,2699.06,1,1,11,1,0.000,0
4.433889,2700.00,2699.06,1,1,12,1,0.000,0
4.434259,2700.00,2700.88,1,1,13,1,0.000,0
4.434630,2700.00,2699.06,1,1,14,1,0.000,0
4.435000,2700.00,2699.97,1,1,15,1,0.000,0
4.435371,2700.00,2698.15,1,1,16,1,0.000,0
4.435741,2700.00,2700.88,1,1,17,1,0.000,0
4.436111,2700.00,2700.88,1,1,18,1,0.000,0
4.436482,2700.00,2699.06,1,1,19,1,0.000,0
4.436852,2700.00,2700.88,1,1,20,1,0.000,0
4.437222,2700.00,2699.97,1,1,21,1,0.000,0
4.437593,2700.00,2699.97,1,1,22,1,0.000,0
4.437963,2700.00,2699.06,1,1,23,1,0.000,0
4.438334,2700.00,2702.70,1,1,24,1,0.000,0
4.438704,2700.00,2699.06,1,1,25,1,0.000,0
4.439074,2700.00,2699.06,1,1,26,1,0.000,0
4.439445,2700.00,2701.79,1,1,27,1,0.000,0
4.439815,2700.00,2700.88,1,1,28,1,0.000,0
4.440185,2700.00,2699.97,1,1,29,1,0.000,0
4.440556,2700.00,2699.97,1,1,30,1,0.000,0
4.440926,2700.00,2699.97,1,1,31,1,0.000,0
4.441297,2700.00,2697.24,1,1,32,1,0.000,0
4.441667,2700.00,2700.88,1,1,33,1,0.000,0
4.442037,2700.00,2699.97,1,1,34,1,0.000,0
4.442408,2700.00,2699.06,1,1,35,1,0.000,0
4.442778,2700.00,2699.97,1,1,36,1,0.000,0
4.443148,2700.00,2699.97,1,1,37,1,0.000,0
4.443519,2700.00,2699.97,1,1,38,1,0.000,0
4.443889,2700.00,2700.88,1,1,39,1,0.000,0
4.444259,2700.00,2701.79,1,1,40,1,0.000,0
4.444630,2700.00,2698.15,1,1,41,1,0.000,0
4.445000,2700.00,2700.88,1,1,42,1,0.000,0
4.445371,2700.00,2699.06,1,1,43,1,0.000,0
4.445741,2700.00,2699.06,1,1,44,1,0.000,0
4.446111,2700.00,2699.97,1,1,45,1,0.000,0
4.446482,2700.00,2699.06,1,1,46,1,0.000,0
4.446852,2700.00,2699.06,1,1,47,1,0.000,0
4.447222,2700.00,2699.06,1,1,48,1,0.000,0
4.447593,2700.00,2701.79,1,1,49,1,0.000,0
4.447963,2700.00,2699.97,1,1,50,1,0.000,0
4.448334,2700.00,2700.88,1,1,51,1,0.000,0
4.448704,2700.00,2699.06,1,1,52,1,0.000,0
4.449074,2700.00,2699.97,1,1,53,1,0.000,0
4.449445,2700.00,2699.97,1,1,54,1,0.000,0
4.449815,2700.00,2700.88,1,1,55,1,0.000,0
4.450185,2700.00,2700.88,1,1,56,1,0.000,0
4.450556,2700.00,2699.06,1,1,57,1,0.000,0
4.451667,2700.00,2699.78,1,1,0,0,0.000,0
4.452037,2700.00,2700.51,1,1,1,0,0.000,0
4.452408,2700.00,2700.51,1,1,2,0,0.000,0
4.452778,2700.00,2699.06,1,1,3,0,0.000,0
4.453148,2700.00,2701.97,1,1,4,0,0.000,0
4.453519,2700.00,2699.78,1,1,5,0,0.000,0
4.453889,2700.00,2700.51,1,1,6,0,0.000,0
4.454259,2700.00,2700.51,1,1,7,0,0.000,0
4.454630,2700.00,2700.88,1,1,8,0,0.000,0
4.455000,2700.00,2699.97,1,1,9,0,0.000,0
4.455371,2700.00,2700.88,1,1,10,0,0.000,0
4.455741,2700.00,2700.88,1,1,11,0,0.000,0
4.456111,2700.00,2698.15,1,1,12,0,0.000,0
4.456482,2700.00,2700.88,1,1,13,0,0.000,0
4.456852,2700.00,2699.06,1,1,14,0,0.000,0
4.457222,2700.00,2699.97,1,1,15,0,0.000,0
4.457593,2700.00,2699.06,1,1,16,0,0.000,0
4.457963,2700.00,2700.88,1,1,17,0,0.000,0
4.458334,2700.00,2699.06,1,1,18,0,0.000,0
4.458704,2700.00,2698.15,1,1,19,0,0.000,0
4.459074,2700.00,2700.88,1,1,20,0,0.000,0
4.459445,2700.00,2699.97,1,1,21,0,0.000,0
4.459815,2700.00,2699.97,1,1,22,0,0.000,0
4.460185,2700.00,2699.06,1,1,23,0,0.000,0
4.460556,2700.00,2700.88,1,1,24,0,0.000,0
4.460926,2700.00,2699.06,1,1,25,0,0.000,0
4.461297,2700.00,2699.06,1,1,26,0,0.000,0
4.461667,2700.00,2701.79,1,1,27,0,0.000,0
4.462037,2700.00,2699.06,1,1,28,0,0.000,0
4.462408,2700.00,2699.97,1,1,29,0,0.000,0
4.462778,2700.00,2699.97,1,1,30,0,0.000,0
4.463148,2700.00,2701.79,1,1,31,0,0.000,0
4.463519,2700.00,2698.15,1,1,32,0,0.000,0
4.463889,2700.00,2699.97,1,1,33,0,0.000,0
4.464259,2700.00,2701.79,1,1,34,0,0.000,0
4.464630,2700.00,2699.06,1,1,35,0,0.000,0
4.465000,2700.00,2700.88,1,1,36,0,0.000,0
4.465371,2700.00,2699.06,1,1,37,0,0.000,0
4.465741,2700.00,2698.15,1,1,38,0,0.000,0
4.466111,2700.00,2698.15,1,1,39,0,0.000,0
4.466482,2700.00,2700.88,1,1,40,0,0.000,0
4.466852,2700.00,2699.97,1,1,41,0,0.000,0
4.467222,2700.00,2699.97,1,1,42,0,0.000,0
4.467593,2700.00,2701.79,1,1,43,0,0.000,0
4.467963,2700.00,2699.97,1,1,44,0,0.000,0
4.468334,2700.00,2699.97,1,1,45,0,0.000,0
4.468704,2700.00,2701.79,1,1,46,0,0.000,0
4.469074,2700.00,2699.06,1,1,47,0,0.000,0
4.469445,2700.00,2699.06,1,1,48,0,0.000,0
4.469815,2700.00,2699.97,1,1,49,0,0.000,0
4.470185,2700.00,2699.97,1,1,50,0,0.000,0
4.470556,2700.00,2699.06,1,1,51,0,0.000,0
4.470926,2700.00,2699.06,1,1,52,0,0.000,0
4.471297,2700.00,2701.79,1,1,53,0,0.000,0
4.471667,2700.00,2699.06,1,1,54,0,0.000,0
4.472037,2700.00,2701.79,1,1,55,0,0.000,0
4.472408,2700.00,2700.88,1,1,56,0,0.000,0
4.472778,2700.00,2700.88,1,1,57,0,0.000,0
4.473889,2700.00,2699.06,1,1,0,1,0.000,0
4.474259,2700.00,2700.51,1,1,1,1,0.000,0
4.474630,2700.00,2701.24,1,1,2,1,0.000,0
4.475000,2700.00,2698.33,1,1,3,1,0.000,0
4.475371,2700.00,2701.24,1,1,4,1,0.000,0
4.475741,2700.00,2699.78,1,1,5,1,0.000,0
4.476111,2700.00,2700.51,1,1,6,1,0.000,0
4.476482,2700.00,2699.06,1,1,7,1,0.000,0
4.476852,2700.00,2700.88,1,1,8,1,0.000,0
4.477222,2700.00,2699.97,1,1,9,1,0.000,0
4.477593,2700.00,2699.97,1,1,10,1,0.000,0
4.477963,2700.00,2702.70,1,1,11,1,0.000,0
4.478334,2700.00,2699.06,1,1,12,1,0.000,0
4.478704,2700.00,2700.88,1,1,13,1,0.000,0
4.479074,2700.00,2699.97,1,1,14,1,0.000,0
4.479445,2700.00,2699.97,1,1,15,1,0.000,0
4.479815,2700.00,2700.88,1,1,16,1,0.000,0
4.480185,2700.00,2700.88,1,1,17,1,0.000,0
4.480556,2700.00,2699.06,1,1,18,1,0.000,0
4.480926,2700.00,2699.06,1,1,19,1,0.000,0
4.481297,2700.00,2700.88,1,1,20,1,0.000,0
4.481667,2700.00,2699.06,1,1,21,1,0.000,0
4.482037,2700.00,2699.06,1,1,22,1,0.000,0
4.482408,2700.00,2699.97,1,1,23,1,0.000,0
4.482778,2700.00,2699.06,1,1,24,1,0.000,0
4.483148,2700.00,2699.06,1,1,25,1,0.000,0
4.483519,2700.00,2699.97,1,1,26,1,0.000,0
4.483889,2700.00,2698.15,1,1,27,1,0.000,0
4.484259,2700.00,2700.88,1,1,28,1,0.000,0
4.484630,2700.00,2699.97,1,1,29,1,0.000,0
4.485000,2700.00,2700.88,1,1,30,1,0.000,0
4.485371,2700.00,2699.97,1,1,31,1,0.000,0
4.485741,2700.00,2699.97,1,1,32,1,0.000,0
4.486111,2700.00,2699.97,1,1,33,1,0.000,0
4.486482,2700.00,2699.97,1,1,34,1,0.000,0
4.486852,2700.00,2700.88,1,1,35,1,0.000,0
4.487222,2700.00,2699.06,1,1,36,1,0.000,0
4.487593,2700.00,2699.97,1,1,37,1,0.000,0
4.487963,2700.00,2699.06,1,1,38,1,0.000,0
4.488334,2700.00,2700.88,1,1,39,1,0.000,0
4.488704,2700.00,2699.97,1,1,40,1,0.000,0
4.489074,2700.00,2699.06,1,1,41,1,0.000,0
4.489445,2700.00,2699.06,1,1,42,1,0.000,0
4.489815,2700.00,2699.97,1,1,43,1,0.000,0
4.490185,2700.00,2699.06,1,1,44,1,0.000,0
4.490556,2700.00,2700.88,1,1,45,1,0.000,0
4.490926,2700.00,2700.88,1,1,46,1,0.000,0
4.491297,2700.00,2699.97,1,1,47,1,0.000,0
4.491667,2700.00,2699.06,1,1,48,1,0.000,0
4.492037,2700.00,2700.88,1,1,49,1,0.000,0
4.492408,2700.00,2700.88,1,1,50,1,0.000,0
4.492778,2700.00,2699.97,1,1,51,1,0.000,0
4.493148,2700.00,2699.06,1,1,52,1,0.000,0
4.493519,2700.00,2699.97,1,1,53,1,0.000,0
4.493889,2700.00,2699.97,1,1,54,1,0.000,0
4.494259,2700.00,2699.06,1,1,55,1,0.000,0
4.494630,2700.00,2699.97,1,1,56,1,0.000,0
4.495000,2700.00,2698.15,1,1,57,1,0.000,0
4.496111,2700.00,2700.51,1,1,0,0,0.000,0
4.496482,2700.00,2699.78,1,1,1,0,0.000,0
4.496852,2700.00,2700.51,1,1,2,0,0.000,0
4.497222,2700.00,2699.78,1,1,3,0,0.000,0
4.497593,2700.00,2700.51,1,1,4,0,0.000,0
4.497963,2700.00,2699.78,1,1,5,0,0.000,0
4.498334,2700.00,2700.51,1,1,6,0,0.000,0
4.498704,2700.00,2700.51,1,1,7,0,0.000,0
4.499074,2700.00,2699.97,1,1,8,0,0.000,0
4.499445,2700.00,2699.97,1,1,9,0,0.000,0
4.499815,2700.00,2700.88,1,1,10,0,0.000,0
4.500185,2700.00,2699.97,1,1,11,0,0.000,0
4.500556,2700.00,2699.97,1,1,12,0,0.000,0
4.500926,2700.00,2701.79,1,1,13,0,0.000,0
4.501297,2700.00,2700.88,1,1,14,0,0.000,0
4.501667,2700.00,2700.88,1,1,15,0,0.000,0
4.502037,2700.00,2699.97,1,1,16,0,0.000,0
4.502408,2700.00,2699.97,1,1,17,0,0.000,0
4.502778,2700.00,2699.97,1,1,18,0,0.000,0
4.503148,2700.00,2699.06,1,1,19,0,0.000,0
4.503519,2700.00,2698.15,1,1,20,0,0.000,0
4.503889,2700.00,2699.06,1,1,21,0,0.000,0
4.504259,2700.00,2699.97,1,1,22,0,0.000,0
4.504630,2700.00,2699.97,1,1,23,0,0.000,0
4.505000,2700.00,2699.97,1,1,24,0,0.000,0
4.505371,2700.00,2699.97,1,1,25,0,0.000,0
4.505741,2700.00,2699.97,1,1,26,0,0.000,0
4.506111,2700.00,2700.88,1,1,27,0,0.000,0
4.506482,2700.00,2701.79,1,1,28,0,0.000,0
4.506852,2700.00,2700.88,1,1,29,0,0.000,0
4.507222,2700.00,2700.88,1,1,30,0,0.000,0
4.507593,2700.00,2699.97,1,1,31,0,0.000,0
4.507963,2700.00,2699.97,1,1,32,0,0.000,0
4.508334,2700.00,2699.97,1,1,33,0,0.000,0
4.508704,2700.00,2699.97,1,1,34,0,0.000,0
4.509074,2700.00,2699.97,1,1,35,0,0.000,0
4.509445,2700.00,2698.15,1,1,36,0,0.000,0
4.509815,2700.00,2699.06,1,1,37,0,0.000,0
4.510185,2700.00,2699.06,1,1,38,0,0.000,0
4.510556,2700.00,2699.97,1,1,39,0,0.000,0
4.510926,2700.00,2699.97,1,1,40,0,0.000,0
4.511297,2700.00,2699.06,1,1,41,0,0.000,0
4.511667,2700.00,2699.97,1,1,42,0,0.000,0
4.512037,2700.00,2700.88,1,1,43,0,0.000,0
4.512408,2700.00,2700.88,1,1,44,0,0.000,0
4.512778,2700.00,2700.88,1,1,45,0,0.000,0
4.513148,2700.00,2699.97,1,1,46,0,0.000,0
4.513519,2700.00,2700.88,1,1,47,0,0.000,0
4.513889,2700.00,2699.97,1,1,48,0,0.000,0
4.514259,2700.00,2701.79,1,1,49,0,0.000,0
4.514630,2700.00,2700.88,1,1,50,0,0.000,0
4.515000,2700.00,2699.06,1,1,51,0,0.000,0
4.515371,2700.00,2699.97,1,1,52,0,0.000,0
4.515741,2700.00,2699.06,1,1,53,0,0.000,0
4.516111,2700.00,2699.06,1,1,54,0,0.000,0
4.516482,2700.00,2699.97,1,1,55,0,0.000,0
4.516852,2700.00,2699.97,1,1,56,0,0.000,0
4.517222,2700.00,2699.06,1,1,57,0,0.000,0
4.518334,2700.00,2699.06,1,1,0,1,0.000,0
4.518704,2700.00,2699.78,1,1,1,1,0.000,0
4.519074,2700.00,2701.24,1,1,2,1,0.000,0
4.519445,2700.00,2700.51,1,1,3,1,0.000,0
4.519815,2700.00,2700.51,1,1,4,1,0.000,0
4.520185,2700.00,2699.78,1,1,5,1,0.000,0
4.520556,2700.00,2700.51,1,1,6,1,0.000,0
4.520926,2700.00,2699.78,1,1,7,1,0.000,0
4.521297,2700.00,2699.97,1,1,8,1,0.000,0
4.521667,2700.00,2699.97,1,1,9,1,0.000,0
4.522037,2700.00,2699.97,1,1,10,1,0.000,0
4.522408,2700.00,2699.97,1,1,11,1,0.000,0
4.522778,2700.00,2699.06,1,1,12,1,0.000,0
4.523148,2700.00,2699.06,1,1,13,1,0.000,0
4.523519,2700.00,2699.97,1,1,14,1,0.000,0
4.523889,2700.00,2700.88,1,1,15,1,0.000,0
4.524259,2700.00,2699.06,1,1,16,1,0.000,0
4.524630,2700.00,2700.88,1,1,17,1,0.000,0
4.525000,2700.00,2698.15,1,1,18,1,0.000,0
4.525371,2700.00,2699.06,1,1,19,1,0.000,0
4.525741,2700.00,2700.88,1,1,20,1,0.000,0
4.526111,2700.00,2700.88,1,1,21,1,0.000,0
4.526482,2700.00,2699.06,1,1,22,1,0.000,0
4.526852,2700.00,2700.88,1,1,23,1,0.000,0
4.527222,2700.00,2700.88,1,1,24,1,0.000,0
4.527593,2700.00,2699.06,1,1,25,1,0.000,0
4.527963,2700.00,2699.06,1,1,26,1,0.000,0
4.528334,2700.00,2699.97,1,1,27,1,0.000,0
4.528704,2700.00,2700.88,1,1,28,1,0.000,0
4.529074,2700.00,2700.88,1,1,29,1,0.000,0
4.529445,2700.00,2700.88,1,1,30,1,0.000,0
4.529815,2700.00,2699.06,1,1,31,1,0.000,0
4.530185,2700.00,2699.97,1,1,32,1,0.000,0
4.530556,2700.00,2699.97,1,1,33,1,0.000,0
4.530926,2700.00,2702.70,1,1,34,1,0.000,0
4.531297,2700.00,2700.88,1,1,35,1,0.000,0
4.531667,2700.00,2699.06,1,1,36,1,0.000,0
4.532037,2700.00,2698.15,1,1,37,1,0.000,0
4.532408,2700.00,2700.88,1,1,38,1,0.000,0
4.532778,2700.00,2699.06,1,1,39,1,0.000,0
4.533148,2700.00,2700.88,1,1,40,1,0.000,0
4.533519,2700.00,2699.97,1,1,41,1,0.000,0
4.533889,2700.00,2699.06,1,1,42,1,0.000,0
4.534259,2700.00,2699.97,1,1,43,1,0.000,0
4.534630,2700.00,2700.88,1,1,44,1,0.000,0
4.535000,2700.00,2699.06,1,1,45,1,0.000,0
4.535371,2700.00,2699.06,1,1,46,1,0.000,0
4.535741,2700.00,2700.88,1,1,47,1,0.000,0
4.536111,2700.00,2699.06,1,1,48,1,0.000,0
4.536482,2700.00,2699.97,1,1,49,1,0.000,0
4.536852,2700.00,2699.06,1,1,50,1,0.000,0
4.537222,2700.00,2699.97,1,1,51,1,0.000,0
4.537593,2700.00,2699.97,1,1,52,1,0.000,0
4.537963,2700.00,2701.79,1,1,53,1,0.000,0
4.538334,2700.00,2699.06,1,1,54,1,0.000,0
4.538704,2700.00,2699.06,1,1,55,1,0.000,0
4.539074,2700.00,2700.88,1,1,56,1,0.000,0
4.539445,2700.00,2699.97,1,1,57,1,0.000,0
4.540556,2700.00,2701.24,1,1,0,0,0.000,0
4.540926,2700.00,2700.51,1,1,1,0,0.000,0
4.541297,2700.00,2698.33,1,1,2,0,0.000,0
4.541667,2700.00,2700.51,1,1,3,0,0.000,0
4.542037,2700.00,2699.06,1,1,4,0,0.000,0
4.542408,2700.00,2701.24,1,1,5,0,0.000,0
4.542778,2700.00,2700.51,1,1,6,0,0.000,0
4.543148,2700.00,2700.51,1,1,7,0,0.000,0
4.543519,2700.00,2698.15,1,1,8,0,0.000,0
4.543889,2700.00,2698.15,1,1,9,0,0.000,0
4.544259,2700.00,2699.97,1,1,10,0,0.000,0
4.544630,2700.00,2699.97,1,1,11,0,0.000,0
4.545000,2700.00,2701.79,1,1,12,0,0.000,0
4.545371,2700.00,2699.06,1,1,13,0,0.000,0
4.545741,2700.00,2698.15,1,1,14,0,0.000,0
4.546111,2700.00,2700.88,1,1,15,0,0.000,0
4.546482,2700.00,2701.79,1,1,16,0,0.000,0
4.546852,2700.00,2699.97,1,1,17,0,0.000,0
4.547222,2700.00,2700.88,1,1,18,0,0.000,0
4.547593,2700.00,2699.06,1,1,19,0,0.000,0
4.547963,2700.00,2700.88,1,1,20,0,0.000,0
4.548334,2700.00,2700.88,1,1,21,0,0.000,0
4.548704,2700.00,2700.88,1,1,22,0,0.000,0
4.549074,2700.00,2699.97,1,1,23,0,0.000,0
4.549445,2700.00,2699.97,1,1,24,0,0.000,0
4.549815,2700.00,2702.70,1,1,25,0,0.000,0
4.550185,2700.00,2699.97,1,1,26,0,0.000,0
4.550556,2700.00,2700.88,1,1,27,0,0.000,0
4.550926,2700.00,2698.15,1,1,28,0,0.000,0
4.551297,2700.00,2699.06,1,1,29,0,0.000,0
4.551667,2700.00,2699.06,1,1,30,0,0.000,0
4.552037,2700.00,2698.15,1,1,31,0,0.000,0
4.552408,2700.00,2699.06,1,1,32,0,0.000,0
4.552778,2700.00,2697.24,1,1,33,0,0.000,0
4.553148,2700.00,2701.79,1,1,34,0,0.000,0
4.553519,2700.00,2699.97,1,1,35,0,0.000,0
4.553889,2700.00,2699.97,1,1,36,0,0.000,0
4.554259,2700.00,2700.88,1,1,37,0,0.000,0
4.554630,2700.00,2700.88,1,1,38,0,0.000,0
4.555000,2700.00,2700.88,1,1,39,0,0.000,0
4.555371,2700.00,2700.88,1,1,40,0,0.000,0
4.555741,2700.00,2701.79,1,1,41,0,0.000,0
4.556111,2700.00,2698.15,1,1,42,0,0.000,0
4.556482,2700.00,2699.97,1,1,43,0,0.000,0
4.556852,2700.00,2699.97,1,1,44,0,0.000,0
4.557222,2700.00,2699.06,1,1,45,0,0.000,0
4.557593,2700.00,2699.97,1,1,46,0,0.000,0
4.557963,2700.00,2699.06,1,1,47,0,0.000,0
4.558334,2700.00,2699.97,1,1,48,0,0.000,0
4.558704,2700.00,2698.15,1,1,49,0,0.000,0
4.559074,2700.00,2699.97,1,1,50,0,0.000,0
4.559445,2700.00,2699.06,1,1,51,0,0.000,0
4.559815,2700.00,2700.88,1,1,52,0,0.000,0
4.560185,2700.00,2700.88,1,1,53,0,0.000,0
4.560556,2700.00,2699.97,1,1,54,0,0.000,0
4.560926,2700.00,2700.88,1,1,55,0,0.000,0
4.561297,2700.00,2699.97,1,1,56,0,0.000,0
4.561667,2700.00,2700.88,1,1,57,0,0.000,0
4.562778,2700.00,2699.78,1,1,0,1,0.000,0
4.563148,2700.00,2699.78,1,1,1,1,0.000,0
4.563519,2700.00,2699.78,1,1,2,1,0.000,0
4.563889,2700.00,2699.78,1,1,3,1,0.000,0
4.564259,2700.00,2700.51,1,1,4,1,0.000,0
4.564630,2700.00,2699.06,1,1,5,1,0.000,0
4.565000,2700.00,2699.78,1,1,6,1,0.000,0
4.565371,2700.00,2700.51,1,1,7,1,0.000,0
4.565741,2700.00,2699.97,1,1,8,1,0.000,0
4.566111,2700.00,2699.97,1,1,9,1,0.000,0
4.566482,2700.00,2700.88,1,1,10,1,0.000,0
4.566852,2700.00,2700.88,1,1,11,1,0.000,0
4.567222,2700.00,2699.06,1,1,12,1,0.000,0
4.567593,2700.00,2701.79,1,1,13,1,0.000,0
4.567963,2700.00,2699.97,1,1,14,1,0.000,0
4.568334,2700.00,2699.97,1,1,15,1,0.000,0
4.568704,2700.00,2701.79,1,1,16,1,0.000,0
4.569074,2700.00,2700.88,1,1,17,1,0.000,0
4.569445,2700.00,2699.97,1,1,18,1,0.000,0
4.569815,2700.00,2699.97,1,1,19,1,0.000,0
4.570185,2700.00,2700.88,1,1,20,1,0.000,0
4.570556,2700.00,2699.06,1,1,21,1,0.000,0
4.570926,2700.00,2699.06,1,1,22,1,0.000,0
4.571297,2700.00,2699.97,1,1,23,1,0.000,0
4.571667,2700.00,2699.06,1,1,24,1,0.000,0
4.572037,2700.00,2698.15,1,1,25,1,0.000,0
4.572408,2700.00,2700.88,1,1,26,1,0.000,0
4.572778,2700.00,2699.06,1,1,27,1,0.000,0
4.573148,2700.00,2699.06,1,1,28,1,0.000,0
4.573519,2700.00,2699.97,1,1,29,1,0.000,0
4.573889,2700.00,2700.88,1,1,30,1,0.000,0
4.574259,2700.00,2699.97,1,1,31,1,0.000,0
4.574630,2700.00,2699.97,1,1,32,1,0.000,0
4.575000,2700.00,2701.79,1,1,33,1,0.000,0
4.575371,2700.00,2698.15,1,1,34,1,0.000,0
4.575741,2700.00,2699.97,1,1,35,1,0.000,0
4.576111,2700.00,2699.97,1,1,36,1,0.000,0
4.576482,2700.00,2699.97,1,1,37,1,0.000,0
4.576852,2700.00,2699.97,1,1,38,1,0.000,0
4.577222,2700.00,2699.06,1,1,39,1,0.000,0
4.577593,2700.00,2701.79,1,1,40,1,0.000,0
4.577963,2700.00,2699.97,1,1,41,1,0.000,0
4.578334,2700.00,2700.88,1,1,42,1,0.000,0
4.578704,2700.00,2699.97,1,1,43,1,0.000,0
4.579074,2700.00,2700.88,1,1,44,1,0.000,0
4.579445,2700.00,2699.97,1,1,45,1,0.000,0
4.579815,2700.00,2699.97,1,1,46,1,0.000,0
4.580185,2700.00,2700.88,1,1,47,1,0.000,0
4.580556,2700.00,2698.15,1,1,48,1,0.000,0
4.580926,2700.00,2700.88,1,1,49,1,0.000,0
4.581297,2700.00,2699.06,1,1,50,1,0.000,0
4.581667,2700.00,2699.06,1,1,51,1,0.000,0
4.582037,2700.00,2699.97,1,1,52,1,0.000,0
4.582408,2700.00,2699.97,1,1,53,1,0.000,0
4.582778,2700.00,2699.97,1,1,54,1,0.000,0
4.583148,2700.00,2699.06,1,1,55,1,0.000,0
4.583519,2700.00,2700.88,1,1,56,1,0.000,0
4.583889,2700.00,2699.97,1,1,57,1,0.000,0
4.585000,2700.00,2701.24,1,1,0,0,0.000,0
4.585371,2700.00,2699.78,1,1,1,0,0.000,0
4.585741,2700.00,2700.51,1,1,2,0,0.000,0
4.586111,2700.00,2700.51,1,1,3,0,0.000,0
4.586482,2700.00,2699.06,1,1,4,0,0.000,0
4.586852,2700.00,2700.51,1,1,5,0,0.000,0
4.587222,2700.00,2700.51,1,1,6,0,0.000,0
4.587593,2700.00,2699.78,1,1,7,0,0.000,0
4.587963,2700.00,2699.06,1,1,8,0,0.000,0
4.588334,2700.00,2702.70,1,1,9,0,0.000,0
4.588704,2700.00,2698.15,1,1,10,0,0.000,0
4.589074,2700.00,2699.97,1,1,11,0,0.000,0
4.589445,2700.00,2699.97,1,1,12,0,0.000,0
4.589815,2700.00,2700.88,1,1,13,0,0.000,0
4.590185,2700.00,2698.15,1,1,14,0,0.000,0
4.590556,2700.00,2698.15,1,1,15,0,0.000,0
4.590926,2700.00,2699.97,1,1,16,0,0.000,0
4.591297,2700.00,2697.24,1,1,17,0,0.000,0
4.591667,2700.00,2700.88,1,1,18,0,0.000,0
4.592037,2700.00,2699.97,1,1,19,0,0.000,0
4.592408,2700.00,2700.88,1,1,20,0,0.000,0
4.592778,2700.00,2699.06,1,1,21,0,0.000,0
4.593148,2700.00,2700.88,1,1,22,0,0.000,0
4.593519,2700.00,2700.88,1,1,23,0,0.000,0
4.593889,2700.00,2699.06,1,1,24,0,0.000,0
4.594259,2700.00,2701.79,1,1,25,0,0.000,0
4.594630,2700.00,2699.97,1,1,26,0,0.000,0
4.595000,2700.00,2699.97,1,1,27,0,0.000,0
4.595371,2700.00,2701.79,1,1,28,0,0.000,0
4.595741,2700.00,2700.88,1,1,29,0,0.000,0
4.596111,2700.00,2699.06,1,1,30,0,0.000,0
4.596482,2700.00,2699.97,1,1,31,0,0.000,0
4.596852,2700.00,2701.79,1,1,32,0,0.000,0
4.597222,2700.00,2699.06,1,1,33,0,0.000,0
4.597593,2700.00,2699.97,1,1,34,0,0.000,0
4.597963,2700.00,2699.06,1,1,35,0,0.000,0
4.598334,2700.00,2697.24,1,1,36,0,0.000,0
4.598704,2700.00,2699.06,1,1,37,0,0.000,0
4.599074,2700.00,2700.88,1,1,38,0,0.000,0
4.599445,2700.00,2700.88,1,1,39,0,0.000,0
4.599815,2700.00,2699.97,1,1,40,0,0.000,0
4.600185,2700.00,2700.88,1,1,41,0,0.000,0
4.600556,2700.00,2699.97,1,1,42,0,0.000,0
4.600926,2700.00,2701.79,1,1,43,0,0.000,0
4.601297,2700.00,2700.88,1,1,44,0,0.000,0
4.601667,2700.00,2699.97,1,1,45,0,0.000,0
4.602037,2700.00,2699.97,1,1,46,0,0.000,0
4.602408,2700.00,2699.97,1,1,47,0,0.000,0
4.602778,2700.00,2698.15,1,1,48,0,0.000,0
4.603148,2700.00,2699.97,1,1,49,0,0.000,0
4.603519,2700.00,2699.06,1,1,50,0,0.000,0
4.603889,2700.00,2698.15,1,1,51,0,0.000,0
4.604259,2700.00,2700.88,1,1,52,0,0.000,0
4.604630,2700.00,2699.97,1,1,53,0,0.000,0
4.605000,2700.00,2700.88,1,1,54,0,0.000,0
4.605371,2700.00,2699.97,1,1,55,0,0.000,0
4.605741,2700.00,2700.88,1,1,56,0,0.000,0
4.606111,2700.00,2699.97,1,1,57,0,0.000,0
4.607222,2700.00,2700.51,1,1,0,1,0.000,0
4.607593,2700.00,2701.24,1,1,1,1,0.000,0
4.607963,2700.00,2699.06,1,1,2,1,0.000,0
4.608334,2700.00,2701.24,1,1,3,1,0.000,0
4.608704,2700.00,2698.33,1,1,4,1,0.000,0
4.609074,2700.00,2699.06,1,1,5,1,0.000,0
4.609445,2700.00,2700.51,1,1,6,1,0.000,0
4.609815,2700.00,2699.78,1,1,7,1,0.000,0
4.610185,2700.00,2699.97,1,1,8,1,0.000,0
4.610556,2700.00,2699.97,1,1,9,1,0.000,0
4.610926,2700.00,2702.70,1,1,10,1,0.000,0
4.611297,2700.00,2698.15,1,1,11,1,0.000,0
4.611667,2700.00,2699.97,1,1,12,1,0.000,0
4.612037,2700.00,2699.97,1,1,13,1,0.000,0
4.612408,2700.00,2699.97,1,1,14,1,0.000,0
4.612778,2700.00,2699.97,1,1,15,1,0.000,0
4.613148,2700.00,2699.97,1,1,16,1,0.000,0
4.613519,2700.00,2699.06,1,1,17,1,0.000,0
4.613889,2700.00,2698.15,1,1,18,1,0.000,0
4.614259,2700.00,2700.88,1,1,19,1,0.000,0
4.614630,2700.00,2700.88,1,1,20,1,0.000,0
4.615000,2700.00,2700.88,1,1,21,1,0.000,0
4.615371,2700.00,2698.15,1,1,22,1,0.000,0
4.615741,2700.00,2699.97,1,1,23,1,0.000,0
4.616111,2700.00,2700.88,1,1,24,1,0.000,0
4.616482,2700.00,2701.79,1,1,25,1,0.000,0
4.616852,2700.00,2700.88,1,1,26,1,0.000,0
4.617222,2700.00,2699.97,1,1,27,1,0.000,0
4.617593,2700.00,2699.97,1,1,28,1,0.000,0
4.617963,2700.00,2699.06,1,1,29,1,0.000,0
4.618334,2700.00,2701.79,1,1,30,1,0.000,0
4.618704,2700.00,2699.97,1,1,31,1,0.000,0
4.619074,2700.00,2699.97,1,1,32,1,0.000,0
4.619445,2700.00,2698.15,1,1,33,1,0.000,0
4.619815,2700.00,2699.06,1,1,34,1,0.000,0
4.620185,2700.00,2699.97,1,1,35,1,0.000,0
4.620556,2700.00,2699.97,1,1,36,1,0.000,0
4.620926,2700.00,2699.97,1,1,37,1,0.000,0
4.621297,2700.00,2698.15,1,1,38,1,0.000,0
4.621667,2700.00,2699.06,1,1,39,1,0.000,0
4.622037,2700.00,2699.97,1,1,40,1,0.000,0
4.622408,2700.00,2700.88,1,1,41,1,0.000,0
4.622778,2700.00,2699.97,1,1,42,1,0.000,0
4.623148,2700.00,2699.97,1,1,43,1,0.000,0
4.623519,2700.00,2699.06,1,1,44,1,0.000,0
4.623889,2700.00,2701.79,1,1,45,1,0.000,0
4.624259,2700.00,2701.79,1,1,46,1,0.000,0
4.624630,2700.00,2701.79,1,1,47,1,0.000,0
4.625000,2700.00,2698.15,1,1,48,1,0.000,0
4.625371,2700.00,2699.06,1,1,49,1,0.000,0
4.625741,2700.00,2700.88,1,1,50,1,0.000,0
4.626111,2700.00,2699.06,1,1,51,1,0.000,0
4.626482,2700.00,2700.88,1,1,52,1,0.000,0
4.626852,2700.00,2698.15,1,1,53,1,0.000,0
4.627222,2700.00,2699.97,1,1,54,1,0.000,0
4.627593,2700.00,2699.97,1,1,55,1,0.000,0
4.627963,2700.00,2701.79,1,1,56,1,0.000,0
4.628334,2700.00,2700.88,1,1,57,1,0.000,0
4.629445,2700.00,2699.78,1,1,0,0,0.000,0
4.629815,2700.00,2700.51,1,1,1,0,0.000,0
4.630185,2700.00,2699.78,1,1,2,0,0.000,0
4.630556,2700.00,2701.24,1,1,3,0,0.000,0
4.630926,2700.00,2699.78,1,1,4,0,0.000,0
4.631297,2700.00,2699.78,1,1,5,0,0.000,0
4.631667,2700.00,2699.78,1,1,6,0,0.000,0
4.632037,2700.00,2699.78,1,1,7,0,0.000,0
4.632408,2700.00,2698.15,1,1,8,0,0.000,0
4.632778,2700.00,2699.97,1,1,9,0,0.000,0
4.633148,2700.00,2700.88,1,1,10,0,0.000,0
4.633519,2700.00,2698.15,1,1,11,0,0.000,0
4.633889,2700.00,2699.97,1,1,12,0,0.000,0
4.634259,2700.00,2699.97,1,1,13,0,0.000,0
4.634630,2700.00,2699.97,1,1,14,0,0.000,0
4.635000,2700.00,2700.88,1,1,15,0,0.000,0
4.635371,2700.00,2701.79,1,1,16,0,0.000,0
4.635741,2700.00,2701.79,1,1,17,0,0.000,0
4.636111,2700.00,2699.06,1,1,18,0,0.000,0
4.636482,2700.00,2700.88,1,1,19,0,0.000,0
4.636852,2700.00,2701.79,1,1,20,0,0.000,0
4.637222,2700.00,2700.88,1,1,21,0,0.000,0
4.637593,2700.00,2699.06,1,1,22,0,0.000,0
4.637963,2700.00,2697.24,1,1,23,0,0.000,0
4.638334,2700.00,2699.97,1,1,24,0,0.000,0
4.638704,2700.00,2699.06,1,1,25,0,0.000,0
4.639074,2700.00,2699.06,1,1,26,0,0.000,0
4.639445,2700.00,2699.97,1,1,27,0,0.000,0
4.639815,2700.00,2699.06,1,1,28,0,0.000,0
4.640185,2700.00,2698.15,1,1,29,0,0.000,0
4.640556,2700.00,2700.88,1,1,30,0,0.000,0
4.640926,2700.00,2701.79,1,1,31,0,0.000,0
4.641297,2700.00,2699.97,1,1,32,0,0.000,0
4.641667,2700.00,2698.15,1,1,33,0,0.000,0
4.642037,2700.00,2700.88,1,1,34,0,0.000,0
4.642408,2700.00,2700.88,1,1,35,0,0.000,0
4.642778,2700.00,2699.97,1,1,36,0,0.000,0
4.643148,2700.00,2701.79,1,1,37,0,0.000,0
4.643519,2700.00,2698.15,1,1,38,0,0.000,0
4.643889,2700.00,2699.97,1,1,39,0,0.000,0
4.644259,2700.00,2700.88,1,1,40,0,0.000,0
4.644630,2700.00,2700.88,1,1,41,0,0.000,0
4.645000,2700.00,2701.79,1,1,42,0,0.000,0
4.645371,2700.00,2699.97,1,1,43,0,0.000,0
4.645741,2700.00,2698.15,1,1,44,0,0.000,0
4.646111,2700.00,2698.15,1,1,45,0,0.000,0
4.646482,2700.00,2701.79,1,1,46,0,0.000,0
4.646852,2700.00,2699.97,1,1,47,0,0.000,0
4.647222,2700.00,2697.24,1,1,48,0,0.000,0
4.647593,2700.00,2699.97,1,1,49,0,0.000,0
4.647963,2700.00,2699.06,1,1,50,0,0.000,0
4.648334,2700.00,2699.06,1,1,51,0,0.000,0
4.648704,2700.00,2701.79,1,1,52,0,0.000,0
4.649074,2700.00,2700.88,1,1,53,0,0.000,0
4.649445,2700.00,2699.97,1,1,54,0,0.000,0
4.649815,2700.00,2699.06,1,1,55,0,0.000,0
4.650185,2700.00,2701.79,1,1,56,0,0.000,0
4.650556,2700.00,2699.97,1,1,57,0,0.000,0
4.651667,2700.00,2700.51,1,1,0,1,0.000,0
4.652037,2700.00,2699.06,1,1,1,1,0.000,0
4.652408,2700.00,2699.06,1,1,2,1,0.000,0
4.652778,2700.00,2699.06,1,1,3,1,0.000,0
4.653148,2700.00,2699.78,1,1,4,1,0.000,0
4.653519,2700.00,2701.24,1,1,5,1,0.000,0
4.653889,2700.00,2700.51,1,1,6,1,0.000,0
4.654259,2700.00,2701.24,1,1,7,1,0.000,0
4.654630,2700.00,2699.97,1,1,8,1,0.000,0
4.655000,2700.00,2701.79,1,1,9,1,0.000,0
4.655371,2700.00,2700.88,1,1,10,1,0.000,0
4.655741,2700.00,2700.88,1,1,11,1,0.000,0
4.656111,2700.00,2699.97,1,1,12,1,0.000,0
4.656482,2700.00,2699.06,1,1,13,1,0.000,0
4.656852,2700.00,2699.06,1,1,14,1,0.000,0
4.657222,2700.00,2699.06,1,1,15,1,0.000,0
4.657593,2700.00,2699.06,1,1,16,1,0.000,0
4.657963,2700.00,2699.97,1,1,17,1,0.000,0
4.658334,2700.00,2699.97,1,1,18,1,0.000,0
4.658704,2700.00,2699.06,1,1,19,1,0.000,0
4.659074,2700.00,2700.88,1,1,20,1,0.000,0
4.659445,2700.00,2699.97,1,1,21,1,0.000,0
4.659815,2700.00,2699.97,1,1,22,1,0.000,0
4.660185,2700.00,2700.88,1,1,23,1,0.000,0
4.660556,2700.00,2699.06,1,1,24,1,0.000,0
4.660926,2700.00,2699.97,1,1,25,1,0.000,0
4.661297,2700.00,2699.06,1,1,26,1,0.000,0
4.661667,2700.00,2701.79,1,1,27,1,0.000,0
4.662037,2700.00,2699.97,1,1,28,1,0.000,0
4.662408,2700.00,2699.97,1,1,29,1,0.000,0
4.662778,2700.00,2699.97,1,1,30,1,0.000,0
4.663148,2700.00,2699.06,1,1,31,1,0.000,0
4.663519,2700.00,2700.88,1,1,32,1,0.000,0
4.663889,2700.00,2699.97,1,1,33,1,0.000,0
4.664259,2700.00,2700.88,1,1,34,1,0.000,0
4.664630,2700.00,2699.06,1,1,35,1,0.000,0
4.665000,2700.00,2699.97,1,1,36,1,0.000,0
4.665371,2700.00,2700.88,1,1,37,1,0.000,0
4.665741,2700.00,2699.06,1,1,38,1,0.000,0
4.666111,2700.00,2699.06,1,1,39,1,0.000,0
4.666482,2700.00,2700.88,1,1,40,1,0.000,0
4.666852,2700.00,2699.97,1,1,41,1,0.000,0
4.667222,2700.00,2699.06,1,1,42,1,0.000,0
4.667593,2700.00,2699.06,1,1,43,1,0.000,0
4.667963,2700.00,2699.06,1,1,44,1,0.000,0
4.668334,2700.00,2699.06,1,1,45,1,0.000,0
4.668704,2700.00,2701.79,1,1,46,1,0.000,0
4.669074,2700.00,2699.97,1,1,47,1,0.000,0
4.669445,2700.00,2699.06,1,1,48,1,0.000,0
4.669815,2700.00,2699.97,1,1,49,1,0.000,0
4.670185,2700.00,2700.88,1,1,50,1,0.000,0
4.670556,2700.00,2701.79,1,1,51,1,0.000,0
4.670926,2700.00,2699.97,1,1,52,1,0.000,0
4.671297,2700.00,2699.97,1,1,53,1,0.000,0
4.671667,2700.00,2698.15,1,1,54,1,0.000,0
4.672037,2700.00,2700.88,1,1,55,1,0.000,0
4.672408,2700.00,2700.88,1,1,56,1,0.000,0
4.672778,2700.00,2699.97,1,1,57,1,0.000,0
4.673889,2700.00,2699.78,1,1,0,0,0.000,0
4.674259,2700.00,2700.51,1,1,1,0,0.000,0
4.674630,2700.00,2700.51,1,1,2,0,0.000,0
4.675000,2700.00,2699.78,1,1,3,0,0.000,0
4.675371,2700.00,2701.97,1,1,4,0,0.000,0
4.675741,2700.00,2699.78,1,1,5,0,0.000,0
4.676111,2700.00,2699.78,1,1,6,0,0.000,0
4.676482,2700.00,2701.97,1,1,7,0,0.000,0
4.676852,2700.00,2699.97,1,1,8,0,0.000,0
4.677222,2700.00,2699.97,1,1,9,0,0.000,0
4.677593,2700.00,2699.06,1,1,10,0,0.000,0
4.677963,2700.00,2700.88,1,1,11,0,0.000,0
4.678334,2700.00,2698.15,1,1,12,0,0.000,0
4.678704,2700.00,2699.06,1,1,13,0,0.000,0
4.679074,2700.00,2699.06,1,1,14,0,0.000,0
4.679445,2700.00,2697.24,1,1,15,0,0.000,0
4.679815,2700.00,2699.97,1,1,16,0,0.000,0
4.680185,2700.00,2699.97,1,1,17,0,0.000,0
4.680556,2700.00,2700.88,1,1,18,0,0.000,0
4.680926,2700.00,2699.97,1,1,19,0,0.000,0
4.681297,2700.00,2699.97,1,1,20,0,0.000,0
4.681667,2700.00,2700.88,1,1,21,0,0.000,0
4.682037,2700.00,2700.88,1,1,22,0,0.000,0
4.682408,2700.00,2701.79,1,1,23,0,0.000,0
4.682778,2700.00,2699.97,1,1,24,0,0.000,0
4.683148,2700.00,2698.15,1,1,25,0,0.000,0
4.683519,2700.00,2699.97,1,1,26,0,0.000,0
4.683889,2700.00,2699.97,1,1,27,0,0.000,0
4.684259,2700.00,2701.79,1,1,28,0,0.000,0
4.684630,2700.00,2699.97,1,1,29,0,0.000,0
4.685000,2700.00,2698.15,1,1,30,0,0.000,0
4.685371,2700.00,2699.06,1,1,31,0,0.000,0
4.685741,2700.00,2699.06,1,1,32,0,0.000,0
4.686111,2700.00,2699.97,1,1,33,0,0.000,0
4.686482,2700.00,2699.97,1,1,34,0,0.000,0
4.686852,2700.00,2699.97,1,1,35,0,0.000,0
4.687222,2700.00,2699.06,1,1,36,0,0.000,0
4.687593,2700.00,2699.97,1,1,37,0,0.000,0
4.687963,2700.00,2702.70,1,1,38,0,0.000,0
4.688334,2700.00,2698.15,1,1,39,0,0.000,0
4.688704,2700.00,2700.88,1,1,40,0,0.000,0
4.689074,2700.00,2700.88,1,1,41,0,0.000,0
4.689445,2700.00,2699.97,1,1,42,0,0.000,0
4.689815,2700.00,2699.06,1,1,43,0,0.000,0
4.690185,2700.00,2699.06,1,1,44,0,0.000,0
4.690556,2700.00,2701.79,1,1,45,0,0.000,0
4.690926,2700.00,2699.97,1,1,46,0,0.000,0
4.691297,2700.00,2700.88,1,1,47,0,0.000,0
4.691667,2700.00,2699.97,1,1,48,0,0.000,0
4.692037,2700.00,2699.97,1,1,49,0,0.000,0
4.692408,2700.00,2699.97,1,1,50,0,0.000,0
4.692778,2700.00,2699.06,1,1,51,0,0.000,0
4.693148,2700.00,2699.97,1,1,52,0,0.000,0
4.693519,2700.00,2697.24,1,1,53,0,0.000,0
4.693889,2700.00,2699.06,1,1,54,0,0.000,0
4.694259,2700.00,2699.06,1,1,55,0,0.000,0
4.694630,2700.00,2701.79,1,1,56,0,0.000,0
4.695000,2700.00,2698.15,1,1,57,0,0.000,0
4.696111,2700.00,2699.78,1,1,0,1,0.000,0
4.696482,2700.00,2700.51,1,1,1,1,0.000,0
4.696852,2700.00,2700.51,1,1,2,1,0.000,0
4.697222,2700.00,2701.97,1,1,3,1,0.000,0
4.697593,2700.00,2699.06,1,1,4,1,0.000,0
4.697963,2700.00,2701.24,1,1,5,1,0.000,0
4.698334,2700.00,2698.33,1,1,6,1,0.000,0
4.698704,2700.00,2701.24,1,1,7,1,0.000,0
4.699074,2700.00,2700.88,1,1,8,1,0.000,0
4.699445,2700.00,2699.97,1,1,9,1,0.000,0
4.699815,2700.00,2699.97,1,1,10,1,0.000,0
4.700185,2700.00,2698.15,1,1,11,1,0.000,0
4.700556,2700.00,2700.88,1,1,12,1,0.000,0
4.700926,2700.00,2699.06,1,1,13,1,0.000,0
4.701297,2700.00,2700.88,1,1,14,1,0.000,0
4.701667,2700.00,2699.97,1,1,15,1,0.000,0
4.702037,2700.00,2699.06,1,1,16,1,0.000,0
4.702408,2700.00,2702.70,1,1,17,1,0.000,0
4.702778,2700.00,2699.97,1,1,18,1,0.000,0
4.703148,2700.00,2700.88,1,1,19,1,0.000,0
4.703519,2700.00,2700.88,1,1,20,1,0.000,0
4.703889,2700.00,2699.97,1,1,21,1,0.000,0
4.704259,2700.00,2699.97,1,1,22,1,0.000,0
4.704630,2700.00,2700.88,1,1,23,1,0.000,0
4.705000,2700.00,2700.88,1,1,24,1,0.000,0
4.705371,2700.00,2698.15,1,1,25,1,0.000,0
4.705741,2700.00,2699.97,1,1,26,1,0.000,0
4.706111,2700.00,2699.97,1,1,27,1,0.000,0
4.706482,2700.00,2698.15,1,1,28,1,0.000,0
4.706852,2700.00,2700.88,1,1,29,1,0.000,0
4.707222,2700.00,2699.97,1,1,30,1,0.000,0
4.707593,2700.00,2698.15,1,1,31,1,0.000,0
4.707963,2700.00,2699.97,1,1,32,1,0.000,0
4.708334,2700.00,2699.06,1,1,33,1,0.000,0
4.708704,2700.00,2699.97,1,1,34,1,0.000,0
4.709074,2700.00,2699.06,1,1,35,1,0.000,0
4.709445,2700.00,2701.79,1,1,36,1,0.000,0
4.709815,2700.00,2699.06,1,1,37,1,0.000,0
4.710185,2700.00,2699.06,1,1,38,1,0.000,0
4.710556,2700.00,2699.97,1,1,39,1,0.000,0
4.710926,2700.00,2699.06,1,1,40,1,0.000,0
4.711297,2700.00,2700.88,1,1,41,1,0.000,0
4.711667,2700.00,2701.79,1,1,42,1,0.000,0
4.712037,2700.00,2699.06,1,1,43,1,0.000,0
4.712408,2700.00,2699.97,1,1,44,1,0.000,0
4.712778,2700.00,2700.88,1,1,45,1,0.000,0
4.713148,2700.00,2700.88,1,1,46,1,0.000,0
4.713519,2700.00,2701.79,1,1,47,1,0.000,0
4.713889,2700.00,2700.88,1,1,48,1,0.000,0
4.714259,2700.00,2699.97,1,1,49,1,0.000,0
4.714630,2700.00,2697.24,1,1,50,1,0.000,0
4.715000,2700.00,2702.70,1,1,51,1,0.000,0
4.715371,2700.00,2699.97,1,1,52,1,0.000,0
4.715741,2700.00,2699.97,1,1,53,1,0.000,0
4.716111,2700.00,2699.97,1,1,54,1,0.000,0
4.716482,2700.00,2699.97,1,1,55,1,0.000,0
4.716852,2700.00,2699.06,1,1,56,1,0.000,0
4.717222,2700.00,2700.88,1,1,57,1,0.000,0
4.718334,2700.00,2701.24,1,1,0,0,0.000,0
4.718704,2700.00,2699.06,1,1,1,0,0.000,0
4.719074,2700.00,2698.33,1,1,2,0,0.000,0
4.719445,2700.00,2700.51,1,1,3,0,0.000,0
4.719815,2700.00,2699.78,1,1,4,0,0.000,0
4.720185,2700.00,2699.06,1,1,5,0,0.000,0
4.720556,2700.00,2699.78,1,1,6,0,0.000,0
4.720926,2700.00,2699.78,1,1,7,0,0.000,0
4.721297,2700.00,2699.06,1,1,8,0,0.000,0
4.721667,2700.00,2700.88,1,1,9,0,0.000,0
4.722037,2700.00,2701.79,1,1,10,0,0.000,0
4.722408,2700.00,2699.06,1,1,11,0,0.000,0
4.722778,2700.00,2699.06,1,1,12,0,0.000,0
4.723148,2700.00,2700.88,1,1,13,0,0.000,0
4.723519,2700.00,2700.88,1,1,14,0,0.000,0
4.723889,2700.00,2699.97,1,1,15,0,0.000,0
4.724259,2700.00,2700.88,1,1,16,0,0.000,0
4.724630,2700.00,2700.88,1,1,17,0,0.000,0
4.725000,2700.00,2699.97,1,1,18,0,0.000,0
4.725371,2700.00,2699.97,1,1,19,0,0.000,0
4.725741,2700.00,2700.88,1,1,20,0,0.000,0
4.726111,2700.00,2699.06,1,1,21,0,0.000,0
4.726482,2700.00,2700.88,1,1,22,0,0.000,0
4.726852,2700.00,2699.97,1,1,23,0,0.000,0
4.727222,2700.00,2699.97,1,1,24,0,0.000,0
4.727593,2700.00,2698.15,1,1,25,0,0.000,0
4.727963,2700.00,2699.97,1,1,26,0,0.000,0
4.728334,2700.00,2699.97,1,1,27,0,0.000,0
4.728704,2700.00,2699.97,1,1,28,0,0.000,0
4.729074,2700.00,2700.88,1,1,29,0,0.000,0
4.729445,2700.00,2699.06,1,1,30,0,0.000,0
4.729815,2700.00,2699.97,1,1,31,0,0.000,0
4.730185,2700.00,2699.97,1,1,32,0,0.000,0
4.730556,2700.00,2699.06,1,1,33,0,0.000,0
4.730926,2700.00,2698.15,1,1,34,0,0.000,0
4.731297,2700.00,2699.97,1,1,35,0,0.000,0
4.731667,2700.00,2700.88,1,1,36,0,0.000,0
4.732037,2700.00,2699.97,1,1,37,0,0.000,0
4.732408,2700.00,2699.06,1,1,38,0,0.000,0
4.732778,2700.00,2699.06,1,1,39,0,0.000,0
4.733148,2700.00,2699.97,1,1,40,0,0.000,0
4.733519,2700.00,2700.88,1,1,41,0,0.000,0
4.733889,2700.00,2700.88,1,1,42,0,0.000,0
4.734259,2700.00,2699.97,1,1,43,0,0.000,0
4.734630,2700.00,2699.06,1,1,44,0,0.000,0
4.735000,2700.00,2700.88,1,1,45,0,0.000,0
4.735371,2700.00,2699.97,1,1,46,0,0.000,0
4.735741,2700.00,2701.79,1,1,47,0,0.000,0
4.736111,2700.00,2699.97,1,1,48,0,0.000,0
4.736482,2700.00,2700.88,1,1,49,0,0.000,0
4.736852,2700.00,2701.79,1,1,50,0,0.000,0
4.737222,2700.00,2701.79,1,1,51,0,0.000,0
4.737593,2700.00,2699.97,1,1,52,0,0.000,0
4.737963,2700.00,2698.15,1,1,53,0,0.000,0
4.738334,2700.00,2700.88,1,1,54,0,0.000,0
4.738704,2700.00,2699.06,1,1,55,0,0.000,0
4.739074,2700.00,2699.97,1,1,56,0,0.000,0
4.739445,2700.00,2699.06,1,1,57,0,0.000,0
4.740556,2700.00,2699.78,1,1,0,1,0.000,0
4.740926,2700.00,2699.06,1,1,1,1,0.000,0
4.741297,2700.00,2700.51,1,1,2,1,0.000,0
4.741667,2700.00,2701.24,1,1,3,1,0.000,0
4.742037,2700.00,2700.51,1,1,4,1,0.000,0
4.742408,2700.00,2699.78,1,1,5,1,0.000,0
4.742778,2700.00,2700.51,1,1,6,1,0.000,0
4.743148,2700.00,2699.78,1,1,7,1,0.000,0
4.743519,2700.00,2699.06,1,1,8,1,0.000,0
4.743889,2700.00,2699.97,1,1,9,1,0.000,0
4.744259,2700.00,2699.97,1,1,10,1,0.000,0
4.744630,2700.00,2699.97,1,1,11,1,0.000,0
4.745000,2700.00,2699.06,1,1,12,1,0.000,0
4.745371,2700.00,2699.97,1,1,13,1,0.000,0
4.745741,2700.00,2699.97,1,1,14,1,0.000,0
4.746111,2700.00,2700.88,1,1,15,1,0.000,0
4.746482,2700.00,2700.88,1,1,16,1,0.000,0
4.746852,2700.00,2699.06,1,1,17,1,0.000,0
4.747222,2700.00,2699.97,1,1,18,1,0.000,0
4.747593,2700.00,2698.15,1,1,19,1,0.000,0
4.747963,2700.00,2699.06,1,1,20,1,0.000,0
4.748334,2700.00,2699.06,1,1,21,1,0.000,0
4.748704,2700.00,2699.06,1,1,22,1,0.000,0
4.749074,2700.00,2699.97,1,1,23,1,0.000,0
4.749445,2700.00,2699.97,1,1,24,1,0.000,0
4.749815,2700.00,2701.79,1,1,25,1,0.000,0
4.750185,2700.00,2699.97,1,1,26,1,0.000,0
4.750556,2700.00,2700.88,1,1,27,1,0.000,0
4.750926,2700.00,2702.70,1,1,28,1,0.000,0
4.751297,2700.00,2700.88,1,1,29,1,0.000,0
4.751667,2700.00,2699.06,1,1,30,1,0.000,0
4.752037,2700.00,2699.97,1,1,31,1,0.000,0
4.752408,2700.00,2699.06,1,1,32,1,0.000,0
4.752778,2700.00,2699.06,1,1,33,1,0.000,0
4.753148,2700.00,2699.06,1,1,34,1,0.000,0
4.753519,2700.00,2700.88,1,1,35,1,0.000,0
4.753889,2700.00,2699.06,1,1,36,1,0.000,0
4.754259,2700.00,2700.88,1,1,37,1,0.000,0
4.754630,2700.00,2699.97,1,1,38,1,0.000,0
4.755000,2700.00,2699.97,1,1,39,1,0.000,0
4.755371,2700.00,2699.97,1,1,40,1,0.000,0
4.755741,2700.00,2699.97,1,1,41,1,0.000,0
4.756111,2700.00,2699.97,1,1,42,1,0.000,0
4.756482,2700.00,2699.97,1,1,43,1,0.000,0
4.756852,2700.00,2699.97,1,1,44,1,0.000,0
4.757222,2700.00,2699.97,1,1,45,1,0.000,0
4.757593,2700.00,2700.88,1,1,46,1,0.000,0
4.757963,2700.00,2699.97,1,1,47,1,0.000,0
4.758334,2700.00,2700.88,1,1,48,1,0.000,0
4.758704,2700.00,2701.79,1,1,49,1,0.000,0
4.759074,2700.00,2699.97,1,1,50,1,0.000,0
4.759445,2700.00,2699.06,1,1,51,1,0.000,0
4.759815,2700.00,2699.06,1,1,52,1,0.000,0
4.760185,2700.00,2699.97,1,1,53,1,0.000,0
4.760556,2700.00,2699.97,1,1,54,1,0.000,0
4.760926,2700.00,2699.97,1,1,55,1,0.000,0
4.761297,2700.00,2699.06,1,1,56,1,0.000,0
4.761667,2700.00,2698.15,1,1,57,1,0.000,0
4.762778,2700.00,2699.78,1,1,0,0,0.000,0
4.763148,2700.00,2699.06,1,1,1,0,0.000,0
4.763519,2700.00,2699.78,1,1,2,0,0.000,0
4.763889,2700.00,2699.78,1,1,3,0,0.000,0
4.764259,2700.00,2699.78,1,1,4,0,0.000,0
4.764630,2700.00,2699.78,1,1,5,0,0.000,0
4.765000,2700.00,2699.78,1,1,6,0,0.000,0
4.765371,2700.00,2700.51,1,1,7,0,0.000,0
4.765741,2700.00,2701.79,1,1,8,0,0.000,0
4.766111,2700.00,2700.88,1,1,9,0,0.000,0
4.766482,2700.00,2701.79,1,1,10,0,0.000,0
4.766852,2700.00,2699.06,1,1,11,0,0.000,0
4.767222,2700.00,2700.88,1,1,12,0,0.000,0
4.767593,2700.00,2701.79,1,1,13,0,0.000,0
4.767963,2700.00,2699.97,1,1,14,0,0.000,0
4.768334,2700.00,2699.06,1,1,15,0,0.000,0
4.768704,2700.00,2699.06,1,1,16,0,0.000,0
4.769074,2700.00,2700.88,1,1,17,0,0.000,0
4.769445,2700.00,2699.06,1,1,18,0,0.000,0
4.769815,2700.00,2701.79,1,1,19,0,0.000,0
4.770185,2700.00,2700.88,1,1,20,0,0.000,0
4.770556,2700.00,2697.24,1,1,21,0,0.000,0
4.770926,2700.00,2699.97,1,1,22,0,0.000,0
4.771297,2700.00,2701.79,1,1,23,0,0.000,0
4.771667,2700.00,2700.88,1,1,24,0,0.000,0
4.772037,2700.00,2698.15,1,1,25,0,0.000,0
4.772408,2700.00,2699.06,1,1,26,0,0.000,0
4.772778,2700.00,2699.06,1,1,27,0,0.000,0
4.773148,2700.00,2699.06,1,1,28,0,0.000,0
4.773519,2700.00,2699.97,1,1,29,0,0.000,0
4.773889,2700.00,2699.97,1,1,30,0,0.000,0
4.774259,2700.00,2699.06,1,1,31,0,0.000,0
4.774630,2700.00,2699.06,1,1,32,0,0.000,0
4.775000,2700.00,2700.88,1,1,33,0,0.000,0
4.775371,2700.00,2700.88,1,1,34,0,0.000,0
4.775741,2700.00,2700.88,1,1,35,0,0.000,0
4.776111,2700.00,2699.97,1,1,36,0,0.000,0
4.776482,2700.00,2701.79,1,1,37,0,0.000,0
4.776852,2700.00,2701.79,1,1,38,0,0.000,0
4.777222,2700.00,2699.06,1,1,39,0,0.000,0
4.777593,2700.00,2701.79,1,1,40,0,0.000,0
4.777963,2700.00,2700.88,1,1,41,0,0.000,0
4.778334,2700.00,2699.97,1,1,42,0,0.000,0
4.778704,2700.00,2698.15,1,1,43,0,0.000,0
4.779074,2700.00,2699.06,1,1,44,0,0.000,0
4.779445,2700.00,2699.97,1,1,45,0,0.000,0
4.779815,2700.00,2699.06,1,1,46,0,0.000,0
4.780185,2700.00,2700.88,1,1,47,0,0.000,0
4.780556,2700.00,2699.06,1,1,48,0,0.000,0
4.780926,2700.00,2699.97,1,1,49,0,0.000,0
4.781297,2700.00,2700.88,1,1,50,0,0.000,0
4.781667,2700.00,2699.97,1,1,51,0,0.000,0
4.782037,2700.00,2700.88,1,1,52,0,0.000,0
4.782408,2700.00,2699.06,1,1,53,0,0.000,0
4.782778,2700.00,2700.88,1,1,54,0,0.000,0
4.783148,2700.00,2699.97,1,1,55,0,0.000,0
4.783519,2700.00,2699.06,1,1,56,0,0.000,0
4.783889,2700.00,2699.97,1,1,57,0,0.000,0
4.785000,2700.00,2699.06,1,1,0,1,0.000,0
4.785371,2700.00,2699.78,1,1,1,1,0.000,0
4.785741,2700.00,2699.78,1,1,2,1,0.000,0
4.786111,2700.00,2700.51,1,1,3,1,0.000,0
4.786482,2700.00,2698.33,1,1,4,1,0.000,0
4.786852,2700.00,2699.78,1,1,5,1,0.000,0
4.787222,2700.00,2699.78,1,1,6,1,0.000,0
4.787593,2700.00,2700.51,1,1,7,1,0.000,0
4.787963,2700.00,2701.79,1,1,8,1,0.000,0
4.788334,2700.00,2701.79,1,1,9,1,0.000,0
4.788704,2700.00,2699.97,1,1,10,1,0.000,0
4.789074,2700.00,2699.06,1,1,11,1,0.000,0
4.789445,2700.00,2702.70,1,1,12,1,0.000,0
4.789815,2700.00,2699.97,1,1,13,1,0.000,0
4.790185,2700.00,2700.88,1,1,14,1,0.000,0
4.790556,2700.00,2699.97,1,1,15,1,0.000,0
4.790926,2700.00,2698.15,1,1,16,1,0.000,0
4.791297,2700.00,2699.06,1,1,17,1,0.000,0
4.791667,2700.00,2699.97,1,1,18,1,0.000,0
4.792037,2700.00,2700.88,1,1,19,1,0.000,0
4.792408,2700.00,2699.06,1,1,20,1,0.000,0
4.792778,2700.00,2699.97,1,1,21,1,0.000,0
4.793148,2700.00,2699.06,1,1,22,1,0.000,0
4.793519,2700.00,2699.06,1,1,23,1,0.000,0
4.793889,2700.00,2700.88,1,1,24,1,0.000,0
4.794259,2700.00,2700.88,1,1,25,1,0.000,0
4.794630,2700.00,2699.97,1,1,26,1,0.000,0
4.795000,2700.00,2699.97,1,1,27,1,0.000,0
4.795371,2700.00,2699.06,1,1,28,1,0.000,0
4.795741,2700.00,2699.97,1,1,29,1,0.000,0
4.796111,2700.00,2700.88,1,1,30,1,0.000,0
4.796482,2700.00,2700.88,1,1,31,1,0.000,0
4.796852,2700.00,2700.88,1,1,32,1,0.000,0
4.797222,2700.00,2699.97,1,1,33,1,0.000,0
4.797593,2700.00,2700.88,1,1,34,1,0.000,0
4.797963,2700.00,2699.97,1,1,35,1,0.000,0
4.798334,2700.00,2699.97,1,1,36,1,0.000,0
4.798704,2700.00,2699.97,1,1,37,1,0.000,0
4.799074,2700.00,2699.97,1,1,38,1,0.000,0
4.799445,2700.00,2699.97,1,1,39,1,0.000,0
4.799815,2700.00,2699.06,1,1,40,1,0.000,0
4.800185,2700.00,2699.06,1,1,41,1,0.000,0
4.800556,2700.00,2699.06,1,1,42,1,0.000,0
4.800926,2700.00,2699.97,1,1,43,1,0.000,0
4.801297,2700.00,2699.97,1,1,44,1,0.000,0
4.801667,2700.00,2701.79,1,1,45,1,0.000,0
4.802037,2700.00,2699.06,1,1,46,1,0.000,0
4.802408,2700.00,2699.06,1,1,47,1,0.000,0
4.802778,2700.00,2699.97,1,1,48,1,0.000,0
4.803148,2700.00,2699.97,1,1,49,1,0.000,0
4.803519,2700.00,2699.97,1,1,50,1,0.000,0
4.803889,2700.00,2699.97,1,1,51,1,0.000,0
4.804259,2700.00,2700.88,1,1,52,1,0.000,0
4.804630,2700.00,2698.15,1,1,53,1,0.000,0
4.805000,2700.00,2700.88,1,1,54,1,0.000,0
4.805371,2700.00,2701.79,1,1,55,1,0.000,0
4.805741,2700.00,2699.06,1,1,56,1,0.000,0
4.806111,2700.00,2699.97,1,1,57,1,0.000,0
4.807222,2700.00,2700.51,1,1,0,0,0.000,0
4.807593,2700.00,2700.51,1,1,1,0,0.000,0
4.807963,2700.00,2700.51,1,1,2,0,0.000,0
4.808334,2700.00,2699.78,1,1,3,0,0.000,0
4.808704,2700.00,2699.06,1,1,4,0,0.000,0
4.809074,2700.00,2699.06,1,1,5,0,0.000,0
4.809445,2700.00,2700.51,1,1,6,0,0.000,0
4.809815,2700.00,2700.51,1,1,7,0,0.000,0
4.810185,2700.00,2699.97,1,1,8,0,0.000,0
4.810556,2700.00,2699.06,1,1,9,0,0.000,0
4.810926,2700.00,2699.97,1,1,10,0,0.000,0
4.811297,2700.00,2699.97,1,1,11,0,0.000,0
4.811667,2700.00,2699.97,1,1,12,0,0.000,0
4.812037,2700.00,2698.15,1,1,13,0,0.000,0
4.812408,2700.00,2699.97,1,1,14,0,0.000,0
4.812778,2700.00,2699.97,1,1,15,0,0.000,0
4.813148,2700.00,2699.97,1,1,16,0,0.000,0
4.813519,2700.00,2699.97,1,1,17,0,0.000,0
4.813889,2700.00,2699.06,1,1,18,0,0.000,0
4.814259,2700.00,2699.97,1,1,19,0,0.000,0
4.814630,2700.00,2701.79,1,1,20,0,0.000,0
4.815000,2700.00,2699.97,1,1,21,0,0.000,0
4.815371,2700.00,2700.88,1,1,22,0,0.000,0
4.815741,2700.00,2700.88,1,1,23,0,0.000,0
4.816111,2700.00,2699.97,1,1,24,0,0.000,0
4.816482,2700.00,2699.97,1,1,25,0,0.000,0
4.816852,2700.00,2699.97,1,1,26,0,0.000,0
4.817222,2700.00,2700.88,1,1,27,0,0.000,0
4.817593,2700.00,2698.15,1,1,28,0,0.000,0
4.817963,2700.00,2702.70,1,1,29,0,0.000,0
4.818334,2700.00,2699.06,1,1,30,0,0.000,0
4.818704,2700.00,2698.15,1,1,31,0,0.000,0
4.819074,2700.00,2699.97,1,1,32,0,0.000,0
4.819445,2700.00,2699.97,1,1,33,0,0.000,0
4.819815,2700.00,2699.06,1,1,34,0,0.000,0
4.820185,2700.00,2699.06,1,1,35,0,0.000,0
4.820556,2700.00,2701.79,1,1,36,0,0.000,0
4.820926,2700.00,2699.97,1,1,37,0,0.000,0
4.821297,2700.00,2699.97,1,1,38,0,0.000,0
4.821667,2700.00,2700.88,1,1,39,0,0.000,0
4.822037,2700.00,2699.06,1,1,40,0,0.000,0
4.822408,2700.00,2699.97,1,1,41,0,0.000,0
4.822778,2700.00,2701.79,1,1,42,0,0.000,0
4.823148,2700.00,2699.97,1,1,43,0,0.000,0
4.823519,2700.00,2699.97,1,1,44,0,0.000,0
4.823889,2700.00,2699.97,1,1,45,0,0.000,0
4.824259,2700.00,2699.97,1,1,46,0,0.000,0
4.824630,2700.00,2701.79,1,1,47,0,0.000,0
4.825000,2700.00,2700.88,1,1,48,0,0.000,0
4.825371,2700.00,2699.06,1,1,49,0,0.000,0
4.825741,2700.00,2699.97,1,1,50,0,0.000,0
4.826111,2700.00,2699.06,1,1,51,0,0.000,0
4.826482,2700.00,2698.15,1,1,52,0,0.000,0
4.826852,2700.00,2698.15,1,1,53,0,0.000,0
4.827222,2700.00,2699.97,1,1,54,0,0.000,0
4.827593,2700.00,2698.15,1,1,55,0,0.000,0
4.827963,2700.00,2700.88,1,1,56,0,0.000,0
4.828334,2700.00,2699.97,1,1,57,0,0.000,0
4.829445,2700.00,2699.06,1,1,0,1,0.000,0
4.829815,2700.00,2701.97,1,1,1,1,0.000,0
4.830185,2700.00,2700.51,1,1,2,1,0.000,0
4.830556,2700.00,2700.51,1,1,3,1,0.000,0
4.830926,2700.00,2700.51,1,1,4,1,0.000,0
4.831297,2700.00,2700.51,1,1,5,1,0.000,0
4.831667,2700.00,2699.78,1,1,6,1,0.000,0
4.832037,2700.00,2701.24,1,1,7,1,0.000,0
4.832408,2700.00,2700.88,1,1,8,1,0.000,0
4.832778,2700.00,2699.06,1,1,9,1,0.000,0
4.833148,2700.00,2699.06,1,1,10,1,0.000,0
4.833519,2700.00,2700.88,1,1,11,1,0.000,0
4.833889,2700.00,2699.97,1,1,12,1,0.000,0
4.834259,2700.00,2699.06,1,1,13,1,0.000,0
4.834630,2700.00,2698.15,1,1,14,1,0.000,0
4.835000,2700.00,2699.97,1,1,15,1,0.000,0
4.835371,2700.00,2699.97,1,1,16,1,0.000,0
4.835741,2700.00,2699.97,1,1,17,1,0.000,0
4.836111,2700.00,2700.88,1,1,18,1,0.000,0
4.836482,2700.00,2699.06,1,1,19,1,0.000,0
4.836852,2700.00,2699.06,1,1,20,1,0.000,0
4.837222,2700.00,2699.97,1,1,21,1,0.000,0
4.837593,2700.00,2699.97,1,1,22,1,0.000,0
4.837963,2700.00,2700.88,1,1,23,1,0.000,0
4.838334,2700.00,2699.97,1,1,24,1,0.000,0
4.838704,2700.00,2699.97,1,1,25,1,0.000,0
4.839074,2700.00,2700.88,1,1,26,1,0.000,0
4.839445,2700.00,2699.97,1,1,27,1,0.000,0
4.839815,2700.00,2700.88,1,1,28,1,0.000,0
4.840185,2700.00,2699.06,1,1,29,1,0.000,0
4.840556,2700.00,2700.88,1,1,30,1,0.000,0
4.840926,2700.00,2699.06,1,1,31,1,0.000,0
4.841297,2700.00,2699.97,1,1,32,1,0.000,0
4.841667,2700.00,2701.79,1,1,33,1,0.000,0
4.842037,2700.00,2699.97,1,1,34,1,0.000,0
4.842408,2700.00,2700.88,1,1,35,1,0.000,0
4.842778,2700.00,2699.06,1,1,36,1,0.000,0
4.843148,2700.00,2701.79,1,1,37,1,0.000,0
4.843519,2700.00,2699.06,1,1,38,1,0.000,0
4.843889,2700.00,2699.06,1,1,39,1,0.000,0
4.844259,2700.00,2700.88,1,1,40,1,0.000,0
4.844630,2700.00,2698.15,1,1,41,1,0.000,0
4.845000,2700.00,2699.97,1,1,42,1,0.000,0
4.845371,2700.00,2699.97,1,1,43,1,0.000,0
4.845741,2700.00,2700.88,1,1,44,1,0.000,0
4.846111,2700.00,2699.97,1,1,45,1,0.000,0
4.846482,2700.00,2700.88,1,1,46,1,0.000,0
4.846852,2700.00,2699.97,1,1,47,1,0.000,0
4.847222,2700.00,2699.97,1,1,48,1,0.000,0
4.847593,2700.00,2699.97,1,1,49,1,0.000,0
4.847963,2700.00,2699.06,1,1,50,1,0.000,0
4.848334,2700.00,2700.88,1,1,51,1,0.000,0
4.848704,2700.00,2700.88,1,1,52,1,0.000,0
4.849074,2700.00,2698.15,1,1,53,1,0.000,0
4.849445,2700.00,2699.06,1,1,54,1,0.000,0
4.849815,2700.00,2699.97,1,1,55,1,0.000,0
4.850185,2700.00,2699.06,1,1,56,1,0.000,0
4.850556,2700.00,2699.97,1,1,57,1,0.000,0
4.851667,2700.00,2701.24,1,1,0,0,0.000,0
4.852037,2700.00,2698.33,1,1,1,0,0.000,0
4.852408,2700.00,2699.78,1,1,2,0,0.000,0
4.852778,2700.00,2701.24,1,1,3,0,0.000,0
4.853148,2700.00,2701.97,1,1,4,0,0.000,0
4.853519,2700.00,2699.78,1,1,5,0,0.000,0
4.853889,2700.00,2699.78,1,1,6,0,0.000,0
4.854259,2700.00,2700.51,1,1,7,0,0.000,0
4.854630,2700.00,2699.06,1,1,8,0,0.000,0
4.855000,2700.00,2700.88,1,1,9,0,0.000,0
4.855371,2700.00,2699.97,1,1,10,0,0.000,0
4.855741,2700.00,2699.97,1,1,11,0,0.000,0
4.856111,2700.00,2699.97,1,1,12,0,0.000,0
4.856482,2700.00,2701.79,1,1,13,0,0.000,0
4.856852,2700.00,2699.97,1,1,14,0,0.000,0
4.857222,2700.00,2699.97,1,1,15,0,0.000,0
4.857593,2700.00,2700.88,1,1,16,0,0.000,0
4.857963,2700.00,2699.06,1,1,17,0,0.000,0
4.858334,2700.00,2699.97,1,1,18,0,0.000,0
4.858704,2700.00,2699.97,1,1,19,0,0.000,0
4.859074,2700.00,2698.15,1,1,20,0,0.000,0
4.859445,2700.00,2699.06,1,1,21,0,0.000,0
4.859815,2700.00,2699.97,1,1,22,0,0.000,0
4.860185,2700.00,2700.88,1,1,23,0,0.000,0
4.860556,2700.00,2699.97,1,1,24,0,0.000,0
4.860926,2700.00,2699.06,1,1,25,0,0.000,0
4.861297,2700.00,2700.88,1,1,26,0,0.000,0
4.861667,2700.00,2699.06,1,1,27,0,0.000,0
4.862037,2700.00,2700.88,1,1,28,0,0.000,0
4.862408,2700.00,2700.88,1,1,29,0,0.000,0
4.862778,2700.00,2700.88,1,1,30,0,0.000,0
4.863148,2700.00,2697.24,1,1,31,0,0.000,0
4.863519,2700.00,2699.06,1,1,32,0,0.000,0
4.863889,2700.00,2703.62,1,1,33,0,0.000,0
4.864259,2700.00,2699.06,1,1,34,0,0.000,0
4.864630,2700.00,2700.88,1,1,35,0,0.000,0
4.865000,2700.00,2699.97,1,1,36,0,0.000,0
4.865371,2700.00,2699.06,1,1,37,0,0.000,0
4.865741,2700.00,2699.97,1,1,38,0,0.000,0
4.866111,2700.00,2701.79,1,1,39,0,0.000,0
4.866482,2700.00,2699.97,1,1,40,0,0.000,0
4.866852,2700.00,2699.06,1,1,41,0,0.000,0
4.867222,2700.00,2699.06,1,1,42,0,0.000,0
4.867593,2700.00,2699.06,1,1,43,0,0.000,0
4.867963,2700.00,2699.97,1,1,44,0,0.000,0
4.868334,2700.00,2700.88,1,1,45,0,0.000,0
4.868704,2700.00,2699.06,1,1,46,0,0.000,0
4.869074,2700.00,2699.97,1,1,47,0,0.000,0
4.869445,2700.00,2700.88,1,1,48,0,0.000,0
4.869815,2700.00,2699.97,1,1,49,0,0.000,0
4.870185,2700.00,2700.88,1,1,50,0,0.000,0
4.870556,2700.00,2701.79,1,1,51,0,0.000,0
4.870926,2700.00,2699.97,1,1,52,0,0.000,0
4.871297,2700.00,2699.97,1,1,53,0,0.000,0
4.871667,2700.00,2699.97,1,1,54,0,0.000,0
4.872037,2700.00,2698.15,1,1,55,0,0.000,0
4.872408,2700.00,2699.97,1,1,56,0,0.000,0
4.872778,2700.00,2699.06,1,1,57,0,0.000,0
4.873889,2700.00,2699.78,1,1,0,1,0.000,0
4.874259,2700.00,2699.78,1,1,1,1,0.000,0
4.874630,2700.00,2699.78,1,1,2,1,0.000,0
4.875000,2700.00,2699.78,1,1,3,1,0.000,0
4.875371,2700.00,2699.78,1,1,4,1,0.000,0
4.875741,2700.00,2700.51,1,1,5,1,0.000,0
4.876111,2700.00,2699.06,1,1,6,1,0.000,0
4.876482,2700.00,2700.51,1,1,7,1,0.000,0
4.876852,2700.00,2699.97,1,1,8,1,0.000,0
4.877222,2700.00,2699.97,1,1,9,1,0.000,0
4.877593,2700.00,2699.97,1,1,10,1,0.000,0
4.877963,2700.00,2699.97,1,1,11,1,0.000,0
4.878334,2700.00,2699.97,1,1,12,1,0.000,0
4.878704,2700.00,2700.88,1,1,13,1,0.000,0
4.879074,2700.00,2699.97,1,1,14,1,0.000,0
4.879445,2700.00,2699.97,1,1,15,1,0.000,0
4.879815,2700.00,2699.06,1,1,16,1,0.000,0
4.880185,2700.00,2699.06,1,1,17,1,0.000,0
4.880556,2700.00,2701.79,1,1,18,1,0.000,0
4.880926,2700.00,2699.06,1,1,19,1,0.000,0
4.881297,2700.00,2699.06,1,1,20,1,0.000,0
4.881667,2700.00,2700.88,1,1,21,1,0.000,0
4.882037,2700.00,2700.88,1,1,22,1,0.000,0
4.882408,2700.00,2699.97,1,1,23,1,0.000,0
4.882778,2700.00,2700.88,1,1,24,1,0.000,0
4.883148,2700.00,2699.97,1,1,25,1,0.000,0
4.883519,2700.00,2698.15,1,1,26,1,0.000,0
4.883889,2700.00,2699.97,1,1,27,1,0.000,0
4.884259,2700.00,2699.97,1,1,28,1,0.000,0
4.884630,2700.00,2699.06,1,1,29,1,0.000,0
4.885000,2700.00,2699.97,1,1,30,1,0.000,0
4.885371,2700.00,2699.06,1,1,31,1,0.000,0
4.885741,2700.00,2699.06,1,1,32,1,0.000,0
4.886111,2700.00,2699.97,1,1,33,1,0.000,0
4.886482,2700.00,2699.97,1,1,34,1,0.000,0
4.886852,2700.00,2701.79,1,1,35,1,0.000,0
4.887222,2700.00,2700.88,1,1,36,1,0.000,0
4.887593,2700.00,2701.79,1,1,37,1,0.000,0
4.887963,2700.00,2699.97,1,1,38,1,0.000,0
4.888334,2700.00,2700.88,1,1,39,1,0.000,0
4.888704,2700.00,2701.79,1,1,40,1,0.000,0
4.889074,2700.00,2700.88,1,1,41,1,0.000,0
4.889445,2700.00,2700.88,1,1,42,1,0.000,0
4.889815,2700.00,2698.15,1,1,43,1,0.000,0
4.890185,2700.00,2700.88,1,1,44,1,0.000,0
4.890556,2700.00,2699.06,1,1,45,1,0.000,0
4.890926,2700.00,2699.97,1,1,46,1,0.000,0
4.891297,2700.00,2699.06,1,1,47,1,0.000,0
4.891667,2700.00,2697.24,1,1,48,1,0.000,0
4.892037,2700.00,2699.97,1,1,49,1,0.000,0
4.892408,2700.00,2699.06,1,1,50,1,0.000,0
4.892778,2700.00,2700.88,1,1,51,1,0.000,0
4.893148,2700.00,2699.06,1,1,52,1,0.000,0
4.893519,2700.00,2699.97,1,1,53,1,0.000,0
4.893889,2700.00,2699.97,1,1,54,1,0.000,0
4.894259,2700.00,2701.79,1,1,55,1,0.000,0
4.894630,2700.00,2701.79,1,1,56,1,0.000,0
4.895000,2700.00,2699.06,1,1,57,1,0.000,0
4.896111,2700.00,2699.06,1,1,0,0,0.000,0
4.896482,2700.00,2699.06,1,1,1,0,0.000,0
4.896852,2700.00,2701.24,1,1,2,0,0.000,0
4.897222,2700.00,2699.06,1,1,3,0,0.000,0
4.897593,2700.00,2700.51,1,1,4,0,0.000,0
4.897963,2700.00,2698.33,1,1,5,0,0.000,0
4.898334,2700.00,2699.06,1,1,6,0,0.000,0
4.898704,2700.00,2700.51,1,1,7,0,0.000,0
4.899074,2700.00,2701.79,1,1,8,0,0.000,0
4.899445,2700.00,2700.88,1,1,9,0,0.000,0
4.899815,2700.00,2699.06,1,1,10,0,0.000,0
4.900185,2700.00,2700.88,1,1,11,0,0.000,0
4.900556,2700.00,2699.97,1,1,12,0,0.000,0
4.900926,2700.00,2700.88,1,1,13,0,0.000,0
4.901297,2700.00,2700.88,1,1,14,0,0.000,0
4.901667,2700.00,2699.97,1,1,15,0,0.000,0
4.902037,2700.00,2699.97,1,1,16,0,0.000,0
4.902408,2700.00,2699.97,1,1,17,0,0.000,0
4.902778,2700.00,2699.06,1,1,18,0,0.000,0
4.903148,2700.00,2699.97,1,1,19,0,0.000,0
4.903519,2700.00,2699.06,1,1,20,0,0.000,0
4.903889,2700.00,2699.06,1,1,21,0,0.000,0
4.904259,2700.00,2699.06,1,1,22,0,0.000,0
4.904630,2700.00,2699.06,1,1,23,0,0.000,0
4.905000,2700.00,2698.15,1,1,24,0,0.000,0
4.905371,2700.00,2699.97,1,1,25,0,0.000,0
4.905741,2700.00,2699.97,1,1,26,0,0.000,0
4.906111,2700.00,2698.15,1,1,27,0,0.000,0
4.906482,2700.00,2700.88,1,1,28,0,0.000,0
4.906852,2700.00,2701.79,1,1,29,0,0.000,0
4.907222,2700.00,2700.88,1,1,30,0,0.000,0
4.907593,2700.00,2700.88,1,1,31,0,0.000,0
4.907963,2700.00,2701.79,1,1,32,0,0.000,0
4.908334,2700.00,2700.88,1,1,33,0,0.000,0
4.908704,2700.00,2701.79,1,1,34,0,0.000,0
4.909074,2700.00,2702.70,1,1,35,0,0.000,0
4.909445,2700.00,2698.15,1,1,36,0,0.000,0
4.909815,2700.00,2699.06,1,1,37,0,0.000,0
4.910185,2700.00,2699.97,1,1,38,0,0.000,0
4.910556,2700.00,2699.97,1,1,39,0,0.000,0
4.910926,2700.00,2699.97,1,1,40,0,0.000,0
4.911297,2700.00,2699.06,1,1,41,0,0.000,0
4.911667,2700.00,2699.06,1,1,42,0,0.000,0
4.912037,2700.00,2698.15,1,1,43,0,0.000,0
4.912408,2700.00,2702.70,1,1,44,0,0.000,0
4.912778,2700.00,2699.97,1,1,45,0,0.000,0
4.913148,2700.00,2700.88,1,1,46,0,0.000,0
4.913519,2700.00,2700.88,1,1,47,0,0.000,0
4.913889,2700.00,2699.97,1,1,48,0,0.000,0
4.914259,2700.00,2700.88,1,1,49,0,0.000,0
4.914630,2700.00,2699.97,1,1,50,0,0.000,0
4.915000,2700.00,2700.88,1,1,51,0,0.000,0
4.915371,2700.00,2697.24,1,1,52,0,0.000,0
4.915741,2700.00,2699.97,1,1,53,0,0.000,0
4.916111,2700.00,2699.97,1,1,54,0,0.000,0
4.916482,2700.00,2699.06,1,1,55,0,0.000,0
4.916852,2700.00,2699.97,1,1,56,0,0.000,0
4.917222,2700.00,2699.06,1,1,57,0,0.000,0
4.918334,2700.00,2699.78,1,1,0,1,0.000,0
4.918704,2700.00,2701.24,1,1,1,1,0.000,0
4.919074,2700.00,2701.24,1,1,2,1,0.000,0
4.919445,2700.00,2699.78,1,1,3,1,0.000,0
4.919815,2700.00,2699.06,1,1,4,1,0.000,0
4.920185,2700.00,2699.78,1,1,5,1,0.000,0
4.920556,2700.00,2699.78,1,1,6,1,0.000,0
4.920926,2700.00,2700.51,1,1,7,1,0.000,0
4.921297,2700.00,2699.06,1,1,8,1,0.000,0
4.921667,2700.00,2697.24,1,1,9,1,0.000,0
4.922037,2700.00,2699.97,1,1,10,1,0.000,0
4.922408,2700.00,2700.88,1,1,11,1,0.000,0
4.922778,2700.00,2701.79,1,1,12,1,0.000,0
4.923148,2700.00,2700.88,1,1,13,1,0.000,0
4.923519,2700.00,2699.06,1,1,14,1,0.000,0
4.923889,2700.00,2699.97,1,1,15,1,0.000,0
4.924259,2700.00,2702.70,1,1,16,1,0.000,0
4.924630,2700.00,2700.88,1,1,17,1,0.000,0
4.925000,2700.00,2699.97,1,1,18,1,0.000,0
4.925371,2700.00,2699.97,1,1,19,1,0.000,0
4.925741,2700.00,2698.15,1,1,20,1,0.000,0
4.926111,2700.00,2699.97,1,1,21,1,0.000,0
4.926482,2700.00,2700.88,1,1,22,1,0.000,0
4.926852,2700.00,2699.06,1,1,23,1,0.000,0
4.927222,2700.00,2698.15,1,1,24,1,0.000,0
4.927593,2700.00,2699.97,1,1,25,1,0.000,0
4.927963,2700.00,2700.88,1,1,26,1,0.000,0
4.928334,2700.00,2699.06,1,1,27,1,0.000,0
4.928704,2700.00,2700.88,1,1,28,1,0.000,0
4.929074,2700.00,2699.97,1,1,29,1,0.000,0
4.929445,2700.00,2699.97,1,1,30,1,0.000,0
4.929815,2700.00,2700.88,1,1,31,1,0.000,0
4.930185,2700.00,2701.79,1,1,32,1,0.000,0
4.930556,2700.00,2699.97,1,1,33,1,0.000,0
4.930926,2700.00,2699.06,1,1,34,1,0.000,0
4.931297,2700.00,2701.79,1,1,35,1,0.000,0
4.931667,2700.00,2699.97,1,1,36,1,0.000,0
4.932037,2700.00,2699.97,1,1,37,1,0.000,0
4.932408,2700.00,2700.88,1,1,38,1,0.000,0
4.932778,2700.00,2700.88,1,1,39,1,0.000,0
4.933148,2700.00,2698.15,1,1,40,1,0.000,0
4.933519,2700.00,2700.88,1,1,41,1,0.000,0
4.933889,2700.00,2699.06,1,1,42,1,0.000,0
4.934259,2700.00,2698.15,1,1,43,1,0.000,0
4.934630,2700.00,2699.97,1,1,44,1,0.000,0
4.935000,2700.00,2699.97,1,1,45,1,0.000,0
4.935371,2700.00,2699.97,1,1,46,1,0.000,0
4.935741,2700.00,2699.06,1,1,47,1,0.000,0
4.936111,2700.00,2699.97,1,1,48,1,0.000,0
4.936482,2700.00,2699.97,1,1,49,1,0.000,0
4.936852,2700.00,2699.97,1,1,50,1,0.000,0
4.937222,2700.00,2699.97,1,1,51,1,0.000,0
4.937593,2700.00,2700.88,1,1,52,1,0.000,0
4.937963,2700.00,2699.97,1,1,53,1,0.000,0
4.938334,2700.00,2700.88,1,1,54,1,0.000,0
4.938704,2700.00,2701.79,1,1,55,1,0.000,0
4.939074,2700.00,2700.88,1,1,56,1,0.000,0
4.939445,2700.00,2698.15,1,1,57,1,0.000,0
4.940556,2700.00,2700.51,1,1,0,0,0.000,0
4.940926,2700.00,2699.78,1,1,1,0,0.000,0
4.941297,2700.00,2699.06,1,1,2,0,0.000,0
4.941667,2700.00,2699.78,1,1,3,0,0.000,0
4.942037,2700.00,2698.33,1,1,4,0,0.000,0
4.942408,2700.00,2698.33,1,1,5,0,0.000,0
4.942778,2700.00,2699.78,1,1,6,0,0.000,0
4.943148,2700.00,2701.24,1,1,7,0,0.000,0
4.943519,2700.00,2700.88,1,1,8,0,0.000,0
4.943889,2700.00,2700.88,1,1,9,0,0.000,0
4.944259,2700.00,2700.88,1,1,10,0,0.000,0
4.944630,2700.00,2699.97,1,1,11,0,0.000,0
4.945000,2700.00,2700.88,1,1,12,0,0.000,0
4.945371,2700.00,2699.97,1,1,13,0,0.000,0
4.945741,2700.00,2699.06,1,1,14,0,0.000,0
4.946111,2700.00,2699.97,1,1,15,0,0.000,0
4.946482,2700.00,2699.06,1,1,16,0,0.000,0
4.946852,2700.00,2699.97,1,1,17,0,0.000,0
4.947222,2700.00,2699.06,1,1,18,0,0.000,0
4.947593,2700.00,2699.06,1,1,19,0,0.000,0
4.947963,2700.00,2699.97,1,1,20,0,0.000,0
4.948334,2700.00,2699.97,1,1,21,0,0.000,0
4.948704,2700.00,2700.88,1,1,22,0,0.000,0
4.949074,2700.00,2699.06,1,1,23,0,0.000,0
4.949445,2700.00,2700.88,1,1,24,0,0.000,0
4.949815,2700.00,2699.97,1,1,25,0,0.000,0
4.950185,2700.00,2700.88,1,1,26,0,0.000,0
4.950556,2700.00,2700.88,1,1,27,0,0.000,0
4.950926,2700.00,2699.97,1,1,28,0,0.000,0
4.951297,2700.00,2700.88,1,1,29,0,0.000,0
4.951667,2700.00,2700.88,1,1,30,0,0.000,0
4.952037,2700.00,2699.97,1,1,31,0,0.000,0
4.952408,2700.00,2699.97,1,1,32,0,0.000,0
4.952778,2700.00,2700.88,1,1,33,0,0.000,0
4.953148,2700.00,2699.97,1,1,34,0,0.000,0
4.953519,2700.00,2699.97,1,1,35,0,0.000,0
4.953889,2700.00,2699.97,1,1,36,0,0.000,0
4.954259,2700.00,2699.97,1,1,37,0,0.000,0
4.954630,2700.00,2699.06,1,1,38,0,0.000,0
4.955000,2700.00,2700.88,1,1,39,0,0.000,0
4.955371,2700.00,2698.15,1,1,40,0,0.000,0
4.955741,2700.00,2699.06,1,1,41,0,0.000,0
4.956111,2700.00,2698.15,1,1,42,0,0.000,0
4.956482,2700.00,2701.79,1,1,43,0,0.000,0
4.956852,2700.00,2699.97,1,1,44,0,0.000,0
4.957222,2700.00,2700.88,1,1,45,0,0.000,0
4.957593,2700.00,2699.06,1,1,46,0,0.000,0
4.957963,2700.00,2699.06,1,1,47,0,0.000,0
4.958334,2700.00,2700.88,1,1,48,0,0.000,0
4.958704,2700.00,2701.79,1,1,49,0,0.000,0
4.959074,2700.00,2701.79,1,1,50,0,0.000,0
4.959445,2700.00,2699.06,1,1,51,0,0.000,0
4.959815,2700.00,2699.97,1,1,52,0,0.000,0
4.960185,2700.00,2699.06,1,1,53,0,0.000,0
4.960556,2700.00,2701.79,1,1,54,0,0.000,0
4.960926,2700.00,2700.88,1,1,55,0,0.000,0
4.961297,2700.00,2702.70,1,1,56,0,0.000,0
4.961667,2700.00,2697.24,1,1,57,0,0.000,0
4.962778,2700.00,2699.06,1,1,0,1,0.000,0
4.963148,2700.00,2699.78,1,1,1,1,0.000,0
4.963519,2700.00,2699.78,1,1,2,1,0.000,0
4.963889,2700.00,2700.51,1,1,3,1,0.000,0
4.964259,2700.00,2699.06,1,1,4,1,0.000,0
4.964630,2700.00,2700.51,1,1,5,1,0.000,0
4.965000,2700.00,2698.33,1,1,6,1,0.000,0
4.965371,2700.00,2700.51,1,1,7,1,0.000,0
4.965741,2700.00,2700.88,1,1,8,1,0.000,0
4.966111,2700.00,2699.06,1,1,9,1,0.000,0
4.966482,2700.00,2699.06,1,1,10,1,0.000,0
4.966852,2700.00,2698.15,1,1,11,1,0.000,0
4.967222,2700.00,2699.97,1,1,12,1,0.000,0
4.967593,2700.00,2700.88,1,1,13,1,0.000,0
4.967963,2700.00,2699.06,1,1,14,1,0.000,0
4.968334,2700.00,2699.97,1,1,15,1,0.000,0
4.968704,2700.00,2699.97,1,1,16,1,0.000,0
4.969074,2700.00,2700.88,1,1,17,1,0.000,0
4.969445,2700.00,2700.88,1,1,18,1,0.000,0
4.969815,2700.00,2700.88,1,1,19,1,0.000,0
4.970185,2700.00,2699.06,1,1,20,1,0.000,0
4.970556,2700.00,2699.06,1,1,21,1,0.000,0
4.970926,2700.00,2700.88,1,1,22,1,0.000,0
4.971297,2700.00,2700.88,1,1,23,1,0.000,0
4.971667,2700.00,2699.06,1,1,24,1,0.000,0
4.972037,2700.00,2700.88,1,1,25,1,0.000,0
4.972408,2700.00,2699.97,1,1,26,1,0.000,0
4.972778,2700.00,2699.06,1,1,27,1,0.000,0
4.973148,2700.00,2701.79,1,1,28,1,0.000,0
4.973519,2700.00,2699.06,1,1,29,1,0.000,0
4.973889,2700.00,2699.97,1,1,30,1,0.000,0
4.974259,2700.00,2699.97,1,1,31,1,0.000,0
4.974630,2700.00,2699.97,1,1,32,1,0.000,0
4.975000,2700.00,2698.15,1,1,33,1,0.000,0
4.975371,2700.00,2700.88,1,1,34,1,0.000,0
4.975741,2700.00,2700.88,1,1,35,1,0.000,0
4.976111,2700.00,2699.06,1,1,36,1,0.000,0
4.976482,2700.00,2700.88,1,1,37,1,0.000,0
4.976852,2700.00,2700.88,1,1,38,1,0.000,0
4.977222,2700.00,2699.97,1,1,39,1,0.000,0
4.977593,2700.00,2699.97,1,1,40,1,0.000,0
4.977963,2700.00,2699.97,1,1,41,1,0.000,0
4.978334,2700.00,2698.15,1,1,42,1,0.000,0
4.978704,2700.00,2699.97,1,1,43,1,0.000,0
4.979074,2700.00,2699.97,1,1,44,1,0.000,0
4.979445,2700.00,2699.97,1,1,45,1,0.000,0
4.979815,2700.00,2699.97,1,1,46,1,0.000,0
4.980185,2700.00,2699.06,1,1,47,1,0.000,0
4.980556,2700.00,2701.79,1,1,48,1,0.000,0
4.980926,2700.00,2700.88,1,1,49,1,0.000,0
4.981297,2700.00,2699.97,1,1,50,1,0.000,0
4.981667,2700.00,2700.88,1,1,51,1,0.000,0
4.982037,2700.00,2700.88,1,1,52,1,0.000,0
4.982408,2700.00,2698.15,1,1,53,1,0.000,0
4.982778,2700.00,2699.97,1,1,54,1,0.000,0
4.983148,2700.00,2699.97,1,1,55,1,0.000,0
4.983519,2700.00,2699.06,1,1,56,1,0.000,0
4.983889,2700.00,2699.06,1,1,57,1,0.000,0
4.985000,2700.00,2701.24,1,1,0,0,0.000,0
4.985371,2700.00,2699.06,1,1,1,0,0.000,0
4.985741,2700.00,2699.06,1,1,2,0,0.000,0
4.986111,2700.00,2701.24,1,1,3,0,0.000,0
4.986482,2700.00,2699.78,1,1,4,0,0.000,0
4.986852,2700.00,2700.51,1,1,5,0,0.000,0
4.987222,2700.00,2701.24,1,1,6,0,0.000,0
4.987593,2700.00,2700.51,1,1,7,0,0.000,0
4.987963,2700.00,2699.97,1,1,8,0,0.000,0
4.988334,2700.00,2700.88,1,1,9,0,0.000,0
4.988704,2700.00,2699.97,1,1,10,0,0.000,0
4.989074,2700.00,2698.15,1,1,11,0,0.000,0
4.989445,2700.00,2699.97,1,1,12,0,0.000,0
4.989815,2700.00,2699.97,1,1,13,0,0.000,0
4.990185,2700.00,2698.15,1,1,14,0,0.000,0
4.990556,2700.00,2699.97,1,1,15,0,0.000,0
4.990926,2700.00,2699.97,1,1,16,0,0.000,0
4.991297,2700.00,2700.88,1,1,17,0,0.000,0
4.991667,2700.00,2702.70,1,1,18,0,0.000,0
4.992037,2700.00,2700.88,1,1,19,0,0.000,0
4.992408,2700.00,2700.88,1,1,20,0,0.000,0
4.992778,2700.00,2699.06,1,1,21,0,0.000,0
4.993148,2700.00,2700.88,1,1,22,0,0.000,0
4.993519,2700.00,2699.06,1,1,23,0,0.000,0
4.993889,2700.00,2699.06,1,1,24,0,0.000,0
4.994259,2700.00,2699.97,1,1,25,0,0.000,0
4.994630,2700.00,2698.15,1,1,26,0,0.000,0
4.995000,2700.00,2700.88,1,1,27,0,0.000,0
4.995371,2700.00,2698.15,1,1,28,0,0.000,0
4.995741,2700.00,2699.97,1,1,29,0,0.000,0
4.996111,2700.00,2700.88,1,1,30,0,0.000,0
4.996482,2700.00,2700.88,1,1,31,0,0.000,0
4.996852,2700.00,2700.88,1,1,32,0,0.000,0
4.997222,2700.00,2699.06,1,1,33,0,0.000,0
4.997593,2700.00,2699.97,1,1,34,0,0.000,0
4.997963,2700.00,2699.97,1,1,35,0,0.000,0
4.998334,2700.00,2699.97,1,1,36,0,0.000,0
4.998704,2700.00,2699.97,1,1,37,0,0.000,0
4.999074,2700.00,2699.06,1,1,38,0,0.000,0
4.999445,2700.00,2700.88,1,1,39,0,0.000,0
4.999815,2700.00,2699.97,1,1,40,0,0.000,0
