t_s,rpm_true,rpm_est,state,outputs_enabled,tooth_idx,phase,angle_err_deg,spurious
0.002500,200.00,0.00,0,0,0,0,0.000,0
0.007500,200.00,0.00,0,0,0,0,0.000,0
0.012500,200.00,0.00,0,0,0,0,0.000,0
0.017500,200.00,0.00,0,0,0,0,0.000,0
0.022500,200.00,200.05,0,0,0,0,0.000,0
0.027500,200.00,200.06,0,0,0,0,0.000,0
0.032500,200.00,200.09,0,0,0,0,0.000,0
0.037500,200.00,200.07,0,0,0,0,0.000,0
0.042500,200.00,200.19,0,0,0,0,0.000,0
0.047500,200.00,199.98,0,0,0,0,0.000,0
0.052500,200.00,200.06,0,0,0,0,0.000,0
0.057500,200.00,200.09,0,0,0,0,0.000,0
0.062500,200.00,200.05,0,0,0,0,0.000,0
0.067500,200.00,199.99,0,0,0,0,0.000,0
0.072500,200.00,200.03,0,0,0,0,0.000,0
0.077500,200.00,200.01,0,0,0,0,0.000,0
0.082500,200.00,199.88,0,0,0,0,0.000,0
0.087500,200.00,200.04,0,0,0,0,0.000,0
0.092500,200.00,200.02,0,0,0,0,0.000,0
0.097500,200.00,199.92,0,0,0,0,0.000,0
0.102500,200.00,199.99,0,0,0,0,0.000,0
0.107500,200.00,199.98,0,0,0,0,0.000,0
0.112500,200.00,199.92,0,0,0,0,0.000,0
0.117500,200.00,199.96,0,0,0,0,0.000,0
0.122500,200.00,200.00,0,0,0,0,0.000,0
0.127500,200.00,200.01,0,0,0,0,0.000,0
0.132500,200.00,199.99,0,0,0,0,0.000,0
0.137500,200.00,200.04,0,0,0,0,0.000,0
0.142500,200.00,199.94,0,0,0,0,0.000,0
0.147500,200.00,200.05,0,0,0,0,0.000,0
0.152500,200.00,199.97,0,0,0,0,0.000,0
0.157500,200.00,200.03,0,0,0,0,0.000,0
0.162500,200.00,200.01,0,0,0,0,0.000,0
0.167500,200.00,200.13,0,0,0,0,0.000,0
0.172500,200.00,200.01,0,0,0,0,0.000,0
0.177500,200.00,199.98,0,0,0,0,0.000,0
0.182500,200.00,199.99,0,0,0,0,0.000,0
0.197500,200.00,200.06,0,0,0,1,0.000,0
0.202500,200.00,200.00,0,0,1,1,0.000,0
0.207500,200.00,199.99,0,0,2,1,0.000,0
0.212500,200.00,199.97,0,0,3,1,0.000,0
0.217500,200.00,199.99,0,0,4,1,0.000,0
0.222500,200.00,199.89,0,0,5,1,0.000,0
0.227500,200.00,200.01,0,0,6,1,0.000,0
0.232500,200.00,199.97,0,0,7,1,0.000,0
0.237500,200.00,199.95,0,0,8,1,0.000,0
0.242500,200.00,200.05,0,0,9,1,0.000,0
0.247500,200.00,199.92,0,0,10,1,0.000,0
0.252500,200.00,199.95,0,0,11,1,0.000,0
0.257500,200.00,199.98,0,0,12,1,0.000,0
0.262500,200.00,200.04,0,0,13,1,0.000,0
0.267500,200.00,200.10,0,0,14,1,0.000,0
0.272500,200.00,200.10,0,0,15,1,0.000,0
0.277500,200.00,199.96,0,0,16,1,0.000,0
0.282500,200.00,199.93,0,0,17,1,0.000,0
0.287500,200.00,200.05,0,0,18,1,0.000,0
0.292500,200.00,200.07,0,0,19,1,0.000,0
0.297500,200.00,199.99,0,0,20,1,0.000,0
0.302500,200.00,200.12,0,0,21,1,0.000,0
0.307500,200.00,199.91,0,0,22,1,0.000,0
0.312500,200.00,199.97,0,0,23,1,0.000,0
0.317500,200.00,199.99,0,0,24,1,0.000,0
0.322500,200.00,200.08,0,0,25,1,0.000,0
0.327500,200.00,200.03,0,0,26,1,0.000,0
0.332500,200.00,199.98,0,0,27,1,0.000,0
0.337500,200.00,200.01,0,0,28,1,0.000,0
0.342500,200.00,199.88,0,0,29,1,0.000,0
0.347500,200.00,200.05,0,0,30,1,0.000,0
0.352500,200.00,200.00,0,0,31,1,0.000,0
0.357500,200.00,199.97,0,0,32,1,0.000,0
0.362500,200.00,199.93,0,0,33,1,0.000,0
0.367500,200.00,200.04,0,0,34,1,0.000,0
0.372500,200.00,199.99,0,0,35,1,0.000,0
0.377500,200.00,200.03,0,0,36,1,0.000,0
0.382500,200.00,200.14,0,0,37,1,0.000,0
0.387500,200.00,199.88,0,0,38,1,0.000,0
0.392500,200.00,200.07,0,0,39,1,0.000,0
0.397500,200.00,200.11,0,0,40,1,0.000,0
0.402500,200.00,200.08,0,0,41,1,0.000,0
0.407500,200.00,199.96,0,0,42,1,0.000,0
0.412500,200.00,200.10,0,0,43,1,0.000,0
0.417500,200.00,199.90,0,0,44,1,0.000,0
0.422500,200.00,199.95,0,0,45,1,0.000,0
0.427500,200.00,200.07,0,0,46,1,0.000,0
0.432500,200.00,199.94,0,0,47,1,0.000,0
0.437500,200.00,199.90,0,0,48,1,0.000,0
0.442500,200.00,199.96,0,0,49,1,0.000,0
0.447500,200.00,199.93,0,0,50,1,0.000,0
0.452500,200.00,199.95,0,0,51,1,0.000,0
0.457500,200.00,200.06,0,0,52,1,0.000,0
0.462500,200.00,199.99,0,0,53,1,0.000,0
0.467500,200.00,199.96,0,0,54,1,0.000,0
0.472500,200.00,199.97,0,0,55,1,0.000,0
0.477500,200.00,200.08,0,0,56,1,0.000,0
0.482500,200.00,200.14,0,0,57,1,0.000,0
0.497500,200.00,200.08,1,1,0,0,0.000,0
0.502500,200.00,199.96,1,1,1,0,0.000,0
0.507500,200.00,200.01,1,1,2,0,0.000,0
0.512500,200.00,200.02,1,1,3,0,0.000,0
0.517500,200.00,200.10,1,1,4,0,0.000,0
0.522500,200.00,200.00,1,1,5,0,0.000,0
0.527500,200.00,199.88,1,1,6,0,0.000,0
0.532500,200.00,199.96,1,1,7,0,0.000,0
0.537500,200.00,199.90,1,1,8,0,0.000,0
0.542500,200.00,200.01,1,1,9,0,0.000,0
0.547500,200.00,199.92,1,1,10,0,0.000,0
0.552500,200.00,199.96,1,1,11,0,0.000,0
0.557500,200.00,199.88,1,1,12,0,0.000,0
0.562500,200.00,200.08,1,1,13,0,0.000,0
0.567500,200.00,200.13,1,1,14,0,0.000,0
0.572500,200.00,199.93,1,1,15,0,0.000,0
0.577500,200.00,200.14,1,1,16,0,0.000,0
0.582500,200.00,200.03,1,1,17,0,0.000,0
0.587500,200.00,200.09,1,1,18,0,0.000,0
0.592500,200.00,200.10,1,1,19,0,0.000,0
0.597500,200.00,200.07,1,1,20,0,0.000,0
0.602500,200.00,199.94,1,1,21,0,0.000,0
0.607500,200.00,199.95,1,1,22,0,0.000,0
0.612500,200.00,200.05,1,1,23,0,0.000,0
0.617500,200.00,199.88,1,1,24,0,0.000,0
0.622500,200.00,199.96,1,1,25,0,0.000,0
0.627500,200.00,199.94,1,1,26,0,0.000,0
0.632500,200.00,199.93,1,1,27,0,0.000,0
0.637500,200.00,199.93,1,1,28,0,0.000,0
0.642500,200.00,200.09,1,1,29,0,0.000,0
0.647500,200.00,199.97,1,1,30,0,0.000,0
0.652500,200.00,199.96,1,1,31,0,0.000,0
0.657500,200.00,200.07,1,1,32,0,0.000,0
0.662500,200.00,200.01,1,1,33,0,0.000,0
0.667500,200.00,200.03,1,1,34,0,0.000,0
0.672500,200.00,200.03,1,1,35,0,0.000,0
0.677500,200.00,200.04,1,1,36,0,0.000,0
0.682500,200.00,199.99,1,1,37,0,0.000,0
0.687500,200.00,200.08,1,1,38,0,0.000,0
0.692500,200.00,199.96,1,1,39,0,0.000,0
0.697500,200.00,199.96,1,1,40,0,0.000,0
0.702500,200.00,199.91,1,1,41,0,0.000,0
0.707500,200.00,199.96,1,1,42,0,0.000,0
0.712500,200.00,199.98,1,1,43,0,0.000,0
0.717500,200.00,200.01,1,1,44,0,0.000,0
0.722500,200.00,199.97,1,1,45,0,0.000,0
0.727500,200.00,199.97,1,1,46,0,0.000,0
0.732500,200.00,200.13,1,1,47,0,0.000,0
0.737500,200.00,199.96,1,1,48,0,0.000,0
0.742500,200.00,200.10,1,1,49,0,0.000,0
0.747500,200.00,200.10,1,1,50,0,0.000,0
0.752500,200.00,199.95,1,1,51,0,0.000,0
0.757500,200.00,200.03,1,1,52,0,0.000,0
0.762500,200.00,199.91,1,1,53,0,0.000,0
0.767500,200.00,199.88,1,1,54,0,0.000,0
0.772500,200.00,200.02,1,1,55,0,0.000,0
0.777500,200.00,200.08,1,1,56,0,0.000,0
0.782500,200.00,200.07,1,1,57,0,0.000,0
0.797500,200.00,199.95,1,1,0,1,0.000,0
0.802500,200.00,200.01,1,1,1,1,0.000,0
0.807500,200.00,199.94,1,1,2,1,0.000,0
0.812500,200.00,200.06,1,1,3,1,0.000,0
0.817500,200.00,200.04,1,1,4,1,0.000,0
0.822500,200.00,199.89,1,1,5,1,0.000,0
0.827500,200.00,200.05,1,1,6,1,0.000,0
0.832500,200.00,199.90,1,1,7,1,0.000,0
0.837500,200.00,200.06,1,1,8,1,0.000,0
0.842500,200.00,200.03,1,1,9,1,0.000,0
0.847500,200.00,199.99,1,1,10,1,0.000,0
0.852500,200.00,199.99,1,1,11,1,0.000,0
0.857500,200.00,200.15,1,1,12,1,0.000,0
0.862500,200.00,200.08,1,1,13,1,0.000,0
0.867500,200.00,199.90,1,1,14,1,0.000,0
0.872500,200.00,200.01,1,1,15,1,0.000,0
0.877500,200.00,199.90,1,1,16,1,0.000,0
0.882500,200.00,199.98,1,1,17,1,0.000,0
0.887500,200.00,200.06,1,1,18,1,0.000,0
0.892500,200.00,199.97,1,1,19,1,0.000,0
0.897500,200.00,199.91,1,1,20,1,0.000,0
0.902500,200.00,199.96,1,1,21,1,0.000,0
0.907500,200.00,200.09,1,1,22,1,0.000,0
0.912500,200.00,200.02,1,1,23,1,0.000,0
0.917500,200.00,200.03,1,1,24,1,0.000,0
0.922500,200.00,200.08,1,1,25,1,0.000,0
0.927500,200.00,199.96,1,1,26,1,0.000,0
0.932500,200.00,199.98,1,1,27,1,0.000,0
0.937500,200.00,199.99,1,1,28,1,0.000,0
0.942500,200.00,200.05,1,1,29,1,0.000,0
0.947500,200.00,200.01,1,1,30,1,0.000,0
0.952500,200.00,200.10,1,1,31,1,0.000,0
0.957500,200.00,199.99,1,1,32,1,0.000,0
0.962500,200.00,199.92,1,1,33,1,0.000,0
0.967500,200.00,200.06,1,1,34,1,0.000,0
0.972500,200.00,199.93,1,1,35,1,0.000,0
0.977500,200.00,200.06,1,1,36,1,0.000,0
0.982500,200.00,200.04,1,1,37,1,0.000,0
0.987500,200.00,199.97,1,1,38,1,0.000,0
0.992500,200.00,199.87,1,1,39,1,0.000,0
0.997500,200.00,200.03,1,1,40,1,0.000,0
1.002491,201.49,200.15,1,1,41,1,0.000,0
1.007417,204.45,200.36,1,1,42,1,0.000,0
1.012274,207.36,201.34,1,1,43,1,0.000,0
1.017063,210.24,202.12,1,1,44,1,0.000,0
1.021788,213.07,203.50,1,1,45,1,0.000,0
1.026451,215.87,205.39,1,1,46,1,0.000,0
1.031054,218.63,207.51,1,1,47,1,0.000,0
1.035599,221.36,209.96,1,1,48,1,0.000,0
1.040089,224.05,212.80,1,1,49,1,0.000,0
1.044526,226.72,215.62,1,1,50,1,0.000,0
1.048912,229.35,218.25,1,1,51,1,0.000,0
1.053247,231.95,221.17,1,1,52,1,0.000,0
1.057535,234.52,223.91,1,1,53,1,0.000,0
1.061776,237.06,226.35,1,1,54,1,0.000,0
1.065972,239.58,229.04,1,1,55,1,0.000,0
1.070124,242.07,231.68,1,1,56,1,0.000,0
1.074234,244.54,234.16,1,1,57,1,0.000,0
1.086323,251.79,239.21,1,1,0,0,0.000,0
1.090276,254.16,241.68,1,1,1,0,0.000,0
1.094192,256.51,244.19,1,1,2,0,0.000,0
1.098073,258.84,246.67,1,1,3,0,0.000,0
1.101919,261.15,249.17,1,1,4,0,0.000,0
1.105731,263.44,251.64,1,1,5,0,0.000,0
1.109511,265.71,253.94,1,1,6,0,0.000,0
1.113259,267.95,256.24,1,1,7,0,0.000,0
1.116975,270.19,261.11,1,1,8,0,0.000,0
1.120661,272.40,263.37,1,1,9,0,0.000,0
1.124318,274.59,265.69,1,1,10,0,0.000,0
1.127945,276.77,267.69,1,1,11,0,0.000,0
1.131544,278.93,270.16,1,1,12,0,0.000,0
1.135116,281.07,272.18,1,1,13,0,0.000,0
1.138660,283.20,274.54,1,1,14,0,0.000,0
1.142178,285.31,276.75,1,1,15,0,0.000,0
1.145670,287.40,278.82,1,1,16,0,0.000,0
1.149137,289.48,280.88,1,1,17,0,0.000,0
1.152579,291.55,283.05,1,1,18,0,0.000,0
1.155997,293.60,285.27,1,1,19,0,0.000,0
1.159392,295.63,287.27,1,1,20,0,0.000,0
1.162763,297.66,289.54,1,1,21,0,0.000,0
1.166111,299.67,291.36,1,1,22,0,0.000,0
1.169437,301.66,293.55,1,1,23,0,0.000,0
1.172741,303.64,295.50,1,1,24,0,0.000,0
1.176024,305.61,297.79,1,1,25,0,0.000,0
1.179285,307.57,299.39,1,1,26,0,0.000,0
1.182526,309.52,301.60,1,1,27,0,0.000,0
1.185747,311.45,303.49,1,1,28,0,0.000,0
1.188948,313.37,305.39,1,1,29,0,0.000,0
1.192130,315.28,307.44,1,1,30,0,0.000,0
1.195292,317.17,309.21,1,1,31,0,0.000,0
1.198435,319.06,311.33,1,1,32,0,0.000,0
1.201560,320.94,313.17,1,1,33,0,0.000,0
1.204667,322.80,315.33,1,1,34,0,0.000,0
1.207756,324.65,317.07,1,1,35,0,0.000,0
1.210828,326.50,318.88,1,1,36,0,0.000,0
1.213882,328.33,320.81,1,1,37,0,0.000,0
1.216919,330.15,322.74,1,1,38,0,0.000,0
1.219940,331.96,324.58,1,1,39,0,0.000,0
1.222944,333.77,326.38,1,1,40,0,0.000,0
1.225932,335.56,328.23,1,1,41,0,0.000,0
1.228904,337.34,329.95,1,1,42,0,0.000,0
1.231861,339.12,331.69,1,1,43,0,0.000,0
1.234802,340.88,333.67,1,1,44,0,0.000,0
1.237728,342.64,335.67,1,1,45,0,0.000,0
1.240639,344.38,337.34,1,1,46,0,0.000,0
1.243536,346.12,339.11,1,1,47,0,0.000,0
1.246418,347.85,340.96,1,1,48,0,0.000,0
1.249285,349.57,342.61,1,1,49,0,0.000,0
1.252139,351.28,344.47,1,1,50,0,0.000,0
1.254979,352.99,346.20,1,1,51,0,0.000,0
1.257805,354.68,347.83,1,1,52,0,0.000,0
1.260618,356.37,349.34,1,1,53,0,0.000,0
1.263417,358.05,351.22,1,1,54,0,0.000,0
1.266204,359.72,352.97,1,1,55,0,0.000,0
1.268977,361.39,354.45,1,1,56,0,0.000,0
1.271738,363.04,356.25,1,1,57,0,0.000,0
1.279946,367.97,359.51,1,1,0,1,0.000,0
1.282658,369.59,361.47,1,1,1,1,0.000,0
1.285357,371.21,362.96,1,1,2,1,0.000,0
1.288045,372.83,364.70,1,1,3,1,0.000,0
1.290722,374.43,366.15,1,1,4,1,0.000,0
1.293387,376.03,368.03,1,1,5,1,0.000,0
1.296040,377.62,369.47,1,1,6,1,0.000,0
1.298683,379.21,371.06,1,1,7,1,0.000,0
1.301315,380.79,374.43,1,1,8,1,0.000,0
1.303935,382.36,375.78,1,1,9,1,0.000,0
1.306545,383.93,377.57,1,1,10,1,0.000,0
1.309145,385.49,378.93,1,1,11,1,0.000,0
1.311734,387.04,380.77,1,1,12,1,0.000,0
1.314312,388.59,381.97,1,1,13,1,0.000,0
1.316881,390.13,383.90,1,1,14,1,0.000,0
1.319439,391.66,385.52,1,1,15,1,0.000,0
1.321987,393.19,387.02,1,1,16,1,0.000,0
1.324525,394.71,388.56,1,1,17,1,0.000,0
1.327054,396.23,389.98,1,1,18,1,0.000,0
1.329573,397.74,391.70,1,1,19,1,0.000,0
1.332082,399.25,393.18,1,1,20,1,0.000,0
1.334582,400.75,394.79,1,1,21,1,0.000,0
1.337073,402.24,396.43,1,1,22,1,0.000,0
1.339555,403.73,397.48,1,1,23,1,0.000,0
1.342027,405.22,399.10,1,1,24,1,0.000,0
1.344490,406.69,400.82,1,1,25,1,0.000,0
1.346945,408.17,402.23,1,1,26,1,0.000,0
1.349390,409.63,403.88,1,1,27,1,0.000,0
1.351827,411.10,405.17,1,1,28,1,0.000,0
1.354255,412.55,406.75,1,1,29,1,0.000,0
1.356675,414.00,407.83,1,1,30,1,0.000,0
1.359086,415.45,409.82,1,1,31,1,0.000,0
1.361489,416.89,411.27,1,1,32,1,0.000,0
1.363884,418.33,412.41,1,1,33,1,0.000,0
1.366270,419.76,413.97,1,1,34,1,0.000,0
1.368648,421.19,415.28,1,1,35,1,0.000,0
1.371018,422.61,416.88,1,1,36,1,0.000,0
1.373381,424.03,418.13,1,1,37,1,0.000,0
1.375735,425.44,419.95,1,1,38,1,0.000,0
1.378082,426.85,421.01,1,1,39,1,0.000,0
1.380421,428.25,422.54,1,1,40,1,0.000,0
1.382752,429.65,423.77,1,1,41,1,0.000,0
1.385076,431.04,425.46,1,1,42,1,0.000,0
1.387392,432.43,426.80,1,1,43,1,0.000,0
1.389701,433.82,428.24,1,1,44,1,0.000,0
1.392002,435.20,429.71,1,1,45,1,0.000,0
1.394296,436.58,431.10,1,1,46,1,0.000,0
1.396583,437.95,432.48,1,1,47,1,0.000,0
1.398863,439.32,433.60,1,1,48,1,0.000,0
1.401136,440.68,435.47,1,1,49,1,0.000,0
1.403401,442.04,436.49,1,1,50,1,0.000,0
1.405660,443.40,438.00,1,1,51,1,0.000,0
1.407912,444.75,439.34,1,1,52,1,0.000,0
1.410157,446.09,440.55,1,1,53,1,0.000,0
1.412396,447.44,441.65,1,1,54,1,0.000,0
1.414627,448.78,443.39,1,1,55,1,0.000,0
1.416852,450.11,444.89,1,1,56,1,0.000,0
1.419071,451.44,445.91,1,1,57,1,0.000,0
1.425687,455.41,448.75,1,1,0,0,0.000,0
1.427879,456.73,449.90,1,1,1,0,0.000,0
1.430066,458.04,451.22,1,1,2,0,0.000,0
1.432246,459.35,452.98,1,1,3,0,0.000,0
1.434420,460.65,454.34,1,1,4,0,0.000,0
1.436588,461.95,455.33,1,1,5,0,0.000,0
1.438749,463.25,456.62,1,1,6,0,0.000,0
1.440905,464.54,458.04,1,1,7,0,0.000,0
1.443055,465.83,460.86,1,1,8,0,0.000,0
1.445198,467.12,462.00,1,1,9,0,0.000,0
1.447336,468.40,463.28,1,1,10,0,0.000,0
1.449468,469.68,464.25,1,1,11,0,0.000,0
1.451594,470.96,465.50,1,1,12,0,0.000,0
1.453715,472.23,467.10,1,1,13,0,0.000,0
1.455830,473.50,468.22,1,1,14,0,0.000,0
1.457939,474.76,469.51,1,1,15,0,0.000,0
1.460042,476.03,470.73,1,1,16,0,0.000,0
1.462140,477.28,472.20,1,1,17,0,0.000,0
1.464233,478.54,473.29,1,1,18,0,0.000,0
1.466320,479.79,474.78,1,1,19,0,0.000,0
1.468401,481.04,476.22,1,1,20,0,0.000,0
1.470477,482.29,477.36,1,1,21,0,0.000,0
1.472548,483.53,478.53,1,1,22,0,0.000,0
1.474614,484.77,479.93,1,1,23,0,0.000,0
1.476674,486.00,481.06,1,1,24,0,0.000,0
1.478729,487.24,482.22,1,1,25,0,0.000,0
1.480779,488.47,483.56,1,1,26,0,0.000,0
1.482823,489.69,484.61,1,1,27,0,0.000,0
1.484863,490.92,486.03,1,1,28,0,0.000,0
1.486897,492.14,487.18,1,1,29,0,0.000,0
1.488927,493.36,488.52,1,1,30,0,0.000,0
1.490951,494.57,489.69,1,1,31,0,0.000,0
1.492971,495.78,490.74,1,1,32,0,0.000,0
1.494985,496.99,492.04,1,1,33,0,0.000,0
1.496995,498.20,493.55,1,1,34,0,0.000,0
1.499000,499.40,494.62,1,1,35,0,0.000,0
1.501000,500.60,495.72,1,1,36,0,0.000,0
1.502995,501.80,496.96,1,1,37,0,0.000,0
1.504985,502.99,498.26,1,1,38,0,0.000,0
1.506971,504.18,499.31,1,1,39,0,0.000,0
1.508952,505.37,500.75,1,1,40,0,0.000,0
1.510929,506.56,502.04,1,1,41,0,0.000,0
1.512900,507.74,502.95,1,1,42,0,0.000,0
1.514868,508.92,504.10,1,1,43,0,0.000,0
1.516830,510.10,504.92,1,1,44,0,0.000,0
1.518789,511.27,506.43,1,1,45,0,0.000,0
1.520742,512.45,507.71,1,1,46,0,0.000,0
1.522691,513.61,508.84,1,1,47,0,0.000,0
1.524636,514.78,509.98,1,1,48,0,0.000,0
1.526577,515.95,511.08,1,1,49,0,0.000,0
1.528513,517.11,512.36,1,1,50,0,0.000,0
1.530444,518.27,513.48,1,1,51,0,0.000,0
1.532372,519.42,515.03,1,1,52,0,0.000,0
1.534295,520.58,515.96,1,1,53,0,0.000,0
1.536213,521.73,517.16,1,1,54,0,0.000,0
1.538128,522.88,518.44,1,1,55,0,0.000,0
1.540038,524.02,519.65,1,1,56,0,0.000,0
1.541945,525.17,520.77,1,1,57,0,0.000,0
1.547639,528.58,522.79,1,1,0,1,0.000,0
1.549528,529.72,524.30,1,1,1,1,0.000,0
1.551414,530.85,525.15,1,1,2,1,0.000,0
1.553296,531.98,526.43,1,1,3,1,0.000,0
1.555174,533.10,527.29,1,1,4,1,0.000,0
1.557048,534.23,528.51,1,1,5,1,0.000,0
1.558918,535.35,529.49,1,1,6,1,0.000,0
1.560784,536.47,530.50,1,1,7,1,0.000,0
1.562646,537.59,533.12,1,1,8,1,0.000,0
1.564504,538.70,533.83,1,1,9,1,0.000,0
1.566358,539.81,535.30,1,1,10,1,0.000,0
1.568209,540.92,536.48,1,1,11,1,0.000,0
1.570056,542.03,537.71,1,1,12,1,0.000,0
1.571899,543.14,538.54,1,1,13,1,0.000,0
1.573738,544.24,539.85,1,1,14,1,0.000,0
1.575574,545.34,541.24,1,1,15,1,0.000,0
1.577405,546.44,542.12,1,1,16,1,0.000,0
1.579234,547.54,543.29,1,1,17,1,0.000,0
1.581058,548.63,544.03,1,1,18,1,0.000,0
1.582879,549.73,545.37,1,1,19,1,0.000,0
1.584696,550.82,546.63,1,1,20,1,0.000,0
1.586510,551.91,547.53,1,1,21,1,0.000,0
1.588320,552.99,548.58,1,1,22,1,0.000,0
1.590127,554.08,549.71,1,1,23,1,0.000,0
1.591930,555.16,550.81,1,1,24,1,0.000,0
1.593729,556.24,551.88,1,1,25,1,0.000,0
1.595525,557.31,553.06,1,1,26,1,0.000,0
1.597318,558.39,553.82,1,1,27,1,0.000,0
1.599107,559.46,554.86,1,1,28,1,0.000,0
1.600893,560.54,556.02,1,1,29,1,0.000,0
1.602675,561.60,557.26,1,1,30,1,0.000,0
1.604454,562.67,558.39,1,1,31,1,0.000,0
1.606230,563.74,559.24,1,1,32,1,0.000,0
1.608002,564.80,560.66,1,1,33,1,0.000,0
1.609771,565.86,561.84,1,1,34,1,0.000,0
1.611536,566.92,562.71,1,1,35,1,0.000,0
1.613298,567.98,563.70,1,1,36,1,0.000,0
1.615057,569.03,565.09,1,1,37,1,0.000,0
1.616813,570.09,565.93,1,1,38,1,0.000,0
1.618566,571.14,566.85,1,1,39,1,0.000,0
1.620315,572.19,568.26,1,1,40,1,0.000,0
1.622061,573.24,568.71,1,1,41,1,0.000,0
1.623804,574.28,569.88,1,1,42,1,0.000,0
1.625544,575.33,571.18,1,1,43,1,0.000,0
1.627280,576.37,572.08,1,1,44,1,0.000,0
1.629014,577.41,572.98,1,1,45,1,0.000,0
1.630744,578.45,574.26,1,1,46,1,0.000,0
1.632471,579.48,575.33,1,1,47,1,0.000,0
1.634195,580.52,576.37,1,1,48,1,0.000,0
1.635916,581.55,577.45,1,1,49,1,0.000,0
1.637634,582.58,578.41,1,1,50,1,0.000,0
1.639349,583.61,579.37,1,1,51,1,0.000,0
1.641061,584.64,580.68,1,1,52,1,0.000,0
1.642770,585.66,581.61,1,1,53,1,0.000,0
1.644476,586.69,582.71,1,1,54,1,0.000,0
1.646179,587.71,583.43,1,1,55,1,0.000,0
1.647879,588.73,584.37,1,1,56,1,0.000,0
1.649577,589.75,585.87,1,1,57,1,0.000,0
1.654650,592.79,587.75,1,1,0,0,0.000,0
1.656336,593.80,588.55,1,1,1,0,0.000,0
1.658018,594.81,589.87,1,1,2,0,0.000,0
1.659698,595.82,590.91,1,1,3,0,0.000,0
1.661375,596.82,591.82,1,1,4,0,0.000,0
1.663049,597.83,592.70,1,1,5,0,0.000,0
1.664721,598.83,593.89,1,1,6,0,0.000,0
1.666389,599.83,594.53,1,1,7,0,0.000,0
1.668055,600.83,596.88,1,1,8,0,0.000,0
1.669718,601.83,597.91,1,1,9,0,0.000,0
1.671378,602.83,598.35,1,1,10,0,0.000,0
1.673036,603.82,599.75,1,1,11,0,0.000,0
1.674690,604.81,600.42,1,1,12,0,0.000,0
1.676342,605.81,602.05,1,1,13,0,0.000,0
1.677992,606.79,602.55,1,1,14,0,0.000,0
1.679638,607.78,603.82,1,1,15,0,0.000,0
1.681282,608.77,604.78,1,1,16,0,0.000,0
1.682924,609.75,605.97,1,1,17,0,0.000,0
1.684562,610.74,606.84,1,1,18,0,0.000,0
1.686198,611.72,607.44,1,1,19,0,0.000,0
1.687832,612.70,608.78,1,1,20,0,0.000,0
1.689463,613.68,609.85,1,1,21,0,0.000,0
1.691091,614.65,611.15,1,1,22,0,0.000,0
1.692717,615.63,611.81,1,1,23,0,0.000,0
1.694340,616.60,612.56,1,1,24,0,0.000,0
1.695960,617.58,613.73,1,1,25,0,0.000,0
1.697578,618.55,614.63,1,1,26,0,0.000,0
1.699194,619.52,615.67,1,1,27,0,0.000,0
1.700806,620.48,616.95,1,1,28,0,0.000,0
1.702417,621.45,617.28,1,1,29,0,0.000,0
1.704025,622.41,618.43,1,1,30,0,0.000,0
1.705630,623.38,619.43,1,1,31,0,0.000,0
1.707233,624.34,620.78,1,1,32,0,0.000,0
1.708834,625.30,621.31,1,1,33,0,0.000,0
1.710432,626.26,622.52,1,1,34,0,0.000,0
1.712027,627.22,623.54,1,1,35,0,0.000,0
1.713620,628.17,623.98,1,1,36,0,0.000,0
1.715211,629.13,625.20,1,1,37,0,0.000,0
1.716799,630.08,626.22,1,1,38,0,0.000,0
1.718385,631.03,627.30,1,1,39,0,0.000,0
1.719969,631.98,627.99,1,1,40,0,0.000,0
1.721550,632.93,629.08,1,1,41,0,0.000,0
1.723129,633.88,630.27,1,1,42,0,0.000,0
1.724705,634.82,631.01,1,1,43,0,0.000,0
1.726279,635.77,632.01,1,1,44,0,0.000,0
1.727851,636.71,633.16,1,1,45,0,0.000,0
1.729420,637.65,633.76,1,1,46,0,0.000,0
1.730987,638.59,635.07,1,1,47,0,0.000,0
1.732552,639.53,635.78,1,1,48,0,0.000,0
1.734115,640.47,636.49,1,1,49,0,0.000,0
1.735675,641.40,637.55,1,1,50,0,0.000,0
1.737233,642.34,638.57,1,1,51,0,0.000,0
1.738788,643.27,639.85,1,1,52,0,0.000,0
1.740342,644.20,640.67,1,1,53,0,0.000,0
1.741893,645.14,641.33,1,1,54,0,0.000,0
1.743442,646.07,641.90,1,1,55,0,0.000,0
1.744989,646.99,642.98,1,1,56,0,0.000,0
1.746533,647.92,644.38,1,1,57,0,0.000,0
1.751154,650.69,645.91,1,1,0,1,0.000,0
1.752689,651.61,646.75,1,1,1,1,0.000,0
1.754223,652.53,647.67,1,1,2,1,0.000,0
1.755754,653.45,648.63,1,1,3,1,0.000,0
1.757284,654.37,649.81,1,1,4,1,0.000,0
1.758811,655.29,651.00,1,1,5,1,0.000,0
1.760336,656.20,651.93,1,1,6,1,0.000,0
1.761859,657.11,652.53,1,1,7,1,0.000,0
1.763379,658.03,654.34,1,1,8,1,0.000,0
1.764898,658.94,655.63,1,1,9,1,0.000,0
1.766414,659.85,656.28,1,1,10,1,0.000,0
1.767929,660.76,657.25,1,1,11,1,0.000,0
1.769441,661.66,658.00,1,1,12,1,0.000,0
1.770952,662.57,658.65,1,1,13,1,0.000,0
1.772460,663.48,660.01,1,1,14,1,0.000,0
1.773966,664.38,661.05,1,1,15,1,0.000,0
1.775470,665.28,661.87,1,1,16,1,0.000,0
1.776972,666.18,662.53,1,1,17,1,0.000,0
1.778472,667.08,663.57,1,1,18,1,0.000,0
1.779970,667.98,664.07,1,1,19,1,0.000,0
1.781466,668.88,665.06,1,1,20,1,0.000,0
1.782960,669.78,666.33,1,1,21,1,0.000,0
1.784453,670.67,666.56,1,1,22,1,0.000,0
1.785943,671.57,667.50,1,1,23,1,0.000,0
1.787431,672.46,668.73,1,1,24,1,0.000,0
1.788917,673.35,669.90,1,1,25,1,0.000,0
1.790401,674.24,670.47,1,1,26,1,0.000,0
1.791883,675.13,671.48,1,1,27,1,0.000,0
1.793363,676.02,672.44,1,1,28,1,0.000,0
1.794842,676.90,673.68,1,1,29,1,0.000,0
1.796318,677.79,674.76,1,1,30,1,0.000,0
1.797792,678.68,675.16,1,1,31,1,0.000,0
1.799265,679.56,675.85,1,1,32,1,0.000,0
1.800735,680.44,676.82,1,1,33,1,0.000,0
1.802204,681.32,677.74,1,1,34,1,0.000,0
1.803671,682.20,678.94,1,1,35,1,0.000,0
1.805136,683.08,679.52,1,1,36,1,0.000,0
1.806599,683.96,680.39,1,1,37,1,0.000,0
1.808060,684.84,681.08,1,1,38,1,0.000,0
1.809519,685.71,682.19,1,1,39,1,0.000,0
1.810977,686.59,683.29,1,1,40,1,0.000,0
1.812432,687.46,683.53,1,1,41,1,0.000,0
1.813886,688.33,684.99,1,1,42,1,0.000,0
1.815338,689.20,685.93,1,1,43,1,0.000,0
1.816788,690.07,686.75,1,1,44,1,0.000,0
1.818236,690.94,687.17,1,1,45,1,0.000,0
1.819682,691.81,688.23,1,1,46,1,0.000,0
1.821127,692.68,689.48,1,1,47,1,0.000,0
1.822570,693.54,689.83,1,1,48,1,0.000,0
1.824011,694.41,691.32,1,1,49,1,0.000,0
1.825450,695.27,691.86,1,1,50,1,0.000,0
1.826887,696.13,692.34,1,1,51,1,0.000,0
1.828323,696.99,693.90,1,1,52,1,0.000,0
1.829757,697.85,694.32,1,1,53,1,0.000,0
1.831189,698.71,695.17,1,1,54,1,0.000,0
1.832619,699.57,696.02,1,1,55,1,0.000,0
1.834048,700.43,697.11,1,1,56,1,0.000,0
1.835475,701.28,697.71,1,1,57,1,0.000,0
1.839745,703.85,699.55,1,1,0,0,0.000,0
1.841165,704.70,700.33,1,1,1,0,0.000,0
1.842583,705.55,700.97,1,1,2,0,0.000,0
1.843999,706.40,702.35,1,1,3,0,0.000,0
1.845414,707.25,703.04,1,1,4,0,0.000,0
1.846827,708.10,704.08,1,1,5,0,0.000,0
1.848238,708.94,704.57,1,1,6,0,0.000,0
1.849648,709.79,705.52,1,1,7,0,0.000,0
1.851056,710.63,706.90,1,1,8,0,0.000,0
1.852463,711.48,708.28,1,1,9,0,0.000,0
1.853867,712.32,708.78,1,1,10,0,0.000,0
1.855270,713.16,709.53,1,1,11,0,0.000,0
1.856672,714.00,710.61,1,1,12,0,0.000,0
1.858071,714.84,711.36,1,1,13,0,0.000,0
1.859470,715.68,712.57,1,1,14,0,0.000,0
1.860866,716.52,713.65,1,1,15,0,0.000,0
1.862261,717.36,714.35,1,1,16,0,0.000,0
1.863654,718.19,714.80,1,1,17,0,0.000,0
1.865046,719.03,715.88,1,1,18,0,0.000,0
1.866436,719.86,716.40,1,1,19,0,0.000,0
1.867824,720.69,717.10,1,1,20,0,0.000,0
1.869211,721.53,718.13,1,1,21,0,0.000,0
1.870596,722.36,719.17,1,1,22,0,0.000,0
1.871979,723.19,719.62,1,1,23,0,0.000,0
1.873361,724.02,720.66,1,1,24,0,0.000,0
1.874742,724.84,721.24,1,1,25,0,0.000,0
1.876121,725.67,722.35,1,1,26,0,0.000,0
1.877498,726.50,723.13,1,1,27,0,0.000,0
1.878873,727.32,724.38,1,1,28,0,0.000,0
1.880248,728.15,725.10,1,1,29,0,0.000,0
1.881620,728.97,725.43,1,1,30,0,0.000,0
1.882991,729.79,726.28,1,1,31,0,0.000,0
1.884361,730.62,727.01,1,1,32,0,0.000,0
1.885729,731.44,728.66,1,1,33,0,0.000,0
1.887095,732.26,728.60,1,1,34,0,0.000,0
1.888460,733.08,729.79,1,1,35,0,0.000,0
1.889823,733.89,730.53,1,1,36,0,0.000,0
1.891185,734.71,730.99,1,1,37,0,0.000,0
1.892545,735.53,732.60,1,1,38,0,0.000,0
1.893904,736.34,733.41,1,1,39,0,0.000,0
1.895262,737.16,734.01,1,1,40,0,0.000,0
1.896617,737.97,734.42,1,1,41,0,0.000,0
1.897972,738.78,735.97,1,1,42,0,0.000,0
1.899325,739.59,736.58,1,1,43,0,0.000,0
1.900676,740.40,736.99,1,1,44,0,0.000,0
1.902026,741.21,738.08,1,1,45,0,0.000,0
1.903374,742.02,738.28,1,1,46,0,0.000,0
1.904721,742.83,739.23,1,1,47,0,0.000,0
1.906067,743.64,740.54,1,1,48,0,0.000,0
1.907411,744.45,741.43,1,1,49,0,0.000,0
1.908753,745.25,741.70,1,1,50,0,0.000,0
1.910094,746.06,742.80,1,1,51,0,0.000,0
1.911434,746.86,743.15,1,1,52,0,0.000,0
1.912772,747.66,744.60,1,1,53,0,0.000,0
1.914109,748.46,745.78,1,1,54,0,0.000,0
1.915444,749.27,745.99,1,1,55,0,0.000,0
1.916778,750.07,746.83,1,1,56,0,0.000,0
1.918111,750.87,747.17,1,1,57,0,0.000,0
1.922100,753.26,749.79,1,1,0,1,0.000,0
1.923427,754.06,750.02,1,1,1,1,0.000,0
1.924752,754.85,751.26,1,1,2,1,0.000,0
1.926076,755.65,751.54,1,1,3,1,0.000,0
1.927399,756.44,752.33,1,1,4,1,0.000,0
1.928720,757.23,753.75,1,1,5,1,0.000,0
1.930040,758.02,754.15,1,1,6,1,0.000,0
1.931358,758.81,754.89,1,1,7,1,0.000,0
1.932676,759.60,756.07,1,1,8,1,0.000,0
1.933991,760.39,757.43,1,1,9,1,0.000,0
1.935306,761.18,758.08,1,1,10,1,0.000,0
1.936619,761.97,759.01,1,1,11,1,0.000,0
1.937931,762.76,759.30,1,1,12,1,0.000,0
1.939241,763.54,759.95,1,1,13,1,0.000,0
1.940550,764.33,761.04,1,1,14,1,0.000,0
1.941858,765.11,762.27,1,1,15,1,0.000,0
1.943164,765.90,762.78,1,1,16,1,0.000,0
1.944469,766.68,763.43,1,1,17,1,0.000,0
1.945773,767.46,764.38,1,1,18,1,0.000,0
1.947075,768.24,764.31,1,1,19,1,0.000,0
1.948376,769.02,765.62,1,1,20,1,0.000,0
1.949676,769.80,766.87,1,1,21,1,0.000,0
1.950974,770.58,767.39,1,1,22,1,0.000,0
1.952271,771.36,768.27,1,1,23,1,0.000,0
1.953567,772.14,768.79,1,1,24,1,0.000,0
1.954861,772.92,769.75,1,1,25,1,0.000,0
1.956154,773.69,770.56,1,1,26,1,0.000,0
1.957446,774.47,771.90,1,1,27,1,0.000,0
1.958737,775.24,772.20,1,1,28,1,0.000,0
1.960026,776.02,772.80,1,1,29,1,0.000,0
1.961314,776.79,773.62,1,1,30,1,0.000,0
1.962601,777.56,774.29,1,1,31,1,0.000,0
1.963886,778.33,775.27,1,1,32,1,0.000,0
1.965170,779.10,775.95,1,1,33,1,0.000,0
1.966453,779.87,776.77,1,1,34,1,0.000,0
1.967735,780.64,777.76,1,1,35,1,0.000,0
1.969015,781.41,778.89,1,1,36,1,0.000,0
1.970294,782.18,779.20,1,1,37,1,0.000,0
1.971572,782.94,780.34,1,1,38,1,0.000,0
1.972849,783.71,780.64,1,1,39,1,0.000,0
1.974124,784.47,781.63,1,1,40,1,0.000,0
1.975398,785.24,782.09,1,1,41,1,0.000,0
1.976671,786.00,782.78,1,1,42,1,0.000,0
1.977943,786.77,783.39,1,1,43,1,0.000,0
1.979213,787.53,784.01,1,1,44,1,0.000,0
1.980483,788.29,784.85,1,1,45,1,0.000,0
1.981750,789.05,785.70,1,1,46,1,0.000,0
1.983017,789.81,786.94,1,1,47,1,0.000,0
1.984283,790.57,787.79,1,1,48,1,0.000,0
1.985547,791.33,788.26,1,1,49,1,0.000,0
1.986810,792.09,789.34,1,1,50,1,0.000,0
1.988072,792.84,789.73,1,1,51,1,0.000,0
1.989333,793.60,790.90,1,1,52,1,0.000,0
1.990592,794.36,791.77,1,1,53,1,0.000,0
1.991850,795.11,792.08,1,1,54,1,0.000,0
1.993108,795.86,792.86,1,1,55,1,0.000,0
1.994363,796.62,792.86,1,1,56,1,0.000,0
1.995618,797.37,794.04,1,1,57,1,0.000,0
1.999375,799.62,795.48,1,1,0,0,0.000,0
2.000625,800.00,796.69,1,1,1,0,0.000,0
2.001875,800.00,797.19,1,1,2,0,0.000,0
2.003125,800.00,797.83,1,1,3,0,0.000,0
2.004375,800.00,798.40,1,1,4,0,0.000,0
2.005625,800.00,799.04,1,1,5,0,0.000,0
2.006875,800.00,800.00,1,1,6,0,0.000,0
2.008125,800.00,799.87,1,1,7,0,0.000,0
2.009375,800.00,800.56,1,1,8,0,0.000,0
2.010625,800.00,799.92,1,1,9,0,0.000,0
2.011875,800.00,799.92,1,1,10,0,0.000,0
2.013125,800.00,799.76,1,1,11,0,0.000,0
2.014375,800.00,799.84,1,1,12,0,0.000,0
2.015625,800.00,799.84,1,1,13,0,0.000,0
2.016875,800.00,799.36,1,1,14,0,0.000,0
2.018125,800.00,800.00,1,1,15,0,0.000,0
2.019375,800.00,799.36,1,1,16,0,0.000,0
2.020625,800.00,800.48,1,1,17,0,0.000,0
2.021875,800.00,800.24,1,1,18,0,0.000,0
2.023125,800.00,800.00,1,1,19,0,0.000,0
2.024375,800.00,800.16,1,1,20,0,0.000,0
2.025625,800.00,799.76,1,1,21,0,0.000,0
2.026875,800.00,799.52,1,1,22,0,0.000,0
2.028125,800.00,800.24,1,1,23,0,0.000,0
2.029375,800.00,800.32,1,1,24,0,0.000,0
2.030625,800.00,799.60,1,1,25,0,0.000,0
2.031875,800.00,799.76,1,1,26,0,0.000,0
2.033125,800.00,800.32,1,1,27,0,0.000,0
2.034375,800.00,800.32,1,1,28,0,0.000,0
2.035625,800.00,800.00,1,1,29,0,0.000,0
2.036875,800.00,800.56,1,1,30,0,0.000,0
2.038125,800.00,800.00,1,1,31,0,0.000,0
2.039375,800.00,799.76,1,1,32,0,0.000,0
2.040625,800.00,800.00,1,1,33,0,0.000,0
2.041875,800.00,800.24,1,1,34,0,0.000,0
2.043125,800.00,799.28,1,1,35,0,0.000,0
2.044375,800.00,799.68,1,1,36,0,0.000,0
2.045625,800.00,799.92,1,1,37,0,0.000,0
2.046875,800.00,799.92,1,1,38,0,0.000,0
2.048125,800.00,799.68,1,1,39,0,0.000,0
2.049375,800.00,800.08,1,1,40,0,0.000,0
2.050625,800.00,800.24,1,1,41,0,0.000,0
2.051875,800.00,799.92,1,1,42,0,0.000,0
2.053125,800.00,800.48,1,1,43,0,0.000,0
2.054375,800.00,800.16,1,1,44,0,0.000,0
2.055625,800.00,800.16,1,1,45,0,0.000,0
2.056875,800.00,799.92,1,1,46,0,0.000,0
2.058125,800.00,800.32,1,1,47,0,0.000,0
2.059375,800.00,800.24,1,1,48,0,0.000,0
2.060625,800.00,799.44,1,1,49,0,0.000,0
2.061875,800.00,799.68,1,1,50,0,0.000,0
2.063125,800.00,799.76,1,1,51,0,0.000,0
2.064375,800.00,799.84,1,1,52,0,0.000,0
2.065625,800.00,800.00,1,1,53,0,0.000,0
2.066875,800.00,800.16,1,1,54,0,0.000,0
2.068125,800.00,800.00,1,1,55,0,0.000,0
2.069375,800.00,799.92,1,1,56,0,0.000,0
2.070625,800.00,799.92,1,1,57,0,0.000,0
2.074375,800.00,800.32,1,1,0,1,0.000,0
2.075625,800.00,800.06,1,1,1,1,0.000,0
2.076875,800.00,800.19,1,1,2,1,0.000,0
2.078125,800.00,800.13,1,1,3,1,0.000,0
2.079375,800.00,799.94,1,1,4,1,0.000,0
2.080625,800.00,799.68,1,1,5,1,0.000,0
2.081875,800.00,799.94,1,1,6,1,0.000,0
2.083125,800.00,800.38,1,1,7,1,0.000,0
2.084375,800.00,799.76,1,1,8,1,0.000,0
2.085625,800.00,799.92,1,1,9,1,0.000,0
2.086875,800.00,799.76,1,1,10,1,0.000,0
2.088125,800.00,799.52,1,1,11,1,0.000,0
2.089375,800.00,800.00,1,1,12,1,0.000,0
2.090625,800.00,800.24,1,1,13,1,0.000,0
2.091875,800.00,800.08,1,1,14,1,0.000,0
2.093125,800.00,800.00,1,1,15,1,0.000,0
2.094375,800.00,800.16,1,1,16,1,0.000,0
2.095625,800.00,800.16,1,1,17,1,0.000,0
2.096875,800.00,799.92,1,1,18,1,0.000,0
2.098125,800.00,800.32,1,1,19,1,0.000,0
2.099375,800.00,799.84,1,1,20,1,0.000,0
2.100625,800.00,799.68,1,1,21,1,0.000,0
2.101875,800.00,800.08,1,1,22,1,0.000,0
2.103125,800.00,799.84,1,1,23,1,0.000,0
2.104375,800.00,799.76,1,1,24,1,0.000,0
2.105625,800.00,799.68,1,1,25,1,0.000,0
2.106875,800.00,800.40,1,1,26,1,0.000,0
2.108125,800.00,800.08,1,1,27,1,0.000,0
2.109375,800.00,800.24,1,1,28,1,0.000,0
2.110625,800.00,800.24,1,1,29,1,0.000,0
2.111875,800.00,800.00,1,1,30,1,0.000,0
2.113125,800.00,800.32,1,1,31,1,0.000,0
2.114375,800.00,799.92,1,1,32,1,0.000,0
2.115625,800.00,800.56,1,1,33,1,0.000,0
2.116875,800.00,799.68,1,1,34,1,0.000,0
2.118125,800.00,799.84,1,1,35,1,0.000,0
2.119375,800.00,799.92,1,1,36,1,0.000,0
2.120625,800.00,800.24,1,1,37,1,0.000,0
2.121875,800.00,799.92,1,1,38,1,0.000,0
2.123125,800.00,799.60,1,1,39,1,0.000,0
2.124375,800.00,800.08,1,1,40,1,0.000,0
2.125625,800.00,800.00,1,1,41,1,0.000,0
2.126875,800.00,800.00,1,1,42,1,0.000,0
2.128125,800.00,800.56,1,1,43,1,0.000,0
2.129375,800.00,800.00,1,1,44,1,0.000,0
2.130625,800.00,800.00,1,1,45,1,0.000,0
2.131875,800.00,800.24,1,1,46,1,0.000,0
2.133125,800.00,800.64,1,1,47,1,0.000,0
2.134375,800.00,800.16,1,1,48,1,0.000,0
2.135625,800.00,799.60,1,1,49,1,0.000,0
2.136875,800.00,800.16,1,1,50,1,0.000,0
2.138125,800.00,799.44,1,1,51,1,0.000,0
2.139375,800.00,799.84,1,1,52,1,0.000,0
2.140625,800.00,800.00,1,1,53,1,0.000,0
2.141875,800.00,799.84,1,1,54,1,0.000,0
2.143125,800.00,799.68,1,1,55,1,0.000,0
2.144375,800.00,800.08,1,1,56,1,0.000,0
2.145625,800.00,800.08,1,1,57,1,0.000,0
2.149375,800.00,799.81,1,1,0,0,0.000,0
2.150625,800.00,799.94,1,1,1,0,0.000,0
2.151875,800.00,800.32,1,1,2,0,0.000,0
2.153125,800.00,799.81,1,1,3,0,0.000,0
2.154375,800.00,800.13,1,1,4,0,0.000,0
2.155625,800.00,799.94,1,1,5,0,0.000,0
2.156875,800.00,800.19,1,1,6,0,0.000,0
2.158125,800.00,800.26,1,1,7,0,0.000,0
2.159375,800.00,800.24,1,1,8,0,0.000,0
2.160625,800.00,800.40,1,1,9,0,0.000,0
2.161875,800.00,800.24,1,1,10,0,0.000,0
2.163125,800.00,800.00,1,1,11,0,0.000,0
2.164375,800.00,800.16,1,1,12,0,0.000,0
2.165625,800.00,800.16,1,1,13,0,0.000,0
2.166875,800.00,799.52,1,1,14,0,0.000,0
2.168125,800.00,799.76,1,1,15,0,0.000,0
2.169375,800.00,799.84,1,1,16,0,0.000,0
2.170625,800.00,800.08,1,1,17,0,0.000,0
2.171875,800.00,799.20,1,1,18,0,0.000,0
2.173125,800.00,799.84,1,1,19,0,0.000,0
2.174375,800.00,799.76,1,1,20,0,0.000,0
2.175625,800.00,799.84,1,1,21,0,0.000,0
2.176875,800.00,799.92,1,1,22,0,0.000,0
2.178125,800.00,800.16,1,1,23,0,0.000,0
2.179375,800.00,799.92,1,1,24,0,0.000,0
2.180625,800.00,799.84,1,1,25,0,0.000,0
2.181875,800.00,800.24,1,1,26,0,0.000,0
2.183125,800.00,800.08,1,1,27,0,0.000,0
2.184375,800.00,800.08,1,1,28,0,0.000,0
2.185625,800.00,800.32,1,1,29,0,0.000,0
2.186875,800.00,800.08,1,1,30,0,0.000,0
2.188125,800.00,799.92,1,1,31,0,0.000,0
2.189375,800.00,799.84,1,1,32,0,0.000,0
2.190625,800.00,799.84,1,1,33,0,0.000,0
2.191875,800.00,800.08,1,1,34,0,0.000,0
2.193125,800.00,800.32,1,1,35,0,0.000,0
2.194375,800.00,799.68,1,1,36,0,0.000,0
2.195625,800.00,799.76,1,1,37,0,0.000,0
2.196875,800.00,800.24,1,1,38,0,0.000,0
2.198125,800.00,800.16,1,1,39,0,0.000,0
2.199375,800.00,799.84,1,1,40,0,0.000,0
2.200625,800.00,799.92,1,1,41,0,0.000,0
2.201875,800.00,800.08,1,1,42,0,0.000,0
2.203125,800.00,799.60,1,1,43,0,0.000,0
2.204375,800.00,800.24,1,1,44,0,0.000,0
2.205625,800.00,799.84,1,1,45,0,0.000,0
2.206875,800.00,799.84,1,1,46,0,0.000,0
2.208125,800.00,800.00,1,1,47,0,0.000,0
2.209375,800.00,800.40,1,1,48,0,0.000,0
2.210625,800.00,800.32,1,1,49,0,0.000,0
2.211875,800.00,800.32,1,1,50,0,0.000,0
2.213125,800.00,800.24,1,1,51,0,0.000,0
2.214375,800.00,799.76,1,1,52,0,0.000,0
2.215625,800.00,799.92,1,1,53,0,0.000,0
2.216875,800.00,800.08,1,1,54,0,0.000,0
2.218125,800.00,799.76,1,1,55,0,0.000,0
2.219375,800.00,799.84,1,1,56,0,0.000,0
2.220625,800.00,799.92,1,1,57,0,0.000,0
2.224375,800.00,800.00,1,1,0,1,0.000,0
2.225625,800.00,799.74,1,1,1,1,0.000,0
2.226875,800.00,800.26,1,1,2,1,0.000,0
2.228125,800.00,800.26,1,1,3,1,0.000,0
2.229375,800.00,800.00,1,1,4,1,0.000,0
2.230625,800.00,800.06,1,1,5,1,0.000,0
2.231875,800.00,800.19,1,1,6,1,0.000,0
2.233125,800.00,799.87,1,1,7,1,0.000,0
2.234375,800.00,799.60,1,1,8,1,0.000,0
2.235625,800.00,800.40,1,1,9,1,0.000,0
2.236875,800.00,799.68,1,1,10,1,0.000,0
2.238125,800.00,800.00,1,1,11,1,0.000,0
2.239375,800.00,800.00,1,1,12,1,0.000,0
2.240625,800.00,799.92,1,1,13,1,0.000,0
2.241875,800.00,799.76,1,1,14,1,0.000,0
2.243125,800.00,800.00,1,1,15,1,0.000,0
2.244375,800.00,799.84,1,1,16,1,0.000,0
2.245625,800.00,799.84,1,1,17,1,0.000,0
2.246875,800.00,799.84,1,1,18,1,0.000,0
2.248125,800.00,799.44,1,1,19,1,0.000,0
2.249375,800.00,800.16,1,1,20,1,0.000,0
2.250625,800.00,800.00,1,1,21,1,0.000,0
2.251875,800.00,799.92,1,1,22,1,0.000,0
2.253125,800.00,800.08,1,1,23,1,0.000,0
2.254375,800.00,799.84,1,1,24,1,0.000,0
2.255625,800.00,800.16,1,1,25,1,0.000,0
2.256875,800.00,800.56,1,1,26,1,0.000,0
2.258125,800.00,800.32,1,1,27,1,0.000,0
2.259375,800.00,799.68,1,1,28,1,0.000,0
2.260625,800.00,800.00,1,1,29,1,0.000,0
2.261875,800.00,800.16,1,1,30,1,0.000,0
2.263125,800.00,799.84,1,1,31,1,0.000,0
2.264375,800.00,800.56,1,1,32,1,0.000,0
2.265625,800.00,800.00,1,1,33,1,0.000,0
2.266875,800.00,799.76,1,1,34,1,0.000,0
2.268125,800.00,800.32,1,1,35,1,0.000,0
2.269375,800.00,800.08,1,1,36,1,0.000,0
2.270625,800.00,800.40,1,1,37,1,0.000,0
2.271875,800.00,799.84,1,1,38,1,0.000,0
2.273125,800.00,800.08,1,1,39,1,0.000,0
2.274375,800.00,799.68,1,1,40,1,0.000,0
2.275625,800.00,799.84,1,1,41,1,0.000,0
2.276875,800.00,799.84,1,1,42,1,0.000,0
2.278125,800.00,799.44,1,1,43,1,0.000,0
2.279375,800.00,799.92,1,1,44,1,0.000,0
2.280625,800.00,799.76,1,1,45,1,0.000,0
2.281875,800.00,800.16,1,1,46,1,0.000,0
2.283125,800.00,800.08,1,1,47,1,0.000,0
2.284375,800.00,799.76,1,1,48,1,0.000,0
2.285625,800.00,800.00,1,1,49,1,0.000,0
2.286875,800.00,800.48,1,1,50,1,0.000,0
2.288125,800.00,800.16,1,1,51,1,0.000,0
2.289375,800.00,800.16,1,1,52,1,0.000,0
2.290625,800.00,800.00,1,1,53,1,0.000,0
2.291875,800.00,799.76,1,1,54,1,0.000,0
2.293125,800.00,799.76,1,1,55,1,0.000,0
2.294375,800.00,800.32,1,1,56,1,0.000,0
2.295625,800.00,800.24,1,1,57,1,0.000,0
2.299375,800.00,799.81,1,1,0,0,0.000,0
2.300625,800.00,800.13,1,1,1,0,0.000,0
2.301875,800.00,799.68,1,1,2,0,0.000,0
2.303125,800.00,799.74,1,1,3,0,0.000,0
2.304375,800.00,800.13,1,1,4,0,0.000,0
2.305625,800.00,800.06,1,1,5,0,0.000,0
2.306875,800.00,799.74,1,1,6,0,0.000,0
2.308125,800.00,799.81,1,1,7,0,0.000,0
2.309375,800.00,799.92,1,1,8,0,0.000,0
2.310625,800.00,799.92,1,1,9,0,0.000,0
2.311875,800.00,800.32,1,1,10,0,0.000,0
2.313125,800.00,799.60,1,1,11,0,0.000,0
2.314375,800.00,800.16,1,1,12,0,0.000,0
2.315625,800.00,800.48,1,1,13,0,0.000,0
2.316875,800.00,800.48,1,1,14,0,0.000,0
2.318125,800.00,800.40,1,1,15,0,0.000,0
2.319375,800.00,800.08,1,1,16,0,0.000,0
2.320625,800.00,799.92,1,1,17,0,0.000,0
2.321875,800.00,800.08,1,1,18,0,0.000,0
2.323125,800.00,800.96,1,1,19,0,0.000,0
2.324375,800.00,800.16,1,1,20,0,0.000,0
2.325625,800.00,799.60,1,1,21,0,0.000,0
2.326875,800.00,799.84,1,1,22,0,0.000,0
2.328125,800.00,799.60,1,1,23,0,0.000,0
2.329375,800.00,800.08,1,1,24,0,0.000,0
2.330625,800.00,800.24,1,1,25,0,0.000,0
2.331875,800.00,800.00,1,1,26,0,0.000,0
2.333125,800.00,799.68,1,1,27,0,0.000,0
2.334375,800.00,799.60,1,1,28,0,0.000,0
2.335625,800.00,799.76,1,1,29,0,0.000,0
2.336875,800.00,799.84,1,1,30,0,0.000,0
2.338125,800.00,799.92,1,1,31,0,0.000,0
2.339375,800.00,799.44,1,1,32,0,0.000,0
2.340625,800.00,799.76,1,1,33,0,0.000,0
2.341875,800.00,799.76,1,1,34,0,0.000,0
2.343125,800.00,800.08,1,1,35,0,0.000,0
2.344375,800.00,800.16,1,1,36,0,0.000,0
2.345625,800.00,800.08,1,1,37,0,0.000,0
2.346875,800.00,800.24,1,1,38,0,0.000,0
2.348125,800.00,800.40,1,1,39,0,0.000,0
2.349375,800.00,800.24,1,1,40,0,0.000,0
2.350625,800.00,800.24,1,1,41,0,0.000,0
2.351875,800.00,800.32,1,1,42,0,0.000,0
2.353125,800.00,799.84,1,1,43,0,0.000,0
2.354375,800.00,799.76,1,1,44,0,0.000,0
2.355625,800.00,800.32,1,1,45,0,0.000,0
2.356875,800.00,800.08,1,1,46,0,0.000,0
2.358125,800.00,799.84,1,1,47,0,0.000,0
2.359375,800.00,800.08,1,1,48,0,0.000,0
2.360625,800.00,799.92,1,1,49,0,0.000,0
2.361875,800.00,800.24,1,1,50,0,0.000,0
2.363125,800.00,799.60,1,1,51,0,0.000,0
2.364375,800.00,800.16,1,1,52,0,0.000,0
2.365625,800.00,800.24,1,1,53,0,0.000,0
2.366875,800.00,800.08,1,1,54,0,0.000,0
2.368125,800.00,800.00,1,1,55,0,0.000,0
2.369375,800.00,800.16,1,1,56,0,0.000,0
2.370625,800.00,800.16,1,1,57,0,0.000,0
2.374375,800.00,799.68,1,1,0,1,0.000,0
2.375625,800.00,800.06,1,1,1,1,0.000,0
2.376875,800.00,800.06,1,1,2,1,0.000,0
2.378125,800.00,799.62,1,1,3,1,0.000,0
2.379375,800.00,799.94,1,1,4,1,0.000,0
2.380625,800.00,800.06,1,1,5,1,0.000,0
2.381875,800.00,799.87,1,1,6,1,0.000,0
2.383125,800.00,799.68,1,1,7,1,0.000,0
2.384375,800.00,800.00,1,1,8,1,0.000,0
2.385625,800.00,800.72,1,1,9,1,0.000,0
2.386875,800.00,800.24,1,1,10,1,0.000,0
2.388125,800.00,800.24,1,1,11,1,0.000,0
2.389375,800.00,799.52,1,1,12,1,0.000,0
2.390625,800.00,799.84,1,1,13,1,0.000,0
2.391875,800.00,800.16,1,1,14,1,0.000,0
2.393125,800.00,800.00,1,1,15,1,0.000,0
2.394375,800.00,799.92,1,1,16,1,0.000,0
2.395625,800.00,799.36,1,1,17,1,0.000,0
2.396875,800.00,800.24,1,1,18,1,0.000,0
2.398125,800.00,799.92,1,1,19,1,0.000,0
2.399375,800.00,800.48,1,1,20,1,0.000,0
2.400625,800.00,800.16,1,1,21,1,0.000,0
2.401875,800.00,800.16,1,1,22,1,0.000,0
2.403125,800.00,800.48,1,1,23,1,0.000,0
2.404375,800.00,800.24,1,1,24,1,0.000,0
2.405625,800.00,800.56,1,1,25,1,0.000,0
2.406875,800.00,800.00,1,1,26,1,0.000,0
2.408125,800.00,800.00,1,1,27,1,0.000,0
2.409375,800.00,799.60,1,1,28,1,0.000,0
2.410625,800.00,800.16,1,1,29,1,0.000,0
2.411875,800.00,799.68,1,1,30,1,0.000,0
2.413125,800.00,799.52,1,1,31,1,0.000,0
2.414375,800.00,799.68,1,1,32,1,0.000,0
2.415625,800.00,799.44,1,1,33,1,0.000,0
2.416875,800.00,799.52,1,1,34,1,0.000,0
2.418125,800.00,799.92,1,1,35,1,0.000,0
2.419375,800.00,800.48,1,1,36,1,0.000,0
2.420625,800.00,799.84,1,1,37,1,0.000,0
2.421875,800.00,799.76,1,1,38,1,0.000,0
2.423125,800.00,800.00,1,1,39,1,0.000,0
2.424375,800.00,800.08,1,1,40,1,0.000,0
2.425625,800.00,800.00,1,1,41,1,0.000,0
2.426875,800.00,799.68,1,1,42,1,0.000,0
2.428125,800.00,800.32,1,1,43,1,0.000,0
2.429375,800.00,800.24,1,1,44,1,0.000,0
2.430625,800.00,799.84,1,1,45,1,0.000,0
2.431875,800.00,800.48,1,1,46,1,0.000,0
2.433125,800.00,800.16,1,1,47,1,0.000,0
2.434375,800.00,800.32,1,1,48,1,0.000,0
2.435625,800.00,800.40,1,1,49,1,0.000,0
2.436875,800.00,800.48,1,1,50,1,0.000,0
2.438125,800.00,799.60,1,1,51,1,0.000,0
2.439375,800.00,799.60,1,1,52,1,0.000,0
2.440625,800.00,800.16,1,1,53,1,0.000,0
2.441875,800.00,800.00,1,1,54,1,0.000,0
2.443125,800.00,800.16,1,1,55,1,0.000,0
2.444375,800.00,799.92,1,1,56,1,0.000,0
2.445625,800.00,799.92,1,1,57,1,0.000,0
2.449375,800.00,800.32,1,1,0,0,0.000,0
2.450625,800.00,800.32,1,1,1,0,0.000,0
2.451875,800.00,800.19,1,1,2,0,0.000,0
2.453125,800.00,800.00,1,1,3,0,0.000,0
2.454375,800.00,800.06,1,1,4,0,0.000,0
2.455625,800.00,799.94,1,1,5,0,0.000,0
2.456875,800.00,800.13,1,1,6,0,0.000,0
2.458125,800.00,800.06,1,1,7,0,0.000,0
2.459375,800.00,799.68,1,1,8,0,0.000,0
2.460625,800.00,799.52,1,1,9,0,0.000,0
2.461875,800.00,799.68,1,1,10,0,0.000,0
2.463125,800.00,799.44,1,1,11,0,0.000,0
2.464375,800.00,799.52,1,1,12,0,0.000,0
2.465625,800.00,799.92,1,1,13,0,0.000,0
2.466875,800.00,799.60,1,1,14,0,0.000,0
2.468125,800.00,799.92,1,1,15,0,0.000,0
2.469375,800.00,799.60,1,1,16,0,0.000,0
2.470625,800.00,800.48,1,1,17,0,0.000,0
2.471875,800.00,800.32,1,1,18,0,0.000,0
2.473125,800.00,800.64,1,1,19,0,0.000,0
2.474375,800.00,800.00,1,1,20,0,0.000,0
2.475625,800.00,800.16,1,1,21,0,0.000,0
2.476875,800.00,799.92,1,1,22,0,0.000,0
2.478125,800.00,800.08,1,1,23,0,0.000,0
2.479375,800.00,800.40,1,1,24,0,0.000,0
2.480625,800.00,799.68,1,1,25,0,0.000,0
2.481875,800.00,799.60,1,1,26,0,0.000,0
2.483125,800.00,799.92,1,1,27,0,0.000,0
2.484375,800.00,800.40,1,1,28,0,0.000,0
2.485625,800.00,799.92,1,1,29,0,0.000,0
2.486875,800.00,799.84,1,1,30,0,0.000,0
2.488125,800.00,799.84,1,1,31,0,0.000,0
2.489375,800.00,799.68,1,1,32,0,0.000,0
2.490625,800.00,799.92,1,1,33,0,0.000,0
2.491875,800.00,800.72,1,1,34,0,0.000,0
2.493125,800.00,799.76,1,1,35,0,0.000,0
2.494375,800.00,799.60,1,1,36,0,0.000,0
2.495625,800.00,799.84,1,1,37,0,0.000,0
2.496875,800.00,800.40,1,1,38,0,0.000,0
2.498125,800.00,799.84,1,1,39,0,0.000,0
2.499375,800.00,800.00,1,1,40,0,0.000,0
2.500625,800.00,799.84,1,1,41,0,0.000,0
2.501875,800.00,799.52,1,1,42,0,0.000,0
2.503125,800.00,800.16,1,1,43,0,0.000,0
2.504375,800.00,800.24,1,1,44,0,0.000,0
2.505625,800.00,800.24,1,1,45,0,0.000,0
2.506875,800.00,799.84,1,1,46,0,0.000,0
2.508125,800.00,800.64,1,1,47,0,0.000,0
2.509375,800.00,800.00,1,1,48,0,0.000,0
2.510625,800.00,800.32,1,1,49,0,0.000,0
2.511875,800.00,800.40,1,1,50,0,0.000,0
2.513125,800.00,800.00,1,1,51,0,0.000,0
2.514375,800.00,800.00,1,1,52,0,0.000,0
2.515625,800.00,800.16,1,1,53,0,0.000,0
2.516875,800.00,799.84,1,1,54,0,0.000,0
2.518125,800.00,799.44,1,1,55,0,0.000,0
2.519375,800.00,800.16,1,1,56,0,0.000,0
2.520625,800.00,799.84,1,1,57,0,0.000,0
2.524375,800.00,799.55,1,1,0,1,0.000,0
2.525625,800.00,800.06,1,1,1,1,0.000,0
2.526875,800.00,800.13,1,1,2,1,0.000,0
2.528125,800.00,799.81,1,1,3,1,0.000,0
2.529375,800.00,800.13,1,1,4,1,0.000,0
2.530625,800.00,799.94,1,1,5,1,0.000,0
2.531875,800.00,800.45,1,1,6,1,0.000,0
2.533125,800.00,800.19,1,1,7,1,0.000,0
2.534375,800.00,799.84,1,1,8,1,0.000,0
2.535625,800.00,799.84,1,1,9,1,0.000,0
2.536875,800.00,800.00,1,1,10,1,0.000,0
2.538125,800.00,799.92,1,1,11,1,0.000,0
2.539375,800.00,800.08,1,1,12,1,0.000,0
2.540625,800.00,799.92,1,1,13,1,0.000,0
2.541875,800.00,799.28,1,1,14,1,0.000,0
2.543125,800.00,800.24,1,1,15,1,0.000,0
2.544375,800.00,800.00,1,1,16,1,0.000,0
2.545625,800.00,800.16,1,1,17,1,0.000,0
2.546875,800.00,799.68,1,1,18,1,0.000,0
2.548125,800.00,800.40,1,1,19,1,0.000,0
2.549375,800.00,800.00,1,1,20,1,0.000,0
2.550625,800.00,800.16,1,1,21,1,0.000,0
2.551875,800.00,800.00,1,1,22,1,0.000,0
2.553125,800.00,799.44,1,1,23,1,0.000,0
2.554375,800.00,800.00,1,1,24,1,0.000,0
2.555625,800.00,799.76,1,1,25,1,0.000,0
2.556875,800.00,800.08,1,1,26,1,0.000,0
2.558125,800.00,799.44,1,1,27,1,0.000,0
2.559375,800.00,800.40,1,1,28,1,0.000,0
2.560625,800.00,800.16,1,1,29,1,0.000,0
2.561875,800.00,800.32,1,1,30,1,0.000,0
2.563125,800.00,800.32,1,1,31,1,0.000,0
2.564375,800.00,800.48,1,1,32,1,0.000,0
2.565625,800.00,800.16,1,1,33,1,0.000,0
2.566875,800.00,799.92,1,1,34,1,0.000,0
2.568125,800.00,800.00,1,1,35,1,0.000,0
2.569375,800.00,799.60,1,1,36,1,0.000,0
2.570625,800.00,799.68,1,1,37,1,0.000,0
2.571875,800.00,799.60,1,1,38,1,0.000,0
2.573125,800.00,799.68,1,1,39,1,0.000,0
2.574375,800.00,799.92,1,1,40,1,0.000,0
2.575625,800.00,799.92,1,1,41,1,0.000,0
2.576875,800.00,800.16,1,1,42,1,0.000,0
2.578125,800.00,800.00,1,1,43,1,0.000,0
2.579375,800.00,800.00,1,1,44,1,0.000,0
2.580625,800.00,800.56,1,1,45,1,0.000,0
2.581875,800.00,800.00,1,1,46,1,0.000,0
2.583125,800.00,800.00,1,1,47,1,0.000,0
2.584375,800.00,800.00,1,1,48,1,0.000,0
2.585625,800.00,799.92,1,1,49,1,0.000,0
2.586875,800.00,799.76,1,1,50,1,0.000,0
2.588125,800.00,800.48,1,1,51,1,0.000,0
2.589375,800.00,799.92,1,1,52,1,0.000,0
2.590625,800.00,799.44,1,1,53,1,0.000,0
2.591875,800.00,800.00,1,1,54,1,0.000,0
2.593125,800.00,800.08,1,1,55,1,0.000,0
2.594375,800.00,799.52,1,1,56,1,0.000,0
2.595625,800.00,800.40,1,1,57,1,0.000,0
2.599375,800.00,800.19,1,1,0,0,0.000,0
2.600625,800.00,799.68,1,1,1,0,0.000,0
2.601875,800.00,800.13,1,1,2,0,0.000,0
2.603125,800.00,800.19,1,1,3,0,0.000,0
2.604375,800.00,800.19,1,1,4,0,0.000,0
2.605625,800.00,800.19,1,1,5,0,0.000,0
2.606875,800.00,800.26,1,1,6,0,0.000,0
2.608125,800.00,799.49,1,1,7,0,0.000,0
2.609375,800.00,800.24,1,1,8,0,0.000,0
2.610625,800.00,800.24,1,1,9,0,0.000,0
2.611875,800.00,799.92,1,1,10,0,0.000,0
2.613125,800.00,799.76,1,1,11,0,0.000,0
2.614375,800.00,799.76,1,1,12,0,0.000,0
2.615625,800.00,799.92,1,1,13,0,0.000,0
2.616875,800.00,799.68,1,1,14,0,0.000,0
2.618125,800.00,800.00,1,1,15,0,0.000,0
2.619375,800.00,799.76,1,1,16,0,0.000,0
2.620625,800.00,799.28,1,1,17,0,0.000,0
2.621875,800.00,799.92,1,1,18,0,0.000,0
2.623125,800.00,800.40,1,1,19,0,0.000,0
2.624375,800.00,800.16,1,1,20,0,0.000,0
2.625625,800.00,799.92,1,1,21,0,0.000,0
2.626875,800.00,800.24,1,1,22,0,0.000,0
2.628125,800.00,800.24,1,1,23,0,0.000,0
2.629375,800.00,800.32,1,1,24,0,0.000,0
2.630625,800.00,800.48,1,1,25,0,0.000,0
2.631875,800.00,800.24,1,1,26,0,0.000,0
2.633125,800.00,799.36,1,1,27,0,0.000,0
2.634375,800.00,800.24,1,1,28,0,0.000,0
2.635625,800.00,799.92,1,1,29,0,0.000,0
2.636875,800.00,800.24,1,1,30,0,0.000,0
2.638125,800.00,800.40,1,1,31,0,0.000,0
2.639375,800.00,799.84,1,1,32,0,0.000,0
2.640625,800.00,800.16,1,1,33,0,0.000,0
2.641875,800.00,800.00,1,1,34,0,0.000,0
2.643125,800.00,800.56,1,1,35,0,0.000,0
2.644375,800.00,799.68,1,1,36,0,0.000,0
2.645625,800.00,800.32,1,1,37,0,0.000,0
2.646875,800.00,799.60,1,1,38,0,0.000,0
2.648125,800.00,800.00,1,1,39,0,0.000,0
2.649375,800.00,799.92,1,1,40,0,0.000,0
2.650625,800.00,799.92,1,1,41,0,0.000,0
2.651875,800.00,799.84,1,1,42,0,0.000,0
2.653125,800.00,800.16,1,1,43,0,0.000,0
2.654375,800.00,800.08,1,1,44,0,0.000,0
2.655625,800.00,799.52,1,1,45,0,0.000,0
2.656875,800.00,800.00,1,1,46,0,0.000,0
2.658125,800.00,799.60,1,1,47,0,0.000,0
2.659375,800.00,800.16,1,1,48,0,0.000,0
2.660625,800.00,800.16,1,1,49,0,0.000,0
2.661875,800.00,800.32,1,1,50,0,0.000,0
2.663125,800.00,799.68,1,1,51,0,0.000,0
2.664375,800.00,800.40,1,1,52,0,0.000,0
2.665625,800.00,800.40,1,1,53,0,0.000,0
2.666875,800.00,800.56,1,1,54,0,0.000,0
2.668125,800.00,800.08,1,1,55,0,0.000,0
2.669375,800.00,799.68,1,1,56,0,0.000,0
2.670625,800.00,799.68,1,1,57,0,0.000,0
2.674375,800.00,799.81,1,1,0,1,0.000,0
2.675625,800.00,799.87,1,1,1,1,0.000,0
2.676875,800.00,799.68,1,1,2,1,0.000,0
2.678125,800.00,799.55,1,1,3,1,0.000,0
2.679375,800.00,799.74,1,1,4,1,0.000,0
2.680625,800.00,800.00,1,1,5,1,0.000,0
2.681875,800.00,800.06,1,1,6,1,0.000,0
2.683125,800.00,799.87,1,1,7,1,0.000,0
2.684375,800.00,799.68,1,1,8,1,0.000,0
2.685625,800.00,800.32,1,1,9,1,0.000,0
2.686875,800.00,800.08,1,1,10,1,0.000,0
2.688125,800.00,800.64,1,1,11,1,0.000,0
2.689375,800.00,799.92,1,1,12,1,0.000,0
2.690625,800.00,800.08,1,1,13,1,0.000,0
2.691875,800.00,800.00,1,1,14,1,0.000,0
2.693125,800.00,800.32,1,1,15,1,0.000,0
2.694375,800.00,800.32,1,1,16,1,0.000,0
2.695625,800.00,799.92,1,1,17,1,0.000,0
2.696875,800.00,800.24,1,1,18,1,0.000,0
2.698125,800.00,799.76,1,1,19,1,0.000,0
2.699375,800.00,799.84,1,1,20,1,0.000,0
2.700625,800.00,799.84,1,1,21,1,0.000,0
2.701875,800.00,799.84,1,1,22,1,0.000,0
2.703125,800.00,800.24,1,1,23,1,0.000,0
2.704375,800.00,800.08,1,1,24,1,0.000,0
2.705625,800.00,799.92,1,1,25,1,0.000,0
2.706875,800.00,799.92,1,1,26,1,0.000,0
2.708125,800.00,800.16,1,1,27,1,0.000,0
2.709375,800.00,800.40,1,1,28,1,0.000,0
2.710625,800.00,800.24,1,1,29,1,0.000,0
2.711875,800.00,800.08,1,1,30,1,0.000,0
2.713125,800.00,799.76,1,1,31,1,0.000,0
2.714375,800.00,799.68,1,1,32,1,0.000,0
2.715625,800.00,800.00,1,1,33,1,0.000,0
2.716875,800.00,800.00,1,1,34,1,0.000,0
2.718125,800.00,800.00,1,1,35,1,0.000,0
2.719375,800.00,800.00,1,1,36,1,0.000,0
2.720625,800.00,799.68,1,1,37,1,0.000,0
2.721875,800.00,800.16,1,1,38,1,0.000,0
2.723125,800.00,799.92,1,1,39,1,0.000,0
2.724375,800.00,800.32,1,1,40,1,0.000,0
2.725625,800.00,800.08,1,1,41,1,0.000,0
2.726875,800.00,799.76,1,1,42,1,0.000,0
2.728125,800.00,800.00,1,1,43,1,0.000,0
2.729375,800.00,799.68,1,1,44,1,0.000,0
2.730625,800.00,799.92,1,1,45,1,0.000,0
2.731875,800.00,799.76,1,1,46,1,0.000,0
2.733125,800.00,800.40,1,1,47,1,0.000,0
2.734375,800.00,800.16,1,1,48,1,0.000,0
2.735625,800.00,800.08,1,1,49,1,0.000,0
2.736875,800.00,800.08,1,1,50,1,0.000,0
2.738125,800.00,799.52,1,1,51,1,0.000,0
2.739375,800.00,799.92,1,1,52,1,0.000,0
2.740625,800.00,800.16,1,1,53,1,0.000,0
2.741875,800.00,799.92,1,1,54,1,0.000,0
2.743125,800.00,799.76,1,1,55,1,0.000,0
2.744375,800.00,799.52,1,1,56,1,0.000,0
2.745625,800.00,800.08,1,1,57,1,0.000,0
2.749375,800.00,800.00,1,1,0,0,0.000,0
2.750625,800.00,800.06,1,1,1,0,0.000,0
2.751875,800.00,800.13,1,1,2,0,0.000,0
2.753125,800.00,800.00,1,1,3,0,0.000,0
2.754375,800.00,800.58,1,1,4,0,0.000,0
2.755625,800.00,800.06,1,1,5,0,0.000,0
2.756875,800.00,800.13,1,1,6,0,0.000,0
2.758125,800.00,799.87,1,1,7,0,0.000,0
2.759375,800.00,799.68,1,1,8,0,0.000,0
2.760625,800.00,799.68,1,1,9,0,0.000,0
2.761875,800.00,800.16,1,1,10,0,0.000,0
2.763125,800.00,800.32,1,1,11,0,0.000,0
2.764375,800.00,799.68,1,1,12,0,0.000,0
2.765625,800.00,800.00,1,1,13,0,0.000,0
2.766875,800.00,799.76,1,1,14,0,0.000,0
2.768125,800.00,799.60,1,1,15,0,0.000,0
2.769375,800.00,800.08,1,1,16,0,0.000,0
2.770625,800.00,800.72,1,1,17,0,0.000,0
2.771875,800.00,799.84,1,1,18,0,0.000,0
2.773125,800.00,799.76,1,1,19,0,0.000,0
2.774375,800.00,799.84,1,1,20,0,0.000,0
2.775625,800.00,799.84,1,1,21,0,0.000,0
2.776875,800.00,800.40,1,1,22,0,0.000,0
2.778125,800.00,800.88,1,1,23,0,0.000,0
2.779375,800.00,799.76,1,1,24,0,0.000,0
2.780625,800.00,799.84,1,1,25,0,0.000,0
2.781875,800.00,800.00,1,1,26,0,0.000,0
2.783125,800.00,799.68,1,1,27,0,0.000,0
2.784375,800.00,800.08,1,1,28,0,0.000,0
2.785625,800.00,800.40,1,1,29,0,0.000,0
2.786875,800.00,799.52,1,1,30,0,0.000,0
2.788125,800.00,799.52,1,1,31,0,0.000,0
2.789375,800.00,800.16,1,1,32,0,0.000,0
2.790625,800.00,799.92,1,1,33,0,0.000,0
2.791875,800.00,800.00,1,1,34,0,0.000,0
2.793125,800.00,800.08,1,1,35,0,0.000,0
2.794375,800.00,799.92,1,1,36,0,0.000,0
2.795625,800.00,800.08,1,1,37,0,0.000,0
2.796875,800.00,800.32,1,1,38,0,0.000,0
2.798125,800.00,799.92,1,1,39,0,0.000,0
2.799375,800.00,800.08,1,1,40,0,0.000,0
2.800625,800.00,800.24,1,1,41,0,0.000,0
2.801875,800.00,799.76,1,1,42,0,0.000,0
2.803125,800.00,800.32,1,1,43,0,0.000,0
2.804375,800.00,799.84,1,1,44,0,0.000,0
2.805625,800.00,799.52,1,1,45,0,0.000,0
2.806875,800.00,800.32,1,1,46,0,0.000,0
2.808125,800.00,800.56,1,1,47,0,0.000,0
2.809375,800.00,800.24,1,1,48,0,0.000,0
2.810625,800.00,799.76,1,1,49,0,0.000,0
2.811875,800.00,800.64,1,1,50,0,0.000,0
2.813125,800.00,799.36,1,1,51,0,0.000,0
2.814375,800.00,800.00,1,1,52,0,0.000,0
2.815625,800.00,800.08,1,1,53,0,0.000,0
2.816875,800.00,799.60,1,1,54,0,0.000,0
2.818125,800.00,799.52,1,1,55,0,0.000,0
2.819375,800.00,799.68,1,1,56,0,0.000,0
2.820625,800.00,800.24,1,1,57,0,0.000,0
2.824375,800.00,799.81,1,1,0,1,0.000,0
2.825625,800.00,800.45,1,1,1,1,0.000,0
2.826875,800.00,799.94,1,1,2,1,0.000,0
2.828125,800.00,800.00,1,1,3,1,0.000,0
2.829375,800.00,800.13,1,1,4,1,0.000,0
2.830625,800.00,799.94,1,1,5,1,0.000,0
2.831875,800.00,800.26,1,1,6,1,0.000,0
2.833125,800.00,800.06,1,1,7,1,0.000,0
2.834375,800.00,799.52,1,1,8,1,0.000,0
2.835625,800.00,800.24,1,1,9,1,0.000,0
2.836875,800.00,800.32,1,1,10,1,0.000,0
2.838125,800.00,799.92,1,1,11,1,0.000,0
2.839375,800.00,800.08,1,1,12,1,0.000,0
2.840625,800.00,800.08,1,1,13,1,0.000,0
2.841875,800.00,800.48,1,1,14,1,0.000,0
2.843125,800.00,799.68,1,1,15,1,0.000,0
2.844375,800.00,800.24,1,1,16,1,0.000,0
2.845625,800.00,799.28,1,1,17,1,0.000,0
2.846875,800.00,799.68,1,1,18,1,0.000,0
2.848125,800.00,800.08,1,1,19,1,0.000,0
2.849375,800.00,799.84,1,1,20,1,0.000,0
2.850625,800.00,800.08,1,1,21,1,0.000,0
2.851875,800.00,799.52,1,1,22,1,0.000,0
2.853125,800.00,799.92,1,1,23,1,0.000,0
2.854375,800.00,800.48,1,1,24,1,0.000,0
2.855625,800.00,800.40,1,1,25,1,0.000,0
2.856875,800.00,800.24,1,1,26,1,0.000,0
2.858125,800.00,799.60,1,1,27,1,0.000,0
2.859375,800.00,799.68,1,1,28,1,0.000,0
2.860625,800.00,799.92,1,1,29,1,0.000,0
2.861875,800.00,799.92,1,1,30,1,0.000,0
2.863125,800.00,799.84,1,1,31,1,0.000,0
2.864375,800.00,799.76,1,1,32,1,0.000,0
2.865625,800.00,799.92,1,1,33,1,0.000,0
2.866875,800.00,799.92,1,1,34,1,0.000,0
2.868125,800.00,800.40,1,1,35,1,0.000,0
2.869375,800.00,800.24,1,1,36,1,0.000,0
2.870625,800.00,800.24,1,1,37,1,0.000,0
2.871875,800.00,800.16,1,1,38,1,0.000,0
2.873125,800.00,800.48,1,1,39,1,0.000,0
2.874375,800.00,800.16,1,1,40,1,0.000,0
2.875625,800.00,800.08,1,1,41,1,0.000,0
2.876875,800.00,799.92,1,1,42,1,0.000,0
2.878125,800.00,799.92,1,1,43,1,0.000,0
2.879375,800.00,800.08,1,1,44,1,0.000,0
2.880625,800.00,799.52,1,1,45,1,0.000,0
2.881875,800.00,799.76,1,1,46,1,0.000,0
2.883125,800.00,800.16,1,1,47,1,0.000,0
2.884375,800.00,799.76,1,1,48,1,0.000,0
2.885625,800.00,799.76,1,1,49,1,0.000,0
2.886875,800.00,799.76,1,1,50,1,0.000,0
2.888125,800.00,800.08,1,1,51,1,0.000,0
2.889375,800.00,800.00,1,1,52,1,0.000,0
2.890625,800.00,800.48,1,1,53,1,0.000,0
2.891875,800.00,800.00,1,1,54,1,0.000,0
2.893125,800.00,799.28,1,1,55,1,0.000,0
2.894375,800.00,799.92,1,1,56,1,0.000,0
2.895625,800.00,800.24,1,1,57,1,0.000,0
2.899375,800.00,800.51,1,1,0,0,0.000,0
2.900625,800.00,799.74,1,1,1,0,0.000,0
2.901875,800.00,799.81,1,1,2,0,0.000,0
2.903125,800.00,799.81,1,1,3,0,0.000,0
2.904375,800.00,799.94,1,1,4,0,0.000,0
2.905625,800.00,800.51,1,1,5,0,0.000,0
2.906875,800.00,800.45,1,1,6,0,0.000,0
2.908125,800.00,800.00,1,1,7,0,0.000,0
2.909375,800.00,799.76,1,1,8,0,0.000,0
2.910625,800.00,800.16,1,1,9,0,0.000,0
2.911875,800.00,800.32,1,1,10,0,0.000,0
2.913125,800.00,800.16,1,1,11,0,0.000,0
2.914375,800.00,800.24,1,1,12,0,0.000,0
2.915625,800.00,800.08,1,1,13,0,0.000,0
2.916875,800.00,799.44,1,1,14,0,0.000,0
2.918125,800.00,800.00,1,1,15,0,0.000,0
2.919375,800.00,799.92,1,1,16,0,0.000,0
2.920625,800.00,800.00,1,1,17,0,0.000,0
2.921875,800.00,799.68,1,1,18,0,0.000,0
2.923125,800.00,799.68,1,1,19,0,0.000,0
2.924375,800.00,799.92,1,1,20,0,0.000,0
2.925625,800.00,800.00,1,1,21,0,0.000,0
2.926875,800.00,800.16,1,1,22,0,0.000,0
2.928125,800.00,800.32,1,1,23,0,0.000,0
2.929375,800.00,799.76,1,1,24,0,0.000,0
2.930625,800.00,799.92,1,1,25,0,0.000,0
2.931875,800.00,800.24,1,1,26,0,0.000,0
2.933125,800.00,800.08,1,1,27,0,0.000,0
2.934375,800.00,799.68,1,1,28,0,0.000,0
2.935625,800.00,799.52,1,1,29,0,0.000,0
2.936875,800.00,800.08,1,1,30,0,0.000,0
2.938125,800.00,800.08,1,1,31,0,0.000,0
2.939375,800.00,800.64,1,1,32,0,0.000,0
2.940625,800.00,800.32,1,1,33,0,0.000,0
2.941875,800.00,800.16,1,1,34,0,0.000,0
2.943125,800.00,800.32,1,1,35,0,0.000,0
2.944375,800.00,800.08,1,1,36,0,0.000,0
2.945625,800.00,800.00,1,1,37,0,0.000,0
2.946875,800.00,799.44,1,1,38,0,0.000,0
2.948125,800.00,799.76,1,1,39,0,0.000,0
2.949375,800.00,799.84,1,1,40,0,0.000,0
2.950625,800.00,800.00,1,1,41,0,0.000,0
2.951875,800.00,799.68,1,1,42,0,0.000,0
2.953125,800.00,800.00,1,1,43,0,0.000,0
2.954375,800.00,800.32,1,1,44,0,0.000,0
2.955625,800.00,800.08,1,1,45,0,0.000,0
2.956875,800.00,800.40,1,1,46,0,0.000,0
2.958125,800.00,799.44,1,1,47,0,0.000,0
2.959375,800.00,799.68,1,1,48,0,0.000,0
2.960625,800.00,799.52,1,1,49,0,0.000,0
2.961875,800.00,800.32,1,1,50,0,0.000,0
2.963125,800.00,799.68,1,1,51,0,0.000,0
2.964375,800.00,799.92,1,1,52,0,0.000,0
2.965625,800.00,800.40,1,1,53,0,0.000,0
2.966875,800.00,800.16,1,1,54,0,0.000,0
2.968125,800.00,800.72,1,1,55,0,0.000,0
2.969375,800.00,800.00,1,1,56,0,0.000,0
2.970625,800.00,800.16,1,1,57,0,0.000,0
2.974375,800.00,799.74,1,1,0,1,0.000,0
2.975625,800.00,800.13,1,1,1,1,0.000,0
2.976875,800.00,800.19,1,1,2,1,0.000,0
2.978125,800.00,799.68,1,1,3,1,0.000,0
2.979375,800.00,799.81,1,1,4,1,0.000,0
2.980625,800.00,799.87,1,1,5,1,0.000,0
2.981875,800.00,800.00,1,1,6,1,0.000,0
2.983125,800.00,800.32,1,1,7,1,0.000,0
2.984375,800.00,800.24,1,1,8,1,0.000,0
2.985625,800.00,799.76,1,1,9,1,0.000,0
2.986875,800.00,799.52,1,1,10,1,0.000,0
2.988125,800.00,800.08,1,1,11,1,0.000,0
2.989375,800.00,800.00,1,1,12,1,0.000,0
2.990625,800.00,800.16,1,1,13,1,0.000,0
2.991875,800.00,800.24,1,1,14,1,0.000,0
2.993125,800.00,800.00,1,1,15,1,0.000,0
2.994375,800.00,799.92,1,1,16,1,0.000,0
2.995625,800.00,800.56,1,1,17,1,0.000,0
2.996875,800.00,800.48,1,1,18,1,0.000,0
2.998125,800.00,799.92,1,1,19,1,0.000,0
2.999375,800.00,800.08,1,1,20,1,0.000,0
3.000625,800.44,799.68,1,1,21,1,0.000,0
3.001874,801.31,800.00,1,1,22,1,0.000,0
3.003121,802.18,800.08,1,1,23,1,0.000,0
3.004367,803.06,800.64,1,1,24,1,0.000,0
3.005612,803.93,800.88,1,1,25,1,0.000,0
3.006855,804.80,801.36,1,1,26,1,0.000,0
3.008097,805.67,802.33,1,1,27,1,0.000,0
3.009337,806.54,802.97,1,1,28,1,0.000,0
3.010576,807.40,804.34,1,1,29,1,0.000,0
3.011814,808.27,804.83,1,1,30,1,0.000,0
3.013051,809.13,806.13,1,1,31,1,0.000,0
3.014286,810.00,806.78,1,1,32,1,0.000,0
3.015520,810.86,807.27,1,1,33,1,0.000,0
3.016753,811.73,808.49,1,1,34,1,0.000,0
3.017984,812.59,808.90,1,1,35,1,0.000,0
3.019214,813.45,810.13,1,1,36,1,0.000,0
3.020443,814.31,810.45,1,1,37,1,0.000,0
3.021670,815.17,812.02,1,1,38,1,0.000,0
3.022896,816.03,812.18,1,1,39,1,0.000,0
3.024121,816.88,813.34,1,1,40,1,0.000,0
3.025344,817.74,814.50,1,1,41,1,0.000,0
3.026567,818.60,814.83,1,1,42,1,0.000,0
3.027788,819.45,816.24,1,1,43,1,0.000,0
3.029007,820.30,816.41,1,1,44,1,0.000,0
3.030226,821.16,817.66,1,1,45,1,0.000,0
3.031443,822.01,818.33,1,1,46,1,0.000,0
3.032659,822.86,819.42,1,1,47,1,0.000,0
3.033873,823.71,820.26,1,1,48,1,0.000,0
3.035087,824.56,820.85,1,1,49,1,0.000,0
3.036299,825.41,822.37,1,1,50,1,0.000,0
3.037510,826.26,823.05,1,1,51,1,0.000,0
3.038719,827.10,823.89,1,1,52,1,0.000,0
3.039928,827.95,824.23,1,1,53,1,0.000,0
3.041135,828.79,825.42,1,1,54,1,0.000,0
3.042341,829.64,826.36,1,1,55,1,0.000,0
3.043546,830.48,827.13,1,1,56,1,0.000,0
3.044749,831.32,828.33,1,1,57,1,0.000,0
3.048353,833.85,829.67,1,1,0,0,0.000,0
3.049551,834.69,830.29,1,1,1,0,0.000,0
3.050749,835.52,831.46,1,1,2,0,0.000,0
3.051945,836.36,832.29,1,1,3,0,0.000,0
3.053140,837.20,832.99,1,1,4,0,0.000,0
3.054334,838.03,833.82,1,1,5,0,0.000,0
3.055527,838.87,834.93,1,1,6,0,0.000,0
3.056718,839.70,835.35,1,1,7,0,0.000,0
3.057908,840.54,836.73,1,1,8,0,0.000,0
3.059097,841.37,838.31,1,1,9,0,0.000,0
3.060285,842.20,839.10,1,1,10,0,0.000,0
3.061472,843.03,839.90,1,1,11,0,0.000,0
3.062658,843.86,840.16,1,1,12,0,0.000,0
3.063842,844.69,841.40,1,1,13,0,0.000,0
3.065026,845.52,841.75,1,1,14,0,0.000,0
3.066208,846.34,842.90,1,1,15,0,0.000,0
3.067389,847.17,844.33,1,1,16,0,0.000,0
3.068568,848.00,844.42,1,1,17,0,0.000,0
3.069747,848.82,845.58,1,1,18,0,0.000,0
3.070925,849.65,846.65,1,1,19,0,0.000,0
3.072101,850.47,847.46,1,1,20,0,0.000,0
3.073276,851.29,847.91,1,1,21,0,0.000,0
3.074450,852.11,848.99,1,1,22,0,0.000,0
3.075623,852.94,849.71,1,1,23,0,0.000,0
3.076795,853.76,850.25,1,1,24,0,0.000,0
3.077966,854.58,851.34,1,1,25,0,0.000,0
3.079136,855.39,851.52,1,1,26,0,0.000,0
3.080304,856.21,852.61,1,1,27,0,0.000,0
3.081471,857.03,853.88,1,1,28,0,0.000,0
3.082638,857.85,854.61,1,1,29,0,0.000,0
3.083803,858.66,855.16,1,1,30,0,0.000,0
3.084967,859.48,856.35,1,1,31,0,0.000,0
3.086130,860.29,856.99,1,1,32,0,0.000,0
3.087292,861.10,858.00,1,1,33,0,0.000,0
3.088452,861.92,858.55,1,1,34,0,0.000,0
3.089612,862.73,859.48,1,1,35,0,0.000,0
3.090771,863.54,860.40,1,1,36,0,0.000,0
3.091928,864.35,861.14,1,1,37,0,0.000,0
3.093085,865.16,862.16,1,1,38,0,0.000,0
3.094240,865.97,863.00,1,1,39,0,0.000,0
3.095394,866.78,863.19,1,1,40,0,0.000,0
3.096547,867.58,864.02,1,1,41,0,0.000,0
3.097699,868.39,865.52,1,1,42,0,0.000,0
3.098850,869.19,865.89,1,1,43,0,0.000,0
3.100000,870.00,866.46,1,1,44,0,0.000,0
3.101149,870.80,867.30,1,1,45,0,0.000,0
3.102297,871.61,868.15,1,1,46,0,0.000,0
3.103444,872.41,868.15,1,1,47,0,0.000,0
3.104590,873.21,870.32,1,1,48,0,0.000,0
3.105734,874.01,870.80,1,1,49,0,0.000,0
3.106878,874.81,871.55,1,1,50,0,0.000,0
3.108020,875.61,872.60,1,1,51,0,0.000,0
3.109162,876.41,873.65,1,1,52,0,0.000,0
3.110303,877.21,874.32,1,1,53,0,0.000,0
3.111442,878.01,874.60,1,1,54,0,0.000,0
3.112580,878.81,875.85,1,1,55,0,0.000,0
3.113718,879.60,876.23,1,1,56,0,0.000,0
3.114854,880.40,877.39,1,1,57,0,0.000,0
3.118257,882.78,878.73,1,1,0,1,0.000,0
3.119389,883.57,879.66,1,1,1,1,0.000,0
3.120521,884.36,880.05,1,1,2,1,0.000,0
3.121651,885.15,881.06,1,1,3,1,0.000,0
3.122780,885.95,882.38,1,1,4,1,0.000,0
3.123908,886.74,883.16,1,1,5,1,0.000,0
3.125036,887.52,883.78,1,1,6,1,0.000,0
3.126162,888.31,884.25,1,1,7,1,0.000,0
3.127287,889.10,885.94,1,1,8,1,0.000,0
3.128411,889.89,886.82,1,1,9,1,0.000,0
3.129535,890.67,887.41,1,1,10,1,0.000,0
3.130657,891.46,887.90,1,1,11,1,0.000,0
3.131778,892.24,889.09,1,1,12,1,0.000,0
3.132898,893.03,889.78,1,1,13,1,0.000,0
3.134018,893.81,890.77,1,1,14,1,0.000,0
3.135136,894.59,891.76,1,1,15,1,0.000,0
3.136253,895.38,892.16,1,1,16,1,0.000,0
3.137370,896.16,892.36,1,1,17,1,0.000,0
3.138485,896.94,893.75,1,1,18,1,0.000,0
3.139599,897.72,894.95,1,1,19,1,0.000,0
3.140713,898.50,895.26,1,1,20,1,0.000,0
3.141825,899.28,896.26,1,1,21,1,0.000,0
3.142937,900.06,896.46,1,1,22,1,0.000,0
3.144047,900.83,897.16,1,1,23,1,0.000,0
3.145157,901.61,899.18,1,1,24,1,0.000,0
3.146266,902.39,900.09,1,1,25,1,0.000,0
3.147373,903.16,900.09,1,1,26,1,0.000,0
3.148480,903.94,901.21,1,1,27,1,0.000,0
3.149586,904.71,901.61,1,1,28,1,0.000,0
3.150691,905.48,902.32,1,1,29,1,0.000,0
3.151795,906.26,903.55,1,1,30,1,0.000,0
3.152898,907.03,904.26,1,1,31,1,0.000,0
3.154000,907.80,904.57,1,1,32,1,0.000,0
3.155101,908.57,905.08,1,1,33,1,0.000,0
3.156201,909.34,906.52,1,1,34,1,0.000,0
3.157300,910.11,906.52,1,1,35,1,0.000,0
3.158399,910.88,907.65,1,1,36,1,0.000,0
3.159496,911.65,908.37,1,1,37,1,0.000,0
3.160592,912.41,909.50,1,1,38,1,0.000,0
3.161688,913.18,910.54,1,1,39,1,0.000,0
3.162783,913.95,910.33,1,1,40,1,0.000,0
3.163876,914.71,911.47,1,1,41,1,0.000,0
3.164969,915.48,911.89,1,1,42,1,0.000,0
3.166061,916.24,913.45,1,1,43,1,0.000,0
3.167152,917.01,914.39,1,1,44,1,0.000,0
3.168242,917.77,914.70,1,1,45,1,0.000,0
3.169331,918.53,915.44,1,1,46,1,0.000,0
3.170419,919.29,915.86,1,1,47,1,0.000,0
3.171507,920.05,917.33,1,1,48,1,0.000,0
3.172593,920.82,917.75,1,1,49,1,0.000,0
3.173679,921.57,918.59,1,1,50,1,0.000,0
3.174763,922.33,919.22,1,1,51,1,0.000,0
3.175847,923.09,919.75,1,1,52,1,0.000,0
3.176930,923.85,921.13,1,1,53,1,0.000,0
3.178012,924.61,921.45,1,1,54,1,0.000,0
3.179093,925.36,922.40,1,1,55,1,0.000,0
3.180173,926.12,923.15,1,1,56,1,0.000,0
3.181252,926.88,923.89,1,1,57,1,0.000,0
3.184485,929.14,925.50,1,1,0,0,0.000,0
3.185561,929.89,926.27,1,1,1,0,0.000,0
3.186636,930.65,926.61,1,1,2,0,0.000,0
3.187710,931.40,927.21,1,1,3,0,0.000,0
3.188783,932.15,928.59,1,1,4,0,0.000,0
3.189856,932.90,928.94,1,1,5,0,0.000,0
3.190927,933.65,929.80,1,1,6,0,0.000,0
3.191998,934.40,930.58,1,1,7,0,0.000,0
3.193068,935.15,932.29,1,1,8,0,0.000,0
3.194137,935.90,933.16,1,1,9,0,0.000,0
3.195205,936.64,934.03,1,1,10,0,0.000,0
3.196272,937.39,934.58,1,1,11,0,0.000,0
3.197338,938.14,934.80,1,1,12,0,0.000,0
3.198404,938.88,935.89,1,1,13,0,0.000,0
3.199468,939.63,936.88,1,1,14,0,0.000,0
3.200532,940.37,937.32,1,1,15,0,0.000,0
3.201595,941.12,938.20,1,1,16,0,0.000,0
3.202657,941.86,938.42,1,1,17,0,0.000,0
3.203719,942.60,939.19,1,1,18,0,0.000,0
3.204779,943.35,940.40,1,1,19,0,0.000,0
3.205839,944.09,941.29,1,1,20,0,0.000,0
3.206898,944.83,942.17,1,1,21,0,0.000,0
3.207956,945.57,942.40,1,1,22,0,0.000,0
3.209013,946.31,943.62,1,1,23,0,0.000,0
3.210069,947.05,944.29,1,1,24,0,0.000,0
3.211125,947.79,944.84,1,1,25,0,0.000,0
3.212179,948.53,946.30,1,1,26,0,0.000,0
3.213233,949.26,946.19,1,1,27,0,0.000,0
3.214286,950.00,947.19,1,1,28,0,0.000,0
3.215338,950.74,947.76,1,1,29,0,0.000,0
3.216390,951.47,948.09,1,1,30,0,0.000,0
3.217440,952.21,949.55,1,1,31,0,0.000,0
3.218490,952.94,949.78,1,1,32,0,0.000,0
3.219539,953.68,950.91,1,1,33,0,0.000,0
3.220587,954.41,951.14,1,1,34,0,0.000,0
3.221635,955.14,952.15,1,1,35,0,0.000,0
3.222681,955.88,952.15,1,1,36,0,0.000,0
3.223727,956.61,953.63,1,1,37,0,0.000,0
3.224772,957.34,955.22,1,1,38,0,0.000,0
3.225816,958.07,954.54,1,1,39,0,0.000,0
3.226859,958.80,955.79,1,1,40,0,0.000,0
3.227902,959.53,956.48,1,1,41,0,0.000,0
3.228944,960.26,956.94,1,1,42,0,0.000,0
3.229985,960.99,958.89,1,1,43,0,0.000,0
3.231025,961.72,959.23,1,1,44,0,0.000,0
3.232064,962.44,959.58,1,1,45,0,0.000,0
3.233103,963.17,959.35,1,1,46,0,0.000,0
3.234141,963.90,961.31,1,1,47,0,0.000,0
3.235178,964.62,961.65,1,1,48,0,0.000,0
3.236214,965.35,962.12,1,1,49,0,0.000,0
3.237250,966.07,963.28,1,1,50,0,0.000,0
3.238284,966.80,963.39,1,1,51,0,0.000,0
3.239318,967.52,964.67,1,1,52,0,0.000,0
3.240352,968.25,965.60,1,1,53,0,0.000,0
3.241384,968.97,966.77,1,1,54,0,0.000,0
3.242416,969.69,967.00,1,1,55,0,0.000,0
3.243447,970.41,967.35,1,1,56,0,0.000,0
3.244477,971.13,968.41,1,1,57,0,0.000,0
3.247562,973.29,969.56,1,1,0,1,0.000,0
3.248589,974.01,970.40,1,1,1,1,0.000,0
3.249616,974.73,971.35,1,1,2,1,0.000,0
3.250641,975.45,971.53,1,1,3,1,0.000,0
3.251666,976.17,972.67,1,1,4,1,0.000,0
3.252690,976.88,972.86,1,1,5,1,0.000,0
3.253713,977.60,974.37,1,1,6,1,0.000,0
3.254736,978.31,974.94,1,1,7,1,0.000,0
3.255758,979.03,976.68,1,1,8,1,0.000,0
3.256779,979.74,977.28,1,1,9,1,0.000,0
3.257799,980.46,977.28,1,1,10,1,0.000,0
3.258819,981.17,978.00,1,1,11,1,0.000,0
3.259837,981.89,978.59,1,1,12,1,0.000,0
3.260856,982.60,980.39,1,1,13,1,0.000,0
3.261873,983.31,980.27,1,1,14,1,0.000,0
3.262889,984.02,981.11,1,1,15,1,0.000,0
3.263905,984.73,981.72,1,1,16,1,0.000,0
3.264920,985.44,981.96,1,1,17,1,0.000,0
3.265935,986.15,983.28,1,1,18,1,0.000,0
3.266949,986.86,984.86,1,1,19,1,0.000,0
3.267962,987.57,984.86,1,1,20,1,0.000,0
3.268974,988.28,985.59,1,1,21,1,0.000,0
3.269985,988.99,986.44,1,1,22,1,0.000,0
3.270996,989.70,986.68,1,1,23,1,0.000,0
3.272006,990.40,987.53,1,1,24,1,0.000,0
3.273015,991.11,988.39,1,1,25,1,0.000,0
3.274024,991.82,989.24,1,1,26,1,0.000,0
3.275032,992.52,989.36,1,1,27,1,0.000,0
3.276039,993.23,990.22,1,1,28,1,0.000,0
3.277046,993.93,990.47,1,1,29,1,0.000,0
3.278051,994.64,991.45,1,1,30,1,0.000,0
3.279056,995.34,992.56,1,1,31,1,0.000,0
3.280061,996.04,993.05,1,1,32,1,0.000,0
3.281064,996.74,993.79,1,1,33,1,0.000,0
3.282067,997.45,994.65,1,1,34,1,0.000,0
3.283069,998.15,995.52,1,1,35,1,0.000,0
3.284071,998.85,996.26,1,1,36,1,0.000,0
3.285072,999.55,996.76,1,1,37,1,0.000,0
3.286072,1000.25,997.51,1,1,38,1,0.000,0
3.287071,1000.95,997.88,1,1,39,1,0.000,0
3.288070,1001.65,999.13,1,1,40,1,0.000,0
3.289068,1002.35,1000.12,1,1,41,1,0.000,0
3.290065,1003.05,999.88,1,1,42,1,0.000,0
3.291062,1003.74,1000.50,1,1,43,1,0.000,0
3.292058,1004.44,1001.63,1,1,44,1,0.000,0
3.293053,1005.14,1002.51,1,1,45,1,0.000,0
3.294048,1005.83,1002.63,1,1,46,1,0.000,0
3.295041,1006.53,1004.27,1,1,47,1,0.000,0
3.296035,1007.22,1004.39,1,1,48,1,0.000,0
3.297027,1007.92,1004.90,1,1,49,1,0.000,0
3.298019,1008.61,1006.04,1,1,50,1,0.000,0
3.299010,1009.31,1006.92,1,1,51,1,0.000,0
3.300000,1010.00,1007.18,1,1,52,1,0.000,0
3.300990,1010.69,1007.68,1,1,53,1,0.000,0
3.301979,1011.39,1009.34,1,1,54,1,0.000,0
3.302968,1012.08,1008.83,1,1,55,1,0.000,0
3.303955,1012.77,1009.85,1,1,56,1,0.000,0
3.304942,1013.46,1010.61,1,1,57,1,0.000,0
3.307900,1015.53,1011.43,1,1,0,0,0.000,0
3.308884,1016.22,1012.56,1,1,1,0,0.000,0
3.309868,1016.91,1013.58,1,1,2,0,0.000,0
3.310851,1017.59,1014.61,1,1,3,0,0.000,0
3.311833,1018.28,1014.40,1,1,4,0,0.000,0
3.312815,1018.97,1015.33,1,1,5,0,0.000,0
3.313796,1019.66,1016.26,1,1,6,0,0.000,0
3.314776,1020.34,1016.78,1,1,7,0,0.000,0
3.315756,1021.03,1018.98,1,1,8,0,0.000,0
3.316735,1021.71,1019.11,1,1,9,0,0.000,0
3.317713,1022.40,1019.24,1,1,10,0,0.000,0
3.318691,1023.08,1019.76,1,1,11,0,0.000,0
3.319668,1023.77,1021.58,1,1,12,0,0.000,0
3.320645,1024.45,1021.58,1,1,13,0,0.000,0
3.321621,1025.13,1022.63,1,1,14,0,0.000,0
3.322596,1025.82,1023.41,1,1,15,0,0.000,0
3.323570,1026.50,1023.93,1,1,16,0,0.000,0
3.324544,1027.18,1023.80,1,1,17,0,0.000,0
3.325517,1027.86,1025.51,1,1,18,0,0.000,0
3.326490,1028.54,1026.17,1,1,19,0,0.000,0
3.327462,1029.22,1026.30,1,1,20,0,0.000,0
3.328433,1029.90,1027.35,1,1,21,0,0.000,0
3.329404,1030.58,1027.62,1,1,22,0,0.000,0
3.330374,1031.26,1028.81,1,1,23,0,0.000,0
3.331343,1031.94,1028.94,1,1,24,0,0.000,0
3.332312,1032.62,1030.53,1,1,25,0,0.000,0
3.333280,1033.30,1030.53,1,1,26,0,0.000,0
3.334247,1033.97,1031.59,1,1,27,0,0.000,0
3.335214,1034.65,1032.12,1,1,28,0,0.000,0
3.336180,1035.33,1033.06,1,1,29,0,0.000,0
3.337146,1036.00,1033.86,1,1,30,0,0.000,0
3.338111,1036.68,1033.73,1,1,31,0,0.000,0
3.339075,1037.35,1034.79,1,1,32,0,0.000,0
3.340039,1038.03,1035.33,1,1,33,0,0.000,0
3.341002,1038.70,1035.73,1,1,34,0,0.000,0
3.341964,1039.37,1036.54,1,1,35,0,0.000,0
3.342926,1040.05,1037.08,1,1,36,0,0.000,0
3.343887,1040.72,1037.88,1,1,37,0,0.000,0
3.344848,1041.39,1038.02,1,1,38,0,0.000,0
3.345808,1042.06,1038.96,1,1,39,0,0.000,0
3.346767,1042.74,1040.18,1,1,40,0,0.000,0
3.347726,1043.41,1040.58,1,1,41,0,0.000,0
3.348684,1044.08,1041.80,1,1,42,0,0.000,0
3.349642,1044.75,1041.67,1,1,43,0,0.000,0
3.350598,1045.42,1042.89,1,1,44,0,0.000,0
3.351555,1046.09,1043.71,1,1,45,0,0.000,0
3.352510,1046.76,1043.98,1,1,46,0,0.000,0
3.353465,1047.43,1045.21,1,1,47,0,0.000,0
3.354420,1048.09,1045.07,1,1,48,0,0.000,0
3.355374,1048.76,1046.16,1,1,49,0,0.000,0
3.356327,1049.43,1046.85,1,1,50,0,0.000,0
3.357279,1050.10,1047.26,1,1,51,0,0.000,0
3.358231,1050.76,1048.08,1,1,52,0,0.000,0
3.359183,1051.43,1048.63,1,1,53,0,0.000,0
3.360133,1052.09,1049.87,1,1,54,0,0.000,0
3.361084,1052.76,1050.01,1,1,55,0,0.000,0
3.362033,1053.42,1050.70,1,1,56,0,0.000,0
3.362982,1054.09,1051.11,1,1,57,0,0.000,0
3.365826,1056.08,1052.19,1,1,0,1,0.000,0
3.366772,1056.74,1053.74,1,1,1,1,0.000,0
3.367718,1057.40,1053.96,1,1,2,1,0.000,0
3.368664,1058.06,1054.52,1,1,3,1,0.000,0
3.369608,1058.73,1055.19,1,1,4,1,0.000,0
3.370553,1059.39,1056.30,1,1,5,1,0.000,0
3.371496,1060.05,1057.08,1,1,6,1,0.000,0
3.372439,1060.71,1057.53,1,1,7,1,0.000,0
3.373382,1061.37,1058.76,1,1,8,1,0.000,0
3.374324,1062.03,1059.32,1,1,9,1,0.000,0
3.375265,1062.69,1059.88,1,1,10,1,0.000,0
3.376206,1063.34,1060.45,1,1,11,1,0.000,0
3.377146,1064.00,1061.43,1,1,12,1,0.000,0
3.378086,1064.66,1061.57,1,1,13,1,0.000,0
3.379024,1065.32,1062.28,1,1,14,1,0.000,0
3.379963,1065.97,1063.26,1,1,15,1,0.000,0
3.380901,1066.63,1064.25,1,1,16,1,0.000,0
3.381838,1067.29,1064.68,1,1,17,1,0.000,0
3.382775,1067.94,1064.96,1,1,18,1,0.000,0
3.383711,1068.60,1066.24,1,1,19,1,0.000,0
3.384646,1069.25,1066.95,1,1,20,1,0.000,0
3.385581,1069.91,1067.38,1,1,21,1,0.000,0
3.386516,1070.56,1067.81,1,1,22,1,0.000,0
3.387449,1071.21,1068.80,1,1,23,1,0.000,0
3.388383,1071.87,1069.66,1,1,24,1,0.000,0
3.389315,1072.52,1069.66,1,1,25,1,0.000,0
3.390247,1073.17,1071.09,1,1,26,1,0.000,0
3.391179,1073.82,1070.95,1,1,27,1,0.000,0
3.392110,1074.48,1071.81,1,1,28,1,0.000,0
3.393040,1075.13,1072.10,1,1,29,1,0.000,0
3.393970,1075.78,1073.11,1,1,30,1,0.000,0
3.394899,1076.43,1073.83,1,1,31,1,0.000,0
3.395828,1077.08,1074.11,1,1,32,1,0.000,0
3.396756,1077.73,1074.55,1,1,33,1,0.000,0
3.397684,1078.38,1076.14,1,1,34,1,0.000,0
3.398611,1079.03,1076.43,1,1,35,1,0.000,0
3.399537,1079.68,1076.43,1,1,36,1,0.000,0
3.400463,1080.32,1077.59,1,1,37,1,0.000,0
3.401389,1080.97,1078.17,1,1,38,1,0.000,0
3.402313,1081.62,1079.19,1,1,39,1,0.000,0
3.403238,1082.27,1079.62,1,1,40,1,0.000,0
3.404161,1082.91,1081.23,1,1,41,1,0.000,0
3.405085,1083.56,1080.79,1,1,42,1,0.000,0
3.406007,1084.20,1082.10,1,1,43,1,0.000,0
3.406929,1084.85,1082.25,1,1,44,1,0.000,0
3.407851,1085.49,1083.13,1,1,45,1,0.000,0
3.408772,1086.14,1084.60,1,1,46,1,0.000,0
3.409692,1086.78,1084.01,1,1,47,1,0.000,0
3.410612,1087.43,1085.04,1,1,48,1,0.000,0
3.411531,1088.07,1085.33,1,1,49,1,0.000,0
3.412450,1088.71,1085.63,1,1,50,1,0.000,0
3.413368,1089.36,1086.96,1,1,51,1,0.000,0
3.414286,1090.00,1087.55,1,1,52,1,0.000,0
3.415203,1090.64,1088.29,1,1,53,1,0.000,0
3.416120,1091.28,1088.44,1,1,54,1,0.000,0
3.417036,1091.92,1089.62,1,1,55,1,0.000,0
3.417952,1092.57,1089.32,1,1,56,1,0.000,0
3.418867,1093.21,1090.66,1,1,57,1,0.000,0
3.421608,1095.13,1092.18,1,1,0,0,0.000,0
3.422521,1095.76,1092.18,1,1,1,0,0.000,0
3.423434,1096.40,1093.61,1,1,2,0,0.000,0
3.424345,1097.04,1093.61,1,1,3,0,0.000,0
3.425257,1097.68,1094.09,1,1,4,0,0.000,0
3.426167,1098.32,1094.93,1,1,5,0,0.000,0
3.427078,1098.95,1096.13,1,1,6,0,0.000,0
3.427987,1099.59,1096.13,1,1,7,0,0.000,0
3.428896,1100.23,1097.85,1,1,8,0,0.000,0
3.429805,1100.86,1098.60,1,1,9,0,0.000,0
3.430713,1101.50,1098.90,1,1,10,0,0.000,0
3.431621,1102.13,1099.96,1,1,11,0,0.000,0
3.432528,1102.77,1100.72,1,1,12,0,0.000,0
3.433434,1103.40,1101.47,1,1,13,0,0.000,0
3.434340,1104.04,1101.62,1,1,14,0,0.000,0
3.435246,1104.67,1102.54,1,1,15,0,0.000,0
3.436151,1105.31,1102.84,1,1,16,0,0.000,0
3.437055,1105.94,1103.30,1,1,17,0,0.000,0
3.437959,1106.57,1103.75,1,1,18,0,0.000,0
3.438863,1107.20,1104.21,1,1,19,0,0.000,0
3.439766,1107.84,1105.12,1,1,20,0,0.000,0
3.440668,1108.47,1105.74,1,1,21,0,0.000,0
3.441570,1109.10,1106.35,1,1,22,0,0.000,0
3.442471,1109.73,1107.27,1,1,23,0,0.000,0
3.443372,1110.36,1107.27,1,1,24,0,0.000,0
3.444273,1110.99,1108.65,1,1,25,0,0.000,0
3.445172,1111.62,1109.72,1,1,26,0,0.000,0
3.446072,1112.25,1109.88,1,1,27,0,0.000,0
3.446971,1112.88,1110.49,1,1,28,0,0.000,0
3.447869,1113.51,1110.65,1,1,29,0,0.000,0
3.448767,1114.14,1111.57,1,1,30,0,0.000,0
3.449664,1114.76,1112.19,1,1,31,0,0.000,0
3.450561,1115.39,1113.28,1,1,32,0,0.000,0
3.451457,1116.02,1112.97,1,1,33,0,0.000,0
3.452353,1116.65,1113.43,1,1,34,0,0.000,0
3.453248,1117.27,1114.67,1,1,35,0,0.000,0
3.454143,1117.90,1115.76,1,1,36,0,0.000,0
3.455037,1118.53,1115.45,1,1,37,0,0.000,0
3.455931,1119.15,1117.01,1,1,38,0,0.000,0
3.456824,1119.78,1117.63,1,1,39,0,0.000,0
3.457717,1120.40,1117.32,1,1,40,0,0.000,0
3.458609,1121.03,1119.04,1,1,41,0,0.000,0
3.459501,1121.65,1119.35,1,1,42,0,0.000,0
3.460393,1122.27,1120.13,1,1,43,0,0.000,0
3.461283,1122.90,1119.51,1,1,44,0,0.000,0
3.462174,1123.52,1121.70,1,1,45,0,0.000,0
3.463063,1124.14,1121.55,1,1,46,0,0.000,0
3.463953,1124.77,1121.86,1,1,47,0,0.000,0
3.464842,1125.39,1123.91,1,1,48,0,0.000,0
3.465730,1126.01,1123.75,1,1,49,0,0.000,0
3.466618,1126.63,1124.23,1,1,50,0,0.000,0
3.467505,1127.25,1125.02,1,1,51,0,0.000,0
3.468392,1127.87,1126.13,1,1,52,0,0.000,0
3.469278,1128.49,1125.33,1,1,53,0,0.000,0
3.470164,1129.11,1126.44,1,1,54,0,0.000,0
3.471050,1129.73,1126.92,1,1,55,0,0.000,0
3.471935,1130.35,1127.55,1,1,56,0,0.000,0
3.472819,1130.97,1128.03,1,1,57,0,0.000,0
3.475469,1132.83,1129.69,1,1,0,1,0.000,0
3.476352,1133.45,1130.20,1,1,1,1,0.000,0
3.477234,1134.06,1130.71,1,1,2,1,0.000,0
3.478116,1134.68,1131.86,1,1,3,1,0.000,0
3.478997,1135.30,1132.37,1,1,4,1,0.000,0
3.479877,1135.91,1132.89,1,1,5,1,0.000,0
3.480757,1136.53,1132.89,1,1,6,1,0.000,0
3.481637,1137.15,1134.43,1,1,7,1,0.000,0
3.482516,1137.76,1135.56,1,1,8,1,0.000,0
3.483395,1138.38,1136.04,1,1,9,1,0.000,0
3.484273,1138.99,1136.04,1,1,10,1,0.000,0
3.485151,1139.61,1137.01,1,1,11,1,0.000,0
3.486028,1140.22,1137.66,1,1,12,1,0.000,0
3.486905,1140.83,1138.63,1,1,13,1,0.000,0
3.487781,1141.45,1139.60,1,1,14,1,0.000,0
3.488657,1142.06,1139.28,1,1,15,1,0.000,0
3.489532,1142.67,1139.93,1,1,16,1,0.000,0
3.490407,1143.28,1140.41,1,1,17,1,0.000,0
3.491282,1143.90,1142.37,1,1,18,1,0.000,0
3.492156,1144.51,1142.37,1,1,19,1,0.000,0
3.493029,1145.12,1142.04,1,1,20,1,0.000,0
3.493902,1145.73,1142.86,1,1,21,1,0.000,0
3.494775,1146.34,1143.84,1,1,22,1,0.000,0
3.495647,1146.95,1144.82,1,1,23,1,0.000,0
3.496518,1147.56,1144.82,1,1,24,1,0.000,0
3.497390,1148.17,1146.13,1,1,25,1,0.000,0
3.498260,1148.78,1145.31,1,1,26,1,0.000,0
3.499131,1149.39,1146.95,1,1,27,1,0.000,0
3.500000,1150.00,1147.78,1,1,28,1,0.000,0
3.500870,1150.61,1148.27,1,1,29,1,0.000,0
3.501739,1151.22,1148.27,1,1,30,1,0.000,0
3.502607,1151.82,1149.10,1,1,31,1,0.000,0
3.503475,1152.43,1150.25,1,1,32,1,0.000,0
3.504343,1153.04,1150.42,1,1,33,1,0.000,0
3.505210,1153.65,1151.74,1,1,34,1,0.000,0
3.506076,1154.25,1151.58,1,1,35,1,0.000,0
3.506942,1154.86,1153.07,1,1,36,1,0.000,0
3.507808,1155.46,1153.40,1,1,37,1,0.000,0
3.508673,1156.07,1153.90,1,1,38,1,0.000,0
3.509538,1156.68,1153.90,1,1,39,1,0.000,0
3.510402,1157.28,1155.07,1,1,40,1,0.000,0
3.511266,1157.89,1155.40,1,1,41,1,0.000,0
3.512130,1158.49,1155.74,1,1,42,1,0.000,0
3.512993,1159.09,1156.91,1,1,43,1,0.000,0
3.513855,1159.70,1157.57,1,1,44,1,0.000,0
3.514717,1160.30,1157.91,1,1,45,1,0.000,0
3.515579,1160.90,1158.92,1,1,46,1,0.000,0
3.516440,1161.51,1159.59,1,1,47,1,0.000,0
3.517301,1162.11,1159.42,1,1,48,1,0.000,0
3.518161,1162.71,1160.26,1,1,49,1,0.000,0
3.519021,1163.31,1161.27,1,1,50,1,0.000,0
3.519880,1163.92,1161.78,1,1,51,1,0.000,0
3.520739,1164.52,1161.61,1,1,52,1,0.000,0
3.521598,1165.12,1162.11,1,1,53,1,0.000,0
3.522456,1165.72,1162.79,1,1,54,1,0.000,0
3.523313,1166.32,1163.81,1,1,55,1,0.000,0
3.524170,1166.92,1164.48,1,1,56,1,0.000,0
3.525027,1167.52,1165.16,1,1,57,1,0.000,0
3.527595,1169.32,1166.45,1,1,0,0,0.000,0
3.528450,1169.91,1166.72,1,1,1,0,0.000,0
3.529304,1170.51,1167.54,1,1,2,0,0.000,0
3.530158,1171.11,1167.82,1,1,3,0,0.000,0
3.531012,1171.71,1168.63,1,1,4,0,0.000,0
3.531865,1172.31,1169.04,1,1,5,0,0.000,0
3.532718,1172.90,1169.59,1,1,6,0,0.000,0
3.533570,1173.50,1170.55,1,1,7,0,0.000,0
3.534422,1174.10,1171.65,1,1,8,0,0.000,0
3.535274,1174.69,1172.50,1,1,9,0,0.000,0
3.536125,1175.29,1173.19,1,1,10,0,0.000,0
3.536976,1175.88,1174.57,1,1,11,0,0.000,0
3.537826,1176.48,1174.40,1,1,12,0,0.000,0
3.538676,1177.07,1175.61,1,1,13,0,0.000,0
3.539525,1177.67,1175.26,1,1,14,0,0.000,0
3.540374,1178.26,1175.61,1,1,15,0,0.000,0
3.541222,1178.86,1176.30,1,1,16,0,0.000,0
3.542070,1179.45,1176.64,1,1,17,0,0.000,0
3.542918,1180.04,1177.34,1,1,18,0,0.000,0
3.543765,1180.64,1178.20,1,1,19,0,0.000,0
3.544612,1181.23,1179.25,1,1,20,0,0.000,0
3.545458,1181.82,1178.55,1,1,21,0,0.000,0
3.546304,1182.41,1180.46,1,1,22,0,0.000,0
3.547150,1183.00,1180.46,1,1,23,0,0.000,0
3.547995,1183.60,1181.51,1,1,24,0,0.000,0
3.548840,1184.19,1182.03,1,1,25,0,0.000,0
3.549684,1184.78,1182.21,1,1,26,0,0.000,0
3.550528,1185.37,1182.73,1,1,27,0,0.000,0
3.551371,1185.96,1183.26,1,1,28,0,0.000,0
3.552214,1186.55,1184.83,1,1,29,0,0.000,0
3.553057,1187.14,1185.01,1,1,30,0,0.000,0
3.553899,1187.73,1185.54,1,1,31,0,0.000,0
3.554741,1188.32,1185.71,1,1,32,0,0.000,0
3.555582,1188.91,1185.89,1,1,33,0,0.000,0
3.556423,1189.50,1187.47,1,1,34,0,0.000,0
3.557263,1190.08,1187.65,1,1,35,0,0.000,0
3.558103,1190.67,1188.18,1,1,36,0,0.000,0
3.558943,1191.26,1188.88,1,1,37,0,0.000,0
3.559782,1191.85,1189.41,1,1,38,0,0.000,0
3.560621,1192.43,1190.12,1,1,39,0,0.000,0
3.561460,1193.02,1190.48,1,1,40,0,0.000,0
3.562298,1193.61,1191.72,1,1,41,0,0.000,0
3.563135,1194.19,1191.72,1,1,42,0,0.000,0
3.563972,1194.78,1192.43,1,1,43,0,0.000,0
3.564809,1195.37,1192.78,1,1,44,0,0.000,0
3.565645,1195.95,1193.14,1,1,45,0,0.000,0
3.566481,1196.54,1194.39,1,1,46,0,0.000,0
3.567317,1197.12,1195.46,1,1,47,0,0.000,0
3.568152,1197.71,1195.28,1,1,48,0,0.000,0
3.568987,1198.29,1195.46,1,1,49,0,0.000,0
3.569821,1198.87,1196.17,1,1,50,0,0.000,0
3.570655,1199.46,1197.43,1,1,51,0,0.000,0
3.571489,1200.04,1197.60,1,1,52,0,0.000,0
3.572322,1200.62,1198.86,1,1,53,0,0.000,0
3.573154,1201.21,1198.68,1,1,54,0,0.000,0
3.573987,1201.79,1199.40,1,1,55,0,0.000,0
3.574818,1202.37,1200.66,1,1,56,0,0.000,0
3.575650,1202.95,1201.20,1,1,57,0,0.000,0
3.578142,1204.70,1201.92,1,1,0,1,0.000,0
3.578972,1205.28,1202.50,1,1,1,1,0.000,0
3.579801,1205.86,1203.66,1,1,2,1,0.000,0
3.580630,1206.44,1203.08,1,1,3,1,0.000,0
3.581459,1207.02,1204.09,1,1,4,1,0.000,0
3.582287,1207.60,1204.38,1,1,5,1,0.000,0
3.583115,1208.18,1205.11,1,1,6,1,0.000,0
3.583943,1208.76,1206.42,1,1,7,1,0.000,0
3.584770,1209.34,1207.18,1,1,8,1,0.000,0
3.585597,1209.92,1206.64,1,1,9,1,0.000,0
3.586423,1210.50,1207.91,1,1,10,1,0.000,0
3.587249,1211.07,1208.46,1,1,11,1,0.000,0
3.588074,1211.65,1209.19,1,1,12,1,0.000,0
3.588899,1212.23,1209.74,1,1,13,1,0.000,0
3.589724,1212.81,1210.84,1,1,14,1,0.000,0
3.590549,1213.38,1210.47,1,1,15,1,0.000,0
3.591373,1213.96,1211.57,1,1,16,1,0.000,0
3.592196,1214.54,1212.67,1,1,17,1,0.000,0
3.593019,1215.11,1212.49,1,1,18,1,0.000,0
3.593842,1215.69,1213.96,1,1,19,1,0.000,0
3.594664,1216.26,1214.14,1,1,20,1,0.000,0
3.595486,1216.84,1214.33,1,1,21,1,0.000,0
3.596308,1217.41,1215.07,1,1,22,1,0.000,0
3.597129,1217.99,1215.44,1,1,23,1,0.000,0
3.597950,1218.57,1216.36,1,1,24,1,0.000,0
3.598770,1219.14,1216.92,1,1,25,1,0.000,0
3.599591,1219.71,1217.47,1,1,26,1,0.000,0
3.600410,1220.29,1218.03,1,1,27,1,0.000,0
3.601229,1220.86,1218.40,1,1,28,1,0.000,0
3.602048,1221.43,1219.51,1,1,29,1,0.000,0
3.602867,1222.01,1219.14,1,1,30,1,0.000,0
3.603685,1222.58,1220.81,1,1,31,1,0.000,0
3.604503,1223.15,1220.81,1,1,32,1,0.000,0
3.605320,1223.72,1221.56,1,1,33,1,0.000,0
3.606137,1224.30,1222.31,1,1,34,1,0.000,0
3.606954,1224.87,1222.31,1,1,35,1,0.000,0
3.607770,1225.44,1223.62,1,1,36,1,0.000,0
3.608586,1226.01,1223.80,1,1,37,1,0.000,0
3.609401,1226.58,1224.18,1,1,38,1,0.000,0
3.610216,1227.15,1224.18,1,1,39,1,0.000,0
3.611031,1227.72,1225.68,1,1,40,1,0.000,0
3.611845,1228.29,1225.87,1,1,41,1,0.000,0
3.612659,1228.86,1226.43,1,1,42,1,0.000,0
3.613473,1229.43,1226.81,1,1,43,1,0.000,0
3.614286,1230.00,1227.56,1,1,44,1,0.000,0
3.615099,1230.57,1228.69,1,1,45,1,0.000,0
3.615911,1231.14,1228.88,1,1,46,1,0.000,0
3.616723,1231.71,1229.45,1,1,47,1,0.000,0
3.617535,1232.27,1230.20,1,1,48,1,0.000,0
3.618346,1232.84,1230.58,1,1,49,1,0.000,0
3.619157,1233.41,1230.77,1,1,50,1,0.000,0
3.619968,1233.98,1232.67,1,1,51,1,0.000,0
3.620778,1234.54,1232.29,1,1,52,1,0.000,0
3.621588,1235.11,1232.48,1,1,53,1,0.000,0
3.622397,1235.68,1233.43,1,1,54,1,0.000,0
3.623207,1236.24,1234.76,1,1,55,1,0.000,0
3.624015,1236.81,1234.19,1,1,56,1,0.000,0
3.624824,1237.38,1235.52,1,1,57,1,0.000,0
3.627246,1239.07,1236.55,1,1,0,0,0.000,0
3.628053,1239.64,1236.40,1,1,1,0,0.000,0
3.628860,1240.20,1237.01,1,1,2,0,0.000,0
3.629666,1240.77,1237.62,1,1,3,0,0.000,0
3.630472,1241.33,1238.70,1,1,4,0,0.000,0
3.631277,1241.89,1238.70,1,1,5,0,0.000,0
3.632082,1242.46,1239.62,1,1,6,0,0.000,0
3.632887,1243.02,1239.77,1,1,7,0,0.000,0
3.633691,1243.58,1241.27,1,1,8,0,0.000,0
3.634495,1244.15,1241.85,1,1,9,0,0.000,0
3.635299,1244.71,1242.81,1,1,10,0,0.000,0
3.636102,1245.27,1242.81,1,1,11,0,0.000,0
3.636905,1245.83,1243.59,1,1,12,0,0.000,0
3.637707,1246.39,1244.17,1,1,13,0,0.000,0
3.638509,1246.96,1244.56,1,1,14,0,0.000,0
3.639311,1247.52,1245.52,1,1,15,0,0.000,0
3.640113,1248.08,1246.11,1,1,16,0,0.000,0
3.640914,1248.64,1245.91,1,1,17,0,0.000,0
3.641714,1249.20,1246.69,1,1,18,0,0.000,0
3.642515,1249.76,1247.47,1,1,19,0,0.000,0
3.643315,1250.32,1248.24,1,1,20,0,0.000,0
3.644114,1250.88,1248.83,1,1,21,0,0.000,0
3.644914,1251.44,1249.22,1,1,22,0,0.000,0
3.645712,1252.00,1249.61,1,1,23,0,0.000,0
3.646511,1252.56,1249.41,1,1,24,0,0.000,0
3.647309,1253.12,1251.56,1,1,25,0,0.000,0
3.648107,1253.67,1251.76,1,1,26,0,0.000,0
3.648904,1254.23,1252.74,1,1,27,0,0.000,0
3.649702,1254.79,1252.54,1,1,28,0,0.000,0
3.650498,1255.35,1252.74,1,1,29,0,0.000,0
3.651295,1255.91,1254.12,1,1,30,0,0.000,0
3.652091,1256.46,1254.51,1,1,31,0,0.000,0
3.652887,1257.02,1255.49,1,1,32,0,0.000,0
3.653682,1257.58,1255.30,1,1,33,0,0.000,0
3.654477,1258.13,1255.49,1,1,34,0,0.000,0
3.655272,1258.69,1255.69,1,1,35,0,0.000,0
3.656066,1259.25,1257.47,1,1,36,0,0.000,0
3.656860,1259.80,1257.27,1,1,37,0,0.000,0
3.657653,1260.36,1257.66,1,1,38,0,0.000,0
3.658447,1260.91,1258.46,1,1,39,0,0.000,0
3.659240,1261.47,1259.05,1,1,40,0,0.000,0
3.660032,1262.02,1259.64,1,1,41,0,0.000,0
3.660824,1262.58,1260.24,1,1,42,0,0.000,0
3.661616,1263.13,1260.84,1,1,43,0,0.000,0
3.662408,1263.68,1261.03,1,1,44,0,0.000,0
3.663199,1264.24,1262.43,1,1,45,0,0.000,0
3.663990,1264.79,1262.83,1,1,46,0,0.000,0
3.664780,1265.35,1263.42,1,1,47,0,0.000,0
3.665570,1265.90,1263.02,1,1,48,0,0.000,0
3.666360,1266.45,1264.42,1,1,49,0,0.000,0
3.667149,1267.00,1265.22,1,1,50,0,0.000,0
3.667939,1267.56,1266.02,1,1,51,0,0.000,0
3.668727,1268.11,1266.02,1,1,52,0,0.000,0
3.669516,1268.66,1266.62,1,1,53,0,0.000,0
3.670304,1269.21,1267.03,1,1,54,0,0.000,0
3.671092,1269.76,1267.23,1,1,55,0,0.000,0
3.671879,1270.31,1268.83,1,1,56,0,0.000,0
3.672666,1270.87,1268.43,1,1,57,0,0.000,0
3.675025,1272.52,1269.52,1,1,0,1,0.000,0
3.675811,1273.07,1270.16,1,1,1,1,0.000,0
3.676596,1273.62,1270.65,1,1,2,1,0.000,0
3.677381,1274.17,1270.81,1,1,3,1,0.000,0
3.678166,1274.72,1271.62,1,1,4,1,0.000,0
3.678950,1275.26,1272.43,1,1,5,1,0.000,0
3.679734,1275.81,1272.91,1,1,6,1,0.000,0
3.680518,1276.36,1273.72,1,1,7,1,0.000,0
3.681301,1276.91,1274.70,1,1,8,1,0.000,0
3.682084,1277.46,1275.10,1,1,9,1,0.000,0
3.682867,1278.01,1275.51,1,1,10,1,0.000,0
3.683649,1278.55,1276.32,1,1,11,1,0.000,0
3.684431,1279.10,1277.34,1,1,12,1,0.000,0
3.685212,1279.65,1277.75,1,1,13,1,0.000,0
3.685994,1280.20,1277.96,1,1,14,1,0.000,0
3.686775,1280.74,1277.96,1,1,15,1,0.000,0
3.687555,1281.29,1279.18,1,1,16,1,0.000,0
3.688336,1281.83,1279.59,1,1,17,1,0.000,0
3.689116,1282.38,1280.61,1,1,18,1,0.000,0
3.689895,1282.93,1281.23,1,1,19,1,0.000,0
3.690674,1283.47,1281.02,1,1,20,1,0.000,0
3.691453,1284.02,1281.64,1,1,21,1,0.000,0
3.692232,1284.56,1282.87,1,1,22,1,0.000,0
3.693010,1285.11,1283.90,1,1,23,1,0.000,0
3.693788,1285.65,1283.70,1,1,24,1,0.000,0
3.694566,1286.20,1284.32,1,1,25,1,0.000,0
3.695343,1286.74,1284.52,1,1,26,1,0.000,0
3.696120,1287.28,1285.35,1,1,27,1,0.000,0
3.696897,1287.83,1286.17,1,1,28,1,0.000,0
3.697673,1288.37,1286.17,1,1,29,1,0.000,0
3.698449,1288.91,1286.79,1,1,30,1,0.000,0
3.699225,1289.46,1287.21,1,1,31,1,0.000,0
3.700000,1290.00,1288.04,1,1,32,1,0.000,0
3.700775,1290.54,1288.24,1,1,33,1,0.000,0
3.701550,1291.08,1288.45,1,1,34,1,0.000,0
3.702325,1291.63,1289.91,1,1,35,1,0.000,0
3.703099,1292.17,1290.11,1,1,36,1,0.000,0
3.703872,1292.71,1290.74,1,1,37,1,0.000,0
3.704646,1293.25,1290.74,1,1,38,1,0.000,0
3.705419,1293.79,1291.16,1,1,39,1,0.000,0
3.706192,1294.33,1291.99,1,1,40,1,0.000,0
3.706964,1294.87,1292.41,1,1,41,1,0.000,0
3.707736,1295.42,1293.45,1,1,42,1,0.000,0
3.708508,1295.95,1292.41,1,1,43,1,0.000,0
3.709279,1296.50,1294.29,1,1,44,1,0.000,0
3.710051,1297.03,1294.71,1,1,45,1,0.000,0
3.710821,1297.57,1295.76,1,1,46,1,0.000,0
3.711592,1298.11,1295.76,1,1,47,1,0.000,0
3.712362,1298.65,1296.81,1,1,48,1,0.000,0
3.713132,1299.19,1297.44,1,1,49,1,0.000,0
3.713901,1299.73,1297.86,1,1,50,1,0.000,0
3.714671,1300.27,1298.49,1,1,51,1,0.000,0
3.715440,1300.81,1298.07,1,1,52,1,0.000,0
3.716208,1301.35,1298.49,1,1,53,1,0.000,0
3.716976,1301.88,1299.55,1,1,54,1,0.000,0
3.717744,1302.42,1300.60,1,1,55,1,0.000,0
3.718512,1302.96,1300.39,1,1,56,1,0.000,0
3.719279,1303.50,1301.66,1,1,57,1,0.000,0
3.721580,1305.11,1302.08,1,1,0,0,0.000,0
3.722346,1305.64,1303.44,1,1,1,0,0.000,0
3.723111,1306.18,1303.44,1,1,2,0,0.000,0
3.723877,1306.71,1304.12,1,1,3,0,0.000,0
3.724642,1307.25,1304.46,1,1,4,0,0.000,0
3.725407,1307.78,1304.97,1,1,5,0,0.000,0
3.726171,1308.32,1305.48,1,1,6,0,0.000,0
3.726935,1308.85,1306.34,1,1,7,0,0.000,0
3.727699,1309.39,1307.19,1,1,8,0,0.000,0
3.728463,1309.92,1307.62,1,1,9,0,0.000,0
3.729226,1310.46,1307.83,1,1,10,0,0.000,0
3.729989,1310.99,1309.54,1,1,11,0,0.000,0
3.730752,1311.53,1309.11,1,1,12,0,0.000,0
3.731514,1312.06,1309.76,1,1,13,0,0.000,0
3.732276,1312.59,1311.05,1,1,14,0,0.000,0
3.733038,1313.13,1310.40,1,1,15,0,0.000,0
3.733799,1313.66,1311.91,1,1,16,0,0.000,0
3.734560,1314.19,1312.12,1,1,17,0,0.000,0
3.735321,1314.72,1313.20,1,1,18,0,0.000,0
3.736081,1315.26,1312.98,1,1,19,0,0.000,0
3.736841,1315.79,1314.71,1,1,20,0,0.000,0
3.737601,1316.32,1314.49,1,1,21,0,0.000,0
3.738361,1316.85,1314.71,1,1,22,0,0.000,0
3.739120,1317.38,1315.14,1,1,23,0,0.000,0
3.739879,1317.92,1315.79,1,1,24,0,0.000,0
3.740638,1318.45,1316.44,1,1,25,0,0.000,0
3.741396,1318.98,1316.87,1,1,26,0,0.000,0
3.742154,1319.51,1317.09,1,1,27,0,0.000,0
3.742912,1320.04,1316.87,1,1,28,0,0.000,0
3.743669,1320.57,1318.39,1,1,29,0,0.000,0
3.744426,1321.10,1319.04,1,1,30,0,0.000,0
3.745183,1321.63,1319.26,1,1,31,0,0.000,0
3.745939,1322.16,1319.70,1,1,32,0,0.000,0
3.746696,1322.69,1320.79,1,1,33,0,0.000,0
3.747452,1323.22,1321.00,1,1,34,0,0.000,0
3.748207,1323.74,1322.10,1,1,35,0,0.000,0
3.748962,1324.27,1322.10,1,1,36,0,0.000,0
3.749717,1324.80,1322.53,1,1,37,0,0.000,0
3.750472,1325.33,1322.97,1,1,38,0,0.000,0
3.751226,1325.86,1324.50,1,1,39,0,0.000,0
3.751981,1326.39,1324.28,1,1,40,0,0.000,0
3.752734,1326.91,1324.06,1,1,41,0,0.000,0
3.753488,1327.44,1325.38,1,1,42,0,0.000,0
3.754241,1327.97,1325.82,1,1,43,0,0.000,0
3.754994,1328.50,1327.14,1,1,44,0,0.000,0
3.755746,1329.02,1327.58,1,1,45,0,0.000,0
3.756499,1329.55,1327.14,1,1,46,0,0.000,0
3.757251,1330.07,1327.36,1,1,47,0,0.000,0
3.758002,1330.60,1328.46,1,1,48,0,0.000,0
3.758754,1331.13,1329.35,1,1,49,0,0.000,0
3.759505,1331.65,1330.01,1,1,50,0,0.000,0
3.760256,1332.18,1330.23,1,1,51,0,0.000,0
3.761006,1332.70,1330.23,1,1,52,0,0.000,0
3.761756,1333.23,1330.45,1,1,53,0,0.000,0
3.762506,1333.75,1331.56,1,1,54,0,0.000,0
3.763256,1334.28,1332.89,1,1,55,0,0.000,0
3.764005,1334.80,1333.33,1,1,56,0,0.000,0
3.764754,1335.33,1333.56,1,1,57,0,0.000,0
3.767000,1336.90,1334.40,1,1,0,1,0.000,0
3.767747,1337.42,1334.22,1,1,1,1,0.000,0
3.768495,1337.95,1335.47,1,1,2,1,0.000,0
3.769242,1338.47,1336.54,1,1,3,1,0.000,0
3.769989,1338.99,1336.36,1,1,4,1,0.000,0
3.770736,1339.51,1336.01,1,1,5,1,0.000,0
3.771482,1340.04,1337.26,1,1,6,1,0.000,0
3.772228,1340.56,1337.79,1,1,7,1,0.000,0
3.772974,1341.08,1338.46,1,1,8,1,0.000,0
3.773720,1341.60,1340.26,1,1,9,1,0.000,0
3.774465,1342.12,1340.03,1,1,10,1,0.000,0
3.775210,1342.65,1339.14,1,1,11,1,0.000,0
3.775955,1343.17,1340.71,1,1,12,1,0.000,0
3.776699,1343.69,1342.51,1,1,13,1,0.000,0
3.777443,1344.21,1342.06,1,1,14,1,0.000,0
3.778187,1344.73,1342.51,1,1,15,1,0.000,0
3.778930,1345.25,1342.51,1,1,16,1,0.000,0
3.779674,1345.77,1342.73,1,1,17,1,0.000,0
3.780416,1346.29,1343.63,1,1,18,1,0.000,0
3.781159,1346.81,1345.44,1,1,19,1,0.000,0
3.781901,1347.33,1345.44,1,1,20,1,0.000,0
3.782643,1347.85,1345.22,1,1,21,1,0.000,0
3.783385,1348.37,1346.35,1,1,22,1,0.000,0
3.784127,1348.89,1347.03,1,1,23,1,0.000,0
3.784868,1349.41,1348.16,1,1,24,1,0.000,0
3.785609,1349.93,1348.85,1,1,25,1,0.000,0
3.786350,1350.44,1348.39,1,1,26,1,0.000,0
3.787090,1350.96,1348.62,1,1,27,1,0.000,0
3.787830,1351.48,1350.21,1,1,28,1,0.000,0
3.788570,1352.00,1349.98,1,1,29,1,0.000,0
3.789309,1352.52,1350.67,1,1,30,1,0.000,0
3.790048,1353.03,1351.12,1,1,31,1,0.000,0
3.790787,1353.55,1351.35,1,1,32,1,0.000,0
3.791526,1354.07,1351.58,1,1,33,1,0.000,0
3.792264,1354.58,1352.95,1,1,34,1,0.000,0
3.793003,1355.10,1353.18,1,1,35,1,0.000,0
3.793740,1355.62,1353.41,1,1,36,1,0.000,0
3.794478,1356.13,1354.33,1,1,37,1,0.000,0
3.795215,1356.65,1354.55,1,1,38,1,0.000,0
3.795952,1357.17,1355.24,1,1,39,1,0.000,0
3.796689,1357.68,1355.24,1,1,40,1,0.000,0
3.797425,1358.20,1356.62,1,1,41,1,0.000,0
3.798161,1358.71,1356.62,1,1,42,1,0.000,0
3.798897,1359.23,1357.54,1,1,43,1,0.000,0
3.799633,1359.74,1357.54,1,1,44,1,0.000,0
3.800368,1360.26,1358.70,1,1,45,1,0.000,0
3.801103,1360.77,1358.93,1,1,46,1,0.000,0
3.801838,1361.29,1358.23,1,1,47,1,0.000,0
3.802572,1361.80,1359.85,1,1,48,1,0.000,0
3.803306,1362.31,1360.08,1,1,49,1,0.000,0
3.804040,1362.83,1361.01,1,1,50,1,0.000,0
3.804774,1363.34,1360.54,1,1,51,1,0.000,0
3.805507,1363.85,1361.47,1,1,52,1,0.000,0
3.806240,1364.37,1361.70,1,1,53,1,0.000,0
3.806973,1364.88,1362.63,1,1,54,1,0.000,0
3.807706,1365.39,1364.26,1,1,55,1,0.000,0
3.808438,1365.91,1364.49,1,1,56,1,0.000,0
3.809170,1366.42,1363.79,1,1,57,1,0.000,0
3.811364,1367.95,1364.82,1,1,0,0,0.000,0
3.812095,1368.47,1366.31,1,1,1,0,0.000,0
3.812826,1368.98,1365.93,1,1,2,0,0.000,0
3.813556,1369.49,1367.24,1,1,3,0,0.000,0
3.814286,1370.00,1367.61,1,1,4,0,0.000,0
3.815016,1370.51,1367.61,1,1,5,0,0.000,0
3.815745,1371.02,1367.80,1,1,6,0,0.000,0
3.816475,1371.53,1369.49,1,1,7,0,0.000,0
3.817204,1372.04,1370.10,1,1,8,0,0.000,0
3.817932,1372.55,1370.33,1,1,9,0,0.000,0
3.818661,1373.06,1371.74,1,1,10,0,0.000,0
3.819389,1373.57,1371.51,1,1,11,0,0.000,0
3.820117,1374.08,1371.51,1,1,12,0,0.000,0
3.820844,1374.59,1372.45,1,1,13,0,0.000,0
3.821572,1375.10,1373.63,1,1,14,0,0.000,0
3.822299,1375.61,1373.15,1,1,15,0,0.000,0
3.823026,1376.12,1374.57,1,1,16,0,0.000,0
3.823752,1376.63,1375.04,1,1,17,0,0.000,0
3.824479,1377.13,1375.04,1,1,18,0,0.000,0
3.825205,1377.64,1375.52,1,1,19,0,0.000,0
3.825930,1378.15,1376.23,1,1,20,0,0.000,0
3.826656,1378.66,1376.94,1,1,21,0,0.000,0
3.827381,1379.17,1377.17,1,1,22,0,0.000,0
3.828106,1379.67,1377.65,1,1,23,0,0.000,0
3.828831,1380.18,1378.60,1,1,24,0,0.000,0
3.829555,1380.69,1378.12,1,1,25,0,0.000,0
3.830279,1381.20,1379.31,1,1,26,0,0.000,0
3.831003,1381.70,1379.07,1,1,27,0,0.000,0
3.831727,1382.21,1380.26,1,1,28,0,0.000,0
3.832450,1382.71,1380.74,1,1,29,0,0.000,0
3.833173,1383.22,1380.98,1,1,30,0,0.000,0
3.833896,1383.73,1382.41,1,1,31,0,0.000,0
3.834618,1384.23,1381.69,1,1,32,0,0.000,0
3.835341,1384.74,1383.13,1,1,33,0,0.000,0
3.836063,1385.24,1382.89,1,1,34,0,0.000,0
3.836785,1385.75,1384.32,1,1,35,0,0.000,0
3.837506,1386.25,1384.32,1,1,36,0,0.000,0
3.838227,1386.76,1384.80,1,1,37,0,0.000,0
3.838948,1387.26,1385.04,1,1,38,0,0.000,0
3.839669,1387.77,1385.52,1,1,39,0,0.000,0
3.840389,1388.27,1386.24,1,1,40,0,0.000,0
3.841110,1388.78,1386.48,1,1,41,0,0.000,0
3.841830,1389.28,1386.96,1,1,42,0,0.000,0
3.842549,1389.78,1387.44,1,1,43,0,0.000,0
3.843269,1390.29,1388.17,1,1,44,0,0.000,0
3.843988,1390.79,1388.41,1,1,45,0,0.000,0
3.844707,1391.29,1389.85,1,1,46,0,0.000,0
3.845425,1391.80,1390.34,1,1,47,0,0.000,0
3.846144,1392.30,1390.58,1,1,48,0,0.000,0
3.846862,1392.80,1390.58,1,1,49,0,0.000,0
3.847580,1393.31,1391.55,1,1,50,0,0.000,0
3.848297,1393.81,1391.79,1,1,51,0,0.000,0
3.849015,1394.31,1392.03,1,1,52,0,0.000,0
3.849732,1394.81,1392.52,1,1,53,0,0.000,0
3.850448,1395.31,1392.76,1,1,54,0,0.000,0
3.851165,1395.81,1392.52,1,1,55,0,0.000,0
3.851881,1396.32,1393.49,1,1,56,0,0.000,0
3.852597,1396.82,1395.19,1,1,57,0,0.000,0
3.854744,1398.32,1396.06,1,1,0,1,0.000,0
3.855459,1398.82,1396.26,1,1,1,1,0.000,0
3.856174,1399.32,1396.45,1,1,2,1,0.000,0
3.856888,1399.82,1397.43,1,1,3,1,0.000,0
3.857602,1400.32,1398.21,1,1,4,1,0.000,0
3.858316,1400.82,1398.80,1,1,5,1,0.000,0
3.859030,1401.32,1399.38,1,1,6,1,0.000,0
3.859744,1401.82,1398.80,1,1,7,1,0.000,0
3.860457,1402.32,1400.07,1,1,8,1,0.000,0
3.861170,1402.82,1401.30,1,1,9,1,0.000,0
3.861883,1403.32,1401.79,1,1,10,1,0.000,0
3.862595,1403.82,1402.28,1,1,11,1,0.000,0
3.863307,1404.31,1401.54,1,1,12,1,0.000,0
3.864019,1404.81,1402.77,1,1,13,1,0.000,0
3.864731,1405.31,1402.52,1,1,14,1,0.000,0
3.865442,1405.81,1404.00,1,1,15,1,0.000,0
3.866154,1406.31,1404.99,1,1,16,1,0.000,0
3.866865,1406.80,1404.49,1,1,17,1,0.000,0
3.867575,1407.30,1405.23,1,1,18,1,0.000,0
3.868286,1407.80,1405.23,1,1,19,1,0.000,0
3.868996,1408.30,1406.96,1,1,20,1,0.000,0
3.869706,1408.79,1406.47,1,1,21,1,0.000,0
3.870416,1409.29,1408.45,1,1,22,1,0.000,0
3.871125,1409.79,1408.20,1,1,23,1,0.000,0
3.871834,1410.28,1407.95,1,1,24,1,0.000,0
3.872543,1410.78,1408.45,1,1,25,1,0.000,0
3.873252,1411.28,1409.44,1,1,26,1,0.000,0
3.873960,1411.77,1409.94,1,1,27,1,0.000,0
3.874669,1412.27,1410.44,1,1,28,1,0.000,0
3.875377,1412.76,1411.18,1,1,29,1,0.000,0
3.876084,1413.26,1411.18,1,1,30,1,0.000,0
3.876792,1413.75,1412.43,1,1,31,1,0.000,0
3.877499,1414.25,1412.43,1,1,32,1,0.000,0
3.878206,1414.74,1412.93,1,1,33,1,0.000,0
3.878913,1415.24,1413.18,1,1,34,1,0.000,0
3.879619,1415.73,1413.68,1,1,35,1,0.000,0
3.880325,1416.23,1414.18,1,1,36,1,0.000,0
3.881031,1416.72,1414.93,1,1,37,1,0.000,0
3.881737,1417.22,1415.18,1,1,38,1,0.000,0
3.882442,1417.71,1414.93,1,1,39,1,0.000,0
3.883148,1418.20,1415.93,1,1,40,1,0.000,0
3.883853,1418.70,1417.43,1,1,41,1,0.000,0
3.884557,1419.19,1416.93,1,1,42,1,0.000,0
3.885262,1419.68,1418.19,1,1,43,1,0.000,0
3.885966,1420.18,1418.19,1,1,44,1,0.000,0
3.886670,1420.67,1418.44,1,1,45,1,0.000,0
3.887374,1421.16,1418.19,1,1,46,1,0.000,0
3.888078,1421.65,1418.94,1,1,47,1,0.000,0
3.888781,1422.15,1420.71,1,1,48,1,0.000,0
3.889484,1422.64,1419.95,1,1,49,1,0.000,0
3.890187,1423.13,1421.72,1,1,50,1,0.000,0
3.890889,1423.62,1420.45,1,1,51,1,0.000,0
3.891592,1424.11,1421.97,1,1,52,1,0.000,0
3.892294,1424.61,1422.48,1,1,53,1,0.000,0
3.892995,1425.10,1423.99,1,1,54,1,0.000,0
3.893697,1425.59,1423.74,1,1,55,1,0.000,0
3.894398,1426.08,1423.23,1,1,56,1,0.000,0
3.895099,1426.57,1424.76,1,1,57,1,0.000,0
3.897201,1428.04,1425.31,1,1,0,0,0.000,0
3.897901,1428.53,1426.53,1,1,1,0,0.000,0
3.898601,1429.02,1426.33,1,1,2,0,0.000,0
3.899301,1429.51,1426.94,1,1,3,0,0.000,0
3.900000,1430.00,1427.55,1,1,4,0,0.000,0
3.900700,1430.49,1428.98,1,1,5,0,0.000,0
3.901399,1430.98,1428.78,1,1,6,0,0.000,0
3.902097,1431.47,1429.59,1,1,7,0,0.000,0
3.902796,1431.96,1430.10,1,1,8,0,0.000,0
3.903494,1432.45,1431.64,1,1,9,0,0.000,0
3.904192,1432.93,1431.64,1,1,10,0,0.000,0
3.904890,1433.42,1431.13,1,1,11,0,0.000,0
3.905587,1433.91,1431.38,1,1,12,0,0.000,0
3.906284,1434.40,1432.15,1,1,13,0,0.000,0
3.906982,1434.89,1433.69,1,1,14,0,0.000,0
3.907678,1435.37,1432.92,1,1,15,0,0.000,0
3.908375,1435.86,1433.43,1,1,16,0,0.000,0
3.909071,1436.35,1433.69,1,1,17,0,0.000,0
3.909767,1436.84,1434.21,1,1,18,0,0.000,0
3.910463,1437.32,1435.49,1,1,19,0,0.000,0
3.911159,1437.81,1436.01,1,1,20,0,0.000,0
3.911854,1438.30,1435.75,1,1,21,0,0.000,0
3.912549,1438.78,1436.01,1,1,22,0,0.000,0
3.913244,1439.27,1437.56,1,1,23,0,0.000,0
3.913939,1439.76,1438.33,1,1,24,0,0.000,0
3.914633,1440.24,1438.07,1,1,25,0,0.000,0
3.915328,1440.73,1438.33,1,1,26,0,0.000,0
3.916022,1441.21,1439.37,1,1,27,0,0.000,0
3.916715,1441.70,1440.14,1,1,28,0,0.000,0
3.917409,1442.19,1441.70,1,1,29,0,0.000,0
3.918102,1442.67,1440.66,1,1,30,0,0.000,0
3.918795,1443.16,1440.40,1,1,31,0,0.000,0
3.919488,1443.64,1441.70,1,1,32,0,0.000,0
3.920180,1444.13,1442.48,1,1,33,0,0.000,0
3.920873,1444.61,1443.26,1,1,34,0,0.000,0
3.921565,1445.09,1443.26,1,1,35,0,0.000,0
3.922257,1445.58,1443.52,1,1,36,0,0.000,0
3.922948,1446.06,1443.26,1,1,37,0,0.000,0
3.923640,1446.55,1444.56,1,1,38,0,0.000,0
3.924331,1447.03,1445.35,1,1,39,0,0.000,0
3.925022,1447.52,1445.87,1,1,40,0,0.000,0
3.925713,1448.00,1445.09,1,1,41,0,0.000,0
3.926403,1448.48,1446.65,1,1,42,0,0.000,0
3.927093,1448.97,1447.44,1,1,43,0,0.000,0
3.927784,1449.45,1446.92,1,1,44,0,0.000,0
3.928473,1449.93,1447.70,1,1,45,0,0.000,0
3.929163,1450.41,1448.75,1,1,46,0,0.000,0
3.929852,1450.90,1449.01,1,1,47,0,0.000,0
3.930541,1451.38,1449.28,1,1,48,0,0.000,0
3.931230,1451.86,1450.59,1,1,49,0,0.000,0
3.931919,1452.34,1449.80,1,1,50,0,0.000,0
3.932607,1452.82,1449.80,1,1,51,0,0.000,0
3.933296,1453.31,1451.91,1,1,52,0,0.000,0
3.933984,1453.79,1451.91,1,1,53,0,0.000,0
3.934671,1454.27,1452.70,1,1,54,0,0.000,0
3.935359,1454.75,1452.43,1,1,55,0,0.000,0
3.936046,1455.23,1452.70,1,1,56,0,0.000,0
3.936733,1455.71,1453.75,1,1,57,0,0.000,0
3.938793,1457.15,1455.18,1,1,0,1,0.000,0
3.939479,1457.64,1456.45,1,1,1,1,0.000,0
3.940165,1458.12,1455.60,1,1,2,1,0.000,0
3.940851,1458.59,1456.03,1,1,3,1,0.000,0
3.941536,1459.08,1456.88,1,1,4,1,0.000,0
3.942221,1459.55,1457.73,1,1,5,1,0.000,0
3.942906,1460.03,1457.73,1,1,6,1,0.000,0
3.943591,1460.51,1457.94,1,1,7,1,0.000,0
3.944276,1460.99,1458.79,1,1,8,1,0.000,0
3.944960,1461.47,1458.52,1,1,9,1,0.000,0
3.945644,1461.95,1459.59,1,1,10,1,0.000,0
3.946328,1462.43,1460.39,1,1,11,1,0.000,0
3.947012,1462.91,1460.39,1,1,12,1,0.000,0
3.947695,1463.39,1461.19,1,1,13,1,0.000,0
3.948379,1463.86,1461.99,1,1,14,1,0.000,0
3.949062,1464.34,1463.06,1,1,15,1,0.000,0
3.949744,1464.82,1463.06,1,1,16,1,0.000,0
3.950427,1465.30,1463.86,1,1,17,1,0.000,0
3.951109,1465.78,1463.86,1,1,18,1,0.000,0
3.951791,1466.25,1464.40,1,1,19,1,0.000,0
3.952473,1466.73,1464.93,1,1,20,1,0.000,0
3.953155,1467.21,1465.20,1,1,21,1,0.000,0
3.953837,1467.69,1466.01,1,1,22,1,0.000,0
3.954518,1468.16,1465.47,1,1,23,1,0.000,0
3.955199,1468.64,1467.08,1,1,24,1,0.000,0
3.955880,1469.12,1467.08,1,1,25,1,0.000,0
3.956560,1469.59,1468.16,1,1,26,1,0.000,0
3.957240,1470.07,1468.43,1,1,27,1,0.000,0
3.957921,1470.54,1467.62,1,1,28,1,0.000,0
3.958601,1471.02,1469.24,1,1,29,1,0.000,0
3.959280,1471.50,1470.05,1,1,30,1,0.000,0
3.959960,1471.97,1470.59,1,1,31,1,0.000,0
3.960639,1472.45,1470.86,1,1,32,1,0.000,0
3.961318,1472.92,1471.67,1,1,33,1,0.000,0
3.961997,1473.40,1471.40,1,1,34,1,0.000,0
3.962675,1473.87,1471.67,1,1,35,1,0.000,0
3.963354,1474.35,1473.30,1,1,36,1,0.000,0
3.964032,1474.82,1473.57,1,1,37,1,0.000,0
3.964710,1475.30,1472.75,1,1,38,1,0.000,0
3.965388,1475.77,1473.84,1,1,39,1,0.000,0
3.966065,1476.25,1473.84,1,1,40,1,0.000,0
3.966742,1476.72,1474.11,1,1,41,1,0.000,0
3.967419,1477.19,1476.01,1,1,42,1,0.000,0
3.968096,1477.67,1476.29,1,1,43,1,0.000,0
3.968773,1478.14,1476.01,1,1,44,1,0.000,0
3.969449,1478.61,1476.83,1,1,45,1,0.000,0
3.970126,1479.09,1477.92,1,1,46,1,0.000,0
3.970801,1479.56,1477.38,1,1,47,1,0.000,0
3.971477,1480.03,1477.92,1,1,48,1,0.000,0
3.972153,1480.51,1478.74,1,1,49,1,0.000,0
3.972828,1480.98,1478.47,1,1,50,1,0.000,0
3.973503,1481.45,1479.02,1,1,51,1,0.000,0
3.974178,1481.92,1480.38,1,1,52,1,0.000,0
3.974853,1482.40,1479.56,1,1,53,1,0.000,0
3.975527,1482.87,1479.56,1,1,54,1,0.000,0
3.976202,1483.34,1482.30,1,1,55,1,0.000,0
3.976876,1483.81,1481.76,1,1,56,1,0.000,0
3.977549,1484.28,1481.76,1,1,57,1,0.000,0
3.979570,1485.70,1483.46,1,1,0,0,0.000,0
3.980243,1486.17,1484.56,1,1,1,0,0.000,0
3.980915,1486.64,1484.34,1,1,2,0,0.000,0
3.981588,1487.11,1485.22,1,1,3,0,0.000,0
3.982260,1487.58,1486.10,1,1,4,0,0.000,0
3.982932,1488.05,1485.44,1,1,5,0,0.000,0
3.983604,1488.52,1486.33,1,1,6,0,0.000,0
3.984276,1488.99,1486.99,1,1,7,0,0.000,0
3.984948,1489.46,1487.27,1,1,8,0,0.000,0
3.985619,1489.93,1487.82,1,1,9,0,0.000,0
3.986290,1490.40,1488.37,1,1,10,0,0.000,0
3.986961,1490.87,1487.82,1,1,11,0,0.000,0
3.987631,1491.34,1488.93,1,1,12,0,0.000,0
3.988302,1491.81,1489.48,1,1,13,0,0.000,0
3.988972,1492.28,1491.42,1,1,14,0,0.000,0
3.989642,1492.75,1491.15,1,1,15,0,0.000,0
3.990312,1493.22,1491.70,1,1,16,0,0.000,0
3.990981,1493.69,1491.42,1,1,17,0,0.000,0
3.991651,1494.15,1492.82,1,1,18,0,0.000,0
3.992320,1494.62,1493.37,1,1,19,0,0.000,0
3.992989,1495.09,1493.65,1,1,20,0,0.000,0
3.993658,1495.56,1494.49,1,1,21,0,0.000,0
3.994326,1496.03,1492.82,1,1,22,0,0.000,0
3.994995,1496.50,1494.77,1,1,23,0,0.000,0
3.995663,1496.96,1494.49,1,1,24,0,0.000,0
3.996331,1497.43,1495.89,1,1,25,0,0.000,0
3.996998,1497.90,1495.61,1,1,26,0,0.000,0
3.997666,1498.37,1496.73,1,1,27,0,0.000,0
3.998333,1498.83,1497.01,1,1,28,0,0.000,0
3.999000,1499.30,1496.17,1,1,29,0,0.000,0
3.999667,1499.77,1498.41,1,1,30,0,0.000,0
4.000334,1500.00,1497.85,1,1,31,0,0.000,0
4.001000,1500.00,1499.81,1,1,32,0,0.000,0
4.001667,1500.00,1499.25,1,1,33,0,0.000,0
4.002334,1500.00,1499.81,1,1,34,0,0.000,0
4.003000,1500.00,1500.66,1,1,35,0,0.000,0
4.003667,1500.00,1499.81,1,1,36,0,0.000,0
4.004334,1500.00,1500.94,1,1,37,0,0.000,0
4.005000,1500.00,1499.53,1,1,38,0,0.000,0
4.005667,1500.00,1500.66,1,1,39,0,0.000,0
4.006334,1500.00,1498.97,1,1,40,0,0.000,0
4.007000,1500.00,1499.81,1,1,41,0,0.000,0
4.007667,1500.00,1498.97,1,1,42,0,0.000,0
4.008334,1500.00,1498.69,1,1,43,0,0.000,0
4.009000,1500.00,1499.53,1,1,44,0,0.000,0
4.009667,1500.00,1499.53,1,1,45,0,0.000,0
4.010334,1500.00,1500.38,1,1,46,0,0.000,0
4.011000,1500.00,1500.09,1,1,47,0,0.000,0
4.011667,1500.00,1500.09,1,1,48,0,0.000,0
4.012334,1500.00,1500.66,1,1,49,0,0.000,0
4.013000,1500.00,1501.22,1,1,50,0,0.000,0
4.013667,1500.00,1500.38,1,1,51,0,0.000,0
4.014334,1500.00,1500.38,1,1,52,0,0.000,0
4.015000,1500.00,1500.94,1,1,53,0,0.000,0
4.015667,1500.00,1499.81,1,1,54,0,0.000,0
4.016334,1500.00,1499.81,1,1,55,0,0.000,0
4.017000,1500.00,1500.09,1,1,56,0,0.000,0
4.017667,1500.00,1499.25,1,1,57,0,0.000,0
4.019667,1500.00,1499.48,1,1,0,1,0.000,0
4.020334,1500.00,1500.15,1,1,1,1,0.000,0
4.021000,1500.00,1500.38,1,1,2,1,0.000,0
4.021667,1500.00,1499.70,1,1,3,1,0.000,0
4.022334,1500.00,1500.38,1,1,4,1,0.000,0
4.023000,1500.00,1499.70,1,1,5,1,0.000,0
4.023667,1500.00,1500.60,1,1,6,1,0.000,0
4.024334,1500.00,1499.93,1,1,7,1,0.000,0
4.025000,1500.00,1500.38,1,1,8,1,0.000,0
4.025667,1500.00,1499.53,1,1,9,1,0.000,0
4.026334,1500.00,1499.53,1,1,10,1,0.000,0
4.027000,1500.00,1499.53,1,1,11,1,0.000,0
4.027667,1500.00,1499.81,1,1,12,1,0.000,0
4.028334,1500.00,1500.38,1,1,13,1,0.000,0
4.029000,1500.00,1499.25,1,1,14,1,0.000,0
4.029667,1500.00,1500.09,1,1,15,1,0.000,0
4.030334,1500.00,1499.53,1,1,16,1,0.000,0
4.031000,1500.00,1500.38,1,1,17,1,0.000,0
4.031667,1500.00,1499.81,1,1,18,1,0.000,0
4.032334,1500.00,1499.53,1,1,19,1,0.000,0
4.033000,1500.00,1500.09,1,1,20,1,0.000,0
4.033667,1500.00,1499.81,1,1,21,1,0.000,0
4.034334,1500.00,1500.09,1,1,22,1,0.000,0
4.035000,1500.00,1500.38,1,1,23,1,0.000,0
4.035667,1500.00,1500.38,1,1,24,1,0.000,0
4.036334,1500.00,1499.81,1,1,25,1,0.000,0
4.037000,1500.00,1500.38,1,1,26,1,0.000,0
4.037667,1500.00,1500.94,1,1,27,1,0.000,0
4.038334,1500.00,1500.09,1,1,28,1,0.000,0
4.039000,1500.00,1499.53,1,1,29,1,0.000,0
4.039667,1500.00,1500.09,1,1,30,1,0.000,0
4.040334,1500.00,1500.09,1,1,31,1,0.000,0
4.041000,1500.00,1500.09,1,1,32,1,0.000,0
4.041667,1500.00,1499.81,1,1,33,1,0.000,0
4.042334,1500.00,1499.25,1,1,34,1,0.000,0
4.043000,1500.00,1499.53,1,1,35,1,0.000,0
4.043667,1500.00,1499.53,1,1,36,1,0.000,0
4.044334,1500.00,1499.53,1,1,37,1,0.000,0
4.045000,1500.00,1499.53,1,1,38,1,0.000,0
4.045667,1500.00,1499.25,1,1,39,1,0.000,0
4.046334,1500.00,1499.81,1,1,40,1,0.000,0
4.047000,1500.00,1500.66,1,1,41,1,0.000,0
4.047667,1500.00,1500.94,1,1,42,1,0.000,0
4.048334,1500.00,1500.38,1,1,43,1,0.000,0
4.049000,1500.00,1500.66,1,1,44,1,0.000,0
4.049667,1500.00,1500.94,1,1,45,1,0.000,0
4.050334,1500.00,1499.81,1,1,46,1,0.000,0
4.051000,1500.00,1500.09,1,1,47,1,0.000,0
4.051667,1500.00,1499.53,1,1,48,1,0.000,0
4.052334,1500.00,1499.53,1,1,49,1,0.000,0
4.053000,1500.00,1500.38,1,1,50,1,0.000,0
4.053667,1500.00,1499.81,1,1,51,1,0.000,0
4.054334,1500.00,1499.53,1,1,52,1,0.000,0
4.055000,1500.00,1499.81,1,1,53,1,0.000,0
4.055667,1500.00,1500.94,1,1,54,1,0.000,0
4.056334,1500.00,1501.22,1,1,55,1,0.000,0
4.057000,1500.00,1500.38,1,1,56,1,0.000,0
4.057667,1500.00,1500.09,1,1,57,1,0.000,0
4.059667,1500.00,1499.03,1,1,0,0,0.000,0
4.060334,1500.00,1499.93,1,1,1,0,0.000,0
4.061000,1500.00,1500.15,1,1,2,0,0.000,0
4.061667,1500.00,1500.38,1,1,3,0,0.000,0
4.062334,1500.00,1499.48,1,1,4,0,0.000,0
4.063000,1500.00,1499.25,1,1,5,0,0.000,0
4.063667,1500.00,1499.93,1,1,6,0,0.000,0
4.064334,1500.00,1499.70,1,1,7,0,0.000,0
4.065000,1500.00,1500.38,1,1,8,0,0.000,0
4.065667,1500.00,1500.38,1,1,9,0,0.000,0
4.066334,1500.00,1499.25,1,1,10,0,0.000,0
4.067000,1500.00,1498.97,1,1,11,0,0.000,0
4.067667,1500.00,1500.94,1,1,12,0,0.000,0
4.068334,1500.00,1499.25,1,1,13,0,0.000,0
4.069000,1500.00,1499.81,1,1,14,0,0.000,0
4.069667,1500.00,1500.66,1,1,15,0,0.000,0
4.070334,1500.00,1500.38,1,1,16,0,0.000,0
4.071000,1500.00,1499.25,1,1,17,0,0.000,0
4.071667,1500.00,1501.50,1,1,18,0,0.000,0
4.072334,1500.00,1501.50,1,1,19,0,0.000,0
4.073000,1500.00,1499.25,1,1,20,0,0.000,0
4.073667,1500.00,1500.38,1,1,21,0,0.000,0
4.074334,1500.00,1499.53,1,1,22,0,0.000,0
4.075000,1500.00,1499.81,1,1,23,0,0.000,0
4.075667,1500.00,1498.69,1,1,24,0,0.000,0
4.076334,1500.00,1499.81,1,1,25,0,0.000,0
4.077000,1500.00,1498.97,1,1,26,0,0.000,0
4.077667,1500.00,1499.25,1,1,27,0,0.000,0
4.078334,1500.00,1500.38,1,1,28,0,0.000,0
4.079000,1500.00,1499.53,1,1,29,0,0.000,0
4.079667,1500.00,1500.94,1,1,30,0,0.000,0
4.080334,1500.00,1499.81,1,1,31,0,0.000,0
4.081000,1500.00,1500.94,1,1,32,0,0.000,0
4.081667,1500.00,1500.09,1,1,33,0,0.000,0
4.082334,1500.00,1500.38,1,1,34,0,0.000,0
4.083000,1500.00,1500.09,1,1,35,0,0.000,0
4.083667,1500.00,1500.38,1,1,36,0,0.000,0
4.084334,1500.00,1500.94,1,1,37,0,0.000,0
4.085000,1500.00,1499.53,1,1,38,0,0.000,0
4.085667,1500.00,1499.81,1,1,39,0,0.000,0
4.086334,1500.00,1500.09,1,1,40,0,0.000,0
4.087000,1500.00,1500.09,1,1,41,0,0.000,0
4.087667,1500.00,1499.53,1,1,42,0,0.000,0
4.088334,1500.00,1499.81,1,1,43,0,0.000,0
4.089000,1500.00,1499.53,1,1,44,0,0.000,0
4.089667,1500.00,1499.81,1,1,45,0,0.000,0
4.090334,1500.00,1500.38,1,1,46,0,0.000,0
4.091000,1500.00,1499.81,1,1,47,0,0.000,0
4.091667,1500.00,1499.81,1,1,48,0,0.000,0
4.092334,1500.00,1500.66,1,1,49,0,0.000,0
4.093000,1500.00,1500.09,1,1,50,0,0.000,0
4.093667,1500.00,1500.09,1,1,51,0,0.000,0
4.094334,1500.00,1499.53,1,1,52,0,0.000,0
4.095000,1500.00,1499.81,1,1,53,0,0.000,0
4.095667,1500.00,1500.09,1,1,54,0,0.000,0
4.096334,1500.00,1499.53,1,1,55,0,0.000,0
4.097000,1500.00,1500.94,1,1,56,0,0.000,0
4.097667,1500.00,1499.53,1,1,57,0,0.000,0
4.099667,1500.00,1500.15,1,1,0,1,0.000,0
4.100334,1500.00,1499.93,1,1,1,1,0.000,0
4.101000,1500.00,1500.38,1,1,2,1,0.000,0
4.101667,1500.00,1499.93,1,1,3,1,0.000,0
4.102334,1500.00,1499.70,1,1,4,1,0.000,0
4.103000,1500.00,1500.83,1,1,5,1,0.000,0
4.103667,1500.00,1499.93,1,1,6,1,0.000,0
4.104334,1500.00,1500.60,1,1,7,1,0.000,0
4.105000,1500.00,1499.25,1,1,8,1,0.000,0
4.105667,1500.00,1500.09,1,1,9,1,0.000,0
4.106334,1500.00,1499.81,1,1,10,1,0.000,0
4.107000,1500.00,1500.38,1,1,11,1,0.000,0
4.107667,1500.00,1499.81,1,1,12,1,0.000,0
4.108334,1500.00,1499.81,1,1,13,1,0.000,0
4.109000,1500.00,1498.97,1,1,14,1,0.000,0
4.109667,1500.00,1499.53,1,1,15,1,0.000,0
4.110334,1500.00,1501.22,1,1,16,1,0.000,0
4.111000,1500.00,1500.09,1,1,17,1,0.000,0
4.111667,1500.00,1499.53,1,1,18,1,0.000,0
4.112334,1500.00,1499.53,1,1,19,1,0.000,0
4.113000,1500.00,1500.38,1,1,20,1,0.000,0
4.113667,1500.00,1500.09,1,1,21,1,0.000,0
4.114334,1500.00,1499.81,1,1,22,1,0.000,0
4.115000,1500.00,1500.38,1,1,23,1,0.000,0
4.115667,1500.00,1500.09,1,1,24,1,0.000,0
4.116334,1500.00,1499.53,1,1,25,1,0.000,0
4.117000,1500.00,1499.81,1,1,26,1,0.000,0
4.117667,1500.00,1500.66,1,1,27,1,0.000,0
4.118334,1500.00,1500.38,1,1,28,1,0.000,0
4.119000,1500.00,1500.38,1,1,29,1,0.000,0
4.119667,1500.00,1500.66,1,1,30,1,0.000,0
4.120334,1500.00,1499.53,1,1,31,1,0.000,0
4.121000,1500.00,1499.53,1,1,32,1,0.000,0
4.121667,1500.00,1501.22,1,1,33,1,0.000,0
4.122334,1500.00,1500.09,1,1,34,1,0.000,0
4.123000,1500.00,1500.09,1,1,35,1,0.000,0
4.123667,1500.00,1499.81,1,1,36,1,0.000,0
4.124334,1500.00,1499.53,1,1,37,1,0.000,0
4.125000,1500.00,1500.09,1,1,38,1,0.000,0
4.125667,1500.00,1499.81,1,1,39,1,0.000,0
4.126334,1500.00,1499.53,1,1,40,1,0.000,0
4.127000,1500.00,1499.53,1,1,41,1,0.000,0
4.127667,1500.00,1501.22,1,1,42,1,0.000,0
4.128334,1500.00,1500.09,1,1,43,1,0.000,0
4.129000,1500.00,1499.25,1,1,44,1,0.000,0
4.129667,1500.00,1500.38,1,1,45,1,0.000,0
4.130334,1500.00,1499.53,1,1,46,1,0.000,0
4.131000,1500.00,1499.81,1,1,47,1,0.000,0
4.131667,1500.00,1499.81,1,1,48,1,0.000,0
4.132334,1500.00,1499.81,1,1,49,1,0.000,0
4.133000,1500.00,1499.25,1,1,50,1,0.000,0
4.133667,1500.00,1499.81,1,1,51,1,0.000,0
4.134334,1500.00,1500.38,1,1,52,1,0.000,0
4.135000,1500.00,1500.09,1,1,53,1,0.000,0
4.135667,1500.00,1500.38,1,1,54,1,0.000,0
4.136334,1500.00,1501.22,1,1,55,1,0.000,0
4.137000,1500.00,1501.22,1,1,56,1,0.000,0
4.137667,1500.00,1500.38,1,1,57,1,0.000,0
4.139667,1500.00,1500.60,1,1,0,0,0.000,0
4.140334,1500.00,1499.25,1,1,1,0,0.000,0
4.141000,1500.00,1499.93,1,1,2,0,0.000,0
4.141667,1500.00,1499.93,1,1,3,0,0.000,0
4.142334,1500.00,1500.38,1,1,4,0,0.000,0
4.143000,1500.00,1499.48,1,1,5,0,0.000,0
4.143667,1500.00,1499.48,1,1,6,0,0.000,0
4.144334,1500.00,1499.48,1,1,7,0,0.000,0
4.145000,1500.00,1498.97,1,1,8,0,0.000,0
4.145667,1500.00,1500.09,1,1,9,0,0.000,0
4.146334,1500.00,1500.09,1,1,10,0,0.000,0
4.147000,1500.00,1500.38,1,1,11,0,0.000,0
4.147667,1500.00,1499.25,1,1,12,0,0.000,0
4.148334,1500.00,1499.81,1,1,13,0,0.000,0
4.149000,1500.00,1499.81,1,1,14,0,0.000,0
4.149667,1500.00,1499.81,1,1,15,0,0.000,0
4.150334,1500.00,1500.09,1,1,16,0,0.000,0
4.151000,1500.00,1500.09,1,1,17,0,0.000,0
4.151667,1500.00,1500.09,1,1,18,0,0.000,0
4.152334,1500.00,1499.53,1,1,19,0,0.000,0
4.153000,1500.00,1500.38,1,1,20,0,0.000,0
4.153667,1500.00,1499.81,1,1,21,0,0.000,0
4.154334,1500.00,1499.81,1,1,22,0,0.000,0
4.155000,1500.00,1499.81,1,1,23,0,0.000,0
4.155667,1500.00,1500.66,1,1,24,0,0.000,0
4.156334,1500.00,1500.94,1,1,25,0,0.000,0
4.157000,1500.00,1500.09,1,1,26,0,0.000,0
4.157667,1500.00,1499.81,1,1,27,0,0.000,0
4.158334,1500.00,1499.53,1,1,28,0,0.000,0
4.159000,1500.00,1500.38,1,1,29,0,0.000,0
4.159667,1500.00,1499.81,1,1,30,0,0.000,0
4.160334,1500.00,1500.38,1,1,31,0,0.000,0
4.161000,1500.00,1499.53,1,1,32,0,0.000,0
4.161667,1500.00,1499.53,1,1,33,0,0.000,0
4.162334,1500.00,1499.81,1,1,34,0,0.000,0
4.163000,1500.00,1500.38,1,1,35,0,0.000,0
4.163667,1500.00,1500.66,1,1,36,0,0.000,0
4.164334,1500.00,1500.09,1,1,37,0,0.000,0
4.165000,1500.00,1501.22,1,1,38,0,0.000,0
4.165667,1500.00,1499.81,1,1,39,0,0.000,0
4.166334,1500.00,1500.38,1,1,40,0,0.000,0
4.167000,1500.00,1500.09,1,1,41,0,0.000,0
4.167667,1500.00,1500.09,1,1,42,0,0.000,0
4.168334,1500.00,1499.81,1,1,43,0,0.000,0
4.169000,1500.00,1499.53,1,1,44,0,0.000,0
4.169667,1500.00,1499.81,1,1,45,0,0.000,0
4.170334,1500.00,1499.25,1,1,46,0,0.000,0
4.171000,1500.00,1500.09,1,1,47,0,0.000,0
4.171667,1500.00,1500.09,1,1,48,0,0.000,0
4.172334,1500.00,1500.09,1,1,49,0,0.000,0
4.173000,1500.00,1499.53,1,1,50,0,0.000,0
4.173667,1500.00,1499.53,1,1,51,0,0.000,0
4.174334,1500.00,1499.81,1,1,52,0,0.000,0
4.175000,1500.00,1500.09,1,1,53,0,0.000,0
4.175667,1500.00,1500.38,1,1,54,0,0.000,0
4.176334,1500.00,1501.50,1,1,55,0,0.000,0
4.177000,1500.00,1499.25,1,1,56,0,0.000,0
4.177667,1500.00,1500.09,1,1,57,0,0.000,0
4.179667,1500.00,1500.38,1,1,0,1,0.000,0
4.180334,1500.00,1500.15,1,1,1,1,0.000,0
4.181000,1500.00,1500.38,1,1,2,1,0.000,0
4.181667,1500.00,1500.15,1,1,3,1,0.000,0
4.182334,1500.00,1499.93,1,1,4,1,0.000,0
4.183000,1500.00,1499.25,1,1,5,1,0.000,0
4.183667,1500.00,1500.38,1,1,6,1,0.000,0
4.184334,1500.00,1499.70,1,1,7,1,0.000,0
4.185000,1500.00,1499.81,1,1,8,1,0.000,0
4.185667,1500.00,1499.53,1,1,9,1,0.000,0
4.186334,1500.00,1500.09,1,1,10,1,0.000,0
4.187000,1500.00,1500.09,1,1,11,1,0.000,0
4.187667,1500.00,1500.09,1,1,12,1,0.000,0
4.188334,1500.00,1499.53,1,1,13,1,0.000,0
4.189000,1500.00,1499.81,1,1,14,1,0.000,0
4.189667,1500.00,1500.09,1,1,15,1,0.000,0
4.190334,1500.00,1499.81,1,1,16,1,0.000,0
4.191000,1500.00,1500.38,1,1,17,1,0.000,0
4.191667,1500.00,1499.53,1,1,18,1,0.000,0
4.192334,1500.00,1499.81,1,1,19,1,0.000,0
4.193000,1500.00,1500.38,1,1,20,1,0.000,0
4.193667,1500.00,1499.53,1,1,21,1,0.000,0
4.194334,1500.00,1500.09,1,1,22,1,0.000,0
4.195000,1500.00,1500.09,1,1,23,1,0.000,0
4.195667,1500.00,1500.09,1,1,24,1,0.000,0
4.196334,1500.00,1500.09,1,1,25,1,0.000,0
4.197000,1500.00,1500.09,1,1,26,1,0.000,0
4.197667,1500.00,1500.09,1,1,27,1,0.000,0
4.198334,1500.00,1499.25,1,1,28,1,0.000,0
4.199000,1500.00,1500.09,1,1,29,1,0.000,0
4.199667,1500.00,1500.66,1,1,30,1,0.000,0
4.200334,1500.00,1499.81,1,1,31,1,0.000,0
4.201000,1500.00,1499.81,1,1,32,1,0.000,0
4.201667,1500.00,1499.53,1,1,33,1,0.000,0
4.202334,1500.00,1499.81,1,1,34,1,0.000,0
4.203000,1500.00,1500.09,1,1,35,1,0.000,0
4.203667,1500.00,1499.81,1,1,36,1,0.000,0
4.204334,1500.00,1500.38,1,1,37,1,0.000,0
4.205000,1500.00,1499.81,1,1,38,1,0.000,0
4.205667,1500.00,1499.81,1,1,39,1,0.000,0
4.206334,1500.00,1500.38,1,1,40,1,0.000,0
4.207000,1500.00,1500.94,1,1,41,1,0.000,0
4.207667,1500.00,1500.38,1,1,42,1,0.000,0
4.208334,1500.00,1499.53,1,1,43,1,0.000,0
4.209000,1500.00,1500.38,1,1,44,1,0.000,0
4.209667,1500.00,1500.66,1,1,45,1,0.000,0
4.210334,1500.00,1499.25,1,1,46,1,0.000,0
4.211000,1500.00,1500.38,1,1,47,1,0.000,0
4.211667,1500.00,1500.09,1,1,48,1,0.000,0
4.212334,1500.00,1499.25,1,1,49,1,0.000,0
4.213000,1500.00,1499.53,1,1,50,1,0.000,0
4.213667,1500.00,1500.38,1,1,51,1,0.000,0
4.214334,1500.00,1500.09,1,1,52,1,0.000,0
4.215000,1500.00,1499.81,1,1,53,1,0.000,0
4.215667,1500.00,1500.94,1,1,54,1,0.000,0
4.216334,1500.00,1499.81,1,1,55,1,0.000,0
4.217000,1500.00,1499.53,1,1,56,1,0.000,0
4.217667,1500.00,1500.09,1,1,57,1,0.000,0
4.219667,1500.00,1499.93,1,1,0,0,0.000,0
4.220334,1500.00,1499.25,1,1,1,0,0.000,0
4.221000,1500.00,1499.48,1,1,2,0,0.000,0
4.221667,1500.00,1499.93,1,1,3,0,0.000,0
4.222334,1500.00,1499.70,1,1,4,0,0.000,0
4.223000,1500.00,1500.15,1,1,5,0,0.000,0
4.223667,1500.00,1500.15,1,1,6,0,0.000,0
4.224334,1500.00,1499.93,1,1,7,0,0.000,0
4.225000,1500.00,1500.09,1,1,8,0,0.000,0
4.225667,1500.00,1500.38,1,1,9,0,0.000,0
4.226334,1500.00,1501.22,1,1,10,0,0.000,0
4.227000,1500.00,1499.53,1,1,11,0,0.000,0
4.227667,1500.00,1499.81,1,1,12,0,0.000,0
4.228334,1500.00,1500.66,1,1,13,0,0.000,0
4.229000,1500.00,1500.09,1,1,14,0,0.000,0
4.229667,1500.00,1499.81,1,1,15,0,0.000,0
4.230334,1500.00,1500.66,1,1,16,0,0.000,0
4.231000,1500.00,1500.09,1,1,17,0,0.000,0
4.231667,1500.00,1499.25,1,1,18,0,0.000,0
4.232334,1500.00,1500.09,1,1,19,0,0.000,0
4.233000,1500.00,1499.81,1,1,20,0,0.000,0
4.233667,1500.00,1499.25,1,1,21,0,0.000,0
4.234334,1500.00,1500.38,1,1,22,0,0.000,0
4.235000,1500.00,1500.66,1,1,23,0,0.000,0
4.235667,1500.00,1499.53,1,1,24,0,0.000,0
4.236334,1500.00,1500.38,1,1,25,0,0.000,0
4.237000,1500.00,1499.81,1,1,26,0,0.000,0
4.237667,1500.00,1499.53,1,1,27,0,0.000,0
4.238334,1500.00,1500.09,1,1,28,0,0.000,0
4.239000,1500.00,1499.81,1,1,29,0,0.000,0
4.239667,1500.00,1499.81,1,1,30,0,0.000,0
4.240334,1500.00,1499.25,1,1,31,0,0.000,0
4.241000,1500.00,1500.38,1,1,32,0,0.000,0
4.241667,1500.00,1499.53,1,1,33,0,0.000,0
4.242334,1500.00,1499.25,1,1,34,0,0.000,0
4.243000,1500.00,1501.22,1,1,35,0,0.000,0
4.243667,1500.00,1500.09,1,1,36,0,0.000,0
4.244334,1500.00,1500.09,1,1,37,0,0.000,0
4.245000,1500.00,1500.38,1,1,38,0,0.000,0
4.245667,1500.00,1500.38,1,1,39,0,0.000,0
4.246334,1500.00,1500.09,1,1,40,0,0.000,0
4.247000,1500.00,1500.38,1,1,41,0,0.000,0
4.247667,1500.00,1501.22,1,1,42,0,0.000,0
4.248334,1500.00,1499.25,1,1,43,0,0.000,0
4.249000,1500.00,1499.53,1,1,44,0,0.000,0
4.249667,1500.00,1500.38,1,1,45,0,0.000,0
4.250334,1500.00,1498.97,1,1,46,0,0.000,0
4.251000,1500.00,1500.66,1,1,47,0,0.000,0
4.251667,1500.00,1500.38,1,1,48,0,0.000,0
4.252334,1500.00,1499.25,1,1,49,0,0.000,0
4.253000,1500.00,1498.97,1,1,50,0,0.000,0
4.253667,1500.00,1500.38,1,1,51,0,0.000,0
4.254334,1500.00,1500.38,1,1,52,0,0.000,0
4.255000,1500.00,1499.53,1,1,53,0,0.000,0
4.255667,1500.00,1499.81,1,1,54,0,0.000,0
4.256334,1500.00,1499.25,1,1,55,0,0.000,0
4.257000,1500.00,1499.81,1,1,56,0,0.000,0
4.257667,1500.00,1500.38,1,1,57,0,0.000,0
4.259667,1500.00,1500.38,1,1,0,1,0.000,0
4.260334,1500.00,1499.48,1,1,1,1,0.000,0
4.261000,1500.00,1499.48,1,1,2,1,0.000,0
4.261667,1500.00,1500.60,1,1,3,1,0.000,0
4.262334,1500.00,1501.05,1,1,4,1,0.000,0
4.263000,1500.00,1499.93,1,1,5,1,0.000,0
4.263667,1500.00,1500.15,1,1,6,1,0.000,0
4.264334,1500.00,1499.93,1,1,7,1,0.000,0
4.265000,1500.00,1500.94,1,1,8,1,0.000,0
4.265667,1500.00,1499.53,1,1,9,1,0.000,0
4.266334,1500.00,1500.94,1,1,10,1,0.000,0
4.267000,1500.00,1498.69,1,1,11,1,0.000,0
4.267667,1500.00,1499.53,1,1,12,1,0.000,0
4.268334,1500.00,1500.09,1,1,13,1,0.000,0
4.269000,1500.00,1499.25,1,1,14,1,0.000,0
4.269667,1500.00,1500.38,1,1,15,1,0.000,0
4.270334,1500.00,1498.97,1,1,16,1,0.000,0
4.271000,1500.00,1500.66,1,1,17,1,0.000,0
4.271667,1500.00,1499.25,1,1,18,1,0.000,0
4.272334,1500.00,1500.66,1,1,19,1,0.000,0
4.273000,1500.00,1499.81,1,1,20,1,0.000,0
4.273667,1500.00,1500.09,1,1,21,1,0.000,0
4.274334,1500.00,1500.38,1,1,22,1,0.000,0
4.275000,1500.00,1500.38,1,1,23,1,0.000,0
4.275667,1500.00,1500.66,1,1,24,1,0.000,0
4.276334,1500.00,1499.25,1,1,25,1,0.000,0
4.277000,1500.00,1500.38,1,1,26,1,0.000,0
4.277667,1500.00,1500.09,1,1,27,1,0.000,0
4.278334,1500.00,1500.38,1,1,28,1,0.000,0
4.279000,1500.00,1500.38,1,1,29,1,0.000,0
4.279667,1500.00,1499.53,1,1,30,1,0.000,0
4.280334,1500.00,1499.53,1,1,31,1,0.000,0
4.281000,1500.00,1499.53,1,1,32,1,0.000,0
4.281667,1500.00,1500.94,1,1,33,1,0.000,0
4.282334,1500.00,1500.66,1,1,34,1,0.000,0
4.283000,1500.00,1500.94,1,1,35,1,0.000,0
4.283667,1500.00,1500.09,1,1,36,1,0.000,0
4.284334,1500.00,1500.66,1,1,37,1,0.000,0
4.285000,1500.00,1500.38,1,1,38,1,0.000,0
4.285667,1500.00,1500.38,1,1,39,1,0.000,0
4.286334,1500.00,1500.66,1,1,40,1,0.000,0
4.287000,1500.00,1499.81,1,1,41,1,0.000,0
4.287667,1500.00,1499.81,1,1,42,1,0.000,0
4.288334,1500.00,1499.25,1,1,43,1,0.000,0
4.289000,1500.00,1499.81,1,1,44,1,0.000,0
4.289667,1500.00,1500.09,1,1,45,1,0.000,0
4.290334,1500.00,1499.81,1,1,46,1,0.000,0
4.291000,1500.00,1500.09,1,1,47,1,0.000,0
4.291667,1500.00,1499.81,1,1,48,1,0.000,0
4.292334,1500.00,1500.38,1,1,49,1,0.000,0
4.293000,1500.00,1499.81,1,1,50,1,0.000,0
4.293667,1500.00,1500.09,1,1,51,1,0.000,0
4.294334,1500.00,1499.53,1,1,52,1,0.000,0
4.295000,1500.00,1499.53,1,1,53,1,0.000,0
4.295667,1500.00,1499.81,1,1,54,1,0.000,0
4.296334,1500.00,1499.25,1,1,55,1,0.000,0
4.297000,1500.00,1499.53,1,1,56,1,0.000,0
4.297667,1500.00,1500.09,1,1,57,1,0.000,0
4.299667,1500.00,1500.38,1,1,0,0,0.000,0
4.300334,1500.00,1499.03,1,1,1,0,0.000,0
4.301000,1500.00,1500.38,1,1,2,0,0.000,0
4.301667,1500.00,1499.70,1,1,3,0,0.000,0
4.302334,1500.00,1500.15,1,1,4,0,0.000,0
4.303000,1500.00,1500.83,1,1,5,0,0.000,0
4.303667,1500.00,1499.93,1,1,6,0,0.000,0
4.304334,1500.00,1499.93,1,1,7,0,0.000,0
4.305000,1500.00,1499.25,1,1,8,0,0.000,0
4.305667,1500.00,1500.94,1,1,9,0,0.000,0
4.306334,1500.00,1499.81,1,1,10,0,0.000,0
4.307000,1500.00,1500.09,1,1,11,0,0.000,0
4.307667,1500.00,1500.66,1,1,12,0,0.000,0
4.308334,1500.00,1499.53,1,1,13,0,0.000,0
4.309000,1500.00,1500.66,1,1,14,0,0.000,0
4.309667,1500.00,1500.94,1,1,15,0,0.000,0
4.310334,1500.00,1499.81,1,1,16,0,0.000,0
4.311000,1500.00,1499.53,1,1,17,0,0.000,0
4.311667,1500.00,1499.81,1,1,18,0,0.000,0
4.312334,1500.00,1500.09,1,1,19,0,0.000,0
4.313000,1500.00,1499.25,1,1,20,0,0.000,0
4.313667,1500.00,1499.53,1,1,21,0,0.000,0
4.314334,1500.00,1499.81,1,1,22,0,0.000,0
4.315000,1500.00,1498.97,1,1,23,0,0.000,0
4.315667,1500.00,1501.22,1,1,24,0,0.000,0
4.316334,1500.00,1500.09,1,1,25,0,0.000,0
4.317000,1500.00,1500.94,1,1,26,0,0.000,0
4.317667,1500.00,1500.38,1,1,27,0,0.000,0
4.318334,1500.00,1499.81,1,1,28,0,0.000,0
4.319000,1500.00,1499.81,1,1,29,0,0.000,0
4.319667,1500.00,1499.81,1,1,30,0,0.000,0
4.320334,1500.00,1499.53,1,1,31,0,0.000,0
4.321000,1500.00,1499.53,1,1,32,0,0.000,0
4.321667,1500.00,1499.81,1,1,33,0,0.000,0
4.322334,1500.00,1499.25,1,1,34,0,0.000,0
4.323000,1500.00,1499.25,1,1,35,0,0.000,0
4.323667,1500.00,1500.94,1,1,36,0,0.000,0
4.324334,1500.00,1499.81,1,1,37,0,0.000,0
4.325000,1500.00,1500.09,1,1,38,0,0.000,0
4.325667,1500.00,1500.94,1,1,39,0,0.000,0
4.326334,1500.00,1499.25,1,1,40,0,0.000,0
4.327000,1500.00,1500.66,1,1,41,0,0.000,0
4.327667,1500.00,1499.81,1,1,42,0,0.000,0
4.328334,1500.00,1499.81,1,1,43,0,0.000,0
4.329000,1500.00,1499.53,1,1,44,0,0.000,0
4.329667,1500.00,1500.38,1,1,45,0,0.000,0
4.330334,1500.00,1499.53,1,1,46,0,0.000,0
4.331000,1500.00,1499.53,1,1,47,0,0.000,0
4.331667,1500.00,1500.38,1,1,48,0,0.000,0
4.332334,1500.00,1499.81,1,1,49,0,0.000,0
4.333000,1500.00,1500.66,1,1,50,0,0.000,0
4.333667,1500.00,1500.09,1,1,51,0,0.000,0
4.334334,1500.00,1499.81,1,1,52,0,0.000,0
4.335000,1500.00,1500.09,1,1,53,0,0.000,0
4.335667,1500.00,1500.38,1,1,54,0,0.000,0
4.336334,1500.00,1499.81,1,1,55,0,0.000,0
4.337000,1500.00,1499.53,1,1,56,0,0.000,0
4.337667,1500.00,1499.81,1,1,57,0,0.000,0
4.339667,1500.00,1499.25,1,1,0,1,0.000,0
4.340334,1500.00,1499.93,1,1,1,1,0.000,0
4.341000,1500.00,1500.15,1,1,2,1,0.000,0
4.341667,1500.00,1499.93,1,1,3,1,0.000,0
4.342334,1500.00,1499.93,1,1,4,1,0.000,0
4.343000,1500.00,1500.60,1,1,5,1,0.000,0
4.343667,1500.00,1500.60,1,1,6,1,0.000,0
4.344334,1500.00,1500.60,1,1,7,1,0.000,0
4.345000,1500.00,1500.38,1,1,8,1,0.000,0
4.345667,1500.00,1500.94,1,1,9,1,0.000,0
4.346334,1500.00,1500.09,1,1,10,1,0.000,0
4.347000,1500.00,1500.66,1,1,11,1,0.000,0
4.347667,1500.00,1499.81,1,1,12,1,0.000,0
4.348334,1500.00,1499.53,1,1,13,1,0.000,0
4.349000,1500.00,1499.81,1,1,14,1,0.000,0
4.349667,1500.00,1499.25,1,1,15,1,0.000,0
4.350334,1500.00,1500.38,1,1,16,1,0.000,0
4.351000,1500.00,1499.53,1,1,17,1,0.000,0
4.351667,1500.00,1499.53,1,1,18,1,0.000,0
4.352334,1500.00,1500.38,1,1,19,1,0.000,0
4.353000,1500.00,1500.09,1,1,20,1,0.000,0
4.353667,1500.00,1500.09,1,1,21,1,0.000,0
4.354334,1500.00,1500.09,1,1,22,1,0.000,0
4.355000,1500.00,1500.09,1,1,23,1,0.000,0
4.355667,1500.00,1499.81,1,1,24,1,0.000,0
4.356334,1500.00,1500.09,1,1,25,1,0.000,0
4.357000,1500.00,1500.38,1,1,26,1,0.000,0
4.357667,1500.00,1498.97,1,1,27,1,0.000,0
4.358334,1500.00,1500.38,1,1,28,1,0.000,0
4.359000,1500.00,1500.66,1,1,29,1,0.000,0
4.359667,1500.00,1499.25,1,1,30,1,0.000,0
4.360334,1500.00,1500.09,1,1,31,1,0.000,0
4.361000,1500.00,1500.09,1,1,32,1,0.000,0
4.361667,1500.00,1499.81,1,1,33,1,0.000,0
4.362334,1500.00,1499.81,1,1,34,1,0.000,0
4.363000,1500.00,1500.38,1,1,35,1,0.000,0
4.363667,1500.00,1500.38,1,1,36,1,0.000,0
4.364334,1500.00,1498.69,1,1,37,1,0.000,0
4.365000,1500.00,1500.09,1,1,38,1,0.000,0
4.365667,1500.00,1500.38,1,1,39,1,0.000,0
4.366334,1500.00,1499.81,1,1,40,1,0.000,0
4.367000,1500.00,1499.81,1,1,41,1,0.000,0
4.367667,1500.00,1499.81,1,1,42,1,0.000,0
4.368334,1500.00,1499.25,1,1,43,1,0.000,0
4.369000,1500.00,1499.53,1,1,44,1,0.000,0
4.369667,1500.00,1500.66,1,1,45,1,0.000,0
4.370334,1500.00,1500.66,1,1,46,1,0.000,0
4.371000,1500.00,1499.53,1,1,47,1,0.000,0
4.371667,1500.00,1499.81,1,1,48,1,0.000,0
4.372334,1500.00,1499.81,1,1,49,1,0.000,0
4.373000,1500.00,1500.66,1,1,50,1,0.000,0
4.373667,1500.00,1501.22,1,1,51,1,0.000,0
4.374334,1500.00,1499.53,1,1,52,1,0.000,0
4.375000,1500.00,1498.97,1,1,53,1,0.000,0
4.375667,1500.00,1500.09,1,1,54,1,0.000,0
4.376334,1500.00,1500.66,1,1,55,1,0.000,0
4.377000,1500.00,1499.81,1,1,56,1,0.000,0
4.377667,1500.00,1500.66,1,1,57,1,0.000,0
4.379667,1500.00,1499.03,1,1,0,0,0.000,0
4.380334,1500.00,1499.70,1,1,1,0,0.000,0
4.381000,1500.00,1500.15,1,1,2,0,0.000,0
4.381667,1500.00,1500.15,1,1,3,0,0.000,0
4.382334,1500.00,1499.48,1,1,4,0,0.000,0
4.383000,1500.00,1499.48,1,1,5,0,0.000,0
4.383667,1500.00,1500.38,1,1,6,0,0.000,0
4.384334,1500.00,1500.38,1,1,7,0,0.000,0
4.385000,1500.00,1500.38,1,1,8,0,0.000,0
4.385667,1500.00,1499.81,1,1,9,0,0.000,0
4.386334,1500.00,1500.94,1,1,10,0,0.000,0
4.387000,1500.00,1500.09,1,1,11,0,0.000,0
4.387667,1500.00,1500.38,1,1,12,0,0.000,0
4.388334,1500.00,1500.38,1,1,13,0,0.000,0
4.389000,1500.00,1499.53,1,1,14,0,0.000,0
4.389667,1500.00,1499.53,1,1,15,0,0.000,0
4.390334,1500.00,1500.38,1,1,16,0,0.000,0
4.391000,1500.00,1499.25,1,1,17,0,0.000,0
4.391667,1500.00,1498.97,1,1,18,0,0.000,0
4.392334,1500.00,1500.94,1,1,19,0,0.000,0
4.393000,1500.00,1500.66,1,1,20,0,0.000,0
4.393667,1500.00,1499.81,1,1,21,0,0.000,0
4.394334,1500.00,1500.66,1,1,22,0,0.000,0
4.395000,1500.00,1499.25,1,1,23,0,0.000,0
4.395667,1500.00,1499.81,1,1,24,0,0.000,0
4.396334,1500.00,1500.66,1,1,25,0,0.000,0
4.397000,1500.00,1500.09,1,1,26,0,0.000,0
4.397667,1500.00,1499.25,1,1,27,0,0.000,0
4.398334,1500.00,1498.97,1,1,28,0,0.000,0
4.399000,1500.00,1500.38,1,1,29,0,0.000,0
4.399667,1500.00,1499.81,1,1,30,0,0.000,0
4.400334,1500.00,1500.38,1,1,31,0,0.000,0
4.401000,1500.00,1500.38,1,1,32,0,0.000,0
4.401667,1500.00,1500.38,1,1,33,0,0.000,0
4.402334,1500.00,1500.38,1,1,34,0,0.000,0
4.403000,1500.00,1499.53,1,1,35,0,0.000,0
4.403667,1500.00,1500.94,1,1,36,0,0.000,0
4.404334,1500.00,1500.09,1,1,37,0,0.000,0
4.405000,1500.00,1500.09,1,1,38,0,0.000,0
4.405667,1500.00,1500.09,1,1,39,0,0.000,0
4.406334,1500.00,1499.81,1,1,40,0,0.000,0
4.407000,1500.00,1500.09,1,1,41,0,0.000,0
4.407667,1500.00,1499.53,1,1,42,0,0.000,0
4.408334,1500.00,1500.38,1,1,43,0,0.000,0
4.409000,1500.00,1498.97,1,1,44,0,0.000,0
4.409667,1500.00,1500.09,1,1,45,0,0.000,0
4.410334,1500.00,1499.25,1,1,46,0,0.000,0
4.411000,1500.00,1500.94,1,1,47,0,0.000,0
4.411667,1500.00,1499.53,1,1,48,0,0.000,0
4.412334,1500.00,1499.25,1,1,49,0,0.000,0
4.413000,1500.00,1499.81,1,1,50,0,0.000,0
4.413667,1500.00,1500.09,1,1,51,0,0.000,0
4.414334,1500.00,1500.94,1,1,52,0,0.000,0
4.415000,1500.00,1499.81,1,1,53,0,0.000,0
4.415667,1500.00,1500.66,1,1,54,0,0.000,0
4.416334,1500.00,1499.25,1,1,55,0,0.000,0
4.417000,1500.00,1500.94,1,1,56,0,0.000,0
4.417667,1500.00,1500.38,1,1,57,0,0.000,0
4.419667,1500.00,1500.38,1,1,0,1,0.000,0
4.420334,1500.00,1500.15,1,1,1,1,0.000,0
4.421000,1500.00,1499.70,1,1,2,1,0.000,0
4.421667,1500.00,1499.93,1,1,3,1,0.000,0
4.422334,1500.00,1499.93,1,1,4,1,0.000,0
4.423000,1500.00,1499.70,1,1,5,1,0.000,0
4.423667,1500.00,1499.93,1,1,6,1,0.000,0
4.424334,1500.00,1499.48,1,1,7,1,0.000,0
4.425000,1500.00,1499.81,1,1,8,1,0.000,0
4.425667,1500.00,1500.09,1,1,9,1,0.000,0
4.426334,1500.00,1499.81,1,1,10,1,0.000,0
4.427000,1500.00,1499.25,1,1,11,1,0.000,0
4.427667,1500.00,1499.53,1,1,12,1,0.000,0
4.428334,1500.00,1499.81,1,1,13,1,0.000,0
4.429000,1500.00,1500.66,1,1,14,1,0.000,0
4.429667,1500.00,1501.22,1,1,15,1,0.000,0
4.430334,1500.00,1500.09,1,1,16,1,0.000,0
4.431000,1500.00,1499.81,1,1,17,1,0.000,0
4.431667,1500.00,1500.94,1,1,18,1,0.000,0
4.432334,1500.00,1499.81,1,1,19,1,0.000,0
4.433000,1500.00,1499.53,1,1,20,1,0.000,0
4.433667,1500.00,1499.81,1,1,21,1,0.000,0
4.434334,1500.00,1499.25,1,1,22,1,0.000,0
4.435000,1500.00,1500.09,1,1,23,1,0.000,0
4.435667,1500.00,1500.38,1,1,24,1,0.000,0
4.436334,1500.00,1500.94,1,1,25,1,0.000,0
4.437000,1500.00,1498.97,1,1,26,1,0.000,0
4.437667,1500.00,1501.22,1,1,27,1,0.000,0
4.438334,1500.00,1500.94,1,1,28,1,0.000,0
4.439000,1500.00,1501.22,1,1,29,1,0.000,0
4.439667,1500.00,1500.09,1,1,30,1,0.000,0
4.440334,1500.00,1499.53,1,1,31,1,0.000,0
4.441000,1500.00,1499.81,1,1,32,1,0.000,0
4.441667,1500.00,1498.69,1,1,33,1,0.000,0
4.442334,1500.00,1500.38,1,1,34,1,0.000,0
4.443000,1500.00,1499.53,1,1,35,1,0.000,0
4.443667,1500.00,1500.09,1,1,36,1,0.000,0
4.444334,1500.00,1499.25,1,1,37,1,0.000,0
4.445000,1500.00,1500.38,1,1,38,1,0.000,0
4.445667,1500.00,1499.53,1,1,39,1,0.000,0
4.446334,1500.00,1499.25,1,1,40,1,0.000,0
4.447000,1500.00,1500.94,1,1,41,1,0.000,0
4.447667,1500.00,1499.81,1,1,42,1,0.000,0
4.448334,1500.00,1499.25,1,1,43,1,0.000,0
4.449000,1500.00,1499.81,1,1,44,1,0.000,0
4.449667,1500.00,1500.09,1,1,45,1,0.000,0
4.450334,1500.00,1499.53,1,1,46,1,0.000,0
4.451000,1500.00,1500.09,1,1,47,1,0.000,0
4.451667,1500.00,1500.94,1,1,48,1,0.000,0
4.452334,1500.00,1499.81,1,1,49,1,0.000,0
4.453000,1500.00,1500.38,1,1,50,1,0.000,0
4.453667,1500.00,1500.66,1,1,51,1,0.000,0
4.454334,1500.00,1499.81,1,1,52,1,0.000,0
4.455000,1500.00,1500.09,1,1,53,1,0.000,0
4.455667,1500.00,1499.81,1,1,54,1,0.000,0
4.456334,1500.00,1500.09,1,1,55,1,0.000,0
4.457000,1500.00,1499.53,1,1,56,1,0.000,0
4.457667,1500.00,1499.81,1,1,57,1,0.000,0
4.459667,1500.00,1499.48,1,1,0,0,0.000,0
4.460334,1500.00,1499.70,1,1,1,0,0.000,0
4.461000,1500.00,1499.93,1,1,2,0,0.000,0
4.461667,1500.00,1499.93,1,1,3,0,0.000,0
4.462334,1500.00,1499.93,1,1,4,0,0.000,0
4.463000,1500.00,1499.93,1,1,5,0,0.000,0
4.463667,1500.00,1500.38,1,1,6,0,0.000,0
4.464334,1500.00,1500.15,1,1,7,0,0.000,0
4.465000,1500.00,1499.53,1,1,8,0,0.000,0
4.465667,1500.00,1499.81,1,1,9,0,0.000,0
4.466334,1500.00,1500.66,1,1,10,0,0.000,0
4.467000,1500.00,1500.38,1,1,11,0,0.000,0
4.467667,1500.00,1499.81,1,1,12,0,0.000,0
4.468334,1500.00,1499.81,1,1,13,0,0.000,0
4.469000,1500.00,1500.09,1,1,14,0,0.000,0
4.469667,1500.00,1500.09,1,1,15,0,0.000,0
4.470334,1500.00,1500.38,1,1,16,0,0.000,0
4.471000,1500.00,1500.66,1,1,17,0,0.000,0
4.471667,1500.00,1499.81,1,1,18,0,0.000,0
4.472334,1500.00,1499.81,1,1,19,0,0.000,0
4.473000,1500.00,1499.81,1,1,20,0,0.000,0
4.473667,1500.00,1500.66,1,1,21,0,0.000,0
4.474334,1500.00,1499.53,1,1,22,0,0.000,0
4.475000,1500.00,1500.38,1,1,23,0,0.000,0
4.475667,1500.00,1500.38,1,1,24,0,0.000,0
4.476334,1500.00,1499.53,1,1,25,0,0.000,0
4.477000,1500.00,1499.81,1,1,26,0,0.000,0
4.477667,1500.00,1499.81,1,1,27,0,0.000,0
4.478334,1500.00,1499.81,1,1,28,0,0.000,0
4.479000,1500.00,1499.25,1,1,29,0,0.000,0
4.479667,1500.00,1500.66,1,1,30,0,0.000,0
4.480334,1500.00,1498.97,1,1,31,0,0.000,0
4.481000,1500.00,1500.38,1,1,32,0,0.000,0
4.481667,1500.00,1500.66,1,1,33,0,0.000,0
4.482334,1500.00,1500.09,1,1,34,0,0.000,0
4.483000,1500.00,1499.81,1,1,35,0,0.000,0
4.483667,1500.00,1500.66,1,1,36,0,0.000,0
4.484334,1500.00,1500.66,1,1,37,0,0.000,0
4.485000,1500.00,1499.53,1,1,38,0,0.000,0
4.485667,1500.00,1499.81,1,1,39,0,0.000,0
4.486334,1500.00,1500.09,1,1,40,0,0.000,0
4.487000,1500.00,1499.81,1,1,41,0,0.000,0
4.487667,1500.00,1499.81,1,1,42,0,0.000,0
4.488334,1500.00,1500.09,1,1,43,0,0.000,0
4.489000,1500.00,1500.09,1,1,44,0,0.000,0
4.489667,1500.00,1499.25,1,1,45,0,0.000,0
4.490334,1500.00,1499.81,1,1,46,0,0.000,0
4.491000,1500.00,1500.94,1,1,47,0,0.000,0
4.491667,1500.00,1499.53,1,1,48,0,0.000,0
4.492334,1500.00,1499.81,1,1,49,0,0.000,0
4.493000,1500.00,1500.38,1,1,50,0,0.000,0
4.493667,1500.00,1500.66,1,1,51,0,0.000,0
4.494334,1500.00,1499.25,1,1,52,0,0.000,0
4.495000,1500.00,1500.38,1,1,53,0,0.000,0
4.495667,1500.00,1500.09,1,1,54,0,0.000,0
4.496334,1500.00,1498.97,1,1,55,0,0.000,0
4.497000,1500.00,1499.81,1,1,56,0,0.000,0
4.497667,1500.00,1499.81,1,1,57,0,0.000,0
4.499667,1500.00,1499.93,1,1,0,1,0.000,0
4.500334,1500.00,1499.48,1,1,1,1,0.000,0
4.501000,1500.00,1500.83,1,1,2,1,0.000,0
4.501667,1500.00,1500.38,1,1,3,1,0.000,0
4.502334,1500.00,1499.70,1,1,4,1,0.000,0
4.503000,1500.00,1500.60,1,1,5,1,0.000,0
4.503667,1500.00,1500.38,1,1,6,1,0.000,0
4.504334,1500.00,1499.93,1,1,7,1,0.000,0
4.505000,1500.00,1499.81,1,1,8,1,0.000,0
4.505667,1500.00,1500.66,1,1,9,1,0.000,0
4.506334,1500.00,1499.81,1,1,10,1,0.000,0
4.507000,1500.00,1500.09,1,1,11,1,0.000,0
4.507667,1500.00,1500.09,1,1,12,1,0.000,0
4.508334,1500.00,1500.09,1,1,13,1,0.000,0
4.509000,1500.00,1500.38,1,1,14,1,0.000,0
4.509667,1500.00,1499.81,1,1,15,1,0.000,0
4.510334,1500.00,1499.81,1,1,16,1,0.000,0
4.511000,1500.00,1499.81,1,1,17,1,0.000,0
4.511667,1500.00,1500.38,1,1,18,1,0.000,0
4.512334,1500.00,1499.53,1,1,19,1,0.000,0
4.513000,1500.00,1500.09,1,1,20,1,0.000,0
4.513667,1500.00,1500.09,1,1,21,1,0.000,0
4.514334,1500.00,1498.69,1,1,22,1,0.000,0
4.515000,1500.00,1499.81,1,1,23,1,0.000,0
4.515667,1500.00,1500.38,1,1,24,1,0.000,0
4.516334,1500.00,1500.09,1,1,25,1,0.000,0
4.517000,1500.00,1500.09,1,1,26,1,0.000,0
4.517667,1500.00,1500.94,1,1,27,1,0.000,0
4.518334,1500.00,1500.94,1,1,28,1,0.000,0
4.519000,1500.00,1499.81,1,1,29,1,0.000,0
4.519667,1500.00,1500.38,1,1,30,1,0.000,0
4.520334,1500.00,1500.38,1,1,31,1,0.000,0
4.521000,1500.00,1499.81,1,1,32,1,0.000,0
4.521667,1500.00,1499.25,1,1,33,1,0.000,0
4.522334,1500.00,1498.69,1,1,34,1,0.000,0
4.523000,1500.00,1498.69,1,1,35,1,0.000,0
4.523667,1500.00,1498.97,1,1,36,1,0.000,0
4.524334,1500.00,1499.81,1,1,37,1,0.000,0
4.525000,1500.00,1499.81,1,1,38,1,0.000,0
4.525667,1500.00,1500.66,1,1,39,1,0.000,0
4.526334,1500.00,1500.38,1,1,40,1,0.000,0
4.527000,1500.00,1500.38,1,1,41,1,0.000,0
4.527667,1500.00,1500.09,1,1,42,1,0.000,0
4.528334,1500.00,1500.66,1,1,43,1,0.000,0
4.529000,1500.00,1500.66,1,1,44,1,0.000,0
4.529667,1500.00,1500.09,1,1,45,1,0.000,0
4.530334,1500.00,1500.38,1,1,46,1,0.000,0
4.531000,1500.00,1500.38,1,1,47,1,0.000,0
4.531667,1500.00,1499.81,1,1,48,1,0.000,0
4.532334,1500.00,1499.53,1,1,49,1,0.000,0
4.533000,1500.00,1500.38,1,1,50,1,0.000,0
4.533667,1500.00,1499.81,1,1,51,1,0.000,0
4.534334,1500.00,1499.53,1,1,52,1,0.000,0
4.535000,1500.00,1500.66,1,1,53,1,0.000,0
4.535667,1500.00,1500.38,1,1,54,1,0.000,0
4.536334,1500.00,1499.81,1,1,55,1,0.000,0
4.537000,1500.00,1499.81,1,1,56,1,0.000,0
4.537667,1500.00,1500.09,1,1,57,1,0.000,0
4.539667,1500.00,1500.15,1,1,0,0,0.000,0
4.540334,1500.00,1499.70,1,1,1,0,0.000,0
4.541000,1500.00,1499.48,1,1,2,0,0.000,0
4.541667,1500.00,1499.70,1,1,3,0,0.000,0
4.542334,1500.00,1499.48,1,1,4,0,0.000,0
4.543000,1500.00,1499.70,1,1,5,0,0.000,0
4.543667,1500.00,1500.15,1,1,6,0,0.000,0
4.544334,1500.00,1499.93,1,1,7,0,0.000,0
4.545000,1500.00,1500.09,1,1,8,0,0.000,0
4.545667,1500.00,1499.81,1,1,9,0,0.000,0
4.546334,1500.00,1500.38,1,1,10,0,0.000,0
4.547000,1500.00,1499.81,1,1,11,0,0.000,0
4.547667,1500.00,1500.38,1,1,12,0,0.000,0
4.548334,1500.00,1499.53,1,1,13,0,0.000,0
4.549000,1500.00,1499.81,1,1,14,0,0.000,0
4.549667,1500.00,1500.38,1,1,15,0,0.000,0
4.550334,1500.00,1499.81,1,1,16,0,0.000,0
4.551000,1500.00,1500.66,1,1,17,0,0.000,0
4.551667,1500.00,1500.09,1,1,18,0,0.000,0
4.552334,1500.00,1500.38,1,1,19,0,0.000,0
4.553000,1500.00,1499.81,1,1,20,0,0.000,0
4.553667,1500.00,1500.38,1,1,21,0,0.000,0
4.554334,1500.00,1499.81,1,1,22,0,0.000,0
4.555000,1500.00,1499.81,1,1,23,0,0.000,0
4.555667,1500.00,1500.38,1,1,24,0,0.000,0
4.556334,1500.00,1500.09,1,1,25,0,0.000,0
4.557000,1500.00,1499.53,1,1,26,0,0.000,0
4.557667,1500.00,1499.53,1,1,27,0,0.000,0
4.558334,1500.00,1500.66,1,1,28,0,0.000,0
4.559000,1500.00,1500.09,1,1,29,0,0.000,0
4.559667,1500.00,1500.38,1,1,30,0,0.000,0
4.560334,1500.00,1499.81,1,1,31,0,0.000,0
4.561000,1500.00,1499.81,1,1,32,0,0.000,0
4.561667,1500.00,1500.66,1,1,33,0,0.000,0
4.562334,1500.00,1500.66,1,1,34,0,0.000,0
4.563000,1500.00,1499.81,1,1,35,0,0.000,0
4.563667,1500.00,1499.53,1,1,36,0,0.000,0
4.564334,1500.00,1500.09,1,1,37,0,0.000,0
4.565000,1500.00,1499.81,1,1,38,0,0.000,0
4.565667,1500.00,1500.09,1,1,39,0,0.000,0
4.566334,1500.00,1500.38,1,1,40,0,0.000,0
4.567000,1500.00,1498.97,1,1,41,0,0.000,0
4.567667,1500.00,1499.81,1,1,42,0,0.000,0
4.568334,1500.00,1500.38,1,1,43,0,0.000,0
4.569000,1500.00,1499.81,1,1,44,0,0.000,0
4.569667,1500.00,1499.53,1,1,45,0,0.000,0
4.570334,1500.00,1500.66,1,1,46,0,0.000,0
4.571000,1500.00,1500.09,1,1,47,0,0.000,0
4.571667,1500.00,1499.53,1,1,48,0,0.000,0
4.572334,1500.00,1500.09,1,1,49,0,0.000,0
4.573000,1500.00,1500.09,1,1,50,0,0.000,0
4.573667,1500.00,1499.81,1,1,51,0,0.000,0
4.574334,1500.00,1500.09,1,1,52,0,0.000,0
4.575000,1500.00,1500.66,1,1,53,0,0.000,0
4.575667,1500.00,1499.81,1,1,54,0,0.000,0
4.576334,1500.00,1500.09,1,1,55,0,0.000,0
4.577000,1500.00,1499.81,1,1,56,0,0.000,0
4.577667,1500.00,1499.81,1,1,57,0,0.000,0
4.579667,1500.00,1499.48,1,1,0,1,0.000,0
4.580334,1500.00,1499.93,1,1,1,1,0.000,0
4.581000,1500.00,1500.60,1,1,2,1,0.000,0
4.581667,1500.00,1499.93,1,1,3,1,0.000,0
4.582334,1500.00,1499.93,1,1,4,1,0.000,0
4.583000,1500.00,1499.70,1,1,5,1,0.000,0
4.583667,1500.00,1500.15,1,1,6,1,0.000,0
4.584334,1500.00,1500.83,1,1,7,1,0.000,0
4.585000,1500.00,1500.66,1,1,8,1,0.000,0
4.585667,1500.00,1500.09,1,1,9,1,0.000,0
4.586334,1500.00,1499.53,1,1,10,1,0.000,0
4.587000,1500.00,1499.25,1,1,11,1,0.000,0
4.587667,1500.00,1499.53,1,1,12,1,0.000,0
4.588334,1500.00,1499.81,1,1,13,1,0.000,0
4.589000,1500.00,1500.09,1,1,14,1,0.000,0
4.589667,1500.00,1499.81,1,1,15,1,0.000,0
4.590334,1500.00,1500.09,1,1,16,1,0.000,0
4.591000,1500.00,1499.25,1,1,17,1,0.000,0
4.591667,1500.00,1499.53,1,1,18,1,0.000,0
4.592334,1500.00,1499.81,1,1,19,1,0.000,0
4.593000,1500.00,1499.53,1,1,20,1,0.000,0
4.593667,1500.00,1500.94,1,1,21,1,0.000,0
4.594334,1500.00,1499.53,1,1,22,1,0.000,0
4.595000,1500.00,1499.81,1,1,23,1,0.000,0
4.595667,1500.00,1500.09,1,1,24,1,0.000,0
4.596334,1500.00,1500.66,1,1,25,1,0.000,0
4.597000,1500.00,1499.81,1,1,26,1,0.000,0
4.597667,1500.00,1500.38,1,1,27,1,0.000,0
4.598334,1500.00,1500.38,1,1,28,1,0.000,0
4.599000,1500.00,1498.97,1,1,29,1,0.000,0
4.599667,1500.00,1500.09,1,1,30,1,0.000,0
4.600334,1500.00,1499.53,1,1,31,1,0.000,0
4.601000,1500.00,1499.81,1,1,32,1,0.000,0
4.601667,1500.00,1500.38,1,1,33,1,0.000,0
4.602334,1500.00,1500.94,1,1,34,1,0.000,0
4.603000,1500.00,1500.09,1,1,35,1,0.000,0
4.603667,1500.00,1500.09,1,1,36,1,0.000,0
4.604334,1500.00,1500.66,1,1,37,1,0.000,0
4.605000,1500.00,1499.81,1,1,38,1,0.000,0
4.605667,1500.00,1500.38,1,1,39,1,0.000,0
4.606334,1500.00,1500.38,1,1,40,1,0.000,0
4.607000,1500.00,1499.53,1,1,41,1,0.000,0
4.607667,1500.00,1500.09,1,1,42,1,0.000,0
4.608334,1500.00,1500.38,1,1,43,1,0.000,0
4.609000,1500.00,1500.66,1,1,44,1,0.000,0
4.609667,1500.00,1500.66,1,1,45,1,0.000,0
4.610334,1500.00,1500.66,1,1,46,1,0.000,0
4.611000,1500.00,1499.25,1,1,47,1,0.000,0
4.611667,1500.00,1499.81,1,1,48,1,0.000,0
4.612334,1500.00,1500.38,1,1,49,1,0.000,0
4.613000,1500.00,1499.53,1,1,50,1,0.000,0
4.613667,1500.00,1500.09,1,1,51,1,0.000,0
4.614334,1500.00,1499.81,1,1,52,1,0.000,0
4.615000,1500.00,1499.25,1,1,53,1,0.000,0
4.615667,1500.00,1499.81,1,1,54,1,0.000,0
4.616334,1500.00,1500.66,1,1,55,1,0.000,0
4.617000,1500.00,1500.66,1,1,56,1,0.000,0
4.617667,1500.00,1500.38,1,1,57,1,0.000,0
4.619667,1500.00,1499.93,1,1,0,0,0.000,0
4.620334,1500.00,1499.93,1,1,1,0,0.000,0
4.621000,1500.00,1499.48,1,1,2,0,0.000,0
4.621667,1500.00,1500.60,1,1,3,0,0.000,0
4.622334,1500.00,1499.93,1,1,4,0,0.000,0
4.623000,1500.00,1500.15,1,1,5,0,0.000,0
4.623667,1500.00,1499.93,1,1,6,0,0.000,0
4.624334,1500.00,1499.48,1,1,7,0,0.000,0
4.625000,1500.00,1499.81,1,1,8,0,0.000,0
4.625667,1500.00,1499.81,1,1,9,0,0.000,0
4.626334,1500.00,1500.66,1,1,10,0,0.000,0
4.627000,1500.00,1498.97,1,1,11,0,0.000,0
4.627667,1500.00,1499.81,1,1,12,0,0.000,0
4.628334,1500.00,1500.38,1,1,13,0,0.000,0
4.629000,1500.00,1499.25,1,1,14,0,0.000,0
4.629667,1500.00,1500.38,1,1,15,0,0.000,0
4.630334,1500.00,1499.53,1,1,16,0,0.000,0
4.631000,1500.00,1499.81,1,1,17,0,0.000,0
4.631667,1500.00,1500.09,1,1,18,0,0.000,0
4.632334,1500.00,1500.38,1,1,19,0,0.000,0
4.633000,1500.00,1500.94,1,1,20,0,0.000,0
4.633667,1500.00,1498.97,1,1,21,0,0.000,0
4.634334,1500.00,1500.38,1,1,22,0,0.000,0
4.635000,1500.00,1500.09,1,1,23,0,0.000,0
4.635667,1500.00,1500.94,1,1,24,0,0.000,0
4.636334,1500.00,1500.38,1,1,25,0,0.000,0
4.637000,1500.00,1500.38,1,1,26,0,0.000,0
4.637667,1500.00,1500.09,1,1,27,0,0.000,0
4.638334,1500.00,1498.97,1,1,28,0,0.000,0
4.639000,1500.00,1500.38,1,1,29,0,0.000,0
4.639667,1500.00,1499.25,1,1,30,0,0.000,0
4.640334,1500.00,1499.81,1,1,31,0,0.000,0
4.641000,1500.00,1499.25,1,1,32,0,0.000,0
4.641667,1500.00,1500.66,1,1,33,0,0.000,0
4.642334,1500.00,1499.81,1,1,34,0,0.000,0
4.643000,1500.00,1499.81,1,1,35,0,0.000,0
4.643667,1500.00,1500.09,1,1,36,0,0.000,0
4.644334,1500.00,1499.81,1,1,37,0,0.000,0
4.645000,1500.00,1500.38,1,1,38,0,0.000,0
4.645667,1500.00,1500.09,1,1,39,0,0.000,0
4.646334,1500.00,1500.38,1,1,40,0,0.000,0
4.647000,1500.00,1499.25,1,1,41,0,0.000,0
4.647667,1500.00,1499.81,1,1,42,0,0.000,0
4.648334,1500.00,1499.53,1,1,43,0,0.000,0
4.649000,1500.00,1500.66,1,1,44,0,0.000,0
4.649667,1500.00,1500.38,1,1,45,0,0.000,0
4.650334,1500.00,1500.09,1,1,46,0,0.000,0
4.651000,1500.00,1499.81,1,1,47,0,0.000,0
4.651667,1500.00,1500.09,1,1,48,0,0.000,0
4.652334,1500.00,1500.09,1,1,49,0,0.000,0
4.653000,1500.00,1499.25,1,1,50,0,0.000,0
4.653667,1500.00,1500.94,1,1,51,0,0.000,0
4.654334,1500.00,1499.25,1,1,52,0,0.000,0
4.655000,1500.00,1499.53,1,1,53,0,0.000,0
4.655667,1500.00,1500.94,1,1,54,0,0.000,0
4.656334,1500.00,1500.09,1,1,55,0,0.000,0
4.657000,1500.00,1499.81,1,1,56,0,0.000,0
4.657667,1500.00,1499.53,1,1,57,0,0.000,0
4.659667,1500.00,1500.60,1,1,0,1,0.000,0
4.660334,1500.00,1500.15,1,1,1,1,0.000,0
4.661000,1500.00,1499.93,1,1,2,1,0.000,0
4.661667,1500.00,1500.83,1,1,3,1,0.000,0
4.662334,1500.00,1499.70,1,1,4,1,0.000,0
4.663000,1500.00,1500.38,1,1,5,1,0.000,0
4.663667,1500.00,1499.93,1,1,6,1,0.000,0
4.664334,1500.00,1499.93,1,1,7,1,0.000,0
4.665000,1500.00,1499.53,1,1,8,1,0.000,0
4.665667,1500.00,1499.53,1,1,9,1,0.000,0
4.666334,1500.00,1500.66,1,1,10,1,0.000,0
4.667000,1500.00,1499.25,1,1,11,1,0.000,0
4.667667,1500.00,1498.97,1,1,12,1,0.000,0
4.668334,1500.00,1499.25,1,1,13,1,0.000,0
4.669000,1500.00,1500.66,1,1,14,1,0.000,0
4.669667,1500.00,1500.38,1,1,15,1,0.000,0
4.670334,1500.00,1500.94,1,1,16,1,0.000,0
4.671000,1500.00,1499.81,1,1,17,1,0.000,0
4.671667,1500.00,1500.09,1,1,18,1,0.000,0
4.672334,1500.00,1500.09,1,1,19,1,0.000,0
4.673000,1500.00,1500.38,1,1,20,1,0.000,0
4.673667,1500.00,1500.09,1,1,21,1,0.000,0
4.674334,1500.00,1499.81,1,1,22,1,0.000,0
4.675000,1500.00,1500.09,1,1,23,1,0.000,0
4.675667,1500.00,1499.53,1,1,24,1,0.000,0
4.676334,1500.00,1500.09,1,1,25,1,0.000,0
4.677000,1500.00,1500.09,1,1,26,1,0.000,0
4.677667,1500.00,1500.09,1,1,27,1,0.000,0
4.678334,1500.00,1500.66,1,1,28,1,0.000,0
4.679000,1500.00,1500.94,1,1,29,1,0.000,0
4.679667,1500.00,1499.81,1,1,30,1,0.000,0
4.680334,1500.00,1499.81,1,1,31,1,0.000,0
4.681000,1500.00,1498.69,1,1,32,1,0.000,0
4.681667,1500.00,1500.38,1,1,33,1,0.000,0
4.682334,1500.00,1499.81,1,1,34,1,0.000,0
4.683000,1500.00,1500.09,1,1,35,1,0.000,0
4.683667,1500.00,1498.97,1,1,36,1,0.000,0
4.684334,1500.00,1498.97,1,1,37,1,0.000,0
4.685000,1500.00,1500.66,1,1,38,1,0.000,0
4.685667,1500.00,1500.38,1,1,39,1,0.000,0
4.686334,1500.00,1500.94,1,1,40,1,0.000,0
4.687000,1500.00,1500.09,1,1,41,1,0.000,0
4.687667,1500.00,1499.81,1,1,42,1,0.000,0
4.688334,1500.00,1499.53,1,1,43,1,0.000,0
4.689000,1500.00,1500.38,1,1,44,1,0.000,0
4.689667,1500.00,1500.38,1,1,45,1,0.000,0
4.690334,1500.00,1499.53,1,1,46,1,0.000,0
4.691000,1500.00,1499.81,1,1,47,1,0.000,0
4.691667,1500.00,1500.09,1,1,48,1,0.000,0
4.692334,1500.00,1499.53,1,1,49,1,0.000,0
4.693000,1500.00,1499.53,1,1,50,1,0.000,0
4.693667,1500.00,1500.09,1,1,51,1,0.000,0
4.694334,1500.00,1500.09,1,1,52,1,0.000,0
4.695000,1500.00,1500.09,1,1,53,1,0.000,0
4.695667,1500.00,1500.09,1,1,54,1,0.000,0
4.696334,1500.00,1499.53,1,1,55,1,0.000,0
4.697000,1500.00,1499.81,1,1,56,1,0.000,0
4.697667,1500.00,1500.09,1,1,57,1,0.000,0
4.699667,1500.00,1500.60,1,1,0,0,0.000,0
4.700334,1500.00,1499.70,1,1,1,0,0.000,0
4.701000,1500.00,1499.93,1,1,2,0,0.000,0
4.701667,1500.00,1500.15,1,1,3,0,0.000,0
4.702334,1500.00,1499.70,1,1,4,0,0.000,0
4.703000,1500.00,1500.60,1,1,5,0,0.000,0
4.703667,1500.00,1500.15,1,1,6,0,0.000,0
4.704334,1500.00,1499.93,1,1,7,0,0.000,0
4.705000,1500.00,1498.97,1,1,8,0,0.000,0
4.705667,1500.00,1500.94,1,1,9,0,0.000,0
4.706334,1500.00,1499.81,1,1,10,0,0.000,0
4.707000,1500.00,1499.25,1,1,11,0,0.000,0
4.707667,1500.00,1499.53,1,1,12,0,0.000,0
4.708334,1500.00,1499.53,1,1,13,0,0.000,0
4.709000,1500.00,1499.25,1,1,14,0,0.000,0
4.709667,1500.00,1500.94,1,1,15,0,0.000,0
4.710334,1500.00,1501.22,1,1,16,0,0.000,0
4.711000,1500.00,1498.97,1,1,17,0,0.000,0
4.711667,1500.00,1501.22,1,1,18,0,0.000,0
4.712334,1500.00,1499.81,1,1,19,0,0.000,0
4.713000,1500.00,1500.66,1,1,20,0,0.000,0
4.713667,1500.00,1500.09,1,1,21,0,0.000,0
4.714334,1500.00,1500.94,1,1,22,0,0.000,0
4.715000,1500.00,1498.69,1,1,23,0,0.000,0
4.715667,1500.00,1499.53,1,1,24,0,0.000,0
4.716334,1500.00,1500.94,1,1,25,0,0.000,0
4.717000,1500.00,1498.69,1,1,26,0,0.000,0
4.717667,1500.00,1500.38,1,1,27,0,0.000,0
4.718334,1500.00,1499.81,1,1,28,0,0.000,0
4.719000,1500.00,1499.53,1,1,29,0,0.000,0
4.719667,1500.00,1500.09,1,1,30,0,0.000,0
4.720334,1500.00,1501.22,1,1,31,0,0.000,0
4.721000,1500.00,1500.09,1,1,32,0,0.000,0
4.721667,1500.00,1499.81,1,1,33,0,0.000,0
4.722334,1500.00,1499.81,1,1,34,0,0.000,0
4.723000,1500.00,1500.09,1,1,35,0,0.000,0
4.723667,1500.00,1499.81,1,1,36,0,0.000,0
4.724334,1500.00,1500.66,1,1,37,0,0.000,0
4.725000,1500.00,1500.09,1,1,38,0,0.000,0
4.725667,1500.00,1498.69,1,1,39,0,0.000,0
4.726334,1500.00,1500.09,1,1,40,0,0.000,0
4.727000,1500.00,1499.81,1,1,41,0,0.000,0
4.727667,1500.00,1500.94,1,1,42,0,0.000,0
4.728334,1500.00,1499.81,1,1,43,0,0.000,0
4.729000,1500.00,1500.09,1,1,44,0,0.000,0
4.729667,1500.00,1500.09,1,1,45,0,0.000,0
4.730334,1500.00,1500.09,1,1,46,0,0.000,0
4.731000,1500.00,1500.09,1,1,47,0,0.000,0
4.731667,1500.00,1499.53,1,1,48,0,0.000,0
4.732334,1500.00,1499.53,1,1,49,0,0.000,0
4.733000,1500.00,1499.81,1,1,50,0,0.000,0
4.733667,1500.00,1500.09,1,1,51,0,0.000,0
4.734334,1500.00,1500.38,1,1,52,0,0.000,0
4.735000,1500.00,1499.53,1,1,53,0,0.000,0
4.735667,1500.00,1500.38,1,1,54,0,0.000,0
4.736334,1500.00,1499.81,1,1,55,0,0.000,0
4.737000,1500.00,1500.94,1,1,56,0,0.000,0
4.737667,1500.00,1500.38,1,1,57,0,0.000,0
4.739667,1500.00,1500.15,1,1,0,1,0.000,0
4.740334,1500.00,1499.93,1,1,1,1,0.000,0
4.741000,1500.00,1499.70,1,1,2,1,0.000,0
4.741667,1500.00,1500.15,1,1,3,1,0.000,0
4.742334,1500.00,1499.25,1,1,4,1,0.000,0
4.743000,1500.00,1500.38,1,1,5,1,0.000,0
4.743667,1500.00,1499.48,1,1,6,1,0.000,0
4.744334,1500.00,1499.93,1,1,7,1,0.000,0
4.745000,1500.00,1499.53,1,1,8,1,0.000,0
4.745667,1500.00,1500.09,1,1,9,1,0.000,0
4.746334,1500.00,1499.53,1,1,10,1,0.000,0
4.747000,1500.00,1499.53,1,1,11,1,0.000,0
4.747667,1500.00,1499.53,1,1,12,1,0.000,0
4.748334,1500.00,1500.09,1,1,13,1,0.000,0
4.749000,1500.00,1499.81,1,1,14,1,0.000,0
4.749667,1500.00,1500.09,1,1,15,1,0.000,0
4.750334,1500.00,1500.09,1,1,16,1,0.000,0
4.751000,1500.00,1499.81,1,1,17,1,0.000,0
4.751667,1500.00,1500.38,1,1,18,1,0.000,0
4.752334,1500.00,1499.81,1,1,19,1,0.000,0
4.753000,1500.00,1500.38,1,1,20,1,0.000,0
4.753667,1500.00,1500.66,1,1,21,1,0.000,0
4.754334,1500.00,1500.38,1,1,22,1,0.000,0
4.755000,1500.00,1499.53,1,1,23,1,0.000,0
4.755667,1500.00,1500.09,1,1,24,1,0.000,0
4.756334,1500.00,1500.38,1,1,25,1,0.000,0
4.757000,1500.00,1500.09,1,1,26,1,0.000,0
4.757667,1500.00,1500.66,1,1,27,1,0.000,0
4.758334,1500.00,1500.38,1,1,28,1,0.000,0
4.759000,1500.00,1499.25,1,1,29,1,0.000,0
4.759667,1500.00,1499.81,1,1,30,1,0.000,0
4.760334,1500.00,1500.66,1,1,31,1,0.000,0
4.761000,1500.00,1498.97,1,1,32,1,0.000,0
4.761667,1500.00,1499.25,1,1,33,1,0.000,0
4.762334,1500.00,1500.09,1,1,34,1,0.000,0
4.763000,1500.00,1500.09,1,1,35,1,0.000,0
4.763667,1500.00,1499.53,1,1,36,1,0.000,0
4.764334,1500.00,1500.66,1,1,37,1,0.000,0
4.765000,1500.00,1499.81,1,1,38,1,0.000,0
4.765667,1500.00,1499.53,1,1,39,1,0.000,0
4.766334,1500.00,1501.22,1,1,40,1,0.000,0
4.767000,1500.00,1500.66,1,1,41,1,0.000,0
4.767667,1500.00,1499.81,1,1,42,1,0.000,0
4.768334,1500.00,1500.09,1,1,43,1,0.000,0
4.769000,1500.00,1500.94,1,1,44,1,0.000,0
4.769667,1500.00,1499.25,1,1,45,1,0.000,0
4.770334,1500.00,1500.09,1,1,46,1,0.000,0
4.771000,1500.00,1500.38,1,1,47,1,0.000,0
4.771667,1500.00,1500.38,1,1,48,1,0.000,0
4.772334,1500.00,1499.81,1,1,49,1,0.000,0
4.773000,1500.00,1500.09,1,1,50,1,0.000,0
4.773667,1500.00,1500.09,1,1,51,1,0.000,0
4.774334,1500.00,1498.97,1,1,52,1,0.000,0
4.775000,1500.00,1500.66,1,1,53,1,0.000,0
4.775667,1500.00,1500.94,1,1,54,1,0.000,0
4.776334,1500.00,1500.38,1,1,55,1,0.000,0
4.777000,1500.00,1499.25,1,1,56,1,0.000,0
4.777667,1500.00,1499.81,1,1,57,1,0.000,0
4.779667,1500.00,1499.70,1,1,0,0,0.000,0
4.780334,1500.00,1500.15,1,1,1,0,0.000,0
4.781000,1500.00,1500.15,1,1,2,0,0.000,0
4.781667,1500.00,1499.70,1,1,3,0,0.000,0
4.782334,1500.00,1499.48,1,1,4,0,0.000,0
4.783000,1500.00,1499.25,1,1,5,0,0.000,0
4.783667,1500.00,1500.15,1,1,6,0,0.000,0
4.784334,1500.00,1500.38,1,1,7,0,0.000,0
4.785000,1500.00,1500.66,1,1,8,0,0.000,0
4.785667,1500.00,1499.53,1,1,9,0,0.000,0
4.786334,1500.00,1499.81,1,1,10,0,0.000,0
4.787000,1500.00,1499.81,1,1,11,0,0.000,0
4.787667,1500.00,1499.81,1,1,12,0,0.000,0
4.788334,1500.00,1500.66,1,1,13,0,0.000,0
4.789000,1500.00,1499.53,1,1,14,0,0.000,0
4.789667,1500.00,1499.25,1,1,15,0,0.000,0
4.790334,1500.00,1500.09,1,1,16,0,0.000,0
4.791000,1500.00,1500.09,1,1,17,0,0.000,0
4.791667,1500.00,1500.66,1,1,18,0,0.000,0
4.792334,1500.00,1500.09,1,1,19,0,0.000,0
4.793000,1500.00,1499.53,1,1,20,0,0.000,0
4.793667,1500.00,1500.09,1,1,21,0,0.000,0
4.794334,1500.00,1500.09,1,1,22,0,0.000,0
4.795000,1500.00,1500.38,1,1,23,0,0.000,0
4.795667,1500.00,1500.09,1,1,24,0,0.000,0
4.796334,1500.00,1500.09,1,1,25,0,0.000,0
4.797000,1500.00,1500.38,1,1,26,0,0.000,0
4.797667,1500.00,1500.38,1,1,27,0,0.000,0
4.798334,1500.00,1500.66,1,1,28,0,0.000,0
4.799000,1500.00,1499.53,1,1,29,0,0.000,0
4.799667,1500.00,1500.66,1,1,30,0,0.000,0
4.800334,1500.00,1500.38,1,1,31,0,0.000,0
4.801000,1500.00,1500.38,1,1,32,0,0.000,0
4.801667,1500.00,1500.09,1,1,33,0,0.000,0
4.802334,1500.00,1499.25,1,1,34,0,0.000,0
4.803000,1500.00,1499.25,1,1,35,0,0.000,0
4.803667,1500.00,1500.09,1,1,36,0,0.000,0
4.804334,1500.00,1499.81,1,1,37,0,0.000,0
4.805000,1500.00,1499.81,1,1,38,0,0.000,0
4.805667,1500.00,1499.81,1,1,39,0,0.000,0
4.806334,1500.00,1500.09,1,1,40,0,0.000,0
4.807000,1500.00,1499.81,1,1,41,0,0.000,0
4.807667,1500.00,1499.53,1,1,42,0,0.000,0
4.808334,1500.00,1500.09,1,1,43,0,0.000,0
4.809000,1500.00,1499.53,1,1,44,0,0.000,0
4.809667,1500.00,1500.66,1,1,45,0,0.000,0
4.810334,1500.00,1500.38,1,1,46,0,0.000,0
4.811000,1500.00,1499.53,1,1,47,0,0.000,0
4.811667,1500.00,1499.25,1,1,48,0,0.000,0
4.812334,1500.00,1499.53,1,1,49,0,0.000,0
4.813000,1500.00,1500.66,1,1,50,0,0.000,0
4.813667,1500.00,1500.09,1,1,51,0,0.000,0
4.814334,1500.00,1500.38,1,1,52,0,0.000,0
4.815000,1500.00,1499.81,1,1,53,0,0.000,0
4.815667,1500.00,1499.81,1,1,54,0,0.000,0
4.816334,1500.00,1500.94,1,1,55,0,0.000,0
4.817000,1500.00,1499.81,1,1,56,0,0.000,0
4.817667,1500.00,1500.38,1,1,57,0,0.000,0
4.819667,1500.00,1499.48,1,1,0,1,0.000,0
4.820334,1500.00,1500.60,1,1,1,1,0.000,0
4.821000,1500.00,1500.38,1,1,2,1,0.000,0
4.821667,1500.00,1500.15,1,1,3,1,0.000,0
4.822334,1500.00,1499.93,1,1,4,1,0.000,0
4.823000,1500.00,1499.70,1,1,5,1,0.000,0
4.823667,1500.00,1499.70,1,1,6,1,0.000,0
4.824334,1500.00,1499.93,1,1,7,1,0.000,0
4.825000,1500.00,1501.22,1,1,8,1,0.000,0
4.825667,1500.00,1500.38,1,1,9,1,0.000,0
4.826334,1500.00,1499.25,1,1,10,1,0.000,0
4.827000,1500.00,1499.25,1,1,11,1,0.000,0
4.827667,1500.00,1499.81,1,1,12,1,0.000,0
4.828334,1500.00,1500.09,1,1,13,1,0.000,0
4.829000,1500.00,1500.38,1,1,14,1,0.000,0
4.829667,1500.00,1500.09,1,1,15,1,0.000,0
4.830334,1500.00,1499.25,1,1,16,1,0.000,0
4.831000,1500.00,1498.97,1,1,17,1,0.000,0
4.831667,1500.00,1500.94,1,1,18,1,0.000,0
4.832334,1500.00,1500.38,1,1,19,1,0.000,0
4.833000,1500.00,1500.38,1,1,20,1,0.000,0
4.833667,1500.00,1499.25,1,1,21,1,0.000,0
4.834334,1500.00,1500.09,1,1,22,1,0.000,0
4.835000,1500.00,1498.97,1,1,23,1,0.000,0
4.835667,1500.00,1500.09,1,1,24,1,0.000,0
4.836334,1500.00,1500.94,1,1,25,1,0.000,0
4.837000,1500.00,1499.25,1,1,26,1,0.000,0
4.837667,1500.00,1500.38,1,1,27,1,0.000,0
4.838334,1500.00,1500.09,1,1,28,1,0.000,0
4.839000,1500.00,1500.38,1,1,29,1,0.000,0
4.839667,1500.00,1500.94,1,1,30,1,0.000,0
4.840334,1500.00,1501.22,1,1,31,1,0.000,0
4.841000,1500.00,1499.81,1,1,32,1,0.000,0
4.841667,1500.00,1498.97,1,1,33,1,0.000,0
4.842334,1500.00,1499.81,1,1,34,1,0.000,0
4.843000,1500.00,1499.81,1,1,35,1,0.000,0
4.843667,1500.00,1499.53,1,1,36,1,0.000,0
4.844334,1500.00,1499.81,1,1,37,1,0.000,0
4.845000,1500.00,1498.97,1,1,38,1,0.000,0
4.845667,1500.00,1498.97,1,1,39,1,0.000,0
4.846334,1500.00,1500.09,1,1,40,1,0.000,0
4.847000,1500.00,1500.66,1,1,41,1,0.000,0
4.847667,1500.00,1499.81,1,1,42,1,0.000,0
4.848334,1500.00,1499.25,1,1,43,1,0.000,0
4.849000,1500.00,1499.81,1,1,44,1,0.000,0
4.849667,1500.00,1500.09,1,1,45,1,0.000,0
4.850334,1500.00,1500.38,1,1,46,1,0.000,0
4.851000,1500.00,1500.66,1,1,47,1,0.000,0
4.851667,1500.00,1500.09,1,1,48,1,0.000,0
4.852334,1500.00,1499.81,1,1,49,1,0.000,0
4.853000,1500.00,1500.38,1,1,50,1,0.000,0
4.853667,1500.00,1500.66,1,1,51,1,0.000,0
4.854334,1500.00,1499.81,1,1,52,1,0.000,0
4.855000,1500.00,1500.38,1,1,53,1,0.000,0
4.855667,1500.00,1499.81,1,1,54,1,0.000,0
4.856334,1500.00,1499.81,1,1,55,1,0.000,0
4.857000,1500.00,1499.53,1,1,56,1,0.000,0
4.857667,1500.00,1499.25,1,1,57,1,0.000,0
4.859667,1500.00,1499.70,1,1,0,0,0.000,0
4.860334,1500.00,1500.60,1,1,1,0,0.000,0
4.861000,1500.00,1500.38,1,1,2,0,0.000,0
4.861667,1500.00,1499.70,1,1,3,0,0.000,0
4.862334,1500.00,1499.93,1,1,4,0,0.000,0
4.863000,1500.00,1500.15,1,1,5,0,0.000,0
4.863667,1500.00,1500.38,1,1,6,0,0.000,0
4.864334,1500.00,1500.38,1,1,7,0,0.000,0
4.865000,1500.00,1500.09,1,1,8,0,0.000,0
4.865667,1500.00,1498.97,1,1,9,0,0.000,0
4.866334,1500.00,1499.81,1,1,10,0,0.000,0
4.867000,1500.00,1500.38,1,1,11,0,0.000,0
4.867667,1500.00,1499.81,1,1,12,0,0.000,0
4.868334,1500.00,1500.09,1,1,13,0,0.000,0
4.869000,1500.00,1499.53,1,1,14,0,0.000,0
4.869667,1500.00,1500.38,1,1,15,0,0.000,0
4.870334,1500.00,1500.38,1,1,16,0,0.000,0
4.871000,1500.00,1500.38,1,1,17,0,0.000,0
4.871667,1500.00,1499.53,1,1,18,0,0.000,0
4.872334,1500.00,1499.81,1,1,19,0,0.000,0
4.873000,1500.00,1499.81,1,1,20,0,0.000,0
4.873667,1500.00,1500.66,1,1,21,0,0.000,0
4.874334,1500.00,1500.09,1,1,22,0,0.000,0
4.875000,1500.00,1500.09,1,1,23,0,0.000,0
4.875667,1500.00,1499.53,1,1,24,0,0.000,0
4.876334,1500.00,1499.81,1,1,25,0,0.000,0
4.877000,1500.00,1500.38,1,1,26,0,0.000,0
4.877667,1500.00,1500.09,1,1,27,0,0.000,0
4.878334,1500.00,1500.09,1,1,28,0,0.000,0
4.879000,1500.00,1499.53,1,1,29,0,0.000,0
4.879667,1500.00,1500.09,1,1,30,0,0.000,0
4.880334,1500.00,1500.09,1,1,31,0,0.000,0
4.881000,1500.00,1500.09,1,1,32,0,0.000,0
4.881667,1500.00,1499.53,1,1,33,0,0.000,0
4.882334,1500.00,1500.09,1,1,34,0,0.000,0
4.883000,1500.00,1500.09,1,1,35,0,0.000,0
4.883667,1500.00,1500.09,1,1,36,0,0.000,0
4.884334,1500.00,1500.94,1,1,37,0,0.000,0
4.885000,1500.00,1500.09,1,1,38,0,0.000,0
4.885667,1500.00,1499.25,1,1,39,0,0.000,0
4.886334,1500.00,1500.66,1,1,40,0,0.000,0
4.887000,1500.00,1500.38,1,1,41,0,0.000,0
4.887667,1500.00,1499.81,1,1,42,0,0.000,0
4.888334,1500.00,1500.09,1,1,43,0,0.000,0
4.889000,1500.00,1500.66,1,1,44,0,0.000,0
4.889667,1500.00,1498.97,1,1,45,0,0.000,0
4.890334,1500.00,1499.81,1,1,46,0,0.000,0
4.891000,1500.00,1499.81,1,1,47,0,0.000,0
4.891667,1500.00,1500.09,1,1,48,0,0.000,0
4.892334,1500.00,1500.38,1,1,49,0,0.000,0
4.893000,1500.00,1500.66,1,1,50,0,0.000,0
4.893667,1500.00,1499.25,1,1,51,0,0.000,0
4.894334,1500.00,1498.97,1,1,52,0,0.000,0
4.895000,1500.00,1499.81,1,1,53,0,0.000,0
4.895667,1500.00,1500.38,1,1,54,0,0.000,0
4.896334,1500.00,1500.66,1,1,55,0,0.000,0
4.897000,1500.00,1498.97,1,1,56,0,0.000,0
4.897667,1500.00,1499.81,1,1,57,0,0.000,0
4.899667,1500.00,1499.48,1,1,0,1,0.000,0
4.900334,1500.00,1500.15,1,1,1,1,0.000,0
4.901000,1500.00,1500.60,1,1,2,1,0.000,0
4.901667,1500.00,1500.15,1,1,3,1,0.000,0
4.902334,1500.00,1499.93,1,1,4,1,0.000,0
4.903000,1500.00,1500.15,1,1,5,1,0.000,0
4.903667,1500.00,1500.83,1,1,6,1,0.000,0
4.904334,1500.00,1499.48,1,1,7,1,0.000,0
4.905000,1500.00,1499.81,1,1,8,1,0.000,0
4.905667,1500.00,1500.09,1,1,9,1,0.000,0
4.906334,1500.00,1499.25,1,1,10,1,0.000,0
4.907000,1500.00,1499.81,1,1,11,1,0.000,0
4.907667,1500.00,1499.81,1,1,12,1,0.000,0
4.908334,1500.00,1499.81,1,1,13,1,0.000,0
4.909000,1500.00,1498.97,1,1,14,1,0.000,0
4.909667,1500.00,1500.94,1,1,15,1,0.000,0
4.910334,1500.00,1500.38,1,1,16,1,0.000,0
4.911000,1500.00,1500.66,1,1,17,1,0.000,0
4.911667,1500.00,1500.94,1,1,18,1,0.000,0
4.912334,1500.00,1500.09,1,1,19,1,0.000,0
4.913000,1500.00,1500.38,1,1,20,1,0.000,0
4.913667,1500.00,1499.25,1,1,21,1,0.000,0
4.914334,1500.00,1500.38,1,1,22,1,0.000,0
4.915000,1500.00,1499.53,1,1,23,1,0.000,0
4.915667,1500.00,1499.81,1,1,24,1,0.000,0
4.916334,1500.00,1499.53,1,1,25,1,0.000,0
4.917000,1500.00,1499.81,1,1,26,1,0.000,0
4.917667,1500.00,1499.81,1,1,27,1,0.000,0
4.918334,1500.00,1499.81,1,1,28,1,0.000,0
4.919000,1500.00,1500.66,1,1,29,1,0.000,0
4.919667,1500.00,1499.81,1,1,30,1,0.000,0
4.920334,1500.00,1500.09,1,1,31,1,0.000,0
4.921000,1500.00,1499.81,1,1,32,1,0.000,0
4.921667,1500.00,1500.09,1,1,33,1,0.000,0
4.922334,1500.00,1500.38,1,1,34,1,0.000,0
4.923000,1500.00,1500.38,1,1,35,1,0.000,0
4.923667,1500.00,1499.25,1,1,36,1,0.000,0
4.924334,1500.00,1500.38,1,1,37,1,0.000,0
4.925000,1500.00,1500.38,1,1,38,1,0.000,0
4.925667,1500.00,1500.38,1,1,39,1,0.000,0
4.926334,1500.00,1500.38,1,1,40,1,0.000,0
4.927000,1500.00,1500.09,1,1,41,1,0.000,0
4.927667,1500.00,1499.53,1,1,42,1,0.000,0
4.928334,1500.00,1499.53,1,1,43,1,0.000,0
4.929000,1500.00,1500.94,1,1,44,1,0.000,0
4.929667,1500.00,1499.81,1,1,45,1,0.000,0
4.930334,1500.00,1499.81,1,1,46,1,0.000,0
4.931000,1500.00,1500.09,1,1,47,1,0.000,0
4.931667,1500.00,1500.66,1,1,48,1,0.000,0
4.932334,1500.00,1500.66,1,1,49,1,0.000,0
4.933000,1500.00,1499.53,1,1,50,1,0.000,0
4.933667,1500.00,1499.81,1,1,51,1,0.000,0
4.934334,1500.00,1499.81,1,1,52,1,0.000,0
4.935000,1500.00,1499.53,1,1,53,1,0.000,0
4.935667,1500.00,1500.09,1,1,54,1,0.000,0
4.936334,1500.00,1499.81,1,1,55,1,0.000,0
4.937000,1500.00,1499.53,1,1,56,1,0.000,0
4.937667,1500.00,1499.81,1,1,57,1,0.000,0
4.939667,1500.00,1500.38,1,1,0,0,0.000,0
4.940334,1500.00,1500.60,1,1,1,0,0.000,0
4.941000,1500.00,1499.93,1,1,2,0,0.000,0
4.941667,1500.00,1499.93,1,1,3,0,0.000,0
4.942334,1500.00,1500.15,1,1,4,0,0.000,0
4.943000,1500.00,1499.48,1,1,5,0,0.000,0
4.943667,1500.00,1499.70,1,1,6,0,0.000,0
4.944334,1500.00,1499.70,1,1,7,0,0.000,0
4.945000,1500.00,1499.81,1,1,8,0,0.000,0
4.945667,1500.00,1500.38,1,1,9,0,0.000,0
4.946334,1500.00,1500.09,1,1,10,0,0.000,0
4.947000,1500.00,1500.94,1,1,11,0,0.000,0
4.947667,1500.00,1499.81,1,1,12,0,0.000,0
4.948334,1500.00,1501.22,1,1,13,0,0.000,0
4.949000,1500.00,1500.09,1,1,14,0,0.000,0
4.949667,1500.00,1499.81,1,1,15,0,0.000,0
4.950334,1500.00,1500.66,1,1,16,0,0.000,0
4.951000,1500.00,1500.38,1,1,17,0,0.000,0
4.951667,1500.00,1500.38,1,1,18,0,0.000,0
4.952334,1500.00,1499.25,1,1,19,0,0.000,0
4.953000,1500.00,1499.53,1,1,20,0,0.000,0
4.953667,1500.00,1499.25,1,1,21,0,0.000,0
4.954334,1500.00,1500.38,1,1,22,0,0.000,0
4.955000,1500.00,1500.09,1,1,23,0,0.000,0
4.955667,1500.00,1500.09,1,1,24,0,0.000,0
4.956334,1500.00,1498.13,1,1,25,0,0.000,0
4.957000,1500.00,1499.25,1,1,26,0,0.000,0
4.957667,1500.00,1499.53,1,1,27,0,0.000,0
4.958334,1500.00,1500.66,1,1,28,0,0.000,0
4.959000,1500.00,1500.38,1,1,29,0,0.000,0
4.959667,1500.00,1499.81,1,1,30,0,0.000,0
4.960334,1500.00,1499.81,1,1,31,0,0.000,0
4.961000,1500.00,1500.38,1,1,32,0,0.000,0
4.961667,1500.00,1500.38,1,1,33,0,0.000,0
4.962334,1500.00,1501.22,1,1,34,0,0.000,0
4.963000,1500.00,1500.66,1,1,35,0,0.000,0
4.963667,1500.00,1499.81,1,1,36,0,0.000,0
4.964334,1500.00,1499.53,1,1,37,0,0.000,0
4.965000,1500.00,1499.81,1,1,38,0,0.000,0
4.965667,1500.00,1499.53,1,1,39,0,0.000,0
4.966334,1500.00,1499.25,1,1,40,0,0.000,0
4.967000,1500.00,1500.66,1,1,41,0,0.000,0
4.967667,1500.00,1499.25,1,1,42,0,0.000,0
4.968334,1500.00,1500.09,1,1,43,0,0.000,0
4.969000,1500.00,1500.38,1,1,44,0,0.000,0
4.969667,1500.00,1500.38,1,1,45,0,0.000,0
4.970334,1500.00,1499.81,1,1,46,0,0.000,0
4.971000,1500.00,1500.38,1,1,47,0,0.000,0
4.971667,1500.00,1499.81,1,1,48,0,0.000,0
4.972334,1500.00,1499.81,1,1,49,0,0.000,0
4.973000,1500.00,1500.09,1,1,50,0,0.000,0
4.973667,1500.00,1500.09,1,1,51,0,0.000,0
4.974334,1500.00,1498.69,1,1,52,0,0.000,0
4.975000,1500.00,1499.25,1,1,53,0,0.000,0
4.975667,1500.00,1500.09,1,1,54,0,0.000,0
4.976334,1500.00,1500.38,1,1,55,0,0.000,0
4.977000,1500.00,1500.38,1,1,56,0,0.000,0
4.977667,1500.00,1500.09,1,1,57,0,0.000,0
4.979667,1500.00,1499.70,1,1,0,1,0.000,0
4.980334,1500.00,1499.93,1,1,1,1,0.000,0
4.981000,1500.00,1500.60,1,1,2,1,0.000,0
4.981667,1500.00,1500.15,1,1,3,1,0.000,0
4.982334,1500.00,1500.60,1,1,4,1,0.000,0
4.983000,1500.00,1499.70,1,1,5,1,0.000,0
4.983667,1500.00,1499.48,1,1,6,1,0.000,0
4.984334,1500.00,1499.70,1,1,7,1,0.000,0
4.985000,1500.00,1500.38,1,1,8,1,0.000,0
4.985667,1500.00,1500.09,1,1,9,1,0.000,0
4.986334,1500.00,1499.53,1,1,10,1,0.000,0
4.987000,1500.00,1500.09,1,1,11,1,0.000,0
4.987667,1500.00,1499.81,1,1,12,1,0.000,0
4.988334,1500.00,1500.66,1,1,13,1,0.000,0
4.989000,1500.00,1499.53,1,1,14,1,0.000,0
4.989667,1500.00,1499.81,1,1,15,1,0.000,0
4.990334,1500.00,1500.09,1,1,16,1,0.000,0
4.991000,1500.00,1499.81,1,1,17,1,0.000,0
4.991667,1500.00,1500.38,1,1,18,1,0.000,0
4.992334,1500.00,1499.81,1,1,19,1,0.000,0
4.993000,1500.00,1500.09,1,1,20,1,0.000,0
4.993667,1500.00,1499.53,1,1,21,1,0.000,0
4.994334,1500.00,1500.38,1,1,22,1,0.000,0
4.995000,1500.00,1500.66,1,1,23,1,0.000,0
4.995667,1500.00,1500.38,1,1,24,1,0.000,0
4.996334,1500.00,1499.53,1,1,25,1,0.000,0
4.997000,1500.00,1500.94,1,1,26,1,0.000,0
4.997667,1500.00,1500.09,1,1,27,1,0.000,0
4.998334,1500.00,1498.69,1,1,28,1,0.000,0
4.999000,1500.00,1499.53,1,1,29,1,0.000,0
4.999667,1500.00,1500.94,1,1,30,1,0.000,0
5.000334,1500.00,1499.53,1,1,31,1,0.000,0
5.001000,1500.00,1498.69,1,1,32,1,0.000,0
5.001667,1500.00,1500.09,1,1,33,1,0.000,0
5.002334,1500.00,1498.69,1,1,34,1,0.000,0
5.003000,1500.00,1500.66,1,1,35,1,0.000,0
5.003667,1500.00,1500.94,1,1,36,1,0.000,0
5.004334,1500.00,1500.38,1,1,37,1,0.000,0
5.005000,1500.00,1499.53,1,1,38,1,0.000,0
5.005667,1500.00,1500.09,1,1,39,1,0.000,0
5.006334,1500.00,1500.09,1,1,40,1,0.000,0
5.007000,1500.00,1499.53,1,1,41,1,0.000,0
5.007667,1500.00,1500.38,1,1,42,1,0.000,0
5.008334,1500.00,1499.53,1,1,43,1,0.000,0
5.009000,1500.00,1499.53,1,1,44,1,0.000,0
5.009667,1500.00,1500.09,1,1,45,1,0.000,0
5.010334,1500.00,1500.09,1,1,46,1,0.000,0
5.011000,1500.00,1500.09,1,1,47,1,0.000,0
5.011667,1500.00,1500.94,1,1,48,1,0.000,0
5.012334,1500.00,1500.66,1,1,49,1,0.000,0
5.013000,1500.00,1500.38,1,1,50,1,0.000,0
5.013667,1500.00,1500.09,1,1,51,1,0.000,0
5.014334,1500.00,1500.66,1,1,52,1,0.000,0
5.015000,1500.00,1499.81,1,1,53,1,0.000,0
5.015667,1500.00,1500.09,1,1,54,1,0.000,0
5.016334,1500.00,1500.09,1,1,55,1,0.000,0
5.017000,1500.00,1499.81,1,1,56,1,0.000,0
5.017667,1500.00,1499.81,1,1,57,1,0.000,0
5.019667,1500.00,1500.15,1,1,0,0,0.000,0
5.020334,1500.00,1500.83,1,1,1,0,0.000,0
5.021000,1500.00,1499.48,1,1,2,0,0.000,0
5.021667,1500.00,1499.48,1,1,3,0,0.000,0
5.022334,1500.00,1499.93,1,1,4,0,0.000,0
5.023000,1500.00,1500.15,1,1,5,0,0.000,0
5.023667,1500.00,1500.38,1,1,6,0,0.000,0
5.024334,1500.00,1500.60,1,1,7,0,0.000,0
5.025000,1500.00,1499.53,1,1,8,0,0.000,0
5.025667,1500.00,1498.69,1,1,9,0,0.000,0
5.026334,1500.00,1500.66,1,1,10,0,0.000,0
5.027000,1500.00,1500.38,1,1,11,0,0.000,0
5.027667,1500.00,1499.81,1,1,12,0,0.000,0
5.028334,1500.00,1500.09,1,1,13,0,0.000,0
5.029000,1500.00,1499.81,1,1,14,0,0.000,0
5.029667,1500.00,1499.81,1,1,15,0,0.000,0
5.030334,1500.00,1499.53,1,1,16,0,0.000,0
5.031000,1500.00,1500.09,1,1,17,0,0.000,0
5.031667,1500.00,1500.09,1,1,18,0,0.000,0
5.032334,1500.00,1499.81,1,1,19,0,0.000,0
5.033000,1500.00,1500.38,1,1,20,0,0.000,0
5.033667,1500.00,1500.09,1,1,21,0,0.000,0
5.034334,1500.00,1500.38,1,1,22,0,0.000,0
5.035000,1500.00,1499.81,1,1,23,0,0.000,0
5.035667,1500.00,1500.09,1,1,24,0,0.000,0
5.036334,1500.00,1499.81,1,1,25,0,0.000,0
5.037000,1500.00,1499.81,1,1,26,0,0.000,0
5.037667,1500.00,1499.81,1,1,27,0,0.000,0
5.038334,1500.00,1499.53,1,1,28,0,0.000,0
5.039000,1500.00,1500.66,1,1,29,0,0.000,0
5.039667,1500.00,1499.53,1,1,30,0,0.000,0
5.040334,1500.00,1500.38,1,1,31,0,0.000,0
5.041000,1500.00,1500.38,1,1,32,0,0.000,0
5.041667,1500.00,1501.22,1,1,33,0,0.000,0
5.042334,1500.00,1499.25,1,1,34,0,0.000,0
5.043000,1500.00,1501.22,1,1,35,0,0.000,0
5.043667,1500.00,1500.09,1,1,36,0,0.000,0
5.044334,1500.00,1499.25,1,1,37,0,0.000,0
5.045000,1500.00,1499.53,1,1,38,0,0.000,0
5.045667,1500.00,1499.25,1,1,39,0,0.000,0
5.046334,1500.00,1500.66,1,1,40,0,0.000,0
5.047000,1500.00,1498.69,1,1,41,0,0.000,0
5.047667,1500.00,1500.66,1,1,42,0,0.000,0
5.048334,1500.00,1500.38,1,1,43,0,0.000,0
5.049000,1500.00,1500.38,1,1,44,0,0.000,0
5.049667,1500.00,1500.09,1,1,45,0,0.000,0
5.050334,1500.00,1500.09,1,1,46,0,0.000,0
5.051000,1500.00,1500.38,1,1,47,0,0.000,0
5.051667,1500.00,1499.25,1,1,48,0,0.000,0
5.052334,1500.00,1500.09,1,1,49,0,0.000,0
5.053000,1500.00,1500.66,1,1,50,0,0.000,0
5.053667,1500.00,1498.41,1,1,51,0,0.000,0
5.054334,1500.00,1500.09,1,1,52,0,0.000,0
5.055000,1500.00,1500.09,1,1,53,0,0.000,0
5.055667,1500.00,1500.38,1,1,54,0,0.000,0
5.056334,1500.00,1499.25,1,1,55,0,0.000,0
5.057000,1500.00,1500.38,1,1,56,0,0.000,0
5.057667,1500.00,1500.09,1,1,57,0,0.000,0
5.059667,1500.00,1499.70,1,1,0,1,0.000,0
5.060334,1500.00,1500.60,1,1,1,1,0.000,0
5.061000,1500.00,1499.70,1,1,2,1,0.000,0
5.061667,1500.00,1499.48,1,1,3,1,0.000,0
5.062334,1500.00,1499.93,1,1,4,1,0.000,0
5.063000,1500.00,1500.83,1,1,5,1,0.000,0
5.063667,1500.00,1500.15,1,1,6,1,0.000,0
5.064334,1500.00,1499.70,1,1,7,1,0.000,0
5.065000,1500.00,1499.25,1,1,8,1,0.000,0
5.065667,1500.00,1499.53,1,1,9,1,0.000,0
5.066334,1500.00,1500.38,1,1,10,1,0.000,0
5.067000,1500.00,1499.81,1,1,11,1,0.000,0
5.067667,1500.00,1499.81,1,1,12,1,0.000,0
5.068334,1500.00,1499.81,1,1,13,1,0.000,0
5.069000,1500.00,1499.53,1,1,14,1,0.000,0
5.069667,1500.00,1500.09,1,1,15,1,0.000,0
5.070334,1500.00,1500.38,1,1,16,1,0.000,0
5.071000,1500.00,1500.38,1,1,17,1,0.000,0
5.071667,1500.00,1498.69,1,1,18,1,0.000,0
5.072334,1500.00,1500.94,1,1,19,1,0.000,0
5.073000,1500.00,1500.38,1,1,20,1,0.000,0
5.073667,1500.00,1499.25,1,1,21,1,0.000,0
5.074334,1500.00,1500.09,1,1,22,1,0.000,0
5.075000,1500.00,1500.94,1,1,23,1,0.000,0
5.075667,1500.00,1499.81,1,1,24,1,0.000,0
5.076334,1500.00,1500.38,1,1,25,1,0.000,0
5.077000,1500.00,1500.66,1,1,26,1,0.000,0
5.077667,1500.00,1500.09,1,1,27,1,0.000,0
5.078334,1500.00,1498.97,1,1,28,1,0.000,0
5.079000,1500.00,1500.38,1,1,29,1,0.000,0
5.079667,1500.00,1499.53,1,1,30,1,0.000,0
5.080334,1500.00,1499.25,1,1,31,1,0.000,0
5.081000,1500.00,1499.81,1,1,32,1,0.000,0
5.081667,1500.00,1500.09,1,1,33,1,0.000,0
5.082334,1500.00,1500.09,1,1,34,1,0.000,0
5.083000,1500.00,1499.81,1,1,35,1,0.000,0
5.083667,1500.00,1500.09,1,1,36,1,0.000,0
5.084334,1500.00,1500.66,1,1,37,1,0.000,0
5.085000,1500.00,1500.66,1,1,38,1,0.000,0
5.085667,1500.00,1500.38,1,1,39,1,0.000,0
5.086334,1500.00,1501.22,1,1,40,1,0.000,0
5.087000,1500.00,1499.25,1,1,41,1,0.000,0
5.087667,1500.00,1500.66,1,1,42,1,0.000,0
5.088334,1500.00,1499.25,1,1,43,1,0.000,0
5.089000,1500.00,1500.38,1,1,44,1,0.000,0
5.089667,1500.00,1499.81,1,1,45,1,0.000,0
5.090334,1500.00,1499.81,1,1,46,1,0.000,0
5.091000,1500.00,1500.38,1,1,47,1,0.000,0
5.091667,1500.00,1498.97,1,1,48,1,0.000,0
5.092334,1500.00,1500.09,1,1,49,1,0.000,0
5.093000,1500.00,1499.25,1,1,50,1,0.000,0
5.093667,1500.00,1500.38,1,1,51,1,0.000,0
5.094334,1500.00,1500.09,1,1,52,1,0.000,0
5.095000,1500.00,1498.97,1,1,53,1,0.000,0
5.095667,1500.00,1500.38,1,1,54,1,0.000,0
5.096334,1500.00,1499.25,1,1,55,1,0.000,0
5.097000,1500.00,1499.53,1,1,56,1,0.000,0
5.097667,1500.00,1500.38,1,1,57,1,0.000,0
5.099667,1500.00,1499.48,1,1,0,0,0.000,0
5.100334,1500.00,1499.70,1,1,1,0,0.000,0
5.101000,1500.00,1499.93,1,1,2,0,0.000,0
5.101667,1500.00,1500.38,1,1,3,0,0.000,0
5.102334,1500.00,1499.93,1,1,4,0,0.000,0
5.103000,1500.00,1500.15,1,1,5,0,0.000,0
5.103667,1500.00,1500.38,1,1,6,0,0.000,0
5.104334,1500.00,1499.93,1,1,7,0,0.000,0
5.105000,1500.00,1500.94,1,1,8,0,0.000,0
5.105667,1500.00,1500.66,1,1,9,0,0.000,0
5.106334,1500.00,1500.09,1,1,10,0,0.000,0
5.107000,1500.00,1500.09,1,1,11,0,0.000,0
5.107667,1500.00,1499.53,1,1,12,0,0.000,0
5.108334,1500.00,1499.81,1,1,13,0,0.000,0
5.109000,1500.00,1499.81,1,1,14,0,0.000,0
5.109667,1500.00,1499.25,1,1,15,0,0.000,0
5.110334,1500.00,1500.09,1,1,16,0,0.000,0
5.111000,1500.00,1499.25,1,1,17,0,0.000,0
5.111667,1500.00,1500.38,1,1,18,0,0.000,0
5.112334,1500.00,1500.09,1,1,19,0,0.000,0
5.113000,1500.00,1500.09,1,1,20,0,0.000,0
5.113667,1500.00,1500.38,1,1,21,0,0.000,0
5.114334,1500.00,1500.38,1,1,22,0,0.000,0
5.115000,1500.00,1500.94,1,1,23,0,0.000,0
5.115667,1500.00,1500.38,1,1,24,0,0.000,0
5.116334,1500.00,1500.09,1,1,25,0,0.000,0
5.117000,1500.00,1499.53,1,1,26,0,0.000,0
5.117667,1500.00,1500.94,1,1,27,0,0.000,0
5.118334,1500.00,1500.66,1,1,28,0,0.000,0
5.119000,1500.00,1500.09,1,1,29,0,0.000,0
5.119667,1500.00,1500.66,1,1,30,0,0.000,0
5.120334,1500.00,1499.81,1,1,31,0,0.000,0
5.121000,1500.00,1500.09,1,1,32,0,0.000,0
5.121667,1500.00,1500.38,1,1,33,0,0.000,0
5.122334,1500.00,1500.94,1,1,34,0,0.000,0
5.123000,1500.00,1498.97,1,1,35,0,0.000,0
5.123667,1500.00,1499.25,1,1,36,0,0.000,0
5.124334,1500.00,1500.09,1,1,37,0,0.000,0
5.125000,1500.00,1499.25,1,1,38,0,0.000,0
5.125667,1500.00,1500.09,1,1,39,0,0.000,0
5.126334,1500.00,1500.09,1,1,40,0,0.000,0
5.127000,1500.00,1500.66,1,1,41,0,0.000,0
5.127667,1500.00,1499.81,1,1,42,0,0.000,0
5.128334,1500.00,1500.38,1,1,43,0,0.000,0
5.129000,1500.00,1500.38,1,1,44,0,0.000,0
5.129667,1500.00,1500.38,1,1,45,0,0.000,0
5.130334,1500.00,1499.81,1,1,46,0,0.000,0
5.131000,1500.00,1499.53,1,1,47,0,0.000,0
5.131667,1500.00,1499.25,1,1,48,0,0.000,0
5.132334,1500.00,1499.81,1,1,49,0,0.000,0
5.133000,1500.00,1499.53,1,1,50,0,0.000,0
5.133667,1500.00,1499.53,1,1,51,0,0.000,0
5.134334,1500.00,1499.25,1,1,52,0,0.000,0
5.135000,1500.00,1499.53,1,1,53,0,0.000,0
5.135667,1500.00,1500.66,1,1,54,0,0.000,0
5.136334,1500.00,1500.94,1,1,55,0,0.000,0
5.137000,1500.00,1500.09,1,1,56,0,0.000,0
5.137667,1500.00,1498.97,1,1,57,0,0.000,0
5.139667,1500.00,1499.70,1,1,0,1,0.000,0
5.140334,1500.00,1500.15,1,1,1,1,0.000,0
5.141000,1500.00,1500.83,1,1,2,1,0.000,0
5.141667,1500.00,1500.15,1,1,3,1,0.000,0
5.142334,1500.00,1499.93,1,1,4,1,0.000,0
5.143000,1500.00,1499.93,1,1,5,1,0.000,0
5.143667,1500.00,1499.93,1,1,6,1,0.000,0
5.144334,1500.00,1500.15,1,1,7,1,0.000,0
5.145000,1500.00,1500.38,1,1,8,1,0.000,0
5.145667,1500.00,1499.81,1,1,9,1,0.000,0
5.146334,1500.00,1500.09,1,1,10,1,0.000,0
5.147000,1500.00,1499.81,1,1,11,1,0.000,0
5.147667,1500.00,1499.53,1,1,12,1,0.000,0
5.148334,1500.00,1499.81,1,1,13,1,0.000,0
5.149000,1500.00,1500.66,1,1,14,1,0.000,0
5.149667,1500.00,1500.38,1,1,15,1,0.000,0
5.150334,1500.00,1500.09,1,1,16,1,0.000,0
5.151000,1500.00,1500.38,1,1,17,1,0.000,0
5.151667,1500.00,1499.25,1,1,18,1,0.000,0
5.152334,1500.00,1500.09,1,1,19,1,0.000,0
5.153000,1500.00,1499.53,1,1,20,1,0.000,0
5.153667,1500.00,1499.81,1,1,21,1,0.000,0
5.154334,1500.00,1499.53,1,1,22,1,0.000,0
5.155000,1500.00,1499.53,1,1,23,1,0.000,0
5.155667,1500.00,1500.09,1,1,24,1,0.000,0
5.156334,1500.00,1498.97,1,1,25,1,0.000,0
5.157000,1500.00,1499.81,1,1,26,1,0.000,0
5.157667,1500.00,1500.09,1,1,27,1,0.000,0
5.158334,1500.00,1500.66,1,1,28,1,0.000,0
5.159000,1500.00,1500.09,1,1,29,1,0.000,0
5.159667,1500.00,1498.97,1,1,30,1,0.000,0
5.160334,1500.00,1500.38,1,1,31,1,0.000,0
5.161000,1500.00,1498.41,1,1,32,1,0.000,0
5.161667,1500.00,1500.94,1,1,33,1,0.000,0
5.162334,1500.00,1500.38,1,1,34,1,0.000,0
5.163000,1500.00,1500.38,1,1,35,1,0.000,0
5.163667,1500.00,1500.09,1,1,36,1,0.000,0
5.164334,1500.00,1499.25,1,1,37,1,0.000,0
5.165000,1500.00,1501.22,1,1,38,1,0.000,0
5.165667,1500.00,1500.09,1,1,39,1,0.000,0
5.166334,1500.00,1501.78,1,1,40,1,0.000,0
5.167000,1500.00,1500.09,1,1,41,1,0.000,0
5.167667,1500.00,1500.38,1,1,42,1,0.000,0
5.168334,1500.00,1499.81,1,1,43,1,0.000,0
5.169000,1500.00,1500.09,1,1,44,1,0.000,0
5.169667,1500.00,1501.22,1,1,45,1,0.000,0
5.170334,1500.00,1498.69,1,1,46,1,0.000,0
5.171000,1500.00,1499.81,1,1,47,1,0.000,0
5.171667,1500.00,1498.97,1,1,48,1,0.000,0
5.172334,1500.00,1499.81,1,1,49,1,0.000,0
5.173000,1500.00,1500.09,1,1,50,1,0.000,0
5.173667,1500.00,1499.81,1,1,51,1,0.000,0
5.174334,1500.00,1499.81,1,1,52,1,0.000,0
5.175000,1500.00,1499.25,1,1,53,1,0.000,0
5.175667,1500.00,1501.78,1,1,54,1,0.000,0
5.176334,1500.00,1500.09,1,1,55,1,0.000,0
5.177000,1500.00,1499.81,1,1,56,1,0.000,0
5.177667,1500.00,1499.81,1,1,57,1,0.000,0
5.179667,1500.00,1499.48,1,1,0,0,0.000,0
5.180334,1500.00,1499.70,1,1,1,0,0.000,0
5.181000,1500.00,1499.93,1,1,2,0,0.000,0
5.181667,1500.00,1500.38,1,1,3,0,0.000,0
5.182334,1500.00,1499.25,1,1,4,0,0.000,0
5.183000,1500.00,1499.25,1,1,5,0,0.000,0
5.183667,1500.00,1500.60,1,1,6,0,0.000,0
5.184334,1500.00,1500.15,1,1,7,0,0.000,0
5.185000,1500.00,1500.38,1,1,8,0,0.000,0
5.185667,1500.00,1500.94,1,1,9,0,0.000,0
5.186334,1500.00,1500.38,1,1,10,0,0.000,0
5.187000,1500.00,1499.81,1,1,11,0,0.000,0
5.187667,1500.00,1500.38,1,1,12,0,0.000,0
5.188334,1500.00,1501.50,1,1,13,0,0.000,0
5.189000,1500.00,1499.81,1,1,14,0,0.000,0
5.189667,1500.00,1500.66,1,1,15,0,0.000,0
5.190334,1500.00,1500.38,1,1,16,0,0.000,0
5.191000,1500.00,1499.25,1,1,17,0,0.000,0
5.191667,1500.00,1499.53,1,1,18,0,0.000,0
5.192334,1500.00,1499.25,1,1,19,0,0.000,0
5.193000,1500.00,1499.81,1,1,20,0,0.000,0
5.193667,1500.00,1499.81,1,1,21,0,0.000,0
5.194334,1500.00,1500.38,1,1,22,0,0.000,0
5.195000,1500.00,1498.97,1,1,23,0,0.000,0
5.195667,1500.00,1499.53,1,1,24,0,0.000,0
5.196334,1500.00,1499.53,1,1,25,0,0.000,0
5.197000,1500.00,1500.09,1,1,26,0,0.000,0
5.197667,1500.00,1500.94,1,1,27,0,0.000,0
5.198334,1500.00,1500.09,1,1,28,0,0.000,0
5.199000,1500.00,1499.25,1,1,29,0,0.000,0
5.199667,1500.00,1500.94,1,1,30,0,0.000,0
5.200334,1500.00,1500.09,1,1,31,0,0.000,0
5.201000,1500.00,1499.81,1,1,32,0,0.000,0
5.201667,1500.00,1500.94,1,1,33,0,0.000,0
5.202334,1500.00,1499.81,1,1,34,0,0.000,0
5.203000,1500.00,1499.53,1,1,35,0,0.000,0
5.203667,1500.00,1500.09,1,1,36,0,0.000,0
5.204334,1500.00,1500.09,1,1,37,0,0.000,0
5.205000,1500.00,1498.69,1,1,38,0,0.000,0
5.205667,1500.00,1499.25,1,1,39,0,0.000,0
5.206334,1500.00,1500.38,1,1,40,0,0.000,0
5.207000,1500.00,1499.25,1,1,41,0,0.000,0
5.207667,1500.00,1500.38,1,1,42,0,0.000,0
5.208334,1500.00,1500.38,1,1,43,0,0.000,0
5.209000,1500.00,1499.53,1,1,44,0,0.000,0
5.209667,1500.00,1500.66,1,1,45,0,0.000,0
5.210334,1500.00,1500.38,1,1,46,0,0.000,0
5.211000,1500.00,1500.94,1,1,47,0,0.000,0
5.211667,1500.00,1500.09,1,1,48,0,0.000,0
5.212334,1500.00,1499.53,1,1,49,0,0.000,0
5.213000,1500.00,1499.81,1,1,50,0,0.000,0
5.213667,1500.00,1499.81,1,1,51,0,0.000,0
5.214334,1500.00,1500.38,1,1,52,0,0.000,0
5.215000,1500.00,1499.25,1,1,53,0,0.000,0
5.215667,1500.00,1500.38,1,1,54,0,0.000,0
5.216334,1500.00,1500.09,1,1,55,0,0.000,0
5.217000,1500.00,1499.53,1,1,56,0,0.000,0
5.217667,1500.00,1500.66,1,1,57,0,0.000,0
5.219667,1500.00,1499.93,1,1,0,1,0.000,0
5.220334,1500.00,1499.93,1,1,1,1,0.000,0
5.221000,1500.00,1500.15,1,1,2,1,0.000,0
5.221667,1500.00,1500.38,1,1,3,1,0.000,0
5.222334,1500.00,1499.48,1,1,4,1,0.000,0
5.223000,1500.00,1499.93,1,1,5,1,0.000,0
5.223667,1500.00,1499.93,1,1,6,1,0.000,0
5.224334,1500.00,1499.70,1,1,7,1,0.000,0
5.225000,1500.00,1500.09,1,1,8,1,0.000,0
5.225667,1500.00,1499.53,1,1,9,1,0.000,0
5.226334,1500.00,1499.81,1,1,10,1,0.000,0
5.227000,1500.00,1500.38,1,1,11,1,0.000,0
5.227667,1500.00,1500.09,1,1,12,1,0.000,0
5.228334,1500.00,1500.38,1,1,13,1,0.000,0
5.229000,1500.00,1500.09,1,1,14,1,0.000,0
5.229667,1500.00,1500.38,1,1,15,1,0.000,0
5.230334,1500.00,1499.81,1,1,16,1,0.000,0
5.231000,1500.00,1500.94,1,1,17,1,0.000,0
5.231667,1500.00,1499.53,1,1,18,1,0.000,0
5.232334,1500.00,1499.25,1,1,19,1,0.000,0
5.233000,1500.00,1499.81,1,1,20,1,0.000,0
5.233667,1500.00,1499.53,1,1,21,1,0.000,0
5.234334,1500.00,1500.66,1,1,22,1,0.000,0
5.235000,1500.00,1499.81,1,1,23,1,0.000,0
5.235667,1500.00,1500.09,1,1,24,1,0.000,0
5.236334,1500.00,1499.53,1,1,25,1,0.000,0
5.237000,1500.00,1500.38,1,1,26,1,0.000,0
5.237667,1500.00,1500.94,1,1,27,1,0.000,0
5.238334,1500.00,1500.09,1,1,28,1,0.000,0
5.239000,1500.00,1500.66,1,1,29,1,0.000,0
5.239667,1500.00,1499.53,1,1,30,1,0.000,0
5.240334,1500.00,1500.94,1,1,31,1,0.000,0
5.241000,1500.00,1500.09,1,1,32,1,0.000,0
5.241667,1500.00,1499.81,1,1,33,1,0.000,0
5.242334,1500.00,1499.81,1,1,34,1,0.000,0
5.243000,1500.00,1499.53,1,1,35,1,0.000,0
5.243667,1500.00,1499.53,1,1,36,1,0.000,0
5.244334,1500.00,1499.81,1,1,37,1,0.000,0
5.245000,1500.00,1499.53,1,1,38,1,0.000,0
5.245667,1500.00,1499.25,1,1,39,1,0.000,0
5.246334,1500.00,1500.38,1,1,40,1,0.000,0
5.247000,1500.00,1500.38,1,1,41,1,0.000,0
5.247667,1500.00,1500.38,1,1,42,1,0.000,0
5.248334,1500.00,1500.09,1,1,43,1,0.000,0
5.249000,1500.00,1500.66,1,1,44,1,0.000,0
5.249667,1500.00,1499.25,1,1,45,1,0.000,0
5.250334,1500.00,1500.09,1,1,46,1,0.000,0
5.251000,1500.00,1499.81,1,1,47,1,0.000,0
5.251667,1500.00,1499.81,1,1,48,1,0.000,0
5.252334,1500.00,1499.81,1,1,49,1,0.000,0
5.253000,1500.00,1499.53,1,1,50,1,0.000,0
5.253667,1500.00,1499.53,1,1,51,1,0.000,0
5.254334,1500.00,1499.81,1,1,52,1,0.000,0
5.255000,1500.00,1500.94,1,1,53,1,0.000,0
5.255667,1500.00,1500.38,1,1,54,1,0.000,0
5.256334,1500.00,1500.38,1,1,55,1,0.000,0
5.257000,1500.00,1500.09,1,1,56,1,0.000,0
5.257667,1500.00,1499.81,1,1,57,1,0.000,0
5.259667,1500.00,1499.93,1,1,0,0,0.000,0
5.260334,1500.00,1500.15,1,1,1,0,0.000,0
5.261000,1500.00,1500.15,1,1,2,0,0.000,0
5.261667,1500.00,1499.70,1,1,3,0,0.000,0
5.262334,1500.00,1500.15,1,1,4,0,0.000,0
5.263000,1500.00,1499.93,1,1,5,0,0.000,0
5.263667,1500.00,1499.70,1,1,6,0,0.000,0
5.264334,1500.00,1499.70,1,1,7,0,0.000,0
5.265000,1500.00,1499.81,1,1,8,0,0.000,0
5.265667,1500.00,1500.38,1,1,9,0,0.000,0
5.266334,1500.00,1499.81,1,1,10,0,0.000,0
5.267000,1500.00,1499.81,1,1,11,0,0.000,0
5.267667,1500.00,1500.09,1,1,12,0,0.000,0
5.268334,1500.00,1499.53,1,1,13,0,0.000,0
5.269000,1500.00,1500.66,1,1,14,0,0.000,0
5.269667,1500.00,1500.38,1,1,15,0,0.000,0
5.270334,1500.00,1500.09,1,1,16,0,0.000,0
5.271000,1500.00,1499.53,1,1,17,0,0.000,0
5.271667,1500.00,1500.09,1,1,18,0,0.000,0
5.272334,1500.00,1500.38,1,1,19,0,0.000,0
5.273000,1500.00,1500.09,1,1,20,0,0.000,0
5.273667,1500.00,1500.66,1,1,21,0,0.000,0
5.274334,1500.00,1499.81,1,1,22,0,0.000,0
5.275000,1500.00,1500.66,1,1,23,0,0.000,0
5.275667,1500.00,1499.81,1,1,24,0,0.000,0
5.276334,1500.00,1500.38,1,1,25,0,0.000,0
5.277000,1500.00,1500.09,1,1,26,0,0.000,0
5.277667,1500.00,1500.66,1,1,27,0,0.000,0
5.278334,1500.00,1499.53,1,1,28,0,0.000,0
5.279000,1500.00,1499.25,1,1,29,0,0.000,0
5.279667,1500.00,1498.97,1,1,30,0,0.000,0
5.280334,1500.00,1499.53,1,1,31,0,0.000,0
5.281000,1500.00,1501.22,1,1,32,0,0.000,0
5.281667,1500.00,1500.09,1,1,33,0,0.000,0
5.282334,1500.00,1499.81,1,1,34,0,0.000,0
5.283000,1500.00,1499.53,1,1,35,0,0.000,0
5.283667,1500.00,1499.53,1,1,36,0,0.000,0
5.284334,1500.00,1500.38,1,1,37,0,0.000,0
5.285000,1500.00,1500.94,1,1,38,0,0.000,0
5.285667,1500.00,1500.38,1,1,39,0,0.000,0
5.286334,1500.00,1499.81,1,1,40,0,0.000,0
5.287000,1500.00,1500.09,1,1,41,0,0.000,0
5.287667,1500.00,1500.09,1,1,42,0,0.000,0
5.288334,1500.00,1499.53,1,1,43,0,0.000,0
5.289000,1500.00,1500.09,1,1,44,0,0.000,0
5.289667,1500.00,1500.38,1,1,45,0,0.000,0
5.290334,1500.00,1499.81,1,1,46,0,0.000,0
5.291000,1500.00,1499.25,1,1,47,0,0.000,0
5.291667,1500.00,1499.53,1,1,48,0,0.000,0
5.292334,1500.00,1499.53,1,1,49,0,0.000,0
5.293000,1500.00,1499.81,1,1,50,0,0.000,0
5.293667,1500.00,1499.81,1,1,51,0,0.000,0
5.294334,1500.00,1500.38,1,1,52,0,0.000,0
5.295000,1500.00,1499.81,1,1,53,0,0.000,0
5.295667,1500.00,1499.81,1,1,54,0,0.000,0
5.296334,1500.00,1500.38,1,1,55,0,0.000,0
5.297000,1500.00,1500.09,1,1,56,0,0.000,0
5.297667,1500.00,1499.53,1,1,57,0,0.000,0
5.299667,1500.00,1500.38,1,1,0,1,0.000,0
5.300334,1500.00,1499.48,1,1,1,1,0.000,0
5.301000,1500.00,1500.38,1,1,2,1,0.000,0
5.301667,1500.00,1499.70,1,1,3,1,0.000,0
5.302334,1500.00,1500.60,1,1,4,1,0.000,0
5.303000,1500.00,1500.15,1,1,5,1,0.000,0
5.303667,1500.00,1499.70,1,1,6,1,0.000,0
5.304334,1500.00,1500.38,1,1,7,1,0.000,0
5.305000,1500.00,1500.09,1,1,8,1,0.000,0
5.305667,1500.00,1500.94,1,1,9,1,0.000,0
5.306334,1500.00,1500.09,1,1,10,1,0.000,0
5.307000,1500.00,1500.09,1,1,11,1,0.000,0
5.307667,1500.00,1499.81,1,1,12,1,0.000,0
5.308334,1500.00,1499.81,1,1,13,1,0.000,0
5.309000,1500.00,1499.81,1,1,14,1,0.000,0
5.309667,1500.00,1499.81,1,1,15,1,0.000,0
5.310334,1500.00,1499.25,1,1,16,1,0.000,0
5.311000,1500.00,1500.94,1,1,17,1,0.000,0
5.311667,1500.00,1499.53,1,1,18,1,0.000,0
5.312334,1500.00,1500.09,1,1,19,1,0.000,0
5.313000,1500.00,1499.25,1,1,20,1,0.000,0
5.313667,1500.00,1500.09,1,1,21,1,0.000,0
5.314334,1500.00,1500.09,1,1,22,1,0.000,0
5.315000,1500.00,1500.66,1,1,23,1,0.000,0
5.315667,1500.00,1500.38,1,1,24,1,0.000,0
5.316334,1500.00,1498.97,1,1,25,1,0.000,0
5.317000,1500.00,1500.66,1,1,26,1,0.000,0
5.317667,1500.00,1500.66,1,1,27,1,0.000,0
5.318334,1500.00,1500.38,1,1,28,1,0.000,0
5.319000,1500.00,1500.38,1,1,29,1,0.000,0
5.319667,1500.00,1499.53,1,1,30,1,0.000,0
5.320334,1500.00,1499.53,1,1,31,1,0.000,0
5.321000,1500.00,1500.38,1,1,32,1,0.000,0
5.321667,1500.00,1500.38,1,1,33,1,0.000,0
5.322334,1500.00,1499.25,1,1,34,1,0.000,0
5.323000,1500.00,1499.25,1,1,35,1,0.000,0
5.323667,1500.00,1500.09,1,1,36,1,0.000,0
5.324334,1500.00,1499.25,1,1,37,1,0.000,0
5.325000,1500.00,1500.38,1,1,38,1,0.000,0
5.325667,1500.00,1500.09,1,1,39,1,0.000,0
5.326334,1500.00,1499.25,1,1,40,1,0.000,0
5.327000,1500.00,1500.38,1,1,41,1,0.000,0
5.327667,1500.00,1499.81,1,1,42,1,0.000,0
5.328334,1500.00,1499.81,1,1,43,1,0.000,0
5.329000,1500.00,1499.81,1,1,44,1,0.000,0
5.329667,1500.00,1500.38,1,1,45,1,0.000,0
5.330334,1500.00,1500.38,1,1,46,1,0.000,0
5.331000,1500.00,1500.09,1,1,47,1,0.000,0
5.331667,1500.00,1499.81,1,1,48,1,0.000,0
5.332334,1500.00,1498.41,1,1,49,1,0.000,0
5.333000,1500.00,1500.38,1,1,50,1,0.000,0
5.333667,1500.00,1499.81,1,1,51,1,0.000,0
5.334334,1500.00,1499.53,1,1,52,1,0.000,0
5.335000,1500.00,1499.81,1,1,53,1,0.000,0
5.335667,1500.00,1500.09,1,1,54,1,0.000,0
5.336334,1500.00,1500.09,1,1,55,1,0.000,0
5.337000,1500.00,1500.66,1,1,56,1,0.000,0
5.337667,1500.00,1500.94,1,1,57,1,0.000,0
5.339667,1500.00,1499.48,1,1,0,0,0.000,0
5.340334,1500.00,1499.70,1,1,1,0,0.000,0
5.341000,1500.00,1500.83,1,1,2,0,0.000,0
5.341667,1500.00,1500.38,1,1,3,0,0.000,0
5.342334,1500.00,1500.15,1,1,4,0,0.000,0
5.343000,1500.00,1499.93,1,1,5,0,0.000,0
5.343667,1500.00,1499.93,1,1,6,0,0.000,0
5.344334,1500.00,1499.93,1,1,7,0,0.000,0
5.345000,1500.00,1500.38,1,1,8,0,0.000,0
5.345667,1500.00,1500.94,1,1,9,0,0.000,0
5.346334,1500.00,1500.09,1,1,10,0,0.000,0
5.347000,1500.00,1500.09,1,1,11,0,0.000,0
5.347667,1500.00,1499.53,1,1,12,0,0.000,0
5.348334,1500.00,1499.81,1,1,13,0,0.000,0
5.349000,1500.00,1500.09,1,1,14,0,0.000,0
5.349667,1500.00,1500.66,1,1,15,0,0.000,0
5.350334,1500.00,1499.25,1,1,16,0,0.000,0
5.351000,1500.00,1500.38,1,1,17,0,0.000,0
5.351667,1500.00,1499.81,1,1,18,0,0.000,0
5.352334,1500.00,1500.09,1,1,19,0,0.000,0
5.353000,1500.00,1500.09,1,1,20,0,0.000,0
5.353667,1500.00,1500.38,1,1,21,0,0.000,0
5.354334,1500.00,1499.81,1,1,22,0,0.000,0
5.355000,1500.00,1499.25,1,1,23,0,0.000,0
5.355667,1500.00,1500.38,1,1,24,0,0.000,0
5.356334,1500.00,1499.81,1,1,25,0,0.000,0
5.357000,1500.00,1500.09,1,1,26,0,0.000,0
5.357667,1500.00,1499.53,1,1,27,0,0.000,0
5.358334,1500.00,1500.94,1,1,28,0,0.000,0
5.359000,1500.00,1499.53,1,1,29,0,0.000,0
5.359667,1500.00,1499.53,1,1,30,0,0.000,0
5.360334,1500.00,1500.09,1,1,31,0,0.000,0
5.361000,1500.00,1500.94,1,1,32,0,0.000,0
5.361667,1500.00,1498.97,1,1,33,0,0.000,0
5.362334,1500.00,1499.53,1,1,34,0,0.000,0
5.363000,1500.00,1500.09,1,1,35,0,0.000,0
5.363667,1500.00,1499.25,1,1,36,0,0.000,0
5.364334,1500.00,1500.09,1,1,37,0,0.000,0
5.365000,1500.00,1500.94,1,1,38,0,0.000,0
5.365667,1500.00,1500.09,1,1,39,0,0.000,0
5.366334,1500.00,1499.81,1,1,40,0,0.000,0
5.367000,1500.00,1500.94,1,1,41,0,0.000,0
5.367667,1500.00,1499.81,1,1,42,0,0.000,0
5.368334,1500.00,1499.81,1,1,43,0,0.000,0
5.369000,1500.00,1499.81,1,1,44,0,0.000,0
5.369667,1500.00,1499.81,1,1,45,0,0.000,0
5.370334,1500.00,1499.53,1,1,46,0,0.000,0
5.371000,1500.00,1499.53,1,1,47,0,0.000,0
5.371667,1500.00,1500.09,1,1,48,0,0.000,0
5.372334,1500.00,1500.09,1,1,49,0,0.000,0
5.373000,1500.00,1499.25,1,1,50,0,0.000,0
5.373667,1500.00,1500.09,1,1,51,0,0.000,0
5.374334,1500.00,1499.81,1,1,52,0,0.000,0
5.375000,1500.00,1499.81,1,1,53,0,0.000,0
5.375667,1500.00,1499.53,1,1,54,0,0.000,0
5.376334,1500.00,1499.81,1,1,55,0,0.000,0
5.377000,1500.00,1499.81,1,1,56,0,0.000,0
5.377667,1500.00,1500.38,1,1,57,0,0.000,0
5.379667,1500.00,1501.05,1,1,0,1,0.000,0
5.380334,1500.00,1499.93,1,1,1,1,0.000,0
5.381000,1500.00,1499.93,1,1,2,1,0.000,0
5.381667,1500.00,1499.93,1,1,3,1,0.000,0
5.382334,1500.00,1500.60,1,1,4,1,0.000,0
5.383000,1500.00,1500.60,1,1,5,1,0.000,0
5.383667,1500.00,1500.38,1,1,6,1,0.000,0
5.384334,1500.00,1499.03,1,1,7,1,0.000,0
5.385000,1500.00,1499.25,1,1,8,1,0.000,0
5.385667,1500.00,1499.81,1,1,9,1,0.000,0
5.386334,1500.00,1500.94,1,1,10,1,0.000,0
5.387000,1500.00,1500.66,1,1,11,1,0.000,0
5.387667,1500.00,1499.53,1,1,12,1,0.000,0
5.388334,1500.00,1499.53,1,1,13,1,0.000,0
5.389000,1500.00,1498.97,1,1,14,1,0.000,0
5.389667,1500.00,1500.66,1,1,15,1,0.000,0
5.390334,1500.00,1500.66,1,1,16,1,0.000,0
5.391000,1500.00,1500.09,1,1,17,1,0.000,0
5.391667,1500.00,1498.97,1,1,18,1,0.000,0
5.392334,1500.00,1499.25,1,1,19,1,0.000,0
5.393000,1500.00,1500.38,1,1,20,1,0.000,0
5.393667,1500.00,1500.38,1,1,21,1,0.000,0
5.394334,1500.00,1500.38,1,1,22,1,0.000,0
5.395000,1500.00,1499.81,1,1,23,1,0.000,0
5.395667,1500.00,1500.09,1,1,24,1,0.000,0
5.396334,1500.00,1500.38,1,1,25,1,0.000,0
5.397000,1500.00,1500.66,1,1,26,1,0.000,0
5.397667,1500.00,1500.66,1,1,27,1,0.000,0
5.398334,1500.00,1499.81,1,1,28,1,0.000,0
5.399000,1500.00,1500.09,1,1,29,1,0.000,0
5.399667,1500.00,1500.38,1,1,30,1,0.000,0
5.400334,1500.00,1499.81,1,1,31,1,0.000,0
5.401000,1500.00,1500.38,1,1,32,1,0.000,0
5.401667,1500.00,1499.81,1,1,33,1,0.000,0
5.402334,1500.00,1499.81,1,1,34,1,0.000,0
5.403000,1500.00,1499.53,1,1,35,1,0.000,0
5.403667,1500.00,1499.81,1,1,36,1,0.000,0
5.404334,1500.00,1500.09,1,1,37,1,0.000,0
5.405000,1500.00,1499.53,1,1,38,1,0.000,0
5.405667,1500.00,1500.66,1,1,39,1,0.000,0
5.406334,1500.00,1498.69,1,1,40,1,0.000,0
5.407000,1500.00,1500.09,1,1,41,1,0.000,0
5.407667,1500.00,1500.09,1,1,42,1,0.000,0
5.408334,1500.00,1500.09,1,1,43,1,0.000,0
5.409000,1500.00,1500.66,1,1,44,1,0.000,0
5.409667,1500.00,1499.81,1,1,45,1,0.000,0
5.410334,1500.00,1500.38,1,1,46,1,0.000,0
5.411000,1500.00,1498.97,1,1,47,1,0.000,0
5.411667,1500.00,1501.22,1,1,48,1,0.000,0
5.412334,1500.00,1499.81,1,1,49,1,0.000,0
5.413000,1500.00,1499.81,1,1,50,1,0.000,0
5.413667,1500.00,1500.09,1,1,51,1,0.000,0
5.414334,1500.00,1499.81,1,1,52,1,0.000,0
5.415000,1500.00,1499.53,1,1,53,1,0.000,0
5.415667,1500.00,1500.09,1,1,54,1,0.000,0
5.416334,1500.00,1500.94,1,1,55,1,0.000,0
5.417000,1500.00,1498.97,1,1,56,1,0.000,0
5.417667,1500.00,1500.09,1,1,57,1,0.000,0
5.419667,1500.00,1499.93,1,1,0,0,0.000,0
5.420334,1500.00,1500.60,1,1,1,0,0.000,0
5.421000,1500.00,1499.93,1,1,2,0,0.000,0
5.421667,1500.00,1500.38,1,1,3,0,0.000,0
5.422334,1500.00,1500.15,1,1,4,0,0.000,0
5.423000,1500.00,1499.48,1,1,5,0,0.000,0
5.423667,1500.00,1500.15,1,1,6,0,0.000,0
5.424334,1500.00,1500.38,1,1,7,0,0.000,0
5.425000,1500.00,1500.38,1,1,8,0,0.000,0
5.425667,1500.00,1499.53,1,1,9,0,0.000,0
5.426334,1500.00,1499.53,1,1,10,0,0.000,0
5.427000,1500.00,1499.81,1,1,11,0,0.000,0
5.427667,1500.00,1498.97,1,1,12,0,0.000,0
5.428334,1500.00,1500.38,1,1,13,0,0.000,0
5.429000,1500.00,1500.38,1,1,14,0,0.000,0
5.429667,1500.00,1499.25,1,1,15,0,0.000,0
5.430334,1500.00,1500.09,1,1,16,0,0.000,0
5.431000,1500.00,1500.09,1,1,17,0,0.000,0
5.431667,1500.00,1499.81,1,1,18,0,0.000,0
5.432334,1500.00,1500.38,1,1,19,0,0.000,0
5.433000,1500.00,1500.38,1,1,20,0,0.000,0
5.433667,1500.00,1500.38,1,1,21,0,0.000,0
5.434334,1500.00,1500.09,1,1,22,0,0.000,0
5.435000,1500.00,1500.09,1,1,23,0,0.000,0
5.435667,1500.00,1499.81,1,1,24,0,0.000,0
5.436334,1500.00,1499.53,1,1,25,0,0.000,0
5.437000,1500.00,1500.66,1,1,26,0,0.000,0
5.437667,1500.00,1500.38,1,1,27,0,0.000,0
5.438334,1500.00,1500.66,1,1,28,0,0.000,0
5.439000,1500.00,1499.25,1,1,29,0,0.000,0
5.439667,1500.00,1499.81,1,1,30,0,0.000,0
5.440334,1500.00,1500.38,1,1,31,0,0.000,0
5.441000,1500.00,1499.53,1,1,32,0,0.000,0
5.441667,1500.00,1500.38,1,1,33,0,0.000,0
5.442334,1500.00,1500.38,1,1,34,0,0.000,0
5.443000,1500.00,1499.25,1,1,35,0,0.000,0
5.443667,1500.00,1499.53,1,1,36,0,0.000,0
5.444334,1500.00,1500.66,1,1,37,0,0.000,0
5.445000,1500.00,1500.09,1,1,38,0,0.000,0
5.445667,1500.00,1499.53,1,1,39,0,0.000,0
5.446334,1500.00,1500.38,1,1,40,0,0.000,0
5.447000,1500.00,1500.09,1,1,41,0,0.000,0
5.447667,1500.00,1499.53,1,1,42,0,0.000,0
5.448334,1500.00,1500.09,1,1,43,0,0.000,0
5.449000,1500.00,1500.38,1,1,44,0,0.000,0
5.449667,1500.00,1499.81,1,1,45,0,0.000,0
5.450334,1500.00,1499.25,1,1,46,0,0.000,0
5.451000,1500.00,1500.09,1,1,47,0,0.000,0
5.451667,1500.00,1500.38,1,1,48,0,0.000,0
5.452334,1500.00,1499.81,1,1,49,0,0.000,0
5.453000,1500.00,1499.53,1,1,50,0,0.000,0
5.453667,1500.00,1499.81,1,1,51,0,0.000,0
5.454334,1500.00,1498.97,1,1,52,0,0.000,0
5.455000,1500.00,1500.09,1,1,53,0,0.000,0
5.455667,1500.00,1500.38,1,1,54,0,0.000,0
5.456334,1500.00,1499.81,1,1,55,0,0.000,0
5.457000,1500.00,1499.81,1,1,56,0,0.000,0
5.457667,1500.00,1499.81,1,1,57,0,0.000,0
5.459667,1500.00,1500.15,1,1,0,1,0.000,0
5.460334,1500.00,1499.93,1,1,1,1,0.000,0
5.461000,1500.00,1500.38,1,1,2,1,0.000,0
5.461667,1500.00,1499.93,1,1,3,1,0.000,0
5.462334,1500.00,1500.38,1,1,4,1,0.000,0
5.463000,1500.00,1499.70,1,1,5,1,0.000,0
5.463667,1500.00,1499.93,1,1,6,1,0.000,0
5.464334,1500.00,1499.93,1,1,7,1,0.000,0
5.465000,1500.00,1500.38,1,1,8,1,0.000,0
5.465667,1500.00,1500.66,1,1,9,1,0.000,0
5.466334,1500.00,1500.09,1,1,10,1,0.000,0
5.467000,1500.00,1500.09,1,1,11,1,0.000,0
5.467667,1500.00,1500.09,1,1,12,1,0.000,0
5.468334,1500.00,1500.38,1,1,13,1,0.000,0
5.469000,1500.00,1500.09,1,1,14,1,0.000,0
5.469667,1500.00,1500.38,1,1,15,1,0.000,0
5.470334,1500.00,1500.38,1,1,16,1,0.000,0
5.471000,1500.00,1499.81,1,1,17,1,0.000,0
5.471667,1500.00,1499.81,1,1,18,1,0.000,0
5.472334,1500.00,1500.09,1,1,19,1,0.000,0
5.473000,1500.00,1499.53,1,1,20,1,0.000,0
5.473667,1500.00,1499.81,1,1,21,1,0.000,0
5.474334,1500.00,1500.66,1,1,22,1,0.000,0
5.475000,1500.00,1499.53,1,1,23,1,0.000,0
5.475667,1500.00,1499.53,1,1,24,1,0.000,0
5.476334,1500.00,1499.81,1,1,25,1,0.000,0
5.477000,1500.00,1500.09,1,1,26,1,0.000,0
5.477667,1500.00,1500.09,1,1,27,1,0.000,0
5.478334,1500.00,1500.66,1,1,28,1,0.000,0
5.479000,1500.00,1500.94,1,1,29,1,0.000,0
5.479667,1500.00,1498.97,1,1,30,1,0.000,0
5.480334,1500.00,1500.38,1,1,31,1,0.000,0
5.481000,1500.00,1500.09,1,1,32,1,0.000,0
5.481667,1500.00,1499.81,1,1,33,1,0.000,0
5.482334,1500.00,1500.09,1,1,34,1,0.000,0
5.483000,1500.00,1499.53,1,1,35,1,0.000,0
5.483667,1500.00,1499.25,1,1,36,1,0.000,0
5.484334,1500.00,1499.81,1,1,37,1,0.000,0
5.485000,1500.00,1500.09,1,1,38,1,0.000,0
5.485667,1500.00,1500.66,1,1,39,1,0.000,0
5.486334,1500.00,1499.53,1,1,40,1,0.000,0
5.487000,1500.00,1500.38,1,1,41,1,0.000,0
5.487667,1500.00,1500.38,1,1,42,1,0.000,0
5.488334,1500.00,1500.09,1,1,43,1,0.000,0
5.489000,1500.00,1500.38,1,1,44,1,0.000,0
5.489667,1500.00,1500.09,1,1,45,1,0.000,0
5.490334,1500.00,1500.94,1,1,46,1,0.000,0
5.491000,1500.00,1499.81,1,1,47,1,0.000,0
5.491667,1500.00,1500.38,1,1,48,1,0.000,0
5.492334,1500.00,1500.38,1,1,49,1,0.000,0
5.493000,1500.00,1499.53,1,1,50,1,0.000,0
5.493667,1500.00,1499.25,1,1,51,1,0.000,0
5.494334,1500.00,1499.53,1,1,52,1,0.000,0
5.495000,1500.00,1499.81,1,1,53,1,0.000,0
5.495667,1500.00,1498.69,1,1,54,1,0.000,0
5.496334,1500.00,1500.66,1,1,55,1,0.000,0
5.497000,1500.00,1499.53,1,1,56,1,0.000,0
5.497667,1500.00,1499.53,1,1,57,1,0.000,0
5.499667,1500.00,1500.60,1,1,0,0,0.000,0
5.500334,1500.00,1500.60,1,1,1,0,0.000,0
5.501000,1500.00,1500.60,1,1,2,0,0.000,0
5.501667,1500.00,1499.93,1,1,3,0,0.000,0
5.502334,1500.00,1500.15,1,1,4,0,0.000,0
5.503000,1500.00,1498.80,1,1,5,0,0.000,0
5.503667,1500.00,1500.60,1,1,6,0,0.000,0
5.504334,1500.00,1499.93,1,1,7,0,0.000,0
5.505000,1500.00,1499.81,1,1,8,0,0.000,0
5.505667,1500.00,1500.38,1,1,9,0,0.000,0
5.506334,1500.00,1499.53,1,1,10,0,0.000,0
5.507000,1500.00,1499.81,1,1,11,0,0.000,0
5.507667,1500.00,1500.66,1,1,12,0,0.000,0
5.508334,1500.00,1499.81,1,1,13,0,0.000,0
5.509000,1500.00,1499.53,1,1,14,0,0.000,0
5.509667,1500.00,1499.81,1,1,15,0,0.000,0
5.510334,1500.00,1499.25,1,1,16,0,0.000,0
5.511000,1500.00,1500.09,1,1,17,0,0.000,0
5.511667,1500.00,1499.53,1,1,18,0,0.000,0
5.512334,1500.00,1500.66,1,1,19,0,0.000,0
5.513000,1500.00,1499.81,1,1,20,0,0.000,0
5.513667,1500.00,1500.66,1,1,21,0,0.000,0
5.514334,1500.00,1499.53,1,1,22,0,0.000,0
5.515000,1500.00,1500.66,1,1,23,0,0.000,0
5.515667,1500.00,1500.66,1,1,24,0,0.000,0
5.516334,1500.00,1499.81,1,1,25,0,0.000,0
5.517000,1500.00,1500.94,1,1,26,0,0.000,0
5.517667,1500.00,1498.97,1,1,27,0,0.000,0
5.518334,1500.00,1500.66,1,1,28,0,0.000,0
5.519000,1500.00,1499.81,1,1,29,0,0.000,0
5.519667,1500.00,1500.09,1,1,30,0,0.000,0
5.520334,1500.00,1499.53,1,1,31,0,0.000,0
5.521000,1500.00,1499.53,1,1,32,0,0.000,0
5.521667,1500.00,1499.25,1,1,33,0,0.000,0
5.522334,1500.00,1500.09,1,1,34,0,0.000,0
5.523000,1500.00,1500.38,1,1,35,0,0.000,0
5.523667,1500.00,1498.69,1,1,36,0,0.000,0
5.524334,1500.00,1500.38,1,1,37,0,0.000,0
5.525000,1500.00,1500.66,1,1,38,0,0.000,0
5.525667,1500.00,1500.66,1,1,39,0,0.000,0
5.526334,1500.00,1500.38,1,1,40,0,0.000,0
5.527000,1500.00,1500.09,1,1,41,0,0.000,0
5.527667,1500.00,1498.69,1,1,42,0,0.000,0
5.528334,1500.00,1500.09,1,1,43,0,0.000,0
5.529000,1500.00,1500.94,1,1,44,0,0.000,0
5.529667,1500.00,1499.53,1,1,45,0,0.000,0
5.530334,1500.00,1500.38,1,1,46,0,0.000,0
5.531000,1500.00,1498.97,1,1,47,0,0.000,0
5.531667,1500.00,1499.53,1,1,48,0,0.000,0
5.532334,1500.00,1500.09,1,1,49,0,0.000,0
5.533000,1500.00,1500.66,1,1,50,0,0.000,0
5.533667,1500.00,1500.09,1,1,51,0,0.000,0
5.534334,1500.00,1499.53,1,1,52,0,0.000,0
5.535000,1500.00,1500.38,1,1,53,0,0.000,0
5.535667,1500.00,1499.25,1,1,54,0,0.000,0
5.536334,1500.00,1500.66,1,1,55,0,0.000,0
5.537000,1500.00,1499.81,1,1,56,0,0.000,0
5.537667,1500.00,1500.09,1,1,57,0,0.000,0
5.539667,1500.00,1500.15,1,1,0,1,0.000,0
5.540334,1500.00,1499.48,1,1,1,1,0.000,0
5.541000,1500.00,1499.93,1,1,2,1,0.000,0
5.541667,1500.00,1499.93,1,1,3,1,0.000,0
5.542334,1500.00,1499.93,1,1,4,1,0.000,0
5.543000,1500.00,1499.48,1,1,5,1,0.000,0
5.543667,1500.00,1500.15,1,1,6,1,0.000,0
5.544334,1500.00,1500.15,1,1,7,1,0.000,0
5.545000,1500.00,1499.81,1,1,8,1,0.000,0
5.545667,1500.00,1500.09,1,1,9,1,0.000,0
5.546334,1500.00,1499.25,1,1,10,1,0.000,0
5.547000,1500.00,1500.38,1,1,11,1,0.000,0
5.547667,1500.00,1500.38,1,1,12,1,0.000,0
5.548334,1500.00,1500.38,1,1,13,1,0.000,0
5.549000,1500.00,1500.38,1,1,14,1,0.000,0
5.549667,1500.00,1499.81,1,1,15,1,0.000,0
5.550334,1500.00,1499.81,1,1,16,1,0.000,0
5.551000,1500.00,1500.09,1,1,17,1,0.000,0
5.551667,1500.00,1500.66,1,1,18,1,0.000,0
5.552334,1500.00,1499.53,1,1,19,1,0.000,0
5.553000,1500.00,1500.38,1,1,20,1,0.000,0
5.553667,1500.00,1499.81,1,1,21,1,0.000,0
5.554334,1500.00,1499.53,1,1,22,1,0.000,0
5.555000,1500.00,1500.66,1,1,23,1,0.000,0
5.555667,1500.00,1500.66,1,1,24,1,0.000,0
5.556334,1500.00,1500.38,1,1,25,1,0.000,0
5.557000,1500.00,1500.09,1,1,26,1,0.000,0
5.557667,1500.00,1500.38,1,1,27,1,0.000,0
5.558334,1500.00,1500.09,1,1,28,1,0.000,0
5.559000,1500.00,1499.81,1,1,29,1,0.000,0
5.559667,1500.00,1500.09,1,1,30,1,0.000,0
5.560334,1500.00,1499.81,1,1,31,1,0.000,0
5.561000,1500.00,1498.97,1,1,32,1,0.000,0
5.561667,1500.00,1499.25,1,1,33,1,0.000,0
5.562334,1500.00,1499.81,1,1,34,1,0.000,0
5.563000,1500.00,1499.53,1,1,35,1,0.000,0
5.563667,1500.00,1499.53,1,1,36,1,0.000,0
5.564334,1500.00,1500.66,1,1,37,1,0.000,0
5.565000,1500.00,1499.81,1,1,38,1,0.000,0
5.565667,1500.00,1500.09,1,1,39,1,0.000,0
5.566334,1500.00,1500.38,1,1,40,1,0.000,0
5.567000,1500.00,1500.66,1,1,41,1,0.000,0
5.567667,1500.00,1500.09,1,1,42,1,0.000,0
5.568334,1500.00,1499.53,1,1,43,1,0.000,0
5.569000,1500.00,1499.53,1,1,44,1,0.000,0
5.569667,1500.00,1499.81,1,1,45,1,0.000,0
5.570334,1500.00,1500.09,1,1,46,1,0.000,0
5.571000,1500.00,1499.53,1,1,47,1,0.000,0
5.571667,1500.00,1500.09,1,1,48,1,0.000,0
5.572334,1500.00,1499.81,1,1,49,1,0.000,0
5.573000,1500.00,1500.94,1,1,50,1,0.000,0
5.573667,1500.00,1500.66,1,1,51,1,0.000,0
5.574334,1500.00,1500.38,1,1,52,1,0.000,0
5.575000,1500.00,1499.81,1,1,53,1,0.000,0
5.575667,1500.00,1499.81,1,1,54,1,0.000,0
5.576334,1500.00,1500.38,1,1,55,1,0.000,0
5.577000,1500.00,1500.38,1,1,56,1,0.000,0
5.577667,1500.00,1500.09,1,1,57,1,0.000,0
5.579667,1500.00,1499.25,1,1,0,0,0.000,0
5.580334,1500.00,1499.70,1,1,1,0,0.000,0
5.581000,1500.00,1499.93,1,1,2,0,0.000,0
5.581667,1500.00,1499.93,1,1,3,0,0.000,0
5.582334,1500.00,1500.60,1,1,4,0,0.000,0
5.583000,1500.00,1500.15,1,1,5,0,0.000,0
5.583667,1500.00,1499.25,1,1,6,0,0.000,0
5.584334,1500.00,1500.38,1,1,7,0,0.000,0
5.585000,1500.00,1500.38,1,1,8,0,0.000,0
5.585667,1500.00,1500.94,1,1,9,0,0.000,0
5.586334,1500.00,1500.38,1,1,10,0,0.000,0
5.587000,1500.00,1500.09,1,1,11,0,0.000,0
5.587667,1500.00,1499.81,1,1,12,0,0.000,0
5.588334,1500.00,1499.81,1,1,13,0,0.000,0
5.589000,1500.00,1500.94,1,1,14,0,0.000,0
5.589667,1500.00,1499.81,1,1,15,0,0.000,0
5.590334,1500.00,1499.53,1,1,16,0,0.000,0
5.591000,1500.00,1499.25,1,1,17,0,0.000,0
5.591667,1500.00,1499.53,1,1,18,0,0.000,0
5.592334,1500.00,1500.66,1,1,19,0,0.000,0
5.593000,1500.00,1499.81,1,1,20,0,0.000,0
5.593667,1500.00,1500.38,1,1,21,0,0.000,0
5.594334,1500.00,1499.53,1,1,22,0,0.000,0
5.595000,1500.00,1500.38,1,1,23,0,0.000,0
5.595667,1500.00,1500.66,1,1,24,0,0.000,0
5.596334,1500.00,1500.38,1,1,25,0,0.000,0
5.597000,1500.00,1500.09,1,1,26,0,0.000,0
5.597667,1500.00,1498.97,1,1,27,0,0.000,0
5.598334,1500.00,1500.94,1,1,28,0,0.000,0
5.599000,1500.00,1499.25,1,1,29,0,0.000,0
5.599667,1500.00,1499.81,1,1,30,0,0.000,0
5.600334,1500.00,1500.09,1,1,31,0,0.000,0
5.601000,1500.00,1499.25,1,1,32,0,0.000,0
5.601667,1500.00,1499.25,1,1,33,0,0.000,0
5.602334,1500.00,1500.09,1,1,34,0,0.000,0
5.603000,1500.00,1500.38,1,1,35,0,0.000,0
5.603667,1500.00,1498.97,1,1,36,0,0.000,0
5.604334,1500.00,1500.38,1,1,37,0,0.000,0
5.605000,1500.00,1500.94,1,1,38,0,0.000,0
5.605667,1500.00,1499.53,1,1,39,0,0.000,0
5.606334,1500.00,1500.66,1,1,40,0,0.000,0
5.607000,1500.00,1501.50,1,1,41,0,0.000,0
5.607667,1500.00,1500.38,1,1,42,0,0.000,0
5.608334,1500.00,1500.09,1,1,43,0,0.000,0
5.609000,1500.00,1500.66,1,1,44,0,0.000,0
5.609667,1500.00,1499.81,1,1,45,0,0.000,0
5.610334,1500.00,1499.81,1,1,46,0,0.000,0
5.611000,1500.00,1499.25,1,1,47,0,0.000,0
5.611667,1500.00,1499.53,1,1,48,0,0.000,0
5.612334,1500.00,1498.41,1,1,49,0,0.000,0
5.613000,1500.00,1499.81,1,1,50,0,0.000,0
5.613667,1500.00,1500.09,1,1,51,0,0.000,0
5.614334,1500.00,1499.53,1,1,52,0,0.000,0
5.615000,1500.00,1500.09,1,1,53,0,0.000,0
5.615667,1500.00,1499.53,1,1,54,0,0.000,0
5.616334,1500.00,1500.66,1,1,55,0,0.000,0
5.617000,1500.00,1500.38,1,1,56,0,0.000,0
5.617667,1500.00,1501.22,1,1,57,0,0.000,0
5.619667,1500.00,1500.38,1,1,0,1,0.000,0
5.620334,1500.00,1499.48,1,1,1,1,0.000,0
5.621000,1500.00,1499.93,1,1,2,1,0.000,0
5.621667,1500.00,1500.15,1,1,3,1,0.000,0
5.622334,1500.00,1499.70,1,1,4,1,0.000,0
5.623000,1500.00,1500.15,1,1,5,1,0.000,0
5.623667,1500.00,1499.48,1,1,6,1,0.000,0
5.624334,1500.00,1499.48,1,1,7,1,0.000,0
5.625000,1500.00,1499.81,1,1,8,1,0.000,0
5.625667,1500.00,1500.66,1,1,9,1,0.000,0
5.626334,1500.00,1500.09,1,1,10,1,0.000,0
5.627000,1500.00,1499.81,1,1,11,1,0.000,0
5.627667,1500.00,1500.66,1,1,12,1,0.000,0
5.628334,1500.00,1499.25,1,1,13,1,0.000,0
5.629000,1500.00,1500.66,1,1,14,1,0.000,0
5.629667,1500.00,1499.53,1,1,15,1,0.000,0
5.630334,1500.00,1499.81,1,1,16,1,0.000,0
5.631000,1500.00,1500.09,1,1,17,1,0.000,0
5.631667,1500.00,1499.81,1,1,18,1,0.000,0
5.632334,1500.00,1500.38,1,1,19,1,0.000,0
5.633000,1500.00,1500.09,1,1,20,1,0.000,0
5.633667,1500.00,1500.38,1,1,21,1,0.000,0
5.634334,1500.00,1499.81,1,1,22,1,0.000,0
5.635000,1500.00,1500.94,1,1,23,1,0.000,0
5.635667,1500.00,1499.53,1,1,24,1,0.000,0
5.636334,1500.00,1500.38,1,1,25,1,0.000,0
5.637000,1500.00,1500.38,1,1,26,1,0.000,0
5.637667,1500.00,1500.09,1,1,27,1,0.000,0
5.638334,1500.00,1499.81,1,1,28,1,0.000,0
5.639000,1500.00,1499.53,1,1,29,1,0.000,0
5.639667,1500.00,1500.94,1,1,30,1,0.000,0
5.640334,1500.00,1499.25,1,1,31,1,0.000,0
5.641000,1500.00,1500.09,1,1,32,1,0.000,0
5.641667,1500.00,1500.09,1,1,33,1,0.000,0
5.642334,1500.00,1500.09,1,1,34,1,0.000,0
5.643000,1500.00,1499.25,1,1,35,1,0.000,0
5.643667,1500.00,1500.09,1,1,36,1,0.000,0
5.644334,1500.00,1500.38,1,1,37,1,0.000,0
5.645000,1500.00,1498.97,1,1,38,1,0.000,0
5.645667,1500.00,1500.94,1,1,39,1,0.000,0
5.646334,1500.00,1500.09,1,1,40,1,0.000,0
5.647000,1500.00,1499.53,1,1,41,1,0.000,0
5.647667,1500.00,1500.38,1,1,42,1,0.000,0
5.648334,1500.00,1500.66,1,1,43,1,0.000,0
5.649000,1500.00,1500.38,1,1,44,1,0.000,0
5.649667,1500.00,1500.09,1,1,45,1,0.000,0
5.650334,1500.00,1500.09,1,1,46,1,0.000,0
5.651000,1500.00,1499.81,1,1,47,1,0.000,0
5.651667,1500.00,1500.09,1,1,48,1,0.000,0
5.652334,1500.00,1499.53,1,1,49,1,0.000,0
5.653000,1500.00,1499.81,1,1,50,1,0.000,0
5.653667,1500.00,1499.25,1,1,51,1,0.000,0
5.654334,1500.00,1499.53,1,1,52,1,0.000,0
5.655000,1500.00,1500.38,1,1,53,1,0.000,0
5.655667,1500.00,1500.09,1,1,54,1,0.000,0
5.656334,1500.00,1498.97,1,1,55,1,0.000,0
5.657000,1500.00,1499.81,1,1,56,1,0.000,0
5.657667,1500.00,1500.66,1,1,57,1,0.000,0
5.659667,1500.00,1499.48,1,1,0,0,0.000,0
5.660334,1500.00,1500.38,1,1,1,0,0.000,0
5.661000,1500.00,1500.38,1,1,2,0,0.000,0
5.661667,1500.00,1499.93,1,1,3,0,0.000,0
5.662334,1500.00,1499.93,1,1,4,0,0.000,0
5.663000,1500.00,1500.38,1,1,5,0,0.000,0
5.663667,1500.00,1500.38,1,1,6,0,0.000,0
5.664334,1500.00,1499.48,1,1,7,0,0.000,0
5.665000,1500.00,1500.09,1,1,8,0,0.000,0
5.665667,1500.00,1499.53,1,1,9,0,0.000,0
5.666334,1500.00,1499.25,1,1,10,0,0.000,0
5.667000,1500.00,1500.38,1,1,11,0,0.000,0
5.667667,1500.00,1500.38,1,1,12,0,0.000,0
5.668334,1500.00,1499.53,1,1,13,0,0.000,0
5.669000,1500.00,1499.53,1,1,14,0,0.000,0
5.669667,1500.00,1499.81,1,1,15,0,0.000,0
5.670334,1500.00,1499.53,1,1,16,0,0.000,0
5.671000,1500.00,1500.09,1,1,17,0,0.000,0
5.671667,1500.00,1500.66,1,1,18,0,0.000,0
5.672334,1500.00,1498.69,1,1,19,0,0.000,0
5.673000,1500.00,1499.25,1,1,20,0,0.000,0
5.673667,1500.00,1500.38,1,1,21,0,0.000,0
5.674334,1500.00,1499.53,1,1,22,0,0.000,0
5.675000,1500.00,1500.94,1,1,23,0,0.000,0
5.675667,1500.00,1500.38,1,1,24,0,0.000,0
5.676334,1500.00,1499.53,1,1,25,0,0.000,0
5.677000,1500.00,1499.81,1,1,26,0,0.000,0
5.677667,1500.00,1500.94,1,1,27,0,0.000,0
5.678334,1500.00,1500.38,1,1,28,0,0.000,0
5.679000,1500.00,1499.25,1,1,29,0,0.000,0
5.679667,1500.00,1500.38,1,1,30,0,0.000,0
5.680334,1500.00,1499.53,1,1,31,0,0.000,0
5.681000,1500.00,1500.66,1,1,32,0,0.000,0
5.681667,1500.00,1500.38,1,1,33,0,0.000,0
5.682334,1500.00,1499.25,1,1,34,0,0.000,0
5.683000,1500.00,1500.38,1,1,35,0,0.000,0
5.683667,1500.00,1500.09,1,1,36,0,0.000,0
5.684334,1500.00,1500.94,1,1,37,0,0.000,0
5.685000,1500.00,1500.09,1,1,38,0,0.000,0
5.685667,1500.00,1499.53,1,1,39,0,0.000,0
5.686334,1500.00,1499.53,1,1,40,0,0.000,0
5.687000,1500.00,1500.38,1,1,41,0,0.000,0
5.687667,1500.00,1500.09,1,1,42,0,0.000,0
5.688334,1500.00,1499.53,1,1,43,0,0.000,0
5.689000,1500.00,1500.09,1,1,44,0,0.000,0
5.689667,1500.00,1500.66,1,1,45,0,0.000,0
5.690334,1500.00,1500.09,1,1,46,0,0.000,0
5.691000,1500.00,1500.38,1,1,47,0,0.000,0
5.691667,1500.00,1499.53,1,1,48,0,0.000,0
5.692334,1500.00,1499.81,1,1,49,0,0.000,0
5.693000,1500.00,1500.66,1,1,50,0,0.000,0
5.693667,1500.00,1500.09,1,1,51,0,0.000,0
5.694334,1500.00,1499.81,1,1,52,0,0.000,0
5.695000,1500.00,1499.81,1,1,53,0,0.000,0
5.695667,1500.00,1500.38,1,1,54,0,0.000,0
5.696334,1500.00,1500.94,1,1,55,0,0.000,0
5.697000,1500.00,1500.66,1,1,56,0,0.000,0
5.697667,1500.00,1500.66,1,1,57,0,0.000,0
5.699667,1500.00,1500.38,1,1,0,1,0.000,0
5.700334,1500.00,1499.93,1,1,1,1,0.000,0
5.701000,1500.00,1499.93,1,1,2,1,0.000,0
5.701667,1500.00,1499.93,1,1,3,1,0.000,0
5.702334,1500.00,1499.70,1,1,4,1,0.000,0
5.703000,1500.00,1499.25,1,1,5,1,0.000,0
5.703667,1500.00,1500.38,1,1,6,1,0.000,0
5.704334,1500.00,1500.15,1,1,7,1,0.000,0
5.705000,1500.00,1499.81,1,1,8,1,0.000,0
5.705667,1500.00,1499.81,1,1,9,1,0.000,0
5.706334,1500.00,1500.38,1,1,10,1,0.000,0
5.707000,1500.00,1499.25,1,1,11,1,0.000,0
5.707667,1500.00,1500.09,1,1,12,1,0.000,0
5.708334,1500.00,1499.81,1,1,13,1,0.000,0
5.709000,1500.00,1498.97,1,1,14,1,0.000,0
5.709667,1500.00,1499.53,1,1,15,1,0.000,0
5.710334,1500.00,1499.53,1,1,16,1,0.000,0
5.711000,1500.00,1500.09,1,1,17,1,0.000,0
5.711667,1500.00,1499.53,1,1,18,1,0.000,0
5.712334,1500.00,1500.38,1,1,19,1,0.000,0
5.713000,1500.00,1500.94,1,1,20,1,0.000,0
5.713667,1500.00,1500.38,1,1,21,1,0.000,0
5.714334,1500.00,1499.81,1,1,22,1,0.000,0
5.715000,1500.00,1500.09,1,1,23,1,0.000,0
5.715667,1500.00,1499.81,1,1,24,1,0.000,0
5.716334,1500.00,1499.81,1,1,25,1,0.000,0
5.717000,1500.00,1499.81,1,1,26,1,0.000,0
5.717667,1500.00,1499.53,1,1,27,1,0.000,0
5.718334,1500.00,1498.97,1,1,28,1,0.000,0
5.719000,1500.00,1499.53,1,1,29,1,0.000,0
5.719667,1500.00,1500.94,1,1,30,1,0.000,0
5.720334,1500.00,1499.81,1,1,31,1,0.000,0
5.721000,1500.00,1500.09,1,1,32,1,0.000,0
5.721667,1500.00,1500.38,1,1,33,1,0.000,0
5.722334,1500.00,1499.81,1,1,34,1,0.000,0
5.723000,1500.00,1500.66,1,1,35,1,0.000,0
5.723667,1500.00,1499.81,1,1,36,1,0.000,0
5.724334,1500.00,1500.66,1,1,37,1,0.000,0
5.725000,1500.00,1500.09,1,1,38,1,0.000,0
5.725667,1500.00,1500.09,1,1,39,1,0.000,0
5.726334,1500.00,1499.81,1,1,40,1,0.000,0
5.727000,1500.00,1498.97,1,1,41,1,0.000,0
5.727667,1500.00,1501.22,1,1,42,1,0.000,0
5.728334,1500.00,1499.53,1,1,43,1,0.000,0
5.729000,1500.00,1500.38,1,1,44,1,0.000,0
5.729667,1500.00,1499.53,1,1,45,1,0.000,0
5.730334,1500.00,1500.09,1,1,46,1,0.000,0
5.731000,1500.00,1499.25,1,1,47,1,0.000,0
5.731667,1500.00,1500.38,1,1,48,1,0.000,0
5.732334,1500.00,1500.38,1,1,49,1,0.000,0
5.733000,1500.00,1499.81,1,1,50,1,0.000,0
5.733667,1500.00,1500.66,1,1,51,1,0.000,0
5.734334,1500.00,1499.81,1,1,52,1,0.000,0
5.735000,1500.00,1500.09,1,1,53,1,0.000,0
5.735667,1500.00,1499.25,1,1,54,1,0.000,0
5.736334,1500.00,1500.38,1,1,55,1,0.000,0
5.737000,1500.00,1499.81,1,1,56,1,0.000,0
5.737667,1500.00,1500.66,1,1,57,1,0.000,0
5.739667,1500.00,1499.93,1,1,0,0,0.000,0
5.740334,1500.00,1499.48,1,1,1,0,0.000,0
5.741000,1500.00,1499.93,1,1,2,0,0.000,0
5.741667,1500.00,1500.15,1,1,3,0,0.000,0
5.742334,1500.00,1500.38,1,1,4,0,0.000,0
5.743000,1500.00,1499.93,1,1,5,0,0.000,0
5.743667,1500.00,1500.15,1,1,6,0,0.000,0
5.744334,1500.00,1499.48,1,1,7,0,0.000,0
5.745000,1500.00,1499.81,1,1,8,0,0.000,0
5.745667,1500.00,1500.09,1,1,9,0,0.000,0
5.746334,1500.00,1500.09,1,1,10,0,0.000,0
5.747000,1500.00,1500.38,1,1,11,0,0.000,0
5.747667,1500.00,1500.38,1,1,12,0,0.000,0
5.748334,1500.00,1500.09,1,1,13,0,0.000,0
5.749000,1500.00,1499.53,1,1,14,0,0.000,0
5.749667,1500.00,1500.94,1,1,15,0,0.000,0
5.750334,1500.00,1499.81,1,1,16,0,0.000,0
5.751000,1500.00,1500.66,1,1,17,0,0.000,0
5.751667,1500.00,1500.09,1,1,18,0,0.000,0
5.752334,1500.00,1498.97,1,1,19,0,0.000,0
5.753000,1500.00,1499.25,1,1,20,0,0.000,0
5.753667,1500.00,1500.09,1,1,21,0,0.000,0
5.754334,1500.00,1500.38,1,1,22,0,0.000,0
5.755000,1500.00,1499.53,1,1,23,0,0.000,0
5.755667,1500.00,1500.09,1,1,24,0,0.000,0
5.756334,1500.00,1500.09,1,1,25,0,0.000,0
5.757000,1500.00,1499.81,1,1,26,0,0.000,0
5.757667,1500.00,1500.94,1,1,27,0,0.000,0
5.758334,1500.00,1499.53,1,1,28,0,0.000,0
5.759000,1500.00,1500.09,1,1,29,0,0.000,0
5.759667,1500.00,1499.81,1,1,30,0,0.000,0
5.760334,1500.00,1500.09,1,1,31,0,0.000,0
5.761000,1500.00,1499.53,1,1,32,0,0.000,0
5.761667,1500.00,1499.25,1,1,33,0,0.000,0
5.762334,1500.00,1500.09,1,1,34,0,0.000,0
5.763000,1500.00,1499.25,1,1,35,0,0.000,0
5.763667,1500.00,1500.09,1,1,36,0,0.000,0
5.764334,1500.00,1500.09,1,1,37,0,0.000,0
5.765000,1500.00,1500.38,1,1,38,0,0.000,0
5.765667,1500.00,1499.81,1,1,39,0,0.000,0
5.766334,1500.00,1500.38,1,1,40,0,0.000,0
5.767000,1500.00,1500.09,1,1,41,0,0.000,0
5.767667,1500.00,1499.53,1,1,42,0,0.000,0
5.768334,1500.00,1500.38,1,1,43,0,0.000,0
5.769000,1500.00,1500.66,1,1,44,0,0.000,0
5.769667,1500.00,1499.81,1,1,45,0,0.000,0
5.770334,1500.00,1499.81,1,1,46,0,0.000,0
5.771000,1500.00,1500.66,1,1,47,0,0.000,0
5.771667,1500.00,1500.09,1,1,48,0,0.000,0
5.772334,1500.00,1500.09,1,1,49,0,0.000,0
5.773000,1500.00,1500.66,1,1,50,0,0.000,0
5.773667,1500.00,1500.09,1,1,51,0,0.000,0
5.774334,1500.00,1500.38,1,1,52,0,0.000,0
5.775000,1500.00,1500.09,1,1,53,0,0.000,0
5.775667,1500.00,1500.09,1,1,54,0,0.000,0
5.776334,1500.00,1500.09,1,1,55,0,0.000,0
5.777000,1500.00,1500.09,1,1,56,0,0.000,0
5.777667,1500.00,1499.81,1,1,57,0,0.000,0
5.779667,1500.00,1500.60,1,1,0,1,0.000,0
5.780334,1500.00,1499.93,1,1,1,1,0.000,0
5.781000,1500.00,1499.25,1,1,2,1,0.000,0
5.781667,1500.00,1499.70,1,1,3,1,0.000,0
5.782334,1500.00,1500.15,1,1,4,1,0.000,0
5.783000,1500.00,1499.93,1,1,5,1,0.000,0
5.783667,1500.00,1499.70,1,1,6,1,0.000,0
5.784334,1500.00,1499.70,1,1,7,1,0.000,0
5.785000,1500.00,1498.69,1,1,8,1,0.000,0
5.785667,1500.00,1500.09,1,1,9,1,0.000,0
5.786334,1500.00,1500.38,1,1,10,1,0.000,0
5.787000,1500.00,1500.38,1,1,11,1,0.000,0
5.787667,1500.00,1499.81,1,1,12,1,0.000,0
5.788334,1500.00,1498.97,1,1,13,1,0.000,0
5.789000,1500.00,1500.09,1,1,14,1,0.000,0
5.789667,1500.00,1500.94,1,1,15,1,0.000,0
5.790334,1500.00,1500.38,1,1,16,1,0.000,0
5.791000,1500.00,1500.38,1,1,17,1,0.000,0
5.791667,1500.00,1500.09,1,1,18,1,0.000,0
5.792334,1500.00,1499.81,1,1,19,1,0.000,0
5.793000,1500.00,1500.09,1,1,20,1,0.000,0
5.793667,1500.00,1501.22,1,1,21,1,0.000,0
5.794334,1500.00,1500.09,1,1,22,1,0.000,0
5.795000,1500.00,1499.81,1,1,23,1,0.000,0
5.795667,1500.00,1499.81,1,1,24,1,0.000,0
5.796334,1500.00,1499.81,1,1,25,1,0.000,0
5.797000,1500.00,1500.09,1,1,26,1,0.000,0
5.797667,1500.00,1499.25,1,1,27,1,0.000,0
5.798334,1500.00,1500.66,1,1,28,1,0.000,0
5.799000,1500.00,1500.09,1,1,29,1,0.000,0
5.799667,1500.00,1499.81,1,1,30,1,0.000,0
5.800334,1500.00,1499.81,1,1,31,1,0.000,0
5.801000,1500.00,1500.09,1,1,32,1,0.000,0
5.801667,1500.00,1499.81,1,1,33,1,0.000,0
5.802334,1500.00,1499.53,1,1,34,1,0.000,0
5.803000,1500.00,1500.38,1,1,35,1,0.000,0
5.803667,1500.00,1499.81,1,1,36,1,0.000,0
5.804334,1500.00,1499.25,1,1,37,1,0.000,0
5.805000,1500.00,1500.09,1,1,38,1,0.000,0
5.805667,1500.00,1499.53,1,1,39,1,0.000,0
5.806334,1500.00,1499.53,1,1,40,1,0.000,0
5.807000,1500.00,1499.81,1,1,41,1,0.000,0
5.807667,1500.00,1500.66,1,1,42,1,0.000,0
5.808334,1500.00,1500.09,1,1,43,1,0.000,0
5.809000,1500.00,1500.38,1,1,44,1,0.000,0
5.809667,1500.00,1499.81,1,1,45,1,0.000,0
5.810334,1500.00,1500.66,1,1,46,1,0.000,0
5.811000,1500.00,1500.38,1,1,47,1,0.000,0
5.811667,1500.00,1500.94,1,1,48,1,0.000,0
5.812334,1500.00,1500.66,1,1,49,1,0.000,0
5.813000,1500.00,1499.53,1,1,50,1,0.000,0
5.813667,1500.00,1500.66,1,1,51,1,0.000,0
5.814334,1500.00,1498.97,1,1,52,1,0.000,0
5.815000,1500.00,1500.09,1,1,53,1,0.000,0
5.815667,1500.00,1500.09,1,1,54,1,0.000,0
5.816334,1500.00,1499.53,1,1,55,1,0.000,0
5.817000,1500.00,1499.81,1,1,56,1,0.000,0
5.817667,1500.00,1498.97,1,1,57,1,0.000,0
5.819667,1500.00,1499.70,1,1,0,0,0.000,0
5.820334,1500.00,1499.70,1,1,1,0,0.000,0
5.821000,1500.00,1499.93,1,1,2,0,0.000,0
5.821667,1500.00,1500.15,1,1,3,0,0.000,0
5.822334,1500.00,1499.93,1,1,4,0,0.000,0
5.823000,1500.00,1500.38,1,1,5,0,0.000,0
5.823667,1500.00,1500.15,1,1,6,0,0.000,0
5.824334,1500.00,1500.60,1,1,7,0,0.000,0
5.825000,1500.00,1500.09,1,1,8,0,0.000,0
5.825667,1500.00,1500.38,1,1,9,0,0.000,0
5.826334,1500.00,1500.09,1,1,10,0,0.000,0
5.827000,1500.00,1500.09,1,1,11,0,0.000,0
5.827667,1500.00,1498.69,1,1,12,0,0.000,0
5.828334,1500.00,1499.53,1,1,13,0,0.000,0
5.829000,1500.00,1499.25,1,1,14,0,0.000,0
5.829667,1500.00,1499.81,1,1,15,0,0.000,0
5.830334,1500.00,1500.09,1,1,16,0,0.000,0
5.831000,1500.00,1500.09,1,1,17,0,0.000,0
5.831667,1500.00,1499.81,1,1,18,0,0.000,0
5.832334,1500.00,1499.53,1,1,19,0,0.000,0
5.833000,1500.00,1500.94,1,1,20,0,0.000,0
5.833667,1500.00,1499.81,1,1,21,0,0.000,0
5.834334,1500.00,1500.66,1,1,22,0,0.000,0
5.835000,1500.00,1499.53,1,1,23,0,0.000,0
5.835667,1500.00,1500.94,1,1,24,0,0.000,0
5.836334,1500.00,1499.81,1,1,25,0,0.000,0
5.837000,1500.00,1500.66,1,1,26,0,0.000,0
5.837667,1500.00,1500.38,1,1,27,0,0.000,0
5.838334,1500.00,1499.53,1,1,28,0,0.000,0
5.839000,1500.00,1500.94,1,1,29,0,0.000,0
5.839667,1500.00,1500.09,1,1,30,0,0.000,0
5.840334,1500.00,1500.38,1,1,31,0,0.000,0
5.841000,1500.00,1500.09,1,1,32,0,0.000,0
5.841667,1500.00,1499.25,1,1,33,0,0.000,0
5.842334,1500.00,1499.25,1,1,34,0,0.000,0
5.843000,1500.00,1499.81,1,1,35,0,0.000,0
5.843667,1500.00,1499.81,1,1,36,0,0.000,0
5.844334,1500.00,1499.81,1,1,37,0,0.000,0
5.845000,1500.00,1499.53,1,1,38,0,0.000,0
5.845667,1500.00,1499.53,1,1,39,0,0.000,0
5.846334,1500.00,1498.13,1,1,40,0,0.000,0
5.847000,1500.00,1500.66,1,1,41,0,0.000,0
5.847667,1500.00,1501.22,1,1,42,0,0.000,0
5.848334,1500.00,1500.66,1,1,43,0,0.000,0
5.849000,1500.00,1500.38,1,1,44,0,0.000,0
5.849667,1500.00,1500.38,1,1,45,0,0.000,0
5.850334,1500.00,1499.81,1,1,46,0,0.000,0
5.851000,1500.00,1500.09,1,1,47,0,0.000,0
5.851667,1500.00,1501.22,1,1,48,0,0.000,0
5.852334,1500.00,1499.81,1,1,49,0,0.000,0
5.853000,1500.00,1499.25,1,1,50,0,0.000,0
5.853667,1500.00,1499.81,1,1,51,0,0.000,0
5.854334,1500.00,1500.38,1,1,52,0,0.000,0
5.855000,1500.00,1499.25,1,1,53,0,0.000,0
5.855667,1500.00,1500.38,1,1,54,0,0.000,0
5.856334,1500.00,1501.22,1,1,55,0,0.000,0
5.857000,1500.00,1500.38,1,1,56,0,0.000,0
5.857667,1500.00,1500.09,1,1,57,0,0.000,0
5.859667,1500.00,1499.70,1,1,0,1,0.000,0
5.860334,1500.00,1499.93,1,1,1,1,0.000,0
5.861000,1500.00,1499.93,1,1,2,1,0.000,0
5.861667,1500.00,1499.93,1,1,3,1,0.000,0
5.862334,1500.00,1499.93,1,1,4,1,0.000,0
5.863000,1500.00,1499.25,1,1,5,1,0.000,0
5.863667,1500.00,1500.15,1,1,6,1,0.000,0
5.864334,1500.00,1500.15,1,1,7,1,0.000,0
5.865000,1500.00,1500.09,1,1,8,1,0.000,0
5.865667,1500.00,1499.53,1,1,9,1,0.000,0
5.866334,1500.00,1500.38,1,1,10,1,0.000,0
5.867000,1500.00,1500.38,1,1,11,1,0.000,0
5.867667,1500.00,1499.81,1,1,12,1,0.000,0
5.868334,1500.00,1499.53,1,1,13,1,0.000,0
5.869000,1500.00,1499.25,1,1,14,1,0.000,0
5.869667,1500.00,1499.53,1,1,15,1,0.000,0
5.870334,1500.00,1500.66,1,1,16,1,0.000,0
5.871000,1500.00,1499.81,1,1,17,1,0.000,0
5.871667,1500.00,1499.25,1,1,18,1,0.000,0
5.872334,1500.00,1499.81,1,1,19,1,0.000,0
5.873000,1500.00,1500.66,1,1,20,1,0.000,0
5.873667,1500.00,1500.38,1,1,21,1,0.000,0
5.874334,1500.00,1499.81,1,1,22,1,0.000,0
5.875000,1500.00,1500.09,1,1,23,1,0.000,0
5.875667,1500.00,1498.97,1,1,24,1,0.000,0
5.876334,1500.00,1500.94,1,1,25,1,0.000,0
5.877000,1500.00,1500.09,1,1,26,1,0.000,0
5.877667,1500.00,1500.66,1,1,27,1,0.000,0
5.878334,1500.00,1499.25,1,1,28,1,0.000,0
5.879000,1500.00,1500.66,1,1,29,1,0.000,0
5.879667,1500.00,1500.09,1,1,30,1,0.000,0
5.880334,1500.00,1500.94,1,1,31,1,0.000,0
5.881000,1500.00,1500.38,1,1,32,1,0.000,0
5.881667,1500.00,1499.81,1,1,33,1,0.000,0
5.882334,1500.00,1500.94,1,1,34,1,0.000,0
5.883000,1500.00,1499.53,1,1,35,1,0.000,0
5.883667,1500.00,1500.66,1,1,36,1,0.000,0
5.884334,1500.00,1500.09,1,1,37,1,0.000,0
5.885000,1500.00,1500.38,1,1,38,1,0.000,0
5.885667,1500.00,1498.13,1,1,39,1,0.000,0
5.886334,1500.00,1499.53,1,1,40,1,0.000,0
5.887000,1500.00,1498.97,1,1,41,1,0.000,0
5.887667,1500.00,1498.69,1,1,42,1,0.000,0
5.888334,1500.00,1500.66,1,1,43,1,0.000,0
5.889000,1500.00,1499.25,1,1,44,1,0.000,0
5.889667,1500.00,1500.09,1,1,45,1,0.000,0
5.890334,1500.00,1500.38,1,1,46,1,0.000,0
5.891000,1500.00,1501.78,1,1,47,1,0.000,0
5.891667,1500.00,1500.94,1,1,48,1,0.000,0
5.892334,1500.00,1500.38,1,1,49,1,0.000,0
5.893000,1500.00,1500.66,1,1,50,1,0.000,0
5.893667,1500.00,1500.09,1,1,51,1,0.000,0
5.894334,1500.00,1500.66,1,1,52,1,0.000,0
5.895000,1500.00,1499.81,1,1,53,1,0.000,0
5.895667,1500.00,1499.53,1,1,54,1,0.000,0
5.896334,1500.00,1498.97,1,1,55,1,0.000,0
5.897000,1500.00,1499.25,1,1,56,1,0.000,0
5.897667,1500.00,1499.81,1,1,57,1,0.000,0
5.899667,1500.00,1499.25,1,1,0,0,0.000,0
5.900334,1500.00,1499.48,1,1,1,0,0.000,0
5.901000,1500.00,1500.15,1,1,2,0,0.000,0
5.901667,1500.00,1499.70,1,1,3,0,0.000,0
5.902334,1500.00,1499.93,1,1,4,0,0.000,0
5.903000,1500.00,1500.15,1,1,5,0,0.000,0
5.903667,1500.00,1500.38,1,1,6,0,0.000,0
5.904334,1500.00,1500.38,1,1,7,0,0.000,0
5.905000,1500.00,1500.66,1,1,8,0,0.000,0
5.905667,1500.00,1500.09,1,1,9,0,0.000,0
5.906334,1500.00,1499.81,1,1,10,0,0.000,0
5.907000,1500.00,1500.09,1,1,11,0,0.000,0
5.907667,1500.00,1499.81,1,1,12,0,0.000,0
5.908334,1500.00,1500.94,1,1,13,0,0.000,0
5.909000,1500.00,1499.53,1,1,14,0,0.000,0
5.909667,1500.00,1499.81,1,1,15,0,0.000,0
5.910334,1500.00,1500.09,1,1,16,0,0.000,0
5.911000,1500.00,1499.53,1,1,17,0,0.000,0
5.911667,1500.00,1500.38,1,1,18,0,0.000,0
5.912334,1500.00,1499.53,1,1,19,0,0.000,0
5.913000,1500.00,1500.09,1,1,20,0,0.000,0
5.913667,1500.00,1500.09,1,1,21,0,0.000,0
5.914334,1500.00,1500.38,1,1,22,0,0.000,0
5.915000,1500.00,1500.66,1,1,23,0,0.000,0
5.915667,1500.00,1500.09,1,1,24,0,0.000,0
5.916334,1500.00,1500.66,1,1,25,0,0.000,0
5.917000,1500.00,1498.69,1,1,26,0,0.000,0
5.917667,1500.00,1500.09,1,1,27,0,0.000,0
5.918334,1500.00,1500.09,1,1,28,0,0.000,0
5.919000,1500.00,1498.69,1,1,29,0,0.000,0
5.919667,1500.00,1499.53,1,1,30,0,0.000,0
5.920334,1500.00,1499.53,1,1,31,0,0.000,0
5.921000,1500.00,1500.66,1,1,32,0,0.000,0
5.921667,1500.00,1499.81,1,1,33,0,0.000,0
5.922334,1500.00,1500.09,1,1,34,0,0.000,0
5.923000,1500.00,1500.38,1,1,35,0,0.000,0
5.923667,1500.00,1500.66,1,1,36,0,0.000,0
5.924334,1500.00,1500.38,1,1,37,0,0.000,0
5.925000,1500.00,1500.94,1,1,38,0,0.000,0
5.925667,1500.00,1499.81,1,1,39,0,0.000,0
5.926334,1500.00,1499.25,1,1,40,0,0.000,0
5.927000,1500.00,1500.09,1,1,41,0,0.000,0
5.927667,1500.00,1500.09,1,1,42,0,0.000,0
5.928334,1500.00,1498.97,1,1,43,0,0.000,0
5.929000,1500.00,1498.97,1,1,44,0,0.000,0
5.929667,1500.00,1500.09,1,1,45,0,0.000,0
5.930334,1500.00,1499.81,1,1,46,0,0.000,0
5.931000,1500.00,1501.22,1,1,47,0,0.000,0
5.931667,1500.00,1500.09,1,1,48,0,0.000,0
5.932334,1500.00,1500.38,1,1,49,0,0.000,0
5.933000,1500.00,1500.38,1,1,50,0,0.000,0
5.933667,1500.00,1500.66,1,1,51,0,0.000,0
5.934334,1500.00,1500.66,1,1,52,0,0.000,0
5.935000,1500.00,1500.09,1,1,53,0,0.000,0
5.935667,1500.00,1500.09,1,1,54,0,0.000,0
5.936334,1500.00,1499.25,1,1,55,0,0.000,0
5.937000,1500.00,1499.81,1,1,56,0,0.000,0
5.937667,1500.00,1500.09,1,1,57,0,0.000,0
5.939667,1500.00,1499.93,1,1,0,1,0.000,0
5.940334,1500.00,1500.15,1,1,1,1,0.000,0
5.941000,1500.00,1499.93,1,1,2,1,0.000,0
5.941667,1500.00,1499.70,1,1,3,1,0.000,0
5.942334,1500.00,1500.15,1,1,4,1,0.000,0
5.943000,1500.00,1499.70,1,1,5,1,0.000,0
5.943667,1500.00,1500.60,1,1,6,1,0.000,0
5.944334,1500.00,1499.25,1,1,7,1,0.000,0
5.945000,1500.00,1499.81,1,1,8,1,0.000,0
5.945667,1500.00,1499.81,1,1,9,1,0.000,0
5.946334,1500.00,1500.38,1,1,10,1,0.000,0
5.947000,1500.00,1500.66,1,1,11,1,0.000,0
5.947667,1500.00,1499.25,1,1,12,1,0.000,0
5.948334,1500.00,1499.53,1,1,13,1,0.000,0
5.949000,1500.00,1499.25,1,1,14,1,0.000,0
5.949667,1500.00,1499.81,1,1,15,1,0.000,0
5.950334,1500.00,1500.66,1,1,16,1,0.000,0
5.951000,1500.00,1500.09,1,1,17,1,0.000,0
5.951667,1500.00,1499.25,1,1,18,1,0.000,0
5.952334,1500.00,1499.25,1,1,19,1,0.000,0
5.953000,1500.00,1499.81,1,1,20,1,0.000,0
5.953667,1500.00,1500.66,1,1,21,1,0.000,0
5.954334,1500.00,1500.66,1,1,22,1,0.000,0
5.955000,1500.00,1500.09,1,1,23,1,0.000,0
5.955667,1500.00,1499.81,1,1,24,1,0.000,0
5.956334,1500.00,1500.94,1,1,25,1,0.000,0
5.957000,1500.00,1500.09,1,1,26,1,0.000,0
5.957667,1500.00,1499.53,1,1,27,1,0.000,0
5.958334,1500.00,1500.66,1,1,28,1,0.000,0
5.959000,1500.00,1499.81,1,1,29,1,0.000,0
5.959667,1500.00,1499.81,1,1,30,1,0.000,0
5.960334,1500.00,1500.94,1,1,31,1,0.000,0
5.961000,1500.00,1499.81,1,1,32,1,0.000,0
5.961667,1500.00,1499.25,1,1,33,1,0.000,0
5.962334,1500.00,1500.66,1,1,34,1,0.000,0
5.963000,1500.00,1501.78,1,1,35,1,0.000,0
5.963667,1500.00,1499.53,1,1,36,1,0.000,0
5.964334,1500.00,1500.09,1,1,37,1,0.000,0
5.965000,1500.00,1499.53,1,1,38,1,0.000,0
5.965667,1500.00,1499.81,1,1,39,1,0.000,0
5.966334,1500.00,1500.38,1,1,40,1,0.000,0
5.967000,1500.00,1499.81,1,1,41,1,0.000,0
5.967667,1500.00,1500.38,1,1,42,1,0.000,0
5.968334,1500.00,1499.53,1,1,43,1,0.000,0
5.969000,1500.00,1499.81,1,1,44,1,0.000,0
5.969667,1500.00,1499.53,1,1,45,1,0.000,0
5.970334,1500.00,1500.38,1,1,46,1,0.000,0
5.971000,1500.00,1499.81,1,1,47,1,0.000,0
5.971667,1500.00,1499.81,1,1,48,1,0.000,0
5.972334,1500.00,1500.38,1,1,49,1,0.000,0
5.973000,1500.00,1498.97,1,1,50,1,0.000,0
5.973667,1500.00,1499.53,1,1,51,1,0.000,0
5.974334,1500.00,1500.66,1,1,52,1,0.000,0
5.975000,1500.00,1500.66,1,1,53,1,0.000,0
5.975667,1500.00,1500.09,1,1,54,1,0.000,0
5.976334,1500.00,1500.09,1,1,55,1,0.000,0
5.977000,1500.00,1499.25,1,1,56,1,0.000,0
5.977667,1500.00,1500.09,1,1,57,1,0.000,0
5.979667,1500.00,1499.70,1,1,0,0,0.000,0
5.980334,1500.00,1499.48,1,1,1,0,0.000,0
5.981000,1500.00,1499.93,1,1,2,0,0.000,0
5.981667,1500.00,1499.93,1,1,3,0,0.000,0
5.982334,1500.00,1499.93,1,1,4,0,0.000,0
5.983000,1500.00,1499.70,1,1,5,0,0.000,0
5.983667,1500.00,1500.60,1,1,6,0,0.000,0
5.984334,1500.00,1499.93,1,1,7,0,0.000,0
5.985000,1500.00,1500.38,1,1,8,0,0.000,0
5.985667,1500.00,1500.38,1,1,9,0,0.000,0
5.986334,1500.00,1500.38,1,1,10,0,0.000,0
5.987000,1500.00,1499.81,1,1,11,0,0.000,0
5.987667,1500.00,1500.38,1,1,12,0,0.000,0
5.988334,1500.00,1500.09,1,1,13,0,0.000,0
5.989000,1500.00,1500.09,1,1,14,0,0.000,0
5.989667,1500.00,1499.81,1,1,15,0,0.000,0
5.990334,1500.00,1500.38,1,1,16,0,0.000,0
5.991000,1500.00,1500.09,1,1,17,0,0.000,0
5.991667,1500.00,1498.97,1,1,18,0,0.000,0
5.992334,1500.00,1500.09,1,1,19,0,0.000,0
5.993000,1500.00,1500.09,1,1,20,0,0.000,0
5.993667,1500.00,1499.81,1,1,21,0,0.000,0
5.994334,1500.00,1500.38,1,1,22,0,0.000,0
5.995000,1500.00,1499.81,1,1,23,0,0.000,0
5.995667,1500.00,1500.09,1,1,24,0,0.000,0
5.996334,1500.00,1500.09,1,1,25,0,0.000,0
5.997000,1500.00,1500.66,1,1,26,0,0.000,0
5.997667,1500.00,1500.09,1,1,27,0,0.000,0
5.998334,1500.00,1498.69,1,1,28,0,0.000,0
5.999000,1500.00,1500.94,1,1,29,0,0.000,0
5.999667,1500.00,1499.25,1,1,30,0,0.000,0
6.000334,1500.67,1499.81,1,1,31,0,0.000,0
6.001000,1502.00,1500.09,1,1,32,0,0.000,0
6.001665,1503.33,1500.66,1,1,33,0,0.000,0
6.002330,1504.66,1501.22,1,1,34,0,0.000,0
6.002994,1505.99,1501.50,1,1,35,0,0.000,0
6.003658,1507.32,1503.48,1,1,36,0,0.000,0
6.004321,1508.64,1502.91,1,1,37,0,0.000,0
6.004984,1509.97,1504.89,1,1,38,0,0.000,0
6.005646,1511.29,1506.31,1,1,39,0,0.000,0
6.006307,1512.61,1506.31,1,1,40,0,0.000,0
6.006968,1513.94,1508.86,1,1,41,0,0.000,0
6.007628,1515.26,1509.72,1,1,42,0,0.000,0
6.008288,1516.57,1511.43,1,1,43,0,0.000,0
6.008947,1517.89,1511.72,1,1,44,0,0.000,0
6.009606,1519.21,1514.00,1,1,45,0,0.000,0
6.010264,1520.53,1514.58,1,1,46,0,0.000,0
6.010921,1521.84,1516.59,1,1,47,0,0.000,0
6.011578,1523.15,1518.60,1,1,48,0,0.000,0
6.012234,1524.47,1518.60,1,1,49,0,0.000,0
6.012890,1525.78,1520.62,1,1,50,0,0.000,0
6.013545,1527.09,1521.78,1,1,51,0,0.000,0
6.014199,1528.40,1523.81,1,1,52,0,0.000,0
6.014853,1529.71,1524.97,1,1,53,0,0.000,0
6.015507,1531.01,1526.14,1,1,54,0,0.000,0
6.016160,1532.32,1526.72,1,1,55,0,0.000,0
6.016812,1533.62,1527.88,1,1,56,0,0.000,0
6.017464,1534.93,1529.64,1,1,57,0,0.000,0
6.019416,1538.83,1531.39,1,1,0,1,0.000,0
6.020065,1540.13,1534.21,1,1,1,1,0.000,0
6.020714,1541.43,1535.39,1,1,2,1,0.000,0
6.021363,1542.72,1535.16,1,1,3,1,0.000,0
6.022011,1544.02,1537.99,1,1,4,1,0.000,0
6.022658,1545.32,1538.94,1,1,5,1,0.000,0
6.023305,1546.61,1540.12,1,1,6,1,0.000,0
6.023951,1547.90,1541.54,1,1,7,1,0.000,0
6.024597,1549.19,1544.70,1,1,8,1,0.000,0
6.025242,1550.48,1544.10,1,1,9,1,0.000,0
6.025887,1551.77,1545.60,1,1,10,1,0.000,0
6.026531,1553.06,1548.59,1,1,11,1,0.000,0
6.027175,1554.35,1548.89,1,1,12,1,0.000,0
6.027818,1555.63,1550.39,1,1,13,1,0.000,0
6.028460,1556.92,1551.89,1,1,14,1,0.000,0
6.029102,1558.20,1553.40,1,1,15,1,0.000,0
6.029744,1559.49,1555.51,1,1,16,1,0.000,0
6.030385,1560.77,1555.51,1,1,17,1,0.000,0
6.031025,1562.05,1557.63,1,1,18,1,0.000,0
6.031665,1563.33,1558.54,1,1,19,1,0.000,0
6.032305,1564.61,1559.76,1,1,20,1,0.000,0
6.032944,1565.89,1560.98,1,1,21,1,0.000,0
6.033582,1567.16,1562.19,1,1,22,1,0.000,0
6.034220,1568.44,1563.42,1,1,23,1,0.000,0
6.034857,1569.71,1563.42,1,1,24,1,0.000,0
6.035494,1570.99,1566.78,1,1,25,1,0.000,0
6.036130,1572.26,1566.78,1,1,26,1,0.000,0
6.036766,1573.53,1568.94,1,1,27,1,0.000,0
6.037401,1574.80,1568.94,1,1,28,1,0.000,0
6.038036,1576.07,1570.78,1,1,29,1,0.000,0
6.038670,1577.34,1572.64,1,1,30,1,0.000,0
6.039304,1578.61,1573.56,1,1,31,1,0.000,0
6.039937,1579.87,1575.42,1,1,32,1,0.000,0
6.040570,1581.14,1575.42,1,1,33,1,0.000,0
6.041202,1582.40,1577.60,1,1,34,1,0.000,0
6.041834,1583.67,1577.91,1,1,35,1,0.000,0
6.042465,1584.93,1580.09,1,1,36,1,0.000,0
6.043096,1586.19,1581.03,1,1,37,1,0.000,0
6.043726,1587.45,1581.34,1,1,38,1,0.000,0
6.044356,1588.71,1582.59,1,1,39,1,0.000,0
6.044985,1589.97,1584.79,1,1,40,1,0.000,0
6.045613,1591.23,1586.67,1,1,41,1,0.000,0
6.046242,1592.48,1586.99,1,1,42,1,0.000,0
6.046869,1593.74,1588.88,1,1,43,1,0.000,0
6.047497,1594.99,1590.77,1,1,44,1,0.000,0
6.048123,1596.25,1591.72,1,1,45,1,0.000,0
6.048749,1597.50,1593.94,1,1,46,1,0.000,0
6.049375,1598.75,1594.58,1,1,47,1,0.000,0
6.050000,1600.00,1594.26,1,1,48,1,0.000,0
6.050625,1601.25,1596.81,1,1,49,1,0.000,0
6.051249,1602.50,1596.49,1,1,50,1,0.000,0
6.051873,1603.75,1598.72,1,1,51,1,0.000,0
6.052497,1604.99,1599.04,1,1,52,1,0.000,0
6.053119,1606.24,1600.64,1,1,53,1,0.000,0
6.053742,1607.48,1602.24,1,1,54,1,0.000,0
6.054364,1608.73,1603.53,1,1,55,1,0.000,0
6.054985,1609.97,1605.78,1,1,56,1,0.000,0
6.055606,1611.21,1604.81,1,1,57,1,0.000,0
6.057466,1614.93,1609.01,1,1,0,0,0.000,0
6.058085,1616.17,1609.79,1,1,1,0,0.000,0
6.058703,1617.41,1611.86,1,1,2,0,0.000,0
6.059321,1618.64,1612.90,1,1,3,0,0.000,0
6.059939,1619.88,1613.68,1,1,4,0,0.000,0
6.060556,1621.11,1615.77,1,1,5,0,0.000,0
6.061172,1622.34,1616.03,1,1,6,0,0.000,0
6.061789,1623.58,1617.86,1,1,7,0,0.000,0
6.062404,1624.81,1621.07,1,1,8,0,0.000,0
6.063020,1626.04,1621.07,1,1,9,0,0.000,0
6.063634,1627.27,1621.73,1,1,10,0,0.000,0
6.064249,1628.50,1623.71,1,1,11,0,0.000,0
6.064862,1629.72,1624.70,1,1,12,0,0.000,0
6.065476,1630.95,1624.37,1,1,13,0,0.000,0
6.066089,1632.18,1627.67,1,1,14,0,0.000,0
6.066701,1633.40,1628.66,1,1,15,0,0.000,0
6.067313,1634.63,1628.33,1,1,16,0,0.000,0
6.067925,1635.85,1630.99,1,1,17,0,0.000,0
6.068536,1637.07,1632.99,1,1,18,0,0.000,0
6.069146,1638.29,1633.65,1,1,19,0,0.000,0
6.069757,1639.51,1633.99,1,1,20,0,0.000,0
6.070366,1640.73,1637.00,1,1,21,0,0.000,0
6.070975,1641.95,1636.33,1,1,22,0,0.000,0
6.071584,1643.17,1638.34,1,1,23,0,0.000,0
6.072193,1644.38,1640.35,1,1,24,0,0.000,0
6.072801,1645.60,1640.35,1,1,25,0,0.000,0
6.073408,1646.81,1641.70,1,1,26,0,0.000,0
6.074015,1648.03,1642.71,1,1,27,0,0.000,0
6.074622,1649.24,1645.41,1,1,28,0,0.000,0
6.075228,1650.45,1645.41,1,1,29,0,0.000,0
6.075833,1651.67,1646.43,1,1,30,0,0.000,0
6.076439,1652.88,1647.79,1,1,31,0,0.000,0
6.077043,1654.09,1649.82,1,1,32,0,0.000,0
6.077648,1655.29,1650.17,1,1,33,0,0.000,0
6.078252,1656.50,1651.53,1,1,34,0,0.000,0
6.078855,1657.71,1652.55,1,1,35,0,0.000,0
6.079458,1658.92,1653.58,1,1,36,0,0.000,0
6.080061,1660.12,1654.94,1,1,37,0,0.000,0
6.080663,1661.32,1657.00,1,1,38,0,0.000,0
6.081265,1662.53,1657.69,1,1,39,0,0.000,0
6.081866,1663.73,1658.72,1,1,40,0,0.000,0
6.082467,1664.93,1660.44,1,1,41,0,0.000,0
6.083067,1666.13,1661.13,1,1,42,0,0.000,0
6.083667,1667.33,1662.51,1,1,43,0,0.000,0
6.084267,1668.53,1663.89,1,1,44,0,0.000,0
6.084866,1669.73,1664.59,1,1,45,0,0.000,0
6.085464,1670.93,1665.97,1,1,46,0,0.000,0
6.086063,1672.12,1668.06,1,1,47,0,0.000,0
6.086660,1673.32,1668.75,1,1,48,0,0.000,0
6.087258,1674.51,1669.45,1,1,49,0,0.000,0
6.087855,1675.71,1671.19,1,1,50,0,0.000,0
6.088451,1676.90,1672.24,1,1,51,0,0.000,0
6.089048,1678.09,1672.94,1,1,52,0,0.000,0
6.089643,1679.29,1675.39,1,1,53,0,0.000,0
6.090239,1680.48,1675.74,1,1,54,0,0.000,0
6.090833,1681.67,1676.45,1,1,55,0,0.000,0
6.091428,1682.85,1677.85,1,1,56,0,0.000,0
6.092022,1684.04,1679.97,1,1,57,0,0.000,0
6.093801,1687.60,1681.24,1,1,0,1,0.000,0
6.094394,1688.79,1682.37,1,1,1,1,0.000,0
6.094986,1689.97,1684.92,1,1,2,1,0.000,0
6.095577,1691.15,1684.92,1,1,3,1,0.000,0
6.096168,1692.34,1686.34,1,1,4,1,0.000,0
6.096759,1693.52,1687.48,1,1,5,1,0.000,0
6.097349,1694.70,1688.33,1,1,6,1,0.000,0
6.097939,1695.88,1690.05,1,1,7,1,0.000,0
6.098529,1697.06,1692.41,1,1,8,1,0.000,0
6.099118,1698.23,1694.20,1,1,9,1,0.000,0
6.099706,1699.41,1694.20,1,1,10,1,0.000,0
6.100295,1700.59,1695.63,1,1,11,1,0.000,0
6.100882,1701.76,1697.43,1,1,12,1,0.000,0
6.101470,1702.94,1697.79,1,1,13,1,0.000,0
6.102057,1704.11,1699.24,1,1,14,1,0.000,0
6.102643,1705.29,1700.68,1,1,15,1,0.000,0
6.103230,1706.46,1702.13,1,1,16,1,0.000,0
6.103815,1707.63,1703.21,1,1,17,1,0.000,0
6.104401,1708.80,1703.58,1,1,18,1,0.000,0
6.104986,1709.97,1705.76,1,1,19,1,0.000,0
6.105570,1711.14,1706.12,1,1,20,1,0.000,0
6.106155,1712.31,1708.67,1,1,21,1,0.000,0
6.106738,1713.48,1709.77,1,1,22,1,0.000,0
6.107322,1714.64,1708.67,1,1,23,1,0.000,0
6.107905,1715.81,1711.23,1,1,24,1,0.000,0
6.108487,1716.97,1711.96,1,1,25,1,0.000,0
6.109070,1718.14,1713.06,1,1,26,1,0.000,0
6.109652,1719.30,1715.63,1,1,27,1,0.000,0
6.110233,1720.46,1716.74,1,1,28,1,0.000,0
6.110814,1721.63,1716.37,1,1,29,1,0.000,0
6.111395,1722.79,1717.84,1,1,30,1,0.000,0
6.111975,1723.95,1719.32,1,1,31,1,0.000,0
6.112555,1725.11,1720.06,1,1,32,1,0.000,0
6.113134,1726.27,1721.91,1,1,33,1,0.000,0
6.113713,1727.43,1722.65,1,1,34,1,0.000,0
6.114292,1728.58,1722.28,1,1,35,1,0.000,0
6.114870,1729.74,1724.51,1,1,36,1,0.000,0
6.115448,1730.90,1726.00,1,1,37,1,0.000,0
6.116026,1732.05,1727.86,1,1,38,1,0.000,0
6.116603,1733.21,1729.36,1,1,39,1,0.000,0
6.117180,1734.36,1730.10,1,1,40,1,0.000,0
6.117756,1735.51,1730.48,1,1,41,1,0.000,0
6.118332,1736.66,1732.73,1,1,42,1,0.000,0
6.118908,1737.81,1734.23,1,1,43,1,0.000,0
6.119483,1738.97,1733.48,1,1,44,1,0.000,0
6.120058,1740.11,1735.73,1,1,45,1,0.000,0
6.120632,1741.26,1736.11,1,1,46,1,0.000,0
6.121207,1742.41,1738.00,1,1,47,1,0.000,0
6.121780,1743.56,1739.13,1,1,48,1,0.000,0
6.122354,1744.71,1740.27,1,1,49,1,0.000,0
6.122927,1745.85,1741.40,1,1,50,1,0.000,0
6.123499,1747.00,1741.40,1,1,51,1,0.000,0
6.124071,1748.14,1744.44,1,1,52,1,0.000,0
6.124643,1749.29,1744.44,1,1,53,1,0.000,0
6.125215,1750.43,1745.96,1,1,54,1,0.000,0
6.125786,1751.57,1747.87,1,1,55,1,0.000,0
6.126357,1752.71,1747.49,1,1,56,1,0.000,0
6.126927,1753.85,1749.78,1,1,57,1,0.000,0
6.128636,1757.27,1751.62,1,1,0,0,0.000,0
6.129205,1758.41,1752.54,1,1,1,0,0.000,0
6.129773,1759.55,1754.08,1,1,2,0,0.000,0
6.130341,1760.68,1755.00,1,1,3,0,0.000,0
6.130909,1761.82,1756.23,1,1,4,0,0.000,0
6.131476,1762.95,1756.54,1,1,5,0,0.000,0
6.132044,1764.09,1758.09,1,1,6,0,0.000,0
6.132610,1765.22,1759.01,1,1,7,0,0.000,0
6.133177,1766.35,1761.34,1,1,8,0,0.000,0
6.133742,1767.48,1763.28,1,1,9,0,0.000,0
6.134308,1768.62,1763.67,1,1,10,0,0.000,0
6.134873,1769.75,1765.61,1,1,11,0,0.000,0
6.135438,1770.88,1767.17,1,1,12,0,0.000,0
6.136003,1772.00,1767.17,1,1,13,0,0.000,0
6.136567,1773.13,1769.91,1,1,14,0,0.000,0
6.137131,1774.26,1769.52,1,1,15,0,0.000,0
6.137694,1775.39,1770.30,1,1,16,0,0.000,0
6.138257,1776.51,1772.66,1,1,17,0,0.000,0
6.138820,1777.64,1773.05,1,1,18,0,0.000,0
6.139382,1778.76,1774.23,1,1,19,0,0.000,0
6.139944,1779.89,1774.23,1,1,20,0,0.000,0
6.140506,1781.01,1776.20,1,1,21,0,0.000,0
6.141067,1782.13,1777.38,1,1,22,0,0.000,0
6.141628,1783.26,1778.96,1,1,23,0,0.000,0
6.142189,1784.38,1780.55,1,1,24,0,0.000,0
6.142749,1785.50,1780.55,1,1,25,0,0.000,0
6.143309,1786.62,1782.93,1,1,26,0,0.000,0
6.143868,1787.74,1783.33,1,1,27,0,0.000,0
6.144428,1788.85,1783.72,1,1,28,0,0.000,0
6.144986,1789.97,1785.32,1,1,29,0,0.000,0
6.145545,1791.09,1786.51,1,1,30,0,0.000,0
6.146103,1792.21,1788.51,1,1,31,0,0.000,0
6.146661,1793.32,1789.31,1,1,32,0,0.000,0
6.147218,1794.44,1790.11,1,1,33,0,0.000,0
6.147775,1795.55,1790.11,1,1,34,0,0.000,0
6.148332,1796.66,1792.11,1,1,35,0,0.000,0
6.148889,1797.78,1793.32,1,1,36,0,0.000,0
6.149445,1798.89,1794.93,1,1,37,0,0.000,0
6.150000,1800.00,1794.12,1,1,38,0,0.000,0
6.150556,1801.11,1795.74,1,1,39,0,0.000,0
6.151111,1802.22,1796.54,1,1,40,0,0.000,0
6.151666,1803.33,1798.16,1,1,41,0,0.000,0
6.152220,1804.44,1800.59,1,1,42,0,0.000,0
6.152774,1805.55,1801.40,1,1,43,0,0.000,0
6.153328,1806.65,1803.02,1,1,44,0,0.000,0
6.153881,1807.76,1803.43,1,1,45,0,0.000,0
6.154434,1808.87,1805.87,1,1,46,0,0.000,0
6.154987,1809.97,1805.46,1,1,47,0,0.000,0
6.155539,1811.08,1807.09,1,1,48,0,0.000,0
6.156091,1812.18,1807.91,1,1,49,0,0.000,0
6.156643,1813.28,1808.73,1,1,50,0,0.000,0
6.157194,1814.39,1809.55,1,1,51,0,0.000,0
6.157745,1815.49,1810.36,1,1,52,0,0.000,0
6.158296,1816.59,1812.42,1,1,53,0,0.000,0
6.158846,1817.69,1813.24,1,1,54,0,0.000,0
6.159396,1818.79,1814.88,1,1,55,0,0.000,0
6.159945,1819.89,1815.29,1,1,56,0,0.000,0
6.160495,1820.99,1817.36,1,1,57,0,0.000,0
6.162141,1824.28,1818.18,1,1,0,1,0.000,0
6.162689,1825.38,1819.84,1,1,1,1,0.000,0
6.163236,1826.47,1821.16,1,1,2,1,0.000,0
6.163784,1827.57,1822.16,1,1,3,1,0.000,0
6.164331,1828.66,1822.49,1,1,4,1,0.000,0
6.164877,1829.75,1824.48,1,1,5,1,0.000,0
6.165424,1830.85,1826.48,1,1,6,1,0.000,0
6.165970,1831.94,1826.82,1,1,7,1,0.000,0
6.166516,1833.03,1828.15,1,1,8,1,0.000,0
6.167061,1834.12,1830.24,1,1,9,1,0.000,0
6.167606,1835.21,1830.66,1,1,10,1,0.000,0
6.168151,1836.30,1831.92,1,1,11,1,0.000,0
6.168695,1837.39,1833.60,1,1,12,1,0.000,0
6.169239,1838.48,1834.44,1,1,13,1,0.000,0
6.169783,1839.57,1834.86,1,1,14,1,0.000,0
6.170326,1840.65,1834.44,1,1,15,1,0.000,0
6.170870,1841.74,1838.66,1,1,16,1,0.000,0
6.171412,1842.82,1837.81,1,1,17,1,0.000,0
6.171955,1843.91,1839.50,1,1,18,1,0.000,0
6.172497,1844.99,1839.93,1,1,19,1,0.000,0
6.173039,1846.08,1842.04,1,1,20,1,0.000,0
6.173580,1847.16,1842.47,1,1,21,1,0.000,0
6.174122,1848.24,1842.47,1,1,22,1,0.000,0
6.174663,1849.32,1846.72,1,1,23,1,0.000,0
6.175203,1850.41,1846.30,1,1,24,1,0.000,0
6.175743,1851.49,1847.58,1,1,25,1,0.000,0
6.176283,1852.57,1848.43,1,1,26,1,0.000,0
6.176823,1853.64,1850.14,1,1,27,1,0.000,0
6.177362,1854.72,1850.57,1,1,28,1,0.000,0
6.177901,1855.80,1850.99,1,1,29,1,0.000,0
6.178440,1856.88,1853.57,1,1,30,1,0.000,0
6.178978,1857.96,1853.57,1,1,31,1,0.000,0
6.179516,1859.03,1854.00,1,1,32,1,0.000,0
6.180054,1860.11,1854.43,1,1,33,1,0.000,0
6.180592,1861.18,1856.58,1,1,34,1,0.000,0
6.181129,1862.26,1857.01,1,1,35,1,0.000,0
6.181666,1863.33,1859.17,1,1,36,1,0.000,0
6.182202,1864.40,1860.47,1,1,37,1,0.000,0
6.182738,1865.48,1861.33,1,1,38,1,0.000,0
6.183274,1866.55,1862.20,1,1,39,1,0.000,0
6.183810,1867.62,1863.06,1,1,40,1,0.000,0
6.184345,1868.69,1865.67,1,1,41,1,0.000,0
6.184880,1869.76,1865.67,1,1,42,1,0.000,0
6.185415,1870.83,1866.54,1,1,43,1,0.000,0
6.185949,1871.90,1866.54,1,1,44,1,0.000,0
6.186483,1872.97,1868.72,1,1,45,1,0.000,0
6.187017,1874.03,1869.16,1,1,46,1,0.000,0
6.187550,1875.10,1870.03,1,1,47,1,0.000,0
6.188084,1876.17,1872.22,1,1,48,1,0.000,0
6.188616,1877.23,1873.54,1,1,49,1,0.000,0
6.189149,1878.30,1874.85,1,1,50,1,0.000,0
6.189681,1879.36,1875.73,1,1,51,1,0.000,0
6.190213,1880.43,1876.61,1,1,52,1,0.000,0
6.190745,1881.49,1877.05,1,1,53,1,0.000,0
6.191276,1882.55,1879.26,1,1,54,1,0.000,0
6.191807,1883.61,1879.70,1,1,55,1,0.000,0
6.192338,1884.67,1881.03,1,1,56,1,0.000,0
6.192868,1885.74,1881.03,1,1,57,1,0.000,0
6.194458,1888.91,1883.59,1,1,0,0,0.000,0
6.194987,1889.97,1884.66,1,1,1,0,0.000,0
6.195516,1891.03,1885.37,1,1,2,0,0.000,0
6.196045,1892.09,1886.44,1,1,3,0,0.000,0
6.196573,1893.15,1887.15,1,1,4,0,0.000,0
6.197101,1894.20,1888.93,1,1,5,0,0.000,0
6.197629,1895.26,1890.00,1,1,6,0,0.000,0
6.198157,1896.31,1890.72,1,1,7,0,0.000,0
6.198684,1897.37,1893.04,1,1,8,0,0.000,0
6.199211,1898.42,1893.94,1,1,9,0,0.000,0
6.199737,1899.47,1895.73,1,1,10,0,0.000,0
6.200264,1900.53,1896.18,1,1,11,0,0.000,0
6.200790,1901.58,1898.43,1,1,12,0,0.000,0
6.201315,1902.63,1898.88,1,1,13,0,0.000,0
6.201841,1903.68,1899.34,1,1,14,0,0.000,0
6.202366,1904.73,1900.69,1,1,15,0,0.000,0
6.202891,1905.78,1902.50,1,1,16,0,0.000,0
6.203415,1906.83,1903.40,1,1,17,0,0.000,0
6.203940,1907.88,1903.86,1,1,18,0,0.000,0
6.204464,1908.93,1905.22,1,1,19,0,0.000,0
6.204987,1909.97,1905.67,1,1,20,0,0.000,0
6.205511,1911.02,1906.58,1,1,21,0,0.000,0
6.206034,1912.07,1907.03,1,1,22,0,0.000,0
6.206557,1913.11,1909.31,1,1,23,0,0.000,0
6.207079,1914.16,1908.40,1,1,24,0,0.000,0
6.207602,1915.20,1909.76,1,1,25,0,0.000,0
6.208124,1916.25,1911.59,1,1,26,0,0.000,0
6.208645,1917.29,1913.42,1,1,27,0,0.000,0
6.209167,1918.33,1914.33,1,1,28,0,0.000,0
6.209688,1919.37,1914.79,1,1,29,0,0.000,0
6.210209,1920.42,1916.63,1,1,30,0,0.000,0
6.210729,1921.46,1917.09,1,1,31,0,0.000,0
6.211250,1922.50,1918.93,1,1,32,0,0.000,0
6.211770,1923.54,1919.85,1,1,33,0,0.000,0
6.212289,1924.58,1920.77,1,1,34,0,0.000,0
6.212809,1925.62,1921.69,1,1,35,0,0.000,0
6.213328,1926.66,1921.69,1,1,36,0,0.000,0
6.213847,1927.69,1923.08,1,1,37,0,0.000,0
6.214366,1928.73,1924.93,1,1,38,0,0.000,0
6.214884,1929.77,1925.85,1,1,39,0,0.000,0
6.215402,1930.80,1926.32,1,1,40,0,0.000,0
6.215920,1931.84,1927.25,1,1,41,0,0.000,0
6.216437,1932.87,1929.11,1,1,42,0,0.000,0
6.216954,1933.91,1929.57,1,1,43,0,0.000,0
6.217471,1934.94,1930.97,1,1,44,0,0.000,0
6.217988,1935.98,1932.83,1,1,45,0,0.000,0
6.218504,1937.01,1932.37,1,1,46,0,0.000,0
6.219021,1938.04,1933.77,1,1,47,0,0.000,0
6.219536,1939.07,1935.64,1,1,48,0,0.000,0
6.220052,1940.10,1936.58,1,1,49,0,0.000,0
6.220567,1941.13,1937.05,1,1,50,0,0.000,0
6.221082,1942.16,1937.52,1,1,51,0,0.000,0
6.221597,1943.19,1938.92,1,1,52,0,0.000,0
6.222112,1944.22,1938.92,1,1,53,0,0.000,0
6.222626,1945.25,1941.75,1,1,54,0,0.000,0
6.223140,1946.28,1941.75,1,1,55,0,0.000,0
6.223653,1947.31,1942.22,1,1,56,0,0.000,0
6.224167,1948.33,1944.11,1,1,57,0,0.000,0
6.225705,1951.41,1946.28,1,1,0,1,0.000,0
6.226218,1952.43,1947.80,1,1,1,1,0.000,0
6.226730,1953.46,1948.56,1,1,2,1,0.000,0
6.227241,1954.48,1950.46,1,1,3,1,0.000,0
6.227753,1955.50,1950.46,1,1,4,1,0.000,0
6.228264,1956.53,1951.98,1,1,5,1,0.000,0
6.228775,1957.55,1951.98,1,1,6,1,0.000,0
6.229286,1958.57,1953.89,1,1,7,1,0.000,0
6.229796,1959.59,1955.03,1,1,8,1,0.000,0
6.230307,1960.61,1955.99,1,1,9,1,0.000,0
6.230816,1961.63,1956.95,1,1,10,1,0.000,0
6.231326,1962.65,1956.95,1,1,11,1,0.000,0
6.231835,1963.67,1958.86,1,1,12,1,0.000,0
6.232345,1964.69,1960.78,1,1,13,1,0.000,0
6.232853,1965.71,1962.71,1,1,14,1,0.000,0
6.233362,1966.72,1962.23,1,1,15,1,0.000,0
6.233870,1967.74,1963.67,1,1,16,1,0.000,0
6.234378,1968.76,1964.64,1,1,17,1,0.000,0
6.234886,1969.77,1966.09,1,1,18,1,0.000,0
6.235394,1970.79,1967.05,1,1,19,1,0.000,0
6.235901,1971.80,1967.54,1,1,20,1,0.000,0
6.236408,1972.82,1968.50,1,1,21,1,0.000,0
6.236915,1973.83,1969.47,1,1,22,1,0.000,0
6.237421,1974.84,1969.96,1,1,23,1,0.000,0
6.237928,1975.85,1971.41,1,1,24,1,0.000,0
6.238434,1976.87,1972.87,1,1,25,1,0.000,0
6.238939,1977.88,1973.85,1,1,26,1,0.000,0
6.239445,1978.89,1975.80,1,1,27,1,0.000,0
6.239950,1979.90,1975.31,1,1,28,1,0.000,0
6.240455,1980.91,1975.80,1,1,29,1,0.000,0
6.240960,1981.92,1978.24,1,1,30,1,0.000,0
6.241464,1982.93,1979.71,1,1,31,1,0.000,0
6.241968,1983.94,1980.20,1,1,32,1,0.000,0
6.242472,1984.94,1981.67,1,1,33,1,0.000,0
6.242976,1985.95,1982.65,1,1,34,1,0.000,0
6.243479,1986.96,1981.67,1,1,35,1,0.000,0
6.243982,1987.96,1984.62,1,1,36,1,0.000,0
6.244485,1988.97,1984.62,1,1,37,1,0.000,0
6.244988,1989.97,1986.10,1,1,38,1,0.000,0
6.245490,1990.98,1987.08,1,1,39,1,0.000,0
6.245992,1991.98,1988.07,1,1,40,1,0.000,0
6.246494,1992.99,1988.57,1,1,41,1,0.000,0
6.246996,1993.99,1988.07,1,1,42,1,0.000,0
6.247497,1994.99,1992.03,1,1,43,1,0.000,0
6.247998,1996.00,1992.03,1,1,44,1,0.000,0
6.248499,1997.00,1993.52,1,1,45,1,0.000,0
6.249000,1998.00,1993.52,1,1,46,1,0.000,0
6.249500,1999.00,1995.01,1,1,47,1,0.000,0
6.250000,2000.00,1995.51,1,1,48,1,0.000,0
6.250500,2001.00,1996.51,1,1,49,1,0.000,0
6.251000,2002.00,1999.50,1,1,50,1,0.000,0
6.251499,2003.00,1998.00,1,1,51,1,0.000,0
6.251998,2004.00,2000.00,1,1,52,1,0.000,0
6.252497,2004.99,2001.00,1,1,53,1,0.000,0
6.252996,2005.99,2002.00,1,1,54,1,0.000,0
6.253494,2006.99,2003.00,1,1,55,1,0.000,0
6.253992,2007.98,2004.01,1,1,56,1,0.000,0
6.254490,2008.98,2005.52,1,1,57,1,0.000,0
6.255983,2011.96,2006.42,1,1,0,0,0.000,0
6.256479,2012.96,2008.44,1,1,1,0,0.000,0
6.256976,2013.95,2008.84,1,1,2,0,0.000,0
6.257473,2014.94,2009.24,1,1,3,0,0.000,0
6.257969,2015.94,2010.45,1,1,4,0,0.000,0
6.258465,2016.93,2012.48,1,1,5,0,0.000,0
6.258960,2017.92,2012.88,1,1,6,0,0.000,0
6.259456,2018.91,2014.10,1,1,7,0,0.000,0
6.259951,2019.90,2016.64,1,1,8,0,0.000,0
6.260446,2020.89,2017.65,1,1,9,0,0.000,0
6.260941,2021.88,2018.67,1,1,10,0,0.000,0
6.261435,2022.87,2019.69,1,1,11,0,0.000,0
6.261929,2023.86,2021.22,1,1,12,0,0.000,0
6.262423,2024.85,2020.71,1,1,13,0,0.000,0
6.262917,2025.83,2021.73,1,1,14,0,0.000,0
6.263411,2026.82,2022.24,1,1,15,0,0.000,0
6.263904,2027.81,2022.76,1,1,16,0,0.000,0
6.264397,2028.79,2025.32,1,1,17,0,0.000,0
6.264890,2029.78,2025.32,1,1,18,0,0.000,0
6.265382,2030.76,2026.86,1,1,19,0,0.000,0
6.265874,2031.75,2026.86,1,1,20,0,0.000,0
6.266367,2032.73,2027.88,1,1,21,0,0.000,0
6.266858,2033.72,2030.46,1,1,22,0,0.000,0
6.267350,2034.70,2031.49,1,1,23,0,0.000,0
6.267841,2035.68,2031.49,1,1,24,0,0.000,0
6.268332,2036.66,2032.00,1,1,25,0,0.000,0
6.268823,2037.65,2033.55,1,1,26,0,0.000,0
6.269314,2038.63,2035.11,1,1,27,0,0.000,0
6.269804,2039.61,2036.14,1,1,28,0,0.000,0
6.270295,2040.59,2036.14,1,1,29,0,0.000,0
6.270784,2041.57,2037.18,1,1,30,0,0.000,0
6.271274,2042.55,2038.22,1,1,31,0,0.000,0
6.271764,2043.53,2041.34,1,1,32,0,0.000,0
6.272253,2044.50,2040.30,1,1,33,0,0.000,0
6.272742,2045.48,2041.86,1,1,34,0,0.000,0
6.273231,2046.46,2042.90,1,1,35,0,0.000,0
6.273719,2047.44,2043.42,1,1,36,0,0.000,0
6.274207,2048.41,2044.99,1,1,37,0,0.000,0
6.274696,2049.39,2046.04,1,1,38,0,0.000,0
6.275183,2050.37,2047.08,1,1,39,0,0.000,0
6.275671,2051.34,2046.04,1,1,40,0,0.000,0
6.276158,2052.32,2047.08,1,1,41,0,0.000,0
6.276645,2053.29,2049.18,1,1,42,0,0.000,0
6.277132,2054.26,2050.76,1,1,43,0,0.000,0
6.277619,2055.24,2050.76,1,1,44,0,0.000,0
6.278106,2056.21,2052.33,1,1,45,0,0.000,0
6.278592,2057.18,2052.86,1,1,46,0,0.000,0
6.279078,2058.15,2053.39,1,1,47,0,0.000,0
6.279563,2059.13,2055.50,1,1,48,0,0.000,0
6.280049,2060.10,2058.14,1,1,49,0,0.000,0
6.280534,2061.07,2058.14,1,1,50,0,0.000,0
6.281019,2062.04,2057.61,1,1,51,0,0.000,0
6.281504,2063.01,2059.20,1,1,52,0,0.000,0
6.281989,2063.98,2060.79,1,1,53,0,0.000,0
6.282473,2064.95,2060.26,1,1,54,0,0.000,0
6.282957,2065.91,2061.86,1,1,55,0,0.000,0
6.283441,2066.88,2062.92,1,1,56,0,0.000,0
6.283925,2067.85,2062.92,1,1,57,0,0.000,0
6.285375,2070.75,2065.26,1,1,0,1,0.000,0
6.285858,2071.71,2066.97,1,1,1,1,0.000,0
6.286340,2072.68,2067.82,1,1,2,1,0.000,0
6.286823,2073.64,2069.11,1,1,3,1,0.000,0
6.287305,2074.61,2070.82,1,1,4,1,0.000,0
6.287787,2075.57,2070.82,1,1,5,1,0.000,0
6.288268,2076.54,2072.54,1,1,6,1,0.000,0
6.288750,2077.50,2072.54,1,1,7,1,0.000,0
6.289231,2078.46,2073.61,1,1,8,1,0.000,0
6.289712,2079.42,2075.23,1,1,9,1,0.000,0
6.290193,2080.38,2076.30,1,1,10,1,0.000,0
6.290673,2081.35,2075.77,1,1,11,1,0.000,0
6.291154,2082.31,2077.92,1,1,12,1,0.000,0
6.291634,2083.27,2079.54,1,1,13,1,0.000,0
6.292114,2084.23,2079.54,1,1,14,1,0.000,0
6.292593,2085.19,2081.71,1,1,15,1,0.000,0
6.293073,2086.14,2083.33,1,1,16,1,0.000,0
6.293552,2087.10,2082.79,1,1,17,1,0.000,0
6.294031,2088.06,2083.88,1,1,18,1,0.000,0
6.294510,2089.02,2084.96,1,1,19,1,0.000,0
6.294988,2089.98,2086.59,1,1,20,1,0.000,0
6.295467,2090.93,2087.68,1,1,21,1,0.000,0
6.295945,2091.89,2087.68,1,1,22,1,0.000,0
6.296423,2092.84,2089.32,1,1,23,1,0.000,0
6.296901,2093.80,2090.41,1,1,24,1,0.000,0
6.297378,2094.76,2091.50,1,1,25,1,0.000,0
6.297855,2095.71,2093.15,1,1,26,1,0.000,0
6.298332,2096.66,2093.15,1,1,27,1,0.000,0
6.298809,2097.62,2094.24,1,1,28,1,0.000,0
6.299286,2098.57,2095.34,1,1,29,1,0.000,0
6.299762,2099.52,2096.44,1,1,30,1,0.000,0
6.300239,2100.48,2097.54,1,1,31,1,0.000,0
6.300714,2101.43,2098.64,1,1,32,1,0.000,0
6.301190,2102.38,2098.09,1,1,33,1,0.000,0
6.301666,2103.33,2099.19,1,1,34,1,0.000,0
6.302141,2104.28,2100.84,1,1,35,1,0.000,0
6.302616,2105.23,2100.84,1,1,36,1,0.000,0
6.303091,2106.18,2100.29,1,1,37,1,0.000,0
6.303566,2107.13,2103.05,1,1,38,1,0.000,0
6.304040,2108.08,2103.60,1,1,39,1,0.000,0
6.304515,2109.03,2103.60,1,1,40,1,0.000,0
6.304989,2109.98,2106.37,1,1,41,1,0.000,0
6.305462,2110.92,2106.93,1,1,42,1,0.000,0
6.305936,2111.87,2108.59,1,1,43,1,0.000,0
6.306409,2112.82,2109.15,1,1,44,1,0.000,0
6.306883,2113.76,2110.26,1,1,45,1,0.000,0
6.307356,2114.71,2110.82,1,1,46,1,0.000,0
6.307828,2115.66,2111.93,1,1,47,1,0.000,0
6.308301,2116.60,2111.93,1,1,48,1,0.000,0
6.308773,2117.55,2114.16,1,1,49,1,0.000,0
6.309245,2118.49,2115.28,1,1,50,1,0.000,0
6.309717,2119.43,2115.28,1,1,51,1,0.000,0
6.310189,2120.38,2116.40,1,1,52,1,0.000,0
6.310661,2121.32,2119.21,1,1,53,1,0.000,0
6.311132,2122.26,2119.21,1,1,54,1,0.000,0
6.311603,2123.21,2119.77,1,1,55,1,0.000,0
6.312074,2124.15,2120.89,1,1,56,1,0.000,0
6.312545,2125.09,2121.45,1,1,57,1,0.000,0
6.313955,2127.91,2122.69,1,1,0,0,0.000,0
6.314425,2128.85,2124.95,1,1,1,0,0.000,0
6.314895,2129.79,2125.40,1,1,2,0,0.000,0
6.315364,2130.73,2125.85,1,1,3,0,0.000,0
6.315833,2131.67,2126.75,1,1,4,0,0.000,0
6.316302,2132.60,2127.21,1,1,5,0,0.000,0
6.316771,2133.54,2129.02,1,1,6,0,0.000,0
6.317240,2134.48,2129.47,1,1,7,0,0.000,0
6.317708,2135.42,2132.20,1,1,8,0,0.000,0
6.318176,2136.35,2132.76,1,1,9,0,0.000,0
6.318644,2137.29,2132.76,1,1,10,0,0.000,0
6.319112,2138.22,2133.90,1,1,11,0,0.000,0
6.319580,2139.16,2134.47,1,1,12,0,0.000,0
6.320047,2140.09,2136.18,1,1,13,0,0.000,0
6.320514,2141.03,2137.89,1,1,14,0,0.000,0
6.320981,2141.96,2138.47,1,1,15,0,0.000,0
6.321448,2142.90,2139.04,1,1,16,0,0.000,0
6.321915,2143.83,2140.18,1,1,17,0,0.000,0
6.322381,2144.76,2141.33,1,1,18,0,0.000,0
6.322847,2145.69,2141.90,1,1,19,0,0.000,0
6.323313,2146.63,2144.20,1,1,20,0,0.000,0
6.323779,2147.56,2144.77,1,1,21,0,0.000,0
6.324244,2148.49,2143.62,1,1,22,0,0.000,0
6.324710,2149.42,2144.77,1,1,23,0,0.000,0
6.325175,2150.35,2147.65,1,1,24,0,0.000,0
6.325640,2151.28,2146.50,1,1,25,0,0.000,0
6.326105,2152.21,2148.80,1,1,26,0,0.000,0
6.326569,2153.14,2148.80,1,1,27,0,0.000,0
6.327033,2154.07,2148.80,1,1,28,0,0.000,0
6.327498,2154.99,2150.54,1,1,29,0,0.000,0
6.327961,2155.92,2152.85,1,1,30,0,0.000,0
6.328425,2156.85,2154.01,1,1,31,0,0.000,0
6.328889,2157.78,2152.85,1,1,32,0,0.000,0
6.329352,2158.70,2156.92,1,1,33,0,0.000,0
6.329815,2159.63,2156.33,1,1,34,0,0.000,0
6.330278,2160.56,2156.92,1,1,35,0,0.000,0
6.330741,2161.48,2159.24,1,1,36,0,0.000,0
6.331203,2162.41,2159.24,1,1,37,0,0.000,0
6.331666,2163.33,2160.99,1,1,38,0,0.000,0
6.332128,2164.25,2160.41,1,1,39,0,0.000,0
6.332590,2165.18,2162.16,1,1,40,0,0.000,0
6.333052,2166.10,2160.41,1,1,41,0,0.000,0
6.333513,2167.03,2162.16,1,1,42,0,0.000,0
6.333975,2167.95,2165.09,1,1,43,0,0.000,0
6.334436,2168.87,2165.09,1,1,44,0,0.000,0
6.334897,2169.79,2166.26,1,1,45,0,0.000,0
6.335358,2170.71,2165.67,1,1,46,0,0.000,0
6.335818,2171.64,2168.61,1,1,47,0,0.000,0
6.336279,2172.56,2169.20,1,1,48,0,0.000,0
6.336739,2173.48,2170.37,1,1,49,0,0.000,0
6.337199,2174.40,2171.55,1,1,50,0,0.000,0
6.337658,2175.32,2171.55,1,1,51,0,0.000,0
6.338118,2176.24,2172.14,1,1,52,0,0.000,0
6.338578,2177.15,2173.32,1,1,53,0,0.000,0
6.339037,2178.07,2174.50,1,1,54,0,0.000,0
6.339496,2178.99,2175.10,1,1,55,0,0.000,0
6.339955,2179.91,2175.10,1,1,56,0,0.000,0
6.340413,2180.83,2176.87,1,1,57,0,0.000,0
6.341788,2183.57,2178.17,1,1,0,1,0.000,0
6.342246,2184.49,2179.12,1,1,1,1,0.000,0
6.342704,2185.41,2181.03,1,1,2,1,0.000,0
6.343161,2186.32,2181.98,1,1,3,1,0.000,0
6.343618,2187.24,2182.45,1,1,4,1,0.000,0
6.344075,2188.15,2182.93,1,1,5,1,0.000,0
6.344532,2189.06,2184.36,1,1,6,1,0.000,0
6.344989,2189.98,2185.31,1,1,7,1,0.000,0
6.345446,2190.89,2188.18,1,1,8,1,0.000,0
6.345902,2191.80,2188.78,1,1,9,1,0.000,0
6.346358,2192.72,2189.38,1,1,10,1,0.000,0
6.346814,2193.63,2188.78,1,1,11,1,0.000,0
6.347270,2194.54,2191.18,1,1,12,1,0.000,0
6.347725,2195.45,2192.38,1,1,13,1,0.000,0
6.348181,2196.36,2192.98,1,1,14,1,0.000,0
6.348636,2197.27,2193.58,1,1,15,1,0.000,0
6.349091,2198.18,2194.19,1,1,16,1,0.000,0
6.349546,2199.09,2196.60,1,1,17,1,0.000,0
6.350000,2200.00,2195.99,1,1,18,1,0.000,0
6.350455,2200.91,2199.01,1,1,19,1,0.000,0
6.350909,2201.82,2197.80,1,1,20,1,0.000,0
6.351363,2202.73,2199.01,1,1,21,1,0.000,0
6.351817,2203.63,2200.22,1,1,22,1,0.000,0
6.352271,2204.54,2200.83,1,1,23,1,0.000,0
6.352724,2205.45,2202.04,1,1,24,1,0.000,0
6.353178,2206.35,2202.04,1,1,25,1,0.000,0
6.353631,2207.26,2202.64,1,1,26,1,0.000,0
6.354084,2208.17,2203.86,1,1,27,1,0.000,0
6.354537,2209.07,2205.68,1,1,28,1,0.000,0
6.354989,2209.98,2206.90,1,1,29,1,0.000,0
6.355442,2210.88,2207.51,1,1,30,1,0.000,0
6.355894,2211.79,2208.11,1,1,31,1,0.000,0
6.356346,2212.69,2209.33,1,1,32,1,0.000,0
6.356798,2213.59,2209.94,1,1,33,1,0.000,0
6.357249,2214.50,2210.56,1,1,34,1,0.000,0
6.357701,2215.40,2210.56,1,1,35,1,0.000,0
6.358152,2216.30,2213.61,1,1,36,1,0.000,0
6.358603,2217.21,2213.61,1,1,37,1,0.000,0
6.359054,2218.11,2214.84,1,1,38,1,0.000,0
6.359505,2219.01,2215.45,1,1,39,1,0.000,0
6.359955,2219.91,2214.84,1,1,40,1,0.000,0
6.360406,2220.81,2216.07,1,1,41,1,0.000,0
6.360856,2221.71,2220.37,1,1,42,1,0.000,0
6.361306,2222.61,2219.14,1,1,43,1,0.000,0
6.361756,2223.51,2219.14,1,1,44,1,0.000,0
6.362205,2224.41,2219.76,1,1,45,1,0.000,0
6.362655,2225.31,2220.99,1,1,46,1,0.000,0
6.363104,2226.21,2222.22,1,1,47,1,0.000,0
6.363553,2227.11,2224.08,1,1,48,1,0.000,0
6.364002,2228.00,2225.93,1,1,49,1,0.000,0
6.364451,2228.90,2224.08,1,1,50,1,0.000,0
6.364900,2229.80,2226.55,1,1,51,1,0.000,0
6.365348,2230.69,2228.41,1,1,52,1,0.000,0
6.365796,2231.59,2228.41,1,1,53,1,0.000,0
6.366244,2232.49,2229.65,1,1,54,1,0.000,0
6.366692,2233.38,2230.28,1,1,55,1,0.000,0
6.367140,2234.28,2230.28,1,1,56,1,0.000,0
6.367587,2235.17,2230.90,1,1,57,1,0.000,0
6.368929,2237.86,2233.64,1,1,0,0,0.000,0
6.369375,2238.75,2235.14,1,1,1,0,0.000,0
6.369822,2239.64,2233.64,1,1,2,0,0.000,0
6.370268,2240.54,2236.14,1,1,3,0,0.000,0
6.370715,2241.43,2236.14,1,1,4,0,0.000,0
6.371161,2242.32,2238.14,1,1,5,0,0.000,0
6.371606,2243.21,2239.14,1,1,6,0,0.000,0
6.372052,2244.10,2238.64,1,1,7,0,0.000,0
6.372498,2244.99,2241.52,1,1,8,0,0.000,0
6.372943,2245.89,2241.52,1,1,9,0,0.000,0
6.373388,2246.78,2244.04,1,1,10,0,0.000,0
6.373833,2247.67,2245.30,1,1,11,0,0.000,0
6.374278,2248.56,2245.30,1,1,12,0,0.000,0
6.374723,2249.44,2244.67,1,1,13,0,0.000,0
6.375167,2250.33,2247.82,1,1,14,0,0.000,0
6.375611,2251.22,2247.82,1,1,15,0,0.000,0
6.376056,2252.11,2247.82,1,1,16,0,0.000,0
6.376499,2253.00,2249.72,1,1,17,0,0.000,0
6.376943,2253.89,2249.72,1,1,18,0,0.000,0
6.377387,2254.77,2249.72,1,1,19,0,0.000,0
6.377830,2255.66,2252.25,1,1,20,0,0.000,0
6.378273,2256.55,2254.16,1,1,21,0,0.000,0
6.378717,2257.43,2254.79,1,1,22,0,0.000,0
6.379159,2258.32,2254.79,1,1,23,0,0.000,0
6.379602,2259.20,2255.43,1,1,24,0,0.000,0
6.380045,2260.09,2256.70,1,1,25,0,0.000,0
6.380487,2260.97,2257.97,1,1,26,0,0.000,0
6.380929,2261.86,2257.97,1,1,27,0,0.000,0
6.381371,2262.74,2257.97,1,1,28,0,0.000,0
6.381813,2263.63,2260.53,1,1,29,0,0.000,0
6.382255,2264.51,2258.61,1,1,30,0,0.000,0
6.382696,2265.39,2263.08,1,1,31,0,0.000,0
6.383138,2266.27,2263.08,1,1,32,0,0.000,0
6.383579,2267.16,2263.08,1,1,33,0,0.000,0
6.384020,2268.04,2264.36,1,1,34,0,0.000,0
6.384461,2268.92,2266.29,1,1,35,0,0.000,0
6.384901,2269.80,2266.93,1,1,36,0,0.000,0
6.385342,2270.68,2266.29,1,1,37,0,0.000,0
6.385782,2271.56,2269.50,1,1,38,0,0.000,0
6.386222,2272.44,2270.15,1,1,39,0,0.000,0
6.386662,2273.32,2269.50,1,1,40,0,0.000,0
6.387102,2274.20,2270.79,1,1,41,0,0.000,0
6.387542,2275.08,2271.44,1,1,42,0,0.000,0
6.387981,2275.96,2272.08,1,1,43,0,0.000,0
6.388420,2276.84,2274.02,1,1,44,0,0.000,0
6.388860,2277.72,2272.73,1,1,45,0,0.000,0
6.389298,2278.60,2274.67,1,1,46,0,0.000,0
6.389737,2279.47,2274.02,1,1,47,0,0.000,0
6.390176,2280.35,2276.61,1,1,48,0,0.000,0
6.390614,2281.23,2277.90,1,1,49,0,0.000,0
6.391053,2282.10,2278.55,1,1,50,0,0.000,0
6.391491,2282.98,2279.20,1,1,51,0,0.000,0
6.391929,2283.86,2279.85,1,1,52,0,0.000,0
6.392366,2284.73,2282.45,1,1,53,0,0.000,0
6.392804,2285.61,2281.80,1,1,54,0,0.000,0
6.393241,2286.48,2283.76,1,1,55,0,0.000,0
6.393679,2287.36,2284.41,1,1,56,0,0.000,0
6.394116,2288.23,2284.41,1,1,57,0,0.000,0
6.395426,2290.85,2286.76,1,1,0,1,0.000,0
6.395863,2291.72,2286.76,1,1,1,1,0.000,0
6.396299,2292.60,2288.33,1,1,2,1,0.000,0
6.396735,2293.47,2289.38,1,1,3,1,0.000,0
6.397171,2294.34,2290.43,1,1,4,1,0.000,0
6.397607,2295.21,2290.43,1,1,5,1,0.000,0
6.398042,2296.08,2292.00,1,1,6,1,0.000,0
6.398478,2296.95,2292.53,1,1,7,1,0.000,0
6.398913,2297.82,2294.89,1,1,8,1,0.000,0
6.399348,2298.70,2296.21,1,1,9,1,0.000,0
6.399783,2299.57,2296.21,1,1,10,1,0.000,0
6.400218,2300.43,2297.53,1,1,11,1,0.000,0
6.400652,2301.30,2296.87,1,1,12,1,0.000,0
6.401087,2302.17,2298.19,1,1,13,1,0.000,0
6.401521,2303.04,2298.19,1,1,14,1,0.000,0
6.401955,2303.91,2299.51,1,1,15,1,0.000,0
6.402389,2304.78,2299.51,1,1,16,1,0.000,0
6.402823,2305.65,2302.16,1,1,17,1,0.000,0
6.403257,2306.51,2303.48,1,1,18,1,0.000,0
6.403690,2307.38,2303.48,1,1,19,1,0.000,0
6.404124,2308.25,2304.15,1,1,20,1,0.000,0
6.404557,2309.11,2305.48,1,1,21,1,0.000,0
6.404990,2309.98,2308.80,1,1,22,1,0.000,0
6.405422,2310.84,2308.14,1,1,23,1,0.000,0
6.405855,2311.71,2308.80,1,1,24,1,0.000,0
6.406288,2312.57,2308.80,1,1,25,1,0.000,0
6.406720,2313.44,2309.47,1,1,26,1,0.000,0
6.407152,2314.30,2311.47,1,1,27,1,0.000,0
6.407584,2315.17,2312.14,1,1,28,1,0.000,0
6.408016,2316.03,2312.81,1,1,29,1,0.000,0
6.408448,2316.89,2313.48,1,1,30,1,0.000,0
6.408879,2317.76,2315.48,1,1,31,1,0.000,0
6.409311,2318.62,2315.48,1,1,32,1,0.000,0
6.409742,2319.48,2316.83,1,1,33,1,0.000,0
6.410173,2320.34,2316.16,1,1,34,1,0.000,0
6.410604,2321.21,2317.50,1,1,35,1,0.000,0
6.411034,2322.07,2318.84,1,1,36,1,0.000,0
6.411465,2322.93,2320.19,1,1,37,1,0.000,0
6.411895,2323.79,2319.51,1,1,38,1,0.000,0
6.412326,2324.65,2320.19,1,1,39,1,0.000,0
6.412756,2325.51,2322.88,1,1,40,1,0.000,0
6.413186,2326.37,2322.21,1,1,41,1,0.000,0
6.413616,2327.23,2325.58,1,1,42,1,0.000,0
6.414045,2328.09,2322.88,1,1,43,1,0.000,0
6.414475,2328.95,2325.58,1,1,44,1,0.000,0
6.414904,2329.81,2326.26,1,1,45,1,0.000,0
6.415333,2330.67,2327.61,1,1,46,1,0.000,0
6.415762,2331.52,2328.97,1,1,47,1,0.000,0
6.416191,2332.38,2327.61,1,1,48,1,0.000,0
6.416620,2333.24,2330.32,1,1,49,1,0.000,0
6.417048,2334.10,2329.64,1,1,50,1,0.000,0
6.417476,2334.95,2332.36,1,1,51,1,0.000,0
6.417905,2335.81,2331.68,1,1,52,1,0.000,0
6.418333,2336.66,2333.04,1,1,53,1,0.000,0
6.418760,2337.52,2334.40,1,1,54,1,0.000,0
6.419188,2338.38,2334.40,1,1,55,1,0.000,0
6.419616,2339.23,2335.08,1,1,56,1,0.000,0
6.420043,2340.09,2337.13,1,1,57,1,0.000,0
6.421324,2342.65,2338.09,1,1,0,0,0.000,0
6.421751,2343.50,2339.18,1,1,1,0,0.000,0
6.422178,2344.35,2340.82,1,1,2,0,0.000,0
6.422604,2345.21,2340.82,1,1,3,0,0.000,0
6.423031,2346.06,2341.37,1,1,4,0,0.000,0
6.423457,2346.91,2343.57,1,1,5,0,0.000,0
6.423883,2347.76,2344.67,1,1,6,0,0.000,0
6.424309,2348.62,2344.12,1,1,7,0,0.000,0
6.424734,2349.47,2346.04,1,1,8,0,0.000,0
6.425160,2350.32,2348.11,1,1,9,0,0.000,0
6.425585,2351.17,2348.11,1,1,10,0,0.000,0
6.426011,2352.02,2348.11,1,1,11,0,0.000,0
6.426436,2352.87,2350.18,1,1,12,0,0.000,0
6.426861,2353.72,2347.42,1,1,13,0,0.000,0
6.427285,2354.57,2350.87,1,1,14,0,0.000,0
6.427710,2355.42,2350.87,1,1,15,0,0.000,0
6.428135,2356.27,2352.94,1,1,16,0,0.000,0
6.428559,2357.12,2353.63,1,1,17,0,0.000,0
6.428983,2357.97,2355.02,1,1,18,0,0.000,0
6.429407,2358.81,2356.41,1,1,19,0,0.000,0
6.429831,2359.66,2355.02,1,1,20,0,0.000,0
6.430255,2360.51,2358.49,1,1,21,0,0.000,0
6.430678,2361.36,2358.49,1,1,22,0,0.000,0
6.431102,2362.20,2359.19,1,1,23,0,0.000,0
6.431525,2363.05,2360.58,1,1,24,0,0.000,0
6.431948,2363.90,2359.19,1,1,25,0,0.000,0
6.432371,2364.74,2361.28,1,1,26,0,0.000,0
6.432794,2365.59,2362.67,1,1,27,0,0.000,0
6.433216,2366.43,2363.37,1,1,28,0,0.000,0
6.433639,2367.28,2364.76,1,1,29,0,0.000,0
6.434061,2368.12,2364.07,1,1,30,0,0.000,0
6.434483,2368.97,2365.46,1,1,31,0,0.000,0
6.434906,2369.81,2365.46,1,1,32,0,0.000,0
6.435327,2370.65,2367.56,1,1,33,0,0.000,0
6.435749,2371.50,2366.86,1,1,34,0,0.000,0
6.436171,2372.34,2368.97,1,1,35,0,0.000,0
6.436592,2373.18,2370.37,1,1,36,0,0.000,0
6.437014,2374.03,2368.97,1,1,37,0,0.000,0
6.437435,2374.87,2371.07,1,1,38,0,0.000,0
6.437856,2375.71,2371.78,1,1,39,0,0.000,0
6.438277,2376.55,2373.89,1,1,40,0,0.000,0
6.438697,2377.39,2374.59,1,1,41,0,0.000,0
6.439118,2378.23,2376.71,1,1,42,0,0.000,0
6.439538,2379.08,2375.30,1,1,43,0,0.000,0
6.439958,2379.92,2376.00,1,1,44,0,0.000,0
6.440379,2380.76,2378.12,1,1,45,0,0.000,0
6.440799,2381.60,2378.83,1,1,46,0,0.000,0
6.441218,2382.44,2380.24,1,1,47,0,0.000,0
6.441638,2383.27,2378.83,1,1,48,0,0.000,0
6.442058,2384.11,2380.24,1,1,49,0,0.000,0
6.442477,2384.95,2379.54,1,1,50,0,0.000,0
6.442896,2385.79,2380.95,1,1,51,0,0.000,0
6.443315,2386.63,2382.37,1,1,52,0,0.000,0
6.443734,2387.47,2384.50,1,1,53,0,0.000,0
6.444153,2388.30,2384.50,1,1,54,0,0.000,0
6.444572,2389.14,2385.92,1,1,55,0,0.000,0
6.444990,2389.98,2386.63,1,1,56,0,0.000,0
6.445408,2390.82,2388.06,1,1,57,0,0.000,0
6.446662,2393.32,2390.06,1,1,0,1,0.000,0
6.447080,2394.16,2391.20,1,1,1,1,0.000,0
6.447498,2394.99,2391.20,1,1,2,1,0.000,0
6.447915,2395.83,2391.20,1,1,3,1,0.000,0
6.448333,2396.66,2393.49,1,1,4,1,0.000,0
6.448750,2397.50,2393.49,1,1,5,1,0.000,0
6.449167,2398.33,2394.64,1,1,6,1,0.000,0
6.449584,2399.17,2394.06,1,1,7,1,0.000,0
6.450000,2400.00,2395.21,1,1,8,1,0.000,0
6.450417,2400.83,2397.36,1,1,9,1,0.000,0
6.450834,2401.67,2397.36,1,1,10,1,0.000,0
6.451250,2402.50,2399.52,1,1,11,1,0.000,0
6.451666,2403.33,2399.52,1,1,12,1,0.000,0
6.452082,2404.16,2400.24,1,1,13,1,0.000,0
6.452498,2404.99,2400.24,1,1,14,1,0.000,0
6.452914,2405.83,2405.29,1,1,15,1,0.000,0
6.453329,2406.66,2403.85,1,1,16,1,0.000,0
6.453745,2407.49,2404.57,1,1,17,1,0.000,0
6.454160,2408.32,2405.29,1,1,18,1,0.000,0
6.454575,2409.15,2406.74,1,1,19,1,0.000,0
6.454990,2409.98,2406.74,1,1,20,1,0.000,0
6.455405,2410.81,2406.74,1,1,21,1,0.000,0
6.455820,2411.64,2409.64,1,1,22,1,0.000,0
6.456234,2412.47,2407.46,1,1,23,1,0.000,0
6.456649,2413.30,2411.09,1,1,24,1,0.000,0
6.457063,2414.13,2411.09,1,1,25,1,0.000,0
6.457477,2414.95,2412.55,1,1,26,1,0.000,0
6.457891,2415.78,2410.36,1,1,27,1,0.000,0
6.458305,2416.61,2413.27,1,1,28,1,0.000,0
6.458719,2417.44,2414.73,1,1,29,1,0.000,0
6.459132,2418.26,2415.46,1,1,30,1,0.000,0
6.459546,2419.09,2416.19,1,1,31,1,0.000,0
6.459959,2419.92,2416.19,1,1,32,1,0.000,0
6.460372,2420.74,2415.46,1,1,33,1,0.000,0
6.460785,2421.57,2418.38,1,1,34,1,0.000,0
6.461198,2422.40,2419.84,1,1,35,1,0.000,0
6.461611,2423.22,2419.84,1,1,36,1,0.000,0
6.462024,2424.05,2421.31,1,1,37,1,0.000,0
6.462436,2424.87,2421.31,1,1,38,1,0.000,0
6.462848,2425.70,2422.04,1,1,39,1,0.000,0
6.463261,2426.52,2422.77,1,1,40,1,0.000,0
6.463673,2427.34,2424.24,1,1,41,1,0.000,0
6.464084,2428.17,2424.98,1,1,42,1,0.000,0
6.464496,2428.99,2426.45,1,1,43,1,0.000,0
6.464908,2429.81,2426.45,1,1,44,1,0.000,0
6.465319,2430.64,2426.45,1,1,45,1,0.000,0
6.465731,2431.46,2428.66,1,1,46,1,0.000,0
6.466142,2432.28,2427.92,1,1,47,1,0.000,0
6.466553,2433.10,2430.13,1,1,48,1,0.000,0
6.466964,2433.93,2431.61,1,1,49,1,0.000,0
6.467375,2434.75,2430.87,1,1,50,1,0.000,0
6.467785,2435.57,2431.61,1,1,51,1,0.000,0
6.468196,2436.39,2432.35,1,1,52,1,0.000,0
6.468606,2437.21,2434.57,1,1,53,1,0.000,0
6.469016,2438.03,2433.83,1,1,54,1,0.000,0
6.469427,2438.85,2436.80,1,1,55,1,0.000,0
6.469837,2439.67,2436.05,1,1,56,1,0.000,0
6.470246,2440.49,2436.80,1,1,57,1,0.000,0
6.471475,2442.95,2439.02,1,1,0,0,0.000,0
6.471884,2443.77,2441.41,1,1,1,0,0.000,0
6.472293,2444.59,2441.41,1,1,2,0,0.000,0
6.472702,2445.40,2441.41,1,1,3,0,0.000,0
6.473111,2446.22,2442.00,1,1,4,0,0.000,0
6.473520,2447.04,2442.60,1,1,5,0,0.000,0
6.473929,2447.86,2444.99,1,1,6,0,0.000,0
6.474337,2448.67,2444.99,1,1,7,0,0.000,0
6.474745,2449.49,2446.48,1,1,8,0,0.000,0
6.475154,2450.31,2444.99,1,1,9,0,0.000,0
6.475562,2451.12,2447.23,1,1,10,0,0.000,0
6.475969,2451.94,2447.98,1,1,11,0,0.000,0
6.476377,2452.75,2450.23,1,1,12,0,0.000,0
6.476785,2453.57,2450.23,1,1,13,0,0.000,0
6.477192,2454.38,2450.23,1,1,14,0,0.000,0
6.477600,2455.20,2451.73,1,1,15,0,0.000,0
6.478007,2456.01,2452.48,1,1,16,0,0.000,0
6.478414,2456.83,2455.49,1,1,17,0,0.000,0
6.478821,2457.64,2454.74,1,1,18,0,0.000,0
6.479228,2458.45,2455.49,1,1,19,0,0.000,0
6.479635,2459.27,2456.25,1,1,20,0,0.000,0
6.480041,2460.08,2458.51,1,1,21,0,0.000,0
6.480448,2460.89,2457.76,1,1,22,0,0.000,0
6.480854,2461.71,2458.51,1,1,23,0,0.000,0
6.481260,2462.52,2460.78,1,1,24,0,0.000,0
6.481666,2463.33,2457.76,1,1,25,0,0.000,0
6.482072,2464.14,2460.02,1,1,26,0,0.000,0
6.482478,2464.95,2461.54,1,1,27,0,0.000,0
6.482883,2465.77,2462.30,1,1,28,0,0.000,0
6.483289,2466.58,2462.30,1,1,29,0,0.000,0
6.483694,2467.39,2463.81,1,1,30,0,0.000,0
6.484099,2468.20,2465.33,1,1,31,0,0.000,0
6.484504,2469.01,2464.57,1,1,32,0,0.000,0
6.484909,2469.82,2467.61,1,1,33,0,0.000,0
6.485314,2470.63,2469.14,1,1,34,0,0.000,0
6.485719,2471.44,2468.37,1,1,35,0,0.000,0
6.486123,2472.25,2469.14,1,1,36,0,0.000,0
6.486528,2473.05,2469.14,1,1,37,0,0.000,0
6.486932,2473.86,2470.66,1,1,38,0,0.000,0
6.487336,2474.67,2471.42,1,1,39,0,0.000,0
6.487740,2475.48,2471.42,1,1,40,0,0.000,0
6.488144,2476.29,2472.19,1,1,41,0,0.000,0
6.488548,2477.09,2472.19,1,1,42,0,0.000,0
6.488952,2477.90,2475.25,1,1,43,0,0.000,0
6.489355,2478.71,2476.78,1,1,44,0,0.000,0
6.489759,2479.52,2476.01,1,1,45,0,0.000,0
6.490162,2480.32,2476.01,1,1,46,0,0.000,0
6.490565,2481.13,2477.55,1,1,47,0,0.000,0
6.490968,2481.93,2480.62,1,1,48,0,0.000,0
6.491371,2482.74,2481.39,1,1,49,0,0.000,0
6.491773,2483.55,2479.85,1,1,50,0,0.000,0
6.492176,2484.35,2481.39,1,1,51,0,0.000,0
6.492578,2485.16,2479.85,1,1,52,0,0.000,0
6.492981,2485.96,2482.93,1,1,53,0,0.000,0
6.493383,2486.76,2483.70,1,1,54,0,0.000,0
6.493785,2487.57,2484.47,1,1,55,0,0.000,0
6.494187,2488.37,2483.70,1,1,56,0,0.000,0
6.494589,2489.18,2484.47,1,1,57,0,0.000,0
6.495793,2491.59,2488.80,1,1,0,1,0.000,0
6.496195,2492.39,2488.80,1,1,1,1,0.000,0
6.496596,2493.19,2488.80,1,1,2,1,0.000,0
6.496997,2493.99,2490.04,1,1,3,1,0.000,0
6.497398,2494.79,2492.52,1,1,4,1,0.000,0
6.497799,2495.60,2490.66,1,1,5,1,0.000,0
6.498199,2496.40,2492.52,1,1,6,1,0.000,0
6.498600,2497.20,2493.77,1,1,7,1,0.000,0
6.499000,2498.00,2493.77,1,1,8,1,0.000,0
6.499400,2498.80,2493.77,1,1,9,1,0.000,0
6.499800,2499.60,2497.66,1,1,10,1,0.000,0
6.500200,2500.40,2496.88,1,1,11,1,0.000,0
6.500600,2501.20,2496.10,1,1,12,1,0.000,0
6.501000,2502.00,2500.00,1,1,13,1,0.000,0
6.501400,2502.80,2500.00,1,1,14,1,0.000,0
6.501799,2503.60,2500.00,1,1,15,1,0.000,0
6.502199,2504.40,2501.56,1,1,16,1,0.000,0
6.502598,2505.19,2502.35,1,1,17,1,0.000,0
6.502997,2505.99,2502.35,1,1,18,1,0.000,0
6.503396,2506.79,2503.91,1,1,19,1,0.000,0
6.503795,2507.59,2504.70,1,1,20,1,0.000,0
6.504193,2508.39,2505.48,1,1,21,1,0.000,0
6.504592,2509.18,2505.48,1,1,22,1,0.000,0
6.504991,2509.98,2505.48,1,1,23,1,0.000,0
6.505389,2510.78,2508.62,1,1,24,1,0.000,0
6.505787,2511.57,2507.84,1,1,25,1,0.000,0
6.506185,2512.37,2508.62,1,1,26,1,0.000,0
6.506583,2513.17,2510.20,1,1,27,1,0.000,0
6.506981,2513.96,2510.99,1,1,28,1,0.000,0
6.507379,2514.76,2511.77,1,1,29,1,0.000,0
6.507776,2515.55,2512.56,1,1,30,1,0.000,0
6.508174,2516.35,2514.93,1,1,31,1,0.000,0
6.508571,2517.14,2512.56,1,1,32,1,0.000,0
6.508968,2517.94,2516.51,1,1,33,1,0.000,0
6.509365,2518.73,2517.31,1,1,34,1,0.000,0
6.509762,2519.52,2516.51,1,1,35,1,0.000,0
6.510159,2520.32,2517.31,1,1,36,1,0.000,0
6.510556,2521.11,2517.31,1,1,37,1,0.000,0
6.510952,2521.90,2518.89,1,1,38,1,0.000,0
6.511349,2522.70,2519.69,1,1,39,1,0.000,0
6.511745,2523.49,2521.27,1,1,40,1,0.000,0
6.512141,2524.28,2522.07,1,1,41,1,0.000,0
6.512538,2525.07,2521.27,1,1,42,1,0.000,0
6.512934,2525.87,2522.86,1,1,43,1,0.000,0
6.513329,2526.66,2524.46,1,1,44,1,0.000,0
6.513725,2527.45,2524.46,1,1,45,1,0.000,0
6.514121,2528.24,2526.05,1,1,46,1,0.000,0
6.514516,2529.03,2526.05,1,1,47,1,0.000,0
6.514912,2529.82,2527.65,1,1,48,1,0.000,0
6.515307,2530.61,2525.25,1,1,49,1,0.000,0
6.515702,2531.40,2529.24,1,1,50,1,0.000,0
6.516097,2532.19,2529.24,1,1,51,1,0.000,0
6.516492,2532.98,2529.24,1,1,52,1,0.000,0
6.516886,2533.77,2531.65,1,1,53,1,0.000,0
6.517281,2534.56,2530.04,1,1,54,1,0.000,0
6.517675,2535.35,2530.84,1,1,55,1,0.000,0
6.518070,2536.14,2530.84,1,1,56,1,0.000,0
6.518464,2536.93,2534.05,1,1,57,1,0.000,0
6.519646,2539.29,2534.85,1,1,0,0,0.000,0
6.520040,2540.08,2536.14,1,1,1,0,0.000,0
6.520433,2540.87,2535.50,1,1,2,0,0.000,0
6.520827,2541.65,2536.78,1,1,3,0,0.000,0
6.521220,2542.44,2538.07,1,1,4,0,0.000,0
6.521614,2543.23,2539.36,1,1,5,0,0.000,0
6.522007,2544.01,2540.01,1,1,6,0,0.000,0
6.522400,2544.80,2541.94,1,1,7,0,0.000,0
6.522793,2545.58,2542.91,1,1,8,0,0.000,0
6.523185,2546.37,2542.91,1,1,9,0,0.000,0
6.523578,2547.16,2545.34,1,1,10,0,0.000,0
6.523971,2547.94,2545.34,1,1,11,0,0.000,0
6.524363,2548.73,2546.15,1,1,12,0,0.000,0
6.524755,2549.51,2546.96,1,1,13,0,0.000,0
6.525148,2550.29,2548.58,1,1,14,0,0.000,0
6.525540,2551.08,2546.15,1,1,15,0,0.000,0
6.525931,2551.86,2546.96,1,1,16,0,0.000,0
6.526323,2552.65,2548.58,1,1,17,0,0.000,0
6.526715,2553.43,2550.21,1,1,18,0,0.000,0
6.527107,2554.21,2550.21,1,1,19,0,0.000,0
6.527498,2555.00,2551.83,1,1,20,0,0.000,0
6.527889,2555.78,2552.65,1,1,21,0,0.000,0
6.528281,2556.56,2552.65,1,1,22,0,0.000,0
6.528672,2557.34,2553.46,1,1,23,0,0.000,0
6.529063,2558.12,2555.09,1,1,24,0,0.000,0
6.529453,2558.91,2555.91,1,1,25,0,0.000,0
6.529844,2559.69,2555.91,1,1,26,0,0.000,0
6.530235,2560.47,2557.54,1,1,27,0,0.000,0
6.530625,2561.25,2558.36,1,1,28,0,0.000,0
6.531016,2562.03,2560.00,1,1,29,0,0.000,0
6.531406,2562.81,2559.18,1,1,30,0,0.000,0
6.531796,2563.59,2561.64,1,1,31,0,0.000,0
6.532186,2564.37,2561.64,1,1,32,0,0.000,0
6.532576,2565.15,2562.46,1,1,33,0,0.000,0
6.532966,2565.93,2564.10,1,1,34,0,0.000,0
6.533355,2566.71,2562.46,1,1,35,0,0.000,0
6.533745,2567.49,2564.10,1,1,36,0,0.000,0
6.534134,2568.27,2564.92,1,1,37,0,0.000,0
6.534524,2569.05,2566.57,1,1,38,0,0.000,0
6.534913,2569.82,2566.57,1,1,39,0,0.000,0
6.535302,2570.60,2569.04,1,1,40,0,0.000,0
6.535691,2571.38,2568.22,1,1,41,0,0.000,0
6.536080,2572.16,2568.22,1,1,42,0,0.000,0
6.536468,2572.94,2570.69,1,1,43,0,0.000,0
6.536857,2573.71,2571.52,1,1,44,0,0.000,0
6.537246,2574.49,2572.35,1,1,45,0,0.000,0
6.537634,2575.27,2571.52,1,1,46,0,0.000,0
6.538022,2576.04,2574.83,1,1,47,0,0.000,0
6.538410,2576.82,2571.52,1,1,48,0,0.000,0
6.538798,2577.60,2574.83,1,1,49,0,0.000,0
6.539186,2578.37,2576.49,1,1,50,0,0.000,0
6.539574,2579.15,2576.49,1,1,51,0,0.000,0
6.539962,2579.92,2575.66,1,1,52,0,0.000,0
6.540349,2580.70,2575.66,1,1,53,0,0.000,0
6.540737,2581.47,2578.98,1,1,54,0,0.000,0
6.541124,2582.25,2577.32,1,1,55,0,0.000,0
6.541511,2583.02,2580.65,1,1,56,0,0.000,0
6.541898,2583.80,2579.81,1,1,57,0,0.000,0
6.543059,2586.12,2581.98,1,1,0,1,0.000,0
6.543445,2586.89,2581.98,1,1,1,1,0.000,0
6.543832,2587.66,2584.65,1,1,2,1,0.000,0
6.544218,2588.44,2584.65,1,1,3,1,0.000,0
6.544605,2589.21,2584.65,1,1,4,1,0.000,0
6.544991,2589.98,2586.65,1,1,5,1,0.000,0
6.545377,2590.75,2586.65,1,1,6,1,0.000,0
6.545763,2591.52,2587.99,1,1,7,1,0.000,0
6.546149,2592.30,2588.16,1,1,8,1,0.000,0
6.546534,2593.07,2590.67,1,1,9,1,0.000,0
6.546920,2593.84,2590.67,1,1,10,1,0.000,0
6.547305,2594.61,2591.51,1,1,11,1,0.000,0
6.547691,2595.38,2594.88,1,1,12,1,0.000,0
6.548076,2596.15,2592.35,1,1,13,1,0.000,0
6.548461,2596.92,2594.03,1,1,14,1,0.000,0
6.548846,2597.69,2595.72,1,1,15,1,0.000,0
6.549231,2598.46,2595.72,1,1,16,1,0.000,0
6.549616,2599.23,2597.40,1,1,17,1,0.000,0
6.550000,2600.00,2596.56,1,1,18,1,0.000,0
6.550385,2600.77,2597.40,1,1,19,1,0.000,0
6.550769,2601.54,2595.72,1,1,20,1,0.000,0
6.551154,2602.31,2599.09,1,1,21,1,0.000,0
6.551538,2603.08,2599.94,1,1,22,1,0.000,0
6.551922,2603.84,2601.63,1,1,23,1,0.000,0
6.552306,2604.61,2601.63,1,1,24,1,0.000,0
6.552690,2605.38,2602.47,1,1,25,1,0.000,0
6.553074,2606.15,2601.63,1,1,26,1,0.000,0
6.553457,2606.91,2603.32,1,1,27,1,0.000,0
6.553841,2607.68,2606.71,1,1,28,1,0.000,0
6.554224,2608.45,2605.86,1,1,29,1,0.000,0
6.554608,2609.21,2607.56,1,1,30,1,0.000,0
6.554991,2609.98,2605.86,1,1,31,1,0.000,0
6.555374,2610.75,2608.41,1,1,32,1,0.000,0
6.555757,2611.51,2607.56,1,1,33,1,0.000,0
6.556140,2612.28,2610.11,1,1,34,1,0.000,0
6.556523,2613.04,2610.97,1,1,35,1,0.000,0
6.556905,2613.81,2610.11,1,1,36,1,0.000,0
6.557288,2614.57,2611.82,1,1,37,1,0.000,0
6.557670,2615.34,2610.97,1,1,38,1,0.000,0
6.558052,2616.10,2611.82,1,1,39,1,0.000,0
6.558435,2616.87,2613.52,1,1,40,1,0.000,0
6.558817,2617.63,2613.52,1,1,41,1,0.000,0
6.559199,2618.40,2614.38,1,1,42,1,0.000,0
6.559581,2619.16,2614.38,1,1,43,1,0.000,0
6.559962,2619.92,2616.09,1,1,44,1,0.000,0
6.560344,2620.69,2616.09,1,1,45,1,0.000,0
6.560725,2621.45,2618.66,1,1,46,1,0.000,0
6.561107,2622.21,2619.52,1,1,47,1,0.000,0
6.561488,2622.98,2619.52,1,1,48,1,0.000,0
6.561869,2623.74,2622.09,1,1,49,1,0.000,0
6.562250,2624.50,2622.95,1,1,50,1,0.000,0
6.562631,2625.26,2623.81,1,1,51,1,0.000,0
6.563012,2626.02,2623.81,1,1,52,1,0.000,0
6.563393,2626.79,2626.40,1,1,53,1,0.000,0
6.563774,2627.55,2623.81,1,1,54,1,0.000,0
6.564154,2628.31,2626.40,1,1,55,1,0.000,0
6.564535,2629.07,2624.67,1,1,56,1,0.000,0
6.564915,2629.83,2625.53,1,1,57,1,0.000,0
6.566055,2632.11,2628.12,1,1,0,0,0.000,0
6.566435,2632.87,2628.12,1,1,1,0,0.000,0
6.566815,2633.63,2628.81,1,1,2,0,0.000,0
6.567194,2634.39,2628.81,1,1,3,0,0.000,0
6.567574,2635.15,2631.58,1,1,4,0,0.000,0
6.567953,2635.91,2630.89,1,1,5,0,0.000,0
6.568333,2636.66,2633.66,1,1,6,0,0.000,0
6.568712,2637.42,2633.66,1,1,7,0,0.000,0
6.569091,2638.18,2635.91,1,1,8,0,0.000,0
6.569470,2638.94,2636.78,1,1,9,0,0.000,0
6.569849,2639.70,2638.52,1,1,10,0,0.000,0
6.570228,2640.45,2636.78,1,1,11,0,0.000,0
6.570606,2641.21,2637.65,1,1,12,0,0.000,0
6.570985,2641.97,2639.39,1,1,13,0,0.000,0
6.571363,2642.73,2641.14,1,1,14,0,0.000,0
6.571742,2643.48,2641.14,1,1,15,0,0.000,0
6.572120,2644.24,2640.26,1,1,16,0,0.000,0
6.572498,2645.00,2642.01,1,1,17,0,0.000,0
6.572876,2645.75,2642.01,1,1,18,0,0.000,0
6.573254,2646.51,2643.75,1,1,19,0,0.000,0
6.573632,2647.26,2643.75,1,1,20,0,0.000,0
6.574010,2648.02,2644.63,1,1,21,0,0.000,0
6.574387,2648.77,2643.75,1,1,22,0,0.000,0
6.574765,2649.53,2647.25,1,1,23,0,0.000,0
6.575142,2650.28,2647.25,1,1,24,0,0.000,0
6.575519,2651.04,2647.25,1,1,25,0,0.000,0
6.575896,2651.79,2649.01,1,1,26,0,0.000,0
6.576273,2652.55,2649.01,1,1,27,0,0.000,0
6.576650,2653.30,2649.88,1,1,28,0,0.000,0
6.577027,2654.05,2651.64,1,1,29,0,0.000,0
6.577404,2654.81,2652.52,1,1,30,0,0.000,0
6.577781,2655.56,2651.64,1,1,31,0,0.000,0
6.578157,2656.31,2653.40,1,1,32,0,0.000,0
6.578533,2657.07,2654.28,1,1,33,0,0.000,0
6.578910,2657.82,2656.04,1,1,34,0,0.000,0
6.579286,2658.57,2656.92,1,1,35,0,0.000,0
6.579662,2659.32,2656.92,1,1,36,0,0.000,0
6.580038,2660.08,2656.04,1,1,37,0,0.000,0
6.580414,2660.83,2657.81,1,1,38,0,0.000,0
6.580790,2661.58,2658.69,1,1,39,0,0.000,0
6.581165,2662.33,2659.57,1,1,40,0,0.000,0
6.581541,2663.08,2660.46,1,1,41,0,0.000,0
6.581916,2663.83,2658.69,1,1,42,0,0.000,0
6.582292,2664.58,2660.46,1,1,43,0,0.000,0
6.582667,2665.33,2663.12,1,1,44,0,0.000,0
6.583042,2666.08,2664.00,1,1,45,0,0.000,0
6.583417,2666.83,2664.89,1,1,46,0,0.000,0
6.583792,2667.58,2664.89,1,1,47,0,0.000,0
6.584167,2668.33,2664.00,1,1,48,0,0.000,0
6.584542,2669.08,2666.67,1,1,49,0,0.000,0
6.584916,2669.83,2667.56,1,1,50,0,0.000,0
6.585291,2670.58,2669.34,1,1,51,0,0.000,0
6.585665,2671.33,2670.23,1,1,52,0,0.000,0
6.586039,2672.08,2669.34,1,1,53,0,0.000,0
6.586414,2672.83,2669.34,1,1,54,0,0.000,0
6.586788,2673.57,2669.34,1,1,55,0,0.000,0
6.587162,2674.32,2673.80,1,1,56,0,0.000,0
6.587536,2675.07,2671.12,1,1,57,0,0.000,0
6.588657,2677.31,2673.80,1,1,0,1,0.000,0
6.589030,2678.06,2674.51,1,1,1,1,0.000,0
6.589403,2678.81,2673.80,1,1,2,1,0.000,0
6.589777,2679.55,2675.94,1,1,3,1,0.000,0
6.590150,2680.30,2675.94,1,1,4,1,0.000,0
6.590523,2681.04,2678.81,1,1,5,1,0.000,0
6.590896,2681.79,2676.66,1,1,6,1,0.000,0
6.591269,2682.54,2678.09,1,1,7,1,0.000,0
6.591641,2683.28,2680.07,1,1,8,1,0.000,0
6.592014,2684.03,2680.07,1,1,9,1,0.000,0
6.592386,2684.77,2680.97,1,1,10,1,0.000,0
6.592759,2685.52,2680.97,1,1,11,1,0.000,0
6.593131,2686.26,2683.66,1,1,12,1,0.000,0
6.593503,2687.01,2682.76,1,1,13,1,0.000,0
6.593875,2687.75,2684.56,1,1,14,1,0.000,0
6.594247,2688.49,2687.27,1,1,15,1,0.000,0
6.594619,2689.24,2686.37,1,1,16,1,0.000,0
6.594991,2689.98,2688.17,1,1,17,1,0.000,0
6.595363,2690.72,2688.17,1,1,18,1,0.000,0
6.595734,2691.47,2689.08,1,1,19,1,0.000,0
6.596106,2692.21,2689.98,1,1,20,1,0.000,0
6.596477,2692.95,2689.98,1,1,21,1,0.000,0
6.596849,2693.70,2691.79,1,1,22,1,0.000,0
6.597220,2694.44,2689.98,1,1,23,1,0.000,0
6.597591,2695.18,2691.79,1,1,24,1,0.000,0
6.597962,2695.92,2691.79,1,1,25,1,0.000,0
6.598333,2696.66,2694.51,1,1,26,1,0.000,0
6.598704,2697.41,2694.51,1,1,27,1,0.000,0
6.599074,2698.15,2693.60,1,1,28,1,0.000,0
6.599445,2698.89,2697.24,1,1,29,1,0.000,0
6.599815,2699.63,2695.42,1,1,30,1,0.000,0
6.600186,2700.37,2698.15,1,1,31,1,0.000,0
6.600556,2701.11,2699.06,1,1,32,1,0.000,0
6.600926,2701.85,2699.97,1,1,33,1,0.000,0
6.601296,2702.59,2699.97,1,1,34,1,0.000,0
6.601666,2703.33,2700.88,1,1,35,1,0.000,0
6.602036,2704.07,2700.88,1,1,36,1,0.000,0
6.602406,2704.81,2700.88,1,1,37,1,0.000,0
6.602775,2705.55,2703.62,1,1,38,1,0.000,0
6.603145,2706.29,2703.62,1,1,39,1,0.000,0
6.603514,2707.03,2703.62,1,1,40,1,0.000,0
6.603884,2707.77,2704.53,1,1,41,1,0.000,0
6.604253,2708.51,2703.62,1,1,42,1,0.000,0
6.604622,2709.24,2706.36,1,1,43,1,0.000,0
6.604991,2709.98,2708.19,1,1,44,1,0.000,0
6.605360,2710.72,2706.36,1,1,45,1,0.000,0
6.605729,2711.46,2709.11,1,1,46,1,0.000,0
6.606098,2712.19,2709.11,1,1,47,1,0.000,0
6.606466,2712.93,2710.95,1,1,48,1,0.000,0
6.606835,2713.67,2710.03,1,1,49,1,0.000,0
6.607203,2714.41,2711.86,1,1,50,1,0.000,0
6.607572,2715.14,2711.86,1,1,51,1,0.000,0
6.607940,2715.88,2711.86,1,1,52,1,0.000,0
6.608308,2716.62,2716.47,1,1,53,1,0.000,0
6.608676,2717.35,2713.70,1,1,54,1,0.000,0
6.609044,2718.09,2715.55,1,1,55,1,0.000,0
6.609412,2718.82,2714.62,1,1,56,1,0.000,0
6.609780,2719.56,2716.47,1,1,57,1,0.000,0
6.610883,2721.76,2718.87,1,1,0,0,0.000,0
6.611250,2722.50,2718.87,1,1,1,0,0.000,0
6.611617,2723.23,2721.09,1,1,2,0,0.000,0
6.611984,2723.97,2719.61,1,1,3,0,0.000,0
6.612351,2724.70,2720.35,1,1,4,0,0.000,0
6.612718,2725.44,2721.09,1,1,5,0,0.000,0
6.613085,2726.17,2722.57,1,1,6,0,0.000,0
6.613452,2726.90,2723.31,1,1,7,0,0.000,0
6.613819,2727.64,2723.87,1,1,8,0,0.000,0
6.614185,2728.37,2725.72,1,1,9,0,0.000,0
6.614552,2729.10,2724.80,1,1,10,0,0.000,0
6.614918,2729.84,2726.65,1,1,11,0,0.000,0
6.615284,2730.57,2727.58,1,1,12,0,0.000,0
6.615650,2731.30,2728.51,1,1,13,0,0.000,0
6.616017,2732.03,2728.51,1,1,14,0,0.000,0
6.616383,2732.76,2729.44,1,1,15,0,0.000,0
6.616748,2733.50,2730.38,1,1,16,0,0.000,0
6.617114,2734.23,2731.31,1,1,17,0,0.000,0
6.617480,2734.96,2732.24,1,1,18,0,0.000,0
6.617845,2735.69,2733.17,1,1,19,0,0.000,0
6.618211,2736.42,2733.17,1,1,20,0,0.000,0
6.618576,2737.15,2735.04,1,1,21,0,0.000,0
6.618942,2737.88,2735.04,1,1,22,0,0.000,0
6.619307,2738.61,2735.98,1,1,23,0,0.000,0
6.619672,2739.34,2736.91,1,1,24,0,0.000,0
6.620037,2740.07,2736.91,1,1,25,0,0.000,0
6.620402,2740.80,2736.91,1,1,26,0,0.000,0
6.620767,2741.53,2738.79,1,1,27,0,0.000,0
6.621131,2742.26,2740.66,1,1,28,0,0.000,0
6.621496,2742.99,2737.85,1,1,29,0,0.000,0
6.621861,2743.72,2741.60,1,1,30,0,0.000,0
6.622225,2744.45,2741.60,1,1,31,0,0.000,0
6.622589,2745.18,2742.54,1,1,32,0,0.000,0
6.622953,2745.91,2742.54,1,1,33,0,0.000,0
6.623318,2746.63,2743.48,1,1,34,0,0.000,0
6.623682,2747.36,2744.43,1,1,35,0,0.000,0
6.624046,2748.09,2745.37,1,1,36,0,0.000,0
6.624409,2748.82,2748.20,1,1,37,0,0.000,0
6.624773,2749.55,2745.37,1,1,38,0,0.000,0
6.625137,2750.27,2747.25,1,1,39,0,0.000,0
6.625500,2751.00,2748.20,1,1,40,0,0.000,0
6.625864,2751.73,2750.09,1,1,41,0,0.000,0
6.626227,2752.45,2749.14,1,1,42,0,0.000,0
6.626590,2753.18,2749.14,1,1,43,0,0.000,0
6.626954,2753.91,2751.98,1,1,44,0,0.000,0
6.627317,2754.63,2751.98,1,1,45,0,0.000,0
6.627680,2755.36,2752.93,1,1,46,0,0.000,0
6.628043,2756.08,2753.87,1,1,47,0,0.000,0
6.628405,2756.81,2753.87,1,1,48,0,0.000,0
6.628768,2757.54,2754.82,1,1,49,0,0.000,0
6.629131,2758.26,2756.72,1,1,50,0,0.000,0
6.629493,2758.99,2755.77,1,1,51,0,0.000,0
6.629856,2759.71,2754.82,1,1,52,0,0.000,0
6.630218,2760.43,2756.72,1,1,53,0,0.000,0
6.630580,2761.16,2758.62,1,1,54,0,0.000,0
6.630942,2761.88,2759.57,1,1,55,0,0.000,0
6.631304,2762.61,2759.57,1,1,56,0,0.000,0
6.631666,2763.33,2758.62,1,1,57,0,0.000,0
6.632751,2765.50,2761.67,1,1,0,1,0.000,0
6.633113,2766.22,2763.19,1,1,1,1,0.000,0
6.633474,2766.95,2763.96,1,1,2,1,0.000,0
6.633836,2767.67,2763.96,1,1,3,1,0.000,0
6.634197,2768.39,2765.49,1,1,4,1,0.000,0
6.634558,2769.12,2763.19,1,1,5,1,0.000,0
6.634919,2769.84,2766.25,1,1,6,1,0.000,0
6.635280,2770.56,2767.78,1,1,7,1,0.000,0
6.635641,2771.28,2769.12,1,1,8,1,0.000,0
6.636002,2772.00,2768.17,1,1,9,1,0.000,0
6.636363,2772.72,2769.12,1,1,10,1,0.000,0
6.636723,2773.45,2770.08,1,1,11,1,0.000,0
6.637084,2774.17,2770.08,1,1,12,1,0.000,0
6.637444,2774.89,2774.89,1,1,13,1,0.000,0
6.637804,2775.61,2772.96,1,1,14,1,0.000,0
6.638165,2776.33,2772.96,1,1,15,1,0.000,0
6.638525,2777.05,2775.85,1,1,16,1,0.000,0
6.638885,2777.77,2774.89,1,1,17,1,0.000,0
6.639245,2778.49,2775.85,1,1,18,1,0.000,0
6.639605,2779.21,2778.74,1,1,19,1,0.000,0
6.639964,2779.93,2777.78,1,1,20,1,0.000,0
6.640324,2780.65,2777.78,1,1,21,1,0.000,0
6.640684,2781.37,2777.78,1,1,22,1,0.000,0
6.641043,2782.09,2779.71,1,1,23,1,0.000,0
6.641403,2782.80,2778.74,1,1,24,1,0.000,0
6.641762,2783.52,2781.64,1,1,25,1,0.000,0
6.642121,2784.24,2780.67,1,1,26,1,0.000,0
6.642480,2784.96,2780.67,1,1,27,1,0.000,0
6.642839,2785.68,2782.61,1,1,28,1,0.000,0
6.643198,2786.40,2782.61,1,1,29,1,0.000,0
6.643557,2787.11,2784.55,1,1,30,1,0.000,0
6.643916,2787.83,2783.58,1,1,31,1,0.000,0
6.644274,2788.55,2785.52,1,1,32,1,0.000,0
6.644633,2789.27,2785.52,1,1,33,1,0.000,0
6.644992,2789.98,2787.46,1,1,34,1,0.000,0
6.645350,2790.70,2787.46,1,1,35,1,0.000,0
6.645708,2791.42,2789.40,1,1,36,1,0.000,0
6.646066,2792.13,2791.35,1,1,37,1,0.000,0
6.646424,2792.85,2789.40,1,1,38,1,0.000,0
6.646782,2793.56,2792.32,1,1,39,1,0.000,0
6.647140,2794.28,2790.37,1,1,40,1,0.000,0
6.647498,2795.00,2792.32,1,1,41,1,0.000,0
6.647856,2795.71,2794.27,1,1,42,1,0.000,0
6.648214,2796.43,2794.27,1,1,43,1,0.000,0
6.648571,2797.14,2793.30,1,1,44,1,0.000,0
6.648929,2797.86,2792.32,1,1,45,1,0.000,0
6.649286,2798.57,2797.20,1,1,46,1,0.000,0
6.649643,2799.29,2797.20,1,1,47,1,0.000,0
6.650000,2800.00,2798.18,1,1,48,1,0.000,0
6.650358,2800.00,2799.16,1,1,49,1,0.000,0
6.650715,2800.00,2798.18,1,1,50,1,0.000,0
6.651072,2800.00,2798.18,1,1,51,1,0.000,0
6.651429,2800.00,2799.16,1,1,52,1,0.000,0
6.651786,2800.00,2800.14,1,1,53,1,0.000,0
6.652143,2800.00,2798.18,1,1,54,1,0.000,0
6.652500,2800.00,2799.16,1,1,55,1,0.000,0
6.652858,2800.00,2799.16,1,1,56,1,0.000,0
6.653215,2800.00,2799.16,1,1,57,1,0.000,0
6.654286,2800.00,2799.55,1,1,0,0,0.000,0
6.654643,2800.00,2800.34,1,1,1,0,0.000,0
6.655000,2800.00,2800.34,1,1,2,0,0.000,0
6.655358,2800.00,2800.34,1,1,3,0,0.000,0
6.655715,2800.00,2800.34,1,1,4,0,0.000,0
6.656072,2800.00,2799.55,1,1,5,0,0.000,0
6.656429,2800.00,2800.34,1,1,6,0,0.000,0
6.656786,2800.00,2800.34,1,1,7,0,0.000,0
6.657143,2800.00,2800.14,1,1,8,0,0.000,0
6.657500,2800.00,2799.16,1,1,9,0,0.000,0
6.657858,2800.00,2799.16,1,1,10,0,0.000,0
6.658215,2800.00,2800.14,1,1,11,0,0.000,0
6.658572,2800.00,2800.14,1,1,12,0,0.000,0
6.658929,2800.00,2799.16,1,1,13,0,0.000,0
6.659286,2800.00,2800.14,1,1,14,0,0.000,0
6.659643,2800.00,2801.12,1,1,15,0,0.000,0
6.660000,2800.00,2800.14,1,1,16,0,0.000,0
6.660358,2800.00,2801.12,1,1,17,0,0.000,0
6.660715,2800.00,2800.14,1,1,18,0,0.000,0
6.661072,2800.00,2800.14,1,1,19,0,0.000,0
6.661429,2800.00,2800.14,1,1,20,0,0.000,0
6.661786,2800.00,2801.12,1,1,21,0,0.000,0
6.662143,2800.00,2800.14,1,1,22,0,0.000,0
6.662500,2800.00,2798.18,1,1,23,0,0.000,0
6.662858,2800.00,2801.12,1,1,24,0,0.000,0
6.663215,2800.00,2800.14,1,1,25,0,0.000,0
6.663572,2800.00,2801.12,1,1,26,0,0.000,0
6.663929,2800.00,2799.16,1,1,27,0,0.000,0
6.664286,2800.00,2800.14,1,1,28,0,0.000,0
6.664643,2800.00,2799.16,1,1,29,0,0.000,0
6.665000,2800.00,2800.14,1,1,30,0,0.000,0
6.665358,2800.00,2800.14,1,1,31,0,0.000,0
6.665715,2800.00,2799.16,1,1,32,0,0.000,0
6.666072,2800.00,2800.14,1,1,33,0,0.000,0
6.666429,2800.00,2801.12,1,1,34,0,0.000,0
6.666786,2800.00,2800.14,1,1,35,0,0.000,0
6.667143,2800.00,2800.14,1,1,36,0,0.000,0
6.667500,2800.00,2802.10,1,1,37,0,0.000,0
6.667858,2800.00,2800.14,1,1,38,0,0.000,0
6.668215,2800.00,2801.12,1,1,39,0,0.000,0
6.668572,2800.00,2799.16,1,1,40,0,0.000,0
6.668929,2800.00,2798.18,1,1,41,0,0.000,0
6.669286,2800.00,2798.18,1,1,42,0,0.000,0
6.669643,2800.00,2798.18,1,1,43,0,0.000,0
6.670000,2800.00,2800.14,1,1,44,0,0.000,0
6.670358,2800.00,2799.16,1,1,45,0,0.000,0
6.670715,2800.00,2800.14,1,1,46,0,0.000,0
6.671072,2800.00,2798.18,1,1,47,0,0.000,0
6.671429,2800.00,2801.12,1,1,48,0,0.000,0
6.671786,2800.00,2802.10,1,1,49,0,0.000,0
6.672143,2800.00,2800.14,1,1,50,0,0.000,0
6.672500,2800.00,2803.08,1,1,51,0,0.000,0
6.672858,2800.00,2799.16,1,1,52,0,0.000,0
6.673215,2800.00,2800.14,1,1,53,0,0.000,0
6.673572,2800.00,2798.18,1,1,54,0,0.000,0
6.673929,2800.00,2801.12,1,1,55,0,0.000,0
6.674286,2800.00,2799.16,1,1,56,0,0.000,0
6.674643,2800.00,2799.16,1,1,57,0,0.000,0
6.675715,2800.00,2800.34,1,1,0,1,0.000,0
6.676072,2800.00,2798.77,1,1,1,1,0.000,0
6.676429,2800.00,2799.55,1,1,2,1,0.000,0
6.676786,2800.00,2798.77,1,1,3,1,0.000,0
6.677143,2800.00,2801.91,1,1,4,1,0.000,0
6.677500,2800.00,2800.34,1,1,5,1,0.000,0
6.677858,2800.00,2800.34,1,1,6,1,0.000,0
6.678215,2800.00,2800.34,1,1,7,1,0.000,0
6.678572,2800.00,2799.16,1,1,8,1,0.000,0
6.678929,2800.00,2799.16,1,1,9,1,0.000,0
6.679286,2800.00,2801.12,1,1,10,1,0.000,0
6.679643,2800.00,2802.10,1,1,11,1,0.000,0
6.680000,2800.00,2799.16,1,1,12,1,0.000,0
6.680358,2800.00,2799.16,1,1,13,1,0.000,0
6.680715,2800.00,2799.16,1,1,14,1,0.000,0
6.681072,2800.00,2799.16,1,1,15,1,0.000,0
6.681429,2800.00,2801.12,1,1,16,1,0.000,0
6.681786,2800.00,2801.12,1,1,17,1,0.000,0
6.682143,2800.00,2799.16,1,1,18,1,0.000,0
6.682500,2800.00,2799.16,1,1,19,1,0.000,0
6.682858,2800.00,2799.16,1,1,20,1,0.000,0
6.683215,2800.00,2800.14,1,1,21,1,0.000,0
6.683572,2800.00,2800.14,1,1,22,1,0.000,0
6.683929,2800.00,2800.14,1,1,23,1,0.000,0
6.684286,2800.00,2799.16,1,1,24,1,0.000,0
6.684643,2800.00,2800.14,1,1,25,1,0.000,0
6.685000,2800.00,2801.12,1,1,26,1,0.000,0
6.685358,2800.00,2799.16,1,1,27,1,0.000,0
6.685715,2800.00,2800.14,1,1,28,1,0.000,0
6.686072,2800.00,2800.14,1,1,29,1,0.000,0
6.686429,2800.00,2801.12,1,1,30,1,0.000,0
6.686786,2800.00,2800.14,1,1,31,1,0.000,0
6.687143,2800.00,2800.14,1,1,32,1,0.000,0
6.687500,2800.00,2799.16,1,1,33,1,0.000,0
6.687858,2800.00,2801.12,1,1,34,1,0.000,0
6.688215,2800.00,2801.12,1,1,35,1,0.000,0
6.688572,2800.00,2799.16,1,1,36,1,0.000,0
6.688929,2800.00,2802.10,1,1,37,1,0.000,0
6.689286,2800.00,2798.18,1,1,38,1,0.000,0
6.689643,2800.00,2799.16,1,1,39,1,0.000,0
6.690000,2800.00,2799.16,1,1,40,1,0.000,0
6.690358,2800.00,2800.14,1,1,41,1,0.000,0
6.690715,2800.00,2798.18,1,1,42,1,0.000,0
6.691072,2800.00,2800.14,1,1,43,1,0.000,0
6.691429,2800.00,2800.14,1,1,44,1,0.000,0
6.691786,2800.00,2797.20,1,1,45,1,0.000,0
6.692143,2800.00,2802.10,1,1,46,1,0.000,0
6.692500,2800.00,2800.14,1,1,47,1,0.000,0
6.692858,2800.00,2800.14,1,1,48,1,0.000,0
6.693215,2800.00,2800.14,1,1,49,1,0.000,0
6.693572,2800.00,2801.12,1,1,50,1,0.000,0
6.693929,2800.00,2799.16,1,1,51,1,0.000,0
6.694286,2800.00,2802.10,1,1,52,1,0.000,0
6.694643,2800.00,2801.12,1,1,53,1,0.000,0
6.695000,2800.00,2799.16,1,1,54,1,0.000,0
6.695358,2800.00,2800.14,1,1,55,1,0.000,0
6.695715,2800.00,2801.12,1,1,56,1,0.000,0
6.696072,2800.00,2801.12,1,1,57,1,0.000,0
6.697143,2800.00,2800.34,1,1,0,0,0.000,0
6.697500,2800.00,2800.34,1,1,1,0,0.000,0
6.697858,2800.00,2798.77,1,1,2,0,0.000,0
6.698215,2800.00,2799.55,1,1,3,0,0.000,0
6.698572,2800.00,2799.55,1,1,4,0,0.000,0
6.698929,2800.00,2800.34,1,1,5,0,0.000,0
6.699286,2800.00,2799.55,1,1,6,0,0.000,0
6.699643,2800.00,2800.34,1,1,7,0,0.000,0
6.700000,2800.00,2799.16,1,1,8,0,0.000,0
6.700358,2800.00,2800.14,1,1,9,0,0.000,0
6.700715,2800.00,2801.12,1,1,10,0,0.000,0
6.701072,2800.00,2800.14,1,1,11,0,0.000,0
6.701429,2800.00,2800.14,1,1,12,0,0.000,0
6.701786,2800.00,2800.14,1,1,13,0,0.000,0
6.702143,2800.00,2800.14,1,1,14,0,0.000,0
6.702500,2800.00,2799.16,1,1,15,0,0.000,0
6.702858,2800.00,2798.18,1,1,16,0,0.000,0
6.703215,2800.00,2798.18,1,1,17,0,0.000,0
6.703572,2800.00,2799.16,1,1,18,0,0.000,0
6.703929,2800.00,2800.14,1,1,19,0,0.000,0
6.704286,2800.00,2800.14,1,1,20,0,0.000,0
6.704643,2800.00,2799.16,1,1,21,0,0.000,0
6.705000,2800.00,2799.16,1,1,22,0,0.000,0
6.705358,2800.00,2799.16,1,1,23,0,0.000,0
6.705715,2800.00,2801.12,1,1,24,0,0.000,0
6.706072,2800.00,2801.12,1,1,25,0,0.000,0
6.706429,2800.00,2800.14,1,1,26,0,0.000,0
6.706786,2800.00,2800.14,1,1,27,0,0.000,0
6.707143,2800.00,2800.14,1,1,28,0,0.000,0
6.707500,2800.00,2800.14,1,1,29,0,0.000,0
6.707858,2800.00,2801.12,1,1,30,0,0.000,0
6.708215,2800.00,2801.12,1,1,31,0,0.000,0
6.708572,2800.00,2800.14,1,1,32,0,0.000,0
6.708929,2800.00,2801.12,1,1,33,0,0.000,0
6.709286,2800.00,2799.16,1,1,34,0,0.000,0
6.709643,2800.00,2800.14,1,1,35,0,0.000,0
6.710000,2800.00,2799.16,1,1,36,0,0.000,0
6.710358,2800.00,2800.14,1,1,37,0,0.000,0
6.710715,2800.00,2799.16,1,1,38,0,0.000,0
6.711072,2800.00,2799.16,1,1,39,0,0.000,0
6.711429,2800.00,2799.16,1,1,40,0,0.000,0
6.711786,2800.00,2799.16,1,1,41,0,0.000,0
6.712143,2800.00,2801.12,1,1,42,0,0.000,0
6.712500,2800.00,2799.16,1,1,43,0,0.000,0
6.712858,2800.00,2802.10,1,1,44,0,0.000,0
6.713215,2800.00,2800.14,1,1,45,0,0.000,0
6.713572,2800.00,2800.14,1,1,46,0,0.000,0
6.713929,2800.00,2801.12,1,1,47,0,0.000,0
6.714286,2800.00,2801.12,1,1,48,0,0.000,0
6.714643,2800.00,2800.14,1,1,49,0,0.000,0
6.715000,2800.00,2800.14,1,1,50,0,0.000,0
6.715358,2800.00,2799.16,1,1,51,0,0.000,0
6.715715,2800.00,2798.18,1,1,52,0,0.000,0
6.716072,2800.00,2800.14,1,1,53,0,0.000,0
6.716429,2800.00,2799.16,1,1,54,0,0.000,0
6.716786,2800.00,2799.16,1,1,55,0,0.000,0
6.717143,2800.00,2800.14,1,1,56,0,0.000,0
6.717500,2800.00,2800.14,1,1,57,0,0.000,0
6.718572,2800.00,2800.34,1,1,0,1,0.000,0
6.718929,2800.00,2801.12,1,1,1,1,0.000,0
6.719286,2800.00,2799.55,1,1,2,1,0.000,0
6.719643,2800.00,2799.55,1,1,3,1,0.000,0
6.720000,2800.00,2800.34,1,1,4,1,0.000,0
6.720358,2800.00,2799.55,1,1,5,1,0.000,0
6.720715,2800.00,2799.55,1,1,6,1,0.000,0
6.721072,2800.00,2801.12,1,1,7,1,0.000,0
6.721429,2800.00,2798.18,1,1,8,1,0.000,0
6.721786,2800.00,2801.12,1,1,9,1,0.000,0
6.722143,2800.00,2801.12,1,1,10,1,0.000,0
6.722500,2800.00,2800.14,1,1,11,1,0.000,0
6.722858,2800.00,2801.12,1,1,12,1,0.000,0
6.723215,2800.00,2800.14,1,1,13,1,0.000,0
6.723572,2800.00,2800.14,1,1,14,1,0.000,0
6.723929,2800.00,2797.20,1,1,15,1,0.000,0
6.724286,2800.00,2802.10,1,1,16,1,0.000,0
6.724643,2800.00,2799.16,1,1,17,1,0.000,0
6.725000,2800.00,2799.16,1,1,18,1,0.000,0
6.725358,2800.00,2801.12,1,1,19,1,0.000,0
6.725715,2800.00,2798.18,1,1,20,1,0.000,0
6.726072,2800.00,2800.14,1,1,21,1,0.000,0
6.726429,2800.00,2800.14,1,1,22,1,0.000,0
6.726786,2800.00,2801.12,1,1,23,1,0.000,0
6.727143,2800.00,2799.16,1,1,24,1,0.000,0
6.727500,2800.00,2800.14,1,1,25,1,0.000,0
6.727858,2800.00,2800.14,1,1,26,1,0.000,0
6.728215,2800.00,2799.16,1,1,27,1,0.000,0
6.728572,2800.00,2800.14,1,1,28,1,0.000,0
6.728929,2800.00,2800.14,1,1,29,1,0.000,0
6.729286,2800.00,2800.14,1,1,30,1,0.000,0
6.729643,2800.00,2800.14,1,1,31,1,0.000,0
6.730000,2800.00,2799.16,1,1,32,1,0.000,0
6.730358,2800.00,2799.16,1,1,33,1,0.000,0
6.730715,2800.00,2800.14,1,1,34,1,0.000,0
6.731072,2800.00,2801.12,1,1,35,1,0.000,0
6.731429,2800.00,2801.12,1,1,36,1,0.000,0
6.731786,2800.00,2800.14,1,1,37,1,0.000,0
6.732143,2800.00,2799.16,1,1,38,1,0.000,0
6.732500,2800.00,2799.16,1,1,39,1,0.000,0
6.732858,2800.00,2801.12,1,1,40,1,0.000,0
6.733215,2800.00,2799.16,1,1,41,1,0.000,0
6.733572,2800.00,2800.14,1,1,42,1,0.000,0
6.733929,2800.00,2798.18,1,1,43,1,0.000,0
6.734286,2800.00,2800.14,1,1,44,1,0.000,0
6.734643,2800.00,2800.14,1,1,45,1,0.000,0
6.735000,2800.00,2800.14,1,1,46,1,0.000,0
6.735358,2800.00,2799.16,1,1,47,1,0.000,0
6.735715,2800.00,2800.14,1,1,48,1,0.000,0
6.736072,2800.00,2802.10,1,1,49,1,0.000,0
6.736429,2800.00,2800.14,1,1,50,1,0.000,0
6.736786,2800.00,2801.12,1,1,51,1,0.000,0
6.737143,2800.00,2799.16,1,1,52,1,0.000,0
6.737500,2800.00,2800.14,1,1,53,1,0.000,0
6.737858,2800.00,2800.14,1,1,54,1,0.000,0
6.738215,2800.00,2801.12,1,1,55,1,0.000,0
6.738572,2800.00,2798.18,1,1,56,1,0.000,0
6.738929,2800.00,2800.14,1,1,57,1,0.000,0
6.740000,2800.00,2800.34,1,1,0,0,0.000,0
6.740358,2800.00,2799.55,1,1,1,0,0.000,0
6.740715,2800.00,2801.12,1,1,2,0,0.000,0
6.741072,2800.00,2800.34,1,1,3,0,0.000,0
6.741429,2800.00,2800.34,1,1,4,0,0.000,0
6.741786,2800.00,2800.34,1,1,5,0,0.000,0
6.742143,2800.00,2800.34,1,1,6,0,0.000,0
6.742500,2800.00,2799.55,1,1,7,0,0.000,0
6.742858,2800.00,2801.12,1,1,8,0,0.000,0
6.743215,2800.00,2801.12,1,1,9,0,0.000,0
6.743572,2800.00,2800.14,1,1,10,0,0.000,0
6.743929,2800.00,2799.16,1,1,11,0,0.000,0
6.744286,2800.00,2800.14,1,1,12,0,0.000,0
6.744643,2800.00,2801.12,1,1,13,0,0.000,0
6.745000,2800.00,2801.12,1,1,14,0,0.000,0
6.745358,2800.00,2799.16,1,1,15,0,0.000,0
6.745715,2800.00,2798.18,1,1,16,0,0.000,0
6.746072,2800.00,2800.14,1,1,17,0,0.000,0
6.746429,2800.00,2799.16,1,1,18,0,0.000,0
6.746786,2800.00,2801.12,1,1,19,0,0.000,0
6.747143,2800.00,2800.14,1,1,20,0,0.000,0
6.747500,2800.00,2799.16,1,1,21,0,0.000,0
6.747858,2800.00,2799.16,1,1,22,0,0.000,0
6.748215,2800.00,2800.14,1,1,23,0,0.000,0
6.748572,2800.00,2801.12,1,1,24,0,0.000,0
6.748929,2800.00,2799.16,1,1,25,0,0.000,0
6.749286,2800.00,2800.14,1,1,26,0,0.000,0
6.749643,2800.00,2799.16,1,1,27,0,0.000,0
6.750000,2800.00,2799.16,1,1,28,0,0.000,0
6.750358,2800.00,2800.14,1,1,29,0,0.000,0
6.750715,2800.00,2800.14,1,1,30,0,0.000,0
6.751072,2800.00,2800.14,1,1,31,0,0.000,0
6.751429,2800.00,2798.18,1,1,32,0,0.000,0
6.751786,2800.00,2801.12,1,1,33,0,0.000,0
6.752143,2800.00,2802.10,1,1,34,0,0.000,0
6.752500,2800.00,2799.16,1,1,35,0,0.000,0
6.752858,2800.00,2801.12,1,1,36,0,0.000,0
6.753215,2800.00,2800.14,1,1,37,0,0.000,0
6.753572,2800.00,2800.14,1,1,38,0,0.000,0
6.753929,2800.00,2799.16,1,1,39,0,0.000,0
6.754286,2800.00,2801.12,1,1,40,0,0.000,0
6.754643,2800.00,2799.16,1,1,41,0,0.000,0
6.755000,2800.00,2798.18,1,1,42,0,0.000,0
6.755358,2800.00,2800.14,1,1,43,0,0.000,0
6.755715,2800.00,2797.20,1,1,44,0,0.000,0
6.756072,2800.00,2799.16,1,1,45,0,0.000,0
6.756429,2800.00,2801.12,1,1,46,0,0.000,0
6.756786,2800.00,2802.10,1,1,47,0,0.000,0
6.757143,2800.00,2800.14,1,1,48,0,0.000,0
6.757500,2800.00,2799.16,1,1,49,0,0.000,0
6.757858,2800.00,2799.16,1,1,50,0,0.000,0
6.758215,2800.00,2801.12,1,1,51,0,0.000,0
6.758572,2800.00,2802.10,1,1,52,0,0.000,0
6.758929,2800.00,2802.10,1,1,53,0,0.000,0
6.759286,2800.00,2799.16,1,1,54,0,0.000,0
6.759643,2800.00,2799.16,1,1,55,0,0.000,0
6.760000,2800.00,2800.14,1,1,56,0,0.000,0
6.760358,2800.00,2801.12,1,1,57,0,0.000,0
6.761429,2800.00,2800.34,1,1,0,1,0.000,0
6.761786,2800.00,2798.77,1,1,1,1,0.000,0
6.762143,2800.00,2800.34,1,1,2,1,0.000,0
6.762500,2800.00,2799.55,1,1,3,1,0.000,0
6.762858,2800.00,2800.34,1,1,4,1,0.000,0
6.763215,2800.00,2800.34,1,1,5,1,0.000,0
6.763572,2800.00,2799.55,1,1,6,1,0.000,0
6.763929,2800.00,2799.55,1,1,7,1,0.000,0
6.764286,2800.00,2801.12,1,1,8,1,0.000,0
6.764643,2800.00,2801.12,1,1,9,1,0.000,0
6.765000,2800.00,2800.14,1,1,10,1,0.000,0
6.765358,2800.00,2798.18,1,1,11,1,0.000,0
6.765715,2800.00,2799.16,1,1,12,1,0.000,0
6.766072,2800.00,2800.14,1,1,13,1,0.000,0
6.766429,2800.00,2802.10,1,1,14,1,0.000,0
6.766786,2800.00,2800.14,1,1,15,1,0.000,0
6.767143,2800.00,2798.18,1,1,16,1,0.000,0
6.767500,2800.00,2801.12,1,1,17,1,0.000,0
6.767858,2800.00,2800.14,1,1,18,1,0.000,0
6.768215,2800.00,2800.14,1,1,19,1,0.000,0
6.768572,2800.00,2801.12,1,1,20,1,0.000,0
6.768929,2800.00,2799.16,1,1,21,1,0.000,0
6.769286,2800.00,2798.18,1,1,22,1,0.000,0
6.769643,2800.00,2800.14,1,1,23,1,0.000,0
6.770000,2800.00,2801.12,1,1,24,1,0.000,0
6.770358,2800.00,2798.18,1,1,25,1,0.000,0
6.770715,2800.00,2800.14,1,1,26,1,0.000,0
6.771072,2800.00,2801.12,1,1,27,1,0.000,0
6.771429,2800.00,2800.14,1,1,28,1,0.000,0
6.771786,2800.00,2799.16,1,1,29,1,0.000,0
6.772143,2800.00,2799.16,1,1,30,1,0.000,0
6.772500,2800.00,2799.16,1,1,31,1,0.000,0
6.772858,2800.00,2800.14,1,1,32,1,0.000,0
6.773215,2800.00,2800.14,1,1,33,1,0.000,0
6.773572,2800.00,2798.18,1,1,34,1,0.000,0
6.773929,2800.00,2799.16,1,1,35,1,0.000,0
6.774286,2800.00,2799.16,1,1,36,1,0.000,0
6.774643,2800.00,2801.12,1,1,37,1,0.000,0
6.775000,2800.00,2800.14,1,1,38,1,0.000,0
6.775358,2800.00,2800.14,1,1,39,1,0.000,0
6.775715,2800.00,2798.18,1,1,40,1,0.000,0
6.776072,2800.00,2799.16,1,1,41,1,0.000,0
6.776429,2800.00,2801.12,1,1,42,1,0.000,0
6.776786,2800.00,2800.14,1,1,43,1,0.000,0
6.777143,2800.00,2799.16,1,1,44,1,0.000,0
6.777500,2800.00,2800.14,1,1,45,1,0.000,0
6.777858,2800.00,2800.14,1,1,46,1,0.000,0
6.778215,2800.00,2800.14,1,1,47,1,0.000,0
6.778572,2800.00,2800.14,1,1,48,1,0.000,0
6.778929,2800.00,2801.12,1,1,49,1,0.000,0
6.779286,2800.00,2800.14,1,1,50,1,0.000,0
6.779643,2800.00,2799.16,1,1,51,1,0.000,0
6.780000,2800.00,2801.12,1,1,52,1,0.000,0
6.780358,2800.00,2800.14,1,1,53,1,0.000,0
6.780715,2800.00,2801.12,1,1,54,1,0.000,0
6.781072,2800.00,2800.14,1,1,55,1,0.000,0
6.781429,2800.00,2801.12,1,1,56,1,0.000,0
6.781786,2800.00,2800.14,1,1,57,1,0.000,0
6.782858,2800.00,2799.55,1,1,0,0,0.000,0
6.783215,2800.00,2800.34,1,1,1,0,0.000,0
6.783572,2800.00,2799.55,1,1,2,0,0.000,0
6.783929,2800.00,2799.55,1,1,3,0,0.000,0
6.784286,2800.00,2799.55,1,1,4,0,0.000,0
6.784643,2800.00,2801.12,1,1,5,0,0.000,0
6.785000,2800.00,2799.55,1,1,6,0,0.000,0
6.785358,2800.00,2800.34,1,1,7,0,0.000,0
6.785715,2800.00,2799.16,1,1,8,0,0.000,0
6.786072,2800.00,2800.14,1,1,9,0,0.000,0
6.786429,2800.00,2802.10,1,1,10,0,0.000,0
6.786786,2800.00,2799.16,1,1,11,0,0.000,0
6.787143,2800.00,2799.16,1,1,12,0,0.000,0
6.787500,2800.00,2798.18,1,1,13,0,0.000,0
6.787858,2800.00,2800.14,1,1,14,0,0.000,0
6.788215,2800.00,2799.16,1,1,15,0,0.000,0
6.788572,2800.00,2801.12,1,1,16,0,0.000,0
6.788929,2800.00,2800.14,1,1,17,0,0.000,0
6.789286,2800.00,2797.20,1,1,18,0,0.000,0
6.789643,2800.00,2801.12,1,1,19,0,0.000,0
6.790000,2800.00,2800.14,1,1,20,0,0.000,0
6.790358,2800.00,2799.16,1,1,21,0,0.000,0
6.790715,2800.00,2800.14,1,1,22,0,0.000,0
6.791072,2800.00,2800.14,1,1,23,0,0.000,0
6.791429,2800.00,2802.10,1,1,24,0,0.000,0
6.791786,2800.00,2801.12,1,1,25,0,0.000,0
6.792143,2800.00,2801.12,1,1,26,0,0.000,0
6.792500,2800.00,2799.16,1,1,27,0,0.000,0
6.792858,2800.00,2800.14,1,1,28,0,0.000,0
6.793215,2800.00,2803.08,1,1,29,0,0.000,0
6.793572,2800.00,2799.16,1,1,30,0,0.000,0
6.793929,2800.00,2800.14,1,1,31,0,0.000,0
6.794286,2800.00,2797.20,1,1,32,0,0.000,0
6.794643,2800.00,2798.18,1,1,33,0,0.000,0
6.795000,2800.00,2799.16,1,1,34,0,0.000,0
6.795358,2800.00,2800.14,1,1,35,0,0.000,0
6.795715,2800.00,2800.14,1,1,36,0,0.000,0
6.796072,2800.00,2798.18,1,1,37,0,0.000,0
6.796429,2800.00,2802.10,1,1,38,0,0.000,0
6.796786,2800.00,2800.14,1,1,39,0,0.000,0
6.797143,2800.00,2801.12,1,1,40,0,0.000,0
6.797500,2800.00,2801.12,1,1,41,0,0.000,0
6.797858,2800.00,2801.12,1,1,42,0,0.000,0
6.798215,2800.00,2801.12,1,1,43,0,0.000,0
6.798572,2800.00,2799.16,1,1,44,0,0.000,0
6.798929,2800.00,2801.12,1,1,45,0,0.000,0
6.799286,2800.00,2799.16,1,1,46,0,0.000,0
6.799643,2800.00,2799.16,1,1,47,0,0.000,0
6.800000,2800.00,2800.14,1,1,48,0,0.000,0
6.800358,2800.00,2799.16,1,1,49,0,0.000,0
6.800715,2800.00,2799.16,1,1,50,0,0.000,0
6.801072,2800.00,2799.16,1,1,51,0,0.000,0
6.801429,2800.00,2801.12,1,1,52,0,0.000,0
6.801786,2800.00,2799.16,1,1,53,0,0.000,0
6.802143,2800.00,2801.12,1,1,54,0,0.000,0
6.802500,2800.00,2801.12,1,1,55,0,0.000,0
6.802858,2800.00,2798.18,1,1,56,0,0.000,0
6.803215,2800.00,2801.12,1,1,57,0,0.000,0
6.804286,2800.00,2800.34,1,1,0,1,0.000,0
6.804643,2800.00,2800.34,1,1,1,1,0.000,0
6.805000,2800.00,2801.12,1,1,2,1,0.000,0
6.805358,2800.00,2800.34,1,1,3,1,0.000,0
6.805715,2800.00,2799.55,1,1,4,1,0.000,0
6.806072,2800.00,2800.34,1,1,5,1,0.000,0
6.806429,2800.00,2800.34,1,1,6,1,0.000,0
6.806786,2800.00,2799.55,1,1,7,1,0.000,0
6.807143,2800.00,2800.14,1,1,8,1,0.000,0
6.807500,2800.00,2800.14,1,1,9,1,0.000,0
6.807858,2800.00,2797.20,1,1,10,1,0.000,0
6.808215,2800.00,2801.12,1,1,11,1,0.000,0
6.808572,2800.00,2799.16,1,1,12,1,0.000,0
6.808929,2800.00,2799.16,1,1,13,1,0.000,0
6.809286,2800.00,2801.12,1,1,14,1,0.000,0
6.809643,2800.00,2800.14,1,1,15,1,0.000,0
6.810000,2800.00,2800.14,1,1,16,1,0.000,0
6.810358,2800.00,2799.16,1,1,17,1,0.000,0
6.810715,2800.00,2801.12,1,1,18,1,0.000,0
6.811072,2800.00,2797.20,1,1,19,1,0.000,0
6.811429,2800.00,2800.14,1,1,20,1,0.000,0
6.811786,2800.00,2799.16,1,1,21,1,0.000,0
6.812143,2800.00,2799.16,1,1,22,1,0.000,0
6.812500,2800.00,2798.18,1,1,23,1,0.000,0
6.812858,2800.00,2799.16,1,1,24,1,0.000,0
6.813215,2800.00,2800.14,1,1,25,1,0.000,0
6.813572,2800.00,2800.14,1,1,26,1,0.000,0
6.813929,2800.00,2802.10,1,1,27,1,0.000,0
6.814286,2800.00,2801.12,1,1,28,1,0.000,0
6.814643,2800.00,2801.12,1,1,29,1,0.000,0
6.815000,2800.00,2801.12,1,1,30,1,0.000,0
6.815358,2800.00,2802.10,1,1,31,1,0.000,0
6.815715,2800.00,2801.12,1,1,32,1,0.000,0
6.816072,2800.00,2800.14,1,1,33,1,0.000,0
6.816429,2800.00,2799.16,1,1,34,1,0.000,0
6.816786,2800.00,2799.16,1,1,35,1,0.000,0
6.817143,2800.00,2798.18,1,1,36,1,0.000,0
6.817500,2800.00,2799.16,1,1,37,1,0.000,0
6.817858,2800.00,2799.16,1,1,38,1,0.000,0
6.818215,2800.00,2799.16,1,1,39,1,0.000,0
6.818572,2800.00,2799.16,1,1,40,1,0.000,0
6.818929,2800.00,2799.16,1,1,41,1,0.000,0
6.819286,2800.00,2801.12,1,1,42,1,0.000,0
6.819643,2800.00,2801.12,1,1,43,1,0.000,0
6.820000,2800.00,2801.12,1,1,44,1,0.000,0
6.820358,2800.00,2800.14,1,1,45,1,0.000,0
6.820715,2800.00,2800.14,1,1,46,1,0.000,0
6.821072,2800.00,2800.14,1,1,47,1,0.000,0
6.821429,2800.00,2800.14,1,1,48,1,0.000,0
6.821786,2800.00,2801.12,1,1,49,1,0.000,0
6.822143,2800.00,2800.14,1,1,50,1,0.000,0
6.822500,2800.00,2799.16,1,1,51,1,0.000,0
6.822858,2800.00,2798.18,1,1,52,1,0.000,0
6.823215,2800.00,2801.12,1,1,53,1,0.000,0
6.823572,2800.00,2801.12,1,1,54,1,0.000,0
6.823929,2800.00,2800.14,1,1,55,1,0.000,0
6.824286,2800.00,2799.16,1,1,56,1,0.000,0
6.824643,2800.00,2800.14,1,1,57,1,0.000,0
6.825715,2800.00,2800.34,1,1,0,0,0.000,0
6.826072,2800.00,2799.55,1,1,1,0,0.000,0
6.826429,2800.00,2801.12,1,1,2,0,0.000,0
6.826786,2800.00,2799.55,1,1,3,0,0.000,0
6.827143,2800.00,2798.77,1,1,4,0,0.000,0
6.827500,2800.00,2800.34,1,1,5,0,0.000,0
6.827858,2800.00,2801.12,1,1,6,0,0.000,0
6.828215,2800.00,2799.55,1,1,7,0,0.000,0
6.828572,2800.00,2800.14,1,1,8,0,0.000,0
6.828929,2800.00,2800.14,1,1,9,0,0.000,0
6.829286,2800.00,2799.16,1,1,10,0,0.000,0
6.829643,2800.00,2799.16,1,1,11,0,0.000,0
6.830000,2800.00,2801.12,1,1,12,0,0.000,0
6.830358,2800.00,2799.16,1,1,13,0,0.000,0
6.830715,2800.00,2798.18,1,1,14,0,0.000,0
6.831072,2800.00,2800.14,1,1,15,0,0.000,0
6.831429,2800.00,2799.16,1,1,16,0,0.000,0
6.831786,2800.00,2799.16,1,1,17,0,0.000,0
6.832143,2800.00,2801.12,1,1,18,0,0.000,0
6.832500,2800.00,2800.14,1,1,19,0,0.000,0
6.832858,2800.00,2800.14,1,1,20,0,0.000,0
6.833215,2800.00,2801.12,1,1,21,0,0.000,0
6.833572,2800.00,2801.12,1,1,22,0,0.000,0
6.833929,2800.00,2800.14,1,1,23,0,0.000,0
6.834286,2800.00,2800.14,1,1,24,0,0.000,0
6.834643,2800.00,2800.14,1,1,25,0,0.000,0
6.835000,2800.00,2800.14,1,1,26,0,0.000,0
6.835358,2800.00,2801.12,1,1,27,0,0.000,0
6.835715,2800.00,2799.16,1,1,28,0,0.000,0
6.836072,2800.00,2799.16,1,1,29,0,0.000,0
6.836429,2800.00,2801.12,1,1,30,0,0.000,0
6.836786,2800.00,2800.14,1,1,31,0,0.000,0
6.837143,2800.00,2799.16,1,1,32,0,0.000,0
6.837500,2800.00,2800.14,1,1,33,0,0.000,0
6.837858,2800.00,2799.16,1,1,34,0,0.000,0
6.838215,2800.00,2800.14,1,1,35,0,0.000,0
6.838572,2800.00,2801.12,1,1,36,0,0.000,0
6.838929,2800.00,2800.14,1,1,37,0,0.000,0
6.839286,2800.00,2799.16,1,1,38,0,0.000,0
6.839643,2800.00,2798.18,1,1,39,0,0.000,0
6.840000,2800.00,2801.12,1,1,40,0,0.000,0
6.840358,2800.00,2800.14,1,1,41,0,0.000,0
6.840715,2800.00,2800.14,1,1,42,0,0.000,0
6.841072,2800.00,2800.14,1,1,43,0,0.000,0
6.841429,2800.00,2800.14,1,1,44,0,0.000,0
6.841786,2800.00,2801.12,1,1,45,0,0.000,0
6.842143,2800.00,2800.14,1,1,46,0,0.000,0
6.842500,2800.00,2801.12,1,1,47,0,0.000,0
6.842858,2800.00,2800.14,1,1,48,0,0.000,0
6.843215,2800.00,2801.12,1,1,49,0,0.000,0
6.843572,2800.00,2800.14,1,1,50,0,0.000,0
6.843929,2800.00,2799.16,1,1,51,0,0.000,0
6.844286,2800.00,2798.18,1,1,52,0,0.000,0
6.844643,2800.00,2798.18,1,1,53,0,0.000,0
6.845000,2800.00,2800.14,1,1,54,0,0.000,0
6.845358,2800.00,2800.14,1,1,55,0,0.000,0
6.845715,2800.00,2800.14,1,1,56,0,0.000,0
6.846072,2800.00,2799.16,1,1,57,0,0.000,0
6.847143,2800.00,2800.34,1,1,0,1,0.000,0
6.847500,2800.00,2799.55,1,1,1,1,0.000,0
6.847858,2800.00,2800.34,1,1,2,1,0.000,0
6.848215,2800.00,2800.34,1,1,3,1,0.000,0
6.848572,2800.00,2798.77,1,1,4,1,0.000,0
6.848929,2800.00,2801.12,1,1,5,1,0.000,0
6.849286,2800.00,2799.55,1,1,6,1,0.000,0
6.849643,2800.00,2800.34,1,1,7,1,0.000,0
6.850000,2800.00,2799.16,1,1,8,1,0.000,0
6.850358,2800.00,2801.12,1,1,9,1,0.000,0
6.850715,2800.00,2801.12,1,1,10,1,0.000,0
6.851072,2800.00,2801.12,1,1,11,1,0.000,0
6.851429,2800.00,2801.12,1,1,12,1,0.000,0
6.851786,2800.00,2799.16,1,1,13,1,0.000,0
6.852143,2800.00,2800.14,1,1,14,1,0.000,0
6.852500,2800.00,2799.16,1,1,15,1,0.000,0
6.852858,2800.00,2801.12,1,1,16,1,0.000,0
6.853215,2800.00,2801.12,1,1,17,1,0.000,0
6.853572,2800.00,2799.16,1,1,18,1,0.000,0
6.853929,2800.00,2799.16,1,1,19,1,0.000,0
6.854286,2800.00,2800.14,1,1,20,1,0.000,0
6.854643,2800.00,2800.14,1,1,21,1,0.000,0
6.855000,2800.00,2800.14,1,1,22,1,0.000,0
6.855358,2800.00,2801.12,1,1,23,1,0.000,0
6.855715,2800.00,2799.16,1,1,24,1,0.000,0
6.856072,2800.00,2797.20,1,1,25,1,0.000,0
6.856429,2800.00,2799.16,1,1,26,1,0.000,0
6.856786,2800.00,2800.14,1,1,27,1,0.000,0
6.857143,2800.00,2800.14,1,1,28,1,0.000,0
6.857500,2800.00,2800.14,1,1,29,1,0.000,0
6.857858,2800.00,2801.12,1,1,30,1,0.000,0
6.858215,2800.00,2800.14,1,1,31,1,0.000,0
6.858572,2800.00,2800.14,1,1,32,1,0.000,0
6.858929,2800.00,2801.12,1,1,33,1,0.000,0
6.859286,2800.00,2800.14,1,1,34,1,0.000,0
6.859643,2800.00,2800.14,1,1,35,1,0.000,0
6.860000,2800.00,2801.12,1,1,36,1,0.000,0
6.860358,2800.00,2799.16,1,1,37,1,0.000,0
6.860715,2800.00,2797.20,1,1,38,1,0.000,0
6.861072,2800.00,2799.16,1,1,39,1,0.000,0
6.861429,2800.00,2800.14,1,1,40,1,0.000,0
6.861786,2800.00,2800.14,1,1,41,1,0.000,0
6.862143,2800.00,2800.14,1,1,42,1,0.000,0
6.862500,2800.00,2800.14,1,1,43,1,0.000,0
6.862858,2800.00,2798.18,1,1,44,1,0.000,0
6.863215,2800.00,2800.14,1,1,45,1,0.000,0
6.863572,2800.00,2801.12,1,1,46,1,0.000,0
6.863929,2800.00,2800.14,1,1,47,1,0.000,0
6.864286,2800.00,2800.14,1,1,48,1,0.000,0
6.864643,2800.00,2799.16,1,1,49,1,0.000,0
6.865000,2800.00,2800.14,1,1,50,1,0.000,0
6.865358,2800.00,2800.14,1,1,51,1,0.000,0
6.865715,2800.00,2800.14,1,1,52,1,0.000,0
6.866072,2800.00,2800.14,1,1,53,1,0.000,0
6.866429,2800.00,2800.14,1,1,54,1,0.000,0
6.866786,2800.00,2800.14,1,1,55,1,0.000,0
6.867143,2800.00,2800.14,1,1,56,1,0.000,0
6.867500,2800.00,2801.12,1,1,57,1,0.000,0
6.868572,2800.00,2799.55,1,1,0,0,0.000,0
6.868929,2800.00,2800.34,1,1,1,0,0.000,0
6.869286,2800.00,2801.12,1,1,2,0,0.000,0
6.869643,2800.00,2800.34,1,1,3,0,0.000,0
6.870000,2800.00,2799.55,1,1,4,0,0.000,0
6.870358,2800.00,2800.34,1,1,5,0,0.000,0
6.870715,2800.00,2799.55,1,1,6,0,0.000,0
6.871072,2800.00,2799.55,1,1,7,0,0.000,0
6.871429,2800.00,2801.12,1,1,8,0,0.000,0
6.871786,2800.00,2799.16,1,1,9,0,0.000,0
6.872143,2800.00,2799.16,1,1,10,0,0.000,0
6.872500,2800.00,2800.14,1,1,11,0,0.000,0
6.872858,2800.00,2799.16,1,1,12,0,0.000,0
6.873215,2800.00,2800.14,1,1,13,0,0.000,0
6.873572,2800.00,2800.14,1,1,14,0,0.000,0
6.873929,2800.00,2800.14,1,1,15,0,0.000,0
6.874286,2800.00,2801.12,1,1,16,0,0.000,0
6.874643,2800.00,2800.14,1,1,17,0,0.000,0
6.875000,2800.00,2799.16,1,1,18,0,0.000,0
6.875358,2800.00,2800.14,1,1,19,0,0.000,0
6.875715,2800.00,2802.10,1,1,20,0,0.000,0
6.876072,2800.00,2800.14,1,1,21,0,0.000,0
6.876429,2800.00,2801.12,1,1,22,0,0.000,0
6.876786,2800.00,2799.16,1,1,23,0,0.000,0
6.877143,2800.00,2799.16,1,1,24,0,0.000,0
6.877500,2800.00,2800.14,1,1,25,0,0.000,0
6.877858,2800.00,2800.14,1,1,26,0,0.000,0
6.878215,2800.00,2798.18,1,1,27,0,0.000,0
6.878572,2800.00,2800.14,1,1,28,0,0.000,0
6.878929,2800.00,2797.20,1,1,29,0,0.000,0
6.879286,2800.00,2799.16,1,1,30,0,0.000,0
6.879643,2800.00,2800.14,1,1,31,0,0.000,0
6.880000,2800.00,2799.16,1,1,32,0,0.000,0
6.880358,2800.00,2799.16,1,1,33,0,0.000,0
6.880715,2800.00,2800.14,1,1,34,0,0.000,0
6.881072,2800.00,2801.12,1,1,35,0,0.000,0
6.881429,2800.00,2800.14,1,1,36,0,0.000,0
6.881786,2800.00,2801.12,1,1,37,0,0.000,0
6.882143,2800.00,2799.16,1,1,38,0,0.000,0
6.882500,2800.00,2802.10,1,1,39,0,0.000,0
6.882858,2800.00,2801.12,1,1,40,0,0.000,0
6.883215,2800.00,2801.12,1,1,41,0,0.000,0
6.883572,2800.00,2801.12,1,1,42,0,0.000,0
6.883929,2800.00,2800.14,1,1,43,0,0.000,0
6.884286,2800.00,2799.16,1,1,44,0,0.000,0
6.884643,2800.00,2800.14,1,1,45,0,0.000,0
6.885000,2800.00,2800.14,1,1,46,0,0.000,0
6.885358,2800.00,2799.16,1,1,47,0,0.000,0
6.885715,2800.00,2800.14,1,1,48,0,0.000,0
6.886072,2800.00,2799.16,1,1,49,0,0.000,0
6.886429,2800.00,2799.16,1,1,50,0,0.000,0
6.886786,2800.00,2801.12,1,1,51,0,0.000,0
6.887143,2800.00,2801.12,1,1,52,0,0.000,0
6.887500,2800.00,2800.14,1,1,53,0,0.000,0
6.887858,2800.00,2800.14,1,1,54,0,0.000,0
6.888215,2800.00,2799.16,1,1,55,0,0.000,0
6.888572,2800.00,2799.16,1,1,56,0,0.000,0
6.888929,2800.00,2800.14,1,1,57,0,0.000,0
6.890000,2800.00,2799.55,1,1,0,1,0.000,0
6.890358,2800.00,2799.55,1,1,1,1,0.000,0
6.890715,2800.00,2798.77,1,1,2,1,0.000,0
6.891072,2800.00,2801.12,1,1,3,1,0.000,0
6.891429,2800.00,2800.34,1,1,4,1,0.000,0
6.891786,2800.00,2800.34,1,1,5,1,0.000,0
6.892143,2800.00,2801.12,1,1,6,1,0.000,0
6.892500,2800.00,2800.34,1,1,7,1,0.000,0
6.892858,2800.00,2800.14,1,1,8,1,0.000,0
6.893215,2800.00,2800.14,1,1,9,1,0.000,0
6.893572,2800.00,2800.14,1,1,10,1,0.000,0
6.893929,2800.00,2801.12,1,1,11,1,0.000,0
6.894286,2800.00,2799.16,1,1,12,1,0.000,0
6.894643,2800.00,2800.14,1,1,13,1,0.000,0
6.895000,2800.00,2800.14,1,1,14,1,0.000,0
6.895358,2800.00,2800.14,1,1,15,1,0.000,0
6.895715,2800.00,2800.14,1,1,16,1,0.000,0
6.896072,2800.00,2800.14,1,1,17,1,0.000,0
6.896429,2800.00,2799.16,1,1,18,1,0.000,0
6.896786,2800.00,2798.18,1,1,19,1,0.000,0
6.897143,2800.00,2801.12,1,1,20,1,0.000,0
6.897500,2800.00,2800.14,1,1,21,1,0.000,0
6.897858,2800.00,2799.16,1,1,22,1,0.000,0
6.898215,2800.00,2800.14,1,1,23,1,0.000,0
6.898572,2800.00,2800.14,1,1,24,1,0.000,0
6.898929,2800.00,2798.18,1,1,25,1,0.000,0
6.899286,2800.00,2800.14,1,1,26,1,0.000,0
6.899643,2800.00,2800.14,1,1,27,1,0.000,0
6.900000,2800.00,2800.14,1,1,28,1,0.000,0
6.900358,2800.00,2800.14,1,1,29,1,0.000,0
6.900715,2800.00,2798.18,1,1,30,1,0.000,0
6.901072,2800.00,2799.16,1,1,31,1,0.000,0
6.901429,2800.00,2800.14,1,1,32,1,0.000,0
6.901786,2800.00,2800.14,1,1,33,1,0.000,0
6.902143,2800.00,2802.10,1,1,34,1,0.000,0
6.902500,2800.00,2799.16,1,1,35,1,0.000,0
6.902858,2800.00,2799.16,1,1,36,1,0.000,0
6.903215,2800.00,2800.14,1,1,37,1,0.000,0
6.903572,2800.00,2801.12,1,1,38,1,0.000,0
6.903929,2800.00,2800.14,1,1,39,1,0.000,0
6.904286,2800.00,2799.16,1,1,40,1,0.000,0
6.904643,2800.00,2801.12,1,1,41,1,0.000,0
6.905000,2800.00,2797.20,1,1,42,1,0.000,0
6.905358,2800.00,2802.10,1,1,43,1,0.000,0
6.905715,2800.00,2800.14,1,1,44,1,0.000,0
6.906072,2800.00,2799.16,1,1,45,1,0.000,0
6.906429,2800.00,2800.14,1,1,46,1,0.000,0
6.906786,2800.00,2799.16,1,1,47,1,0.000,0
6.907143,2800.00,2802.10,1,1,48,1,0.000,0
6.907500,2800.00,2799.16,1,1,49,1,0.000,0
6.907858,2800.00,2802.10,1,1,50,1,0.000,0
6.908215,2800.00,2798.18,1,1,51,1,0.000,0
6.908572,2800.00,2800.14,1,1,52,1,0.000,0
6.908929,2800.00,2800.14,1,1,53,1,0.000,0
6.909286,2800.00,2800.14,1,1,54,1,0.000,0
6.909643,2800.00,2801.12,1,1,55,1,0.000,0
6.910000,2800.00,2798.18,1,1,56,1,0.000,0
6.910358,2800.00,2802.10,1,1,57,1,0.000,0
6.911429,2800.00,2800.34,1,1,0,0,0.000,0
6.911786,2800.00,2800.34,1,1,1,0,0.000,0
6.912143,2800.00,2800.34,1,1,2,0,0.000,0
6.912500,2800.00,2801.12,1,1,3,0,0.000,0
6.912858,2800.00,2800.34,1,1,4,0,0.000,0
6.913215,2800.00,2798.77,1,1,5,0,0.000,0
6.913572,2800.00,2800.34,1,1,6,0,0.000,0
6.913929,2800.00,2797.99,1,1,7,0,0.000,0
6.914286,2800.00,2800.14,1,1,8,0,0.000,0
6.914643,2800.00,2800.14,1,1,9,0,0.000,0
6.915000,2800.00,2799.16,1,1,10,0,0.000,0
6.915358,2800.00,2796.23,1,1,11,0,0.000,0
6.915715,2800.00,2800.14,1,1,12,0,0.000,0
6.916072,2800.00,2801.12,1,1,13,0,0.000,0
6.916429,2800.00,2800.14,1,1,14,0,0.000,0
6.916786,2800.00,2800.14,1,1,15,0,0.000,0
6.917143,2800.00,2798.18,1,1,16,0,0.000,0
6.917500,2800.00,2800.14,1,1,17,0,0.000,0
6.917858,2800.00,2800.14,1,1,18,0,0.000,0
6.918215,2800.00,2802.10,1,1,19,0,0.000,0
6.918572,2800.00,2798.18,1,1,20,0,0.000,0
6.918929,2800.00,2800.14,1,1,21,0,0.000,0
6.919286,2800.00,2800.14,1,1,22,0,0.000,0
6.919643,2800.00,2801.12,1,1,23,0,0.000,0
6.920000,2800.00,2801.12,1,1,24,0,0.000,0
6.920358,2800.00,2800.14,1,1,25,0,0.000,0
6.920715,2800.00,2801.12,1,1,26,0,0.000,0
6.921072,2800.00,2799.16,1,1,27,0,0.000,0
6.921429,2800.00,2801.12,1,1,28,0,0.000,0
6.921786,2800.00,2800.14,1,1,29,0,0.000,0
6.922143,2800.00,2798.18,1,1,30,0,0.000,0
6.922500,2800.00,2799.16,1,1,31,0,0.000,0
6.922858,2800.00,2799.16,1,1,32,0,0.000,0
6.923215,2800.00,2799.16,1,1,33,0,0.000,0
6.923572,2800.00,2800.14,1,1,34,0,0.000,0
6.923929,2800.00,2800.14,1,1,35,0,0.000,0
6.924286,2800.00,2799.16,1,1,36,0,0.000,0
6.924643,2800.00,2799.16,1,1,37,0,0.000,0
6.925000,2800.00,2801.12,1,1,38,0,0.000,0
6.925358,2800.00,2801.12,1,1,39,0,0.000,0
6.925715,2800.00,2800.14,1,1,40,0,0.000,0
6.926072,2800.00,2800.14,1,1,41,0,0.000,0
6.926429,2800.00,2800.14,1,1,42,0,0.000,0
6.926786,2800.00,2800.14,1,1,43,0,0.000,0
6.927143,2800.00,2801.12,1,1,44,0,0.000,0
6.927500,2800.00,2801.12,1,1,45,0,0.000,0
6.927858,2800.00,2801.12,1,1,46,0,0.000,0
6.928215,2800.00,2799.16,1,1,47,0,0.000,0
6.928572,2800.00,2801.12,1,1,48,0,0.000,0
6.928929,2800.00,2799.16,1,1,49,0,0.000,0
6.929286,2800.00,2797.20,1,1,50,0,0.000,0
6.929643,2800.00,2801.12,1,1,51,0,0.000,0
6.930000,2800.00,2799.16,1,1,52,0,0.000,0
6.930358,2800.00,2799.16,1,1,53,0,0.000,0
6.930715,2800.00,2799.16,1,1,54,0,0.000,0
6.931072,2800.00,2800.14,1,1,55,0,0.000,0
6.931429,2800.00,2800.14,1,1,56,0,0.000,0
6.931786,2800.00,2801.12,1,1,57,0,0.000,0
6.932858,2800.00,2801.12,1,1,0,1,0.000,0
6.933215,2800.00,2800.34,1,1,1,1,0.000,0
6.933572,2800.00,2800.34,1,1,2,1,0.000,0
6.933929,2800.00,2799.55,1,1,3,1,0.000,0
6.934286,2800.00,2800.34,1,1,4,1,0.000,0
6.934643,2800.00,2800.34,1,1,5,1,0.000,0
6.935000,2800.00,2799.55,1,1,6,1,0.000,0
6.935358,2800.00,2799.55,1,1,7,1,0.000,0
6.935715,2800.00,2800.14,1,1,8,1,0.000,0
6.936072,2800.00,2798.18,1,1,9,1,0.000,0
6.936429,2800.00,2800.14,1,1,10,1,0.000,0
6.936786,2800.00,2801.12,1,1,11,1,0.000,0
6.937143,2800.00,2800.14,1,1,12,1,0.000,0
6.937500,2800.00,2799.16,1,1,13,1,0.000,0
6.937858,2800.00,2798.18,1,1,14,1,0.000,0
6.938215,2800.00,2801.12,1,1,15,1,0.000,0
6.938572,2800.00,2799.16,1,1,16,1,0.000,0
6.938929,2800.00,2801.12,1,1,17,1,0.000,0
6.939286,2800.00,2800.14,1,1,18,1,0.000,0
6.939643,2800.00,2799.16,1,1,19,1,0.000,0
6.940000,2800.00,2800.14,1,1,20,1,0.000,0
6.940358,2800.00,2802.10,1,1,21,1,0.000,0
6.940715,2800.00,2801.12,1,1,22,1,0.000,0
6.941072,2800.00,2799.16,1,1,23,1,0.000,0
6.941429,2800.00,2799.16,1,1,24,1,0.000,0
6.941786,2800.00,2799.16,1,1,25,1,0.000,0
6.942143,2800.00,2801.12,1,1,26,1,0.000,0
6.942500,2800.00,2800.14,1,1,27,1,0.000,0
6.942858,2800.00,2800.14,1,1,28,1,0.000,0
6.943215,2800.00,2798.18,1,1,29,1,0.000,0
6.943572,2800.00,2799.16,1,1,30,1,0.000,0
6.943929,2800.00,2800.14,1,1,31,1,0.000,0
6.944286,2800.00,2801.12,1,1,32,1,0.000,0
6.944643,2800.00,2800.14,1,1,33,1,0.000,0
6.945000,2800.00,2798.18,1,1,34,1,0.000,0
6.945358,2800.00,2800.14,1,1,35,1,0.000,0
6.945715,2800.00,2800.14,1,1,36,1,0.000,0
6.946072,2800.00,2800.14,1,1,37,1,0.000,0
6.946429,2800.00,2801.12,1,1,38,1,0.000,0
6.946786,2800.00,2799.16,1,1,39,1,0.000,0
6.947143,2800.00,2801.12,1,1,40,1,0.000,0
6.947500,2800.00,2800.14,1,1,41,1,0.000,0
6.947858,2800.00,2799.16,1,1,42,1,0.000,0
6.948215,2800.00,2800.14,1,1,43,1,0.000,0
6.948572,2800.00,2798.18,1,1,44,1,0.000,0
6.948929,2800.00,2801.12,1,1,45,1,0.000,0
6.949286,2800.00,2799.16,1,1,46,1,0.000,0
6.949643,2800.00,2801.12,1,1,47,1,0.000,0
6.950000,2800.00,2800.14,1,1,48,1,0.000,0
6.950358,2800.00,2801.12,1,1,49,1,0.000,0
6.950715,2800.00,2802.10,1,1,50,1,0.000,0
6.951072,2800.00,2799.16,1,1,51,1,0.000,0
6.951429,2800.00,2800.14,1,1,52,1,0.000,0
6.951786,2800.00,2799.16,1,1,53,1,0.000,0
6.952143,2800.00,2801.12,1,1,54,1,0.000,0
6.952500,2800.00,2801.12,1,1,55,1,0.000,0
6.952858,2800.00,2800.14,1,1,56,1,0.000,0
6.953215,2800.00,2800.14,1,1,57,1,0.000,0
6.954286,2800.00,2798.77,1,1,0,0,0.000,0
6.954643,2800.00,2801.91,1,1,1,0,0.000,0
6.955000,2800.00,2800.34,1,1,2,0,0.000,0
6.955358,2800.00,2799.55,1,1,3,0,0.000,0
6.955715,2800.00,2800.34,1,1,4,0,0.000,0
6.956072,2800.00,2798.77,1,1,5,0,0.000,0
6.956429,2800.00,2799.55,1,1,6,0,0.000,0
6.956786,2800.00,2799.55,1,1,7,0,0.000,0
6.957143,2800.00,2801.12,1,1,8,0,0.000,0
6.957500,2800.00,2798.18,1,1,9,0,0.000,0
6.957858,2800.00,2801.12,1,1,10,0,0.000,0
6.958215,2800.00,2801.12,1,1,11,0,0.000,0
6.958572,2800.00,2798.18,1,1,12,0,0.000,0
6.958929,2800.00,2800.14,1,1,13,0,0.000,0
6.959286,2800.00,2801.12,1,1,14,0,0.000,0
6.959643,2800.00,2800.14,1,1,15,0,0.000,0
6.960000,2800.00,2798.18,1,1,16,0,0.000,0
6.960358,2800.00,2802.10,1,1,17,0,0.000,0
6.960715,2800.00,2799.16,1,1,18,0,0.000,0
6.961072,2800.00,2800.14,1,1,19,0,0.000,0
6.961429,2800.00,2801.12,1,1,20,0,0.000,0
6.961786,2800.00,2799.16,1,1,21,0,0.000,0
6.962143,2800.00,2798.18,1,1,22,0,0.000,0
6.962500,2800.00,2799.16,1,1,23,0,0.000,0
6.962858,2800.00,2801.12,1,1,24,0,0.000,0
6.963215,2800.00,2799.16,1,1,25,0,0.000,0
6.963572,2800.00,2799.16,1,1,26,0,0.000,0
6.963929,2800.00,2799.16,1,1,27,0,0.000,0
6.964286,2800.00,2799.16,1,1,28,0,0.000,0
6.964643,2800.00,2800.14,1,1,29,0,0.000,0
6.965000,2800.00,2800.14,1,1,30,0,0.000,0
6.965358,2800.00,2800.14,1,1,31,0,0.000,0
6.965715,2800.00,2800.14,1,1,32,0,0.000,0
6.966072,2800.00,2799.16,1,1,33,0,0.000,0
6.966429,2800.00,2800.14,1,1,34,0,0.000,0
6.966786,2800.00,2800.14,1,1,35,0,0.000,0
6.967143,2800.00,2801.12,1,1,36,0,0.000,0
6.967500,2800.00,2800.14,1,1,37,0,0.000,0
6.967858,2800.00,2802.10,1,1,38,0,0.000,0
6.968215,2800.00,2801.12,1,1,39,0,0.000,0
6.968572,2800.00,2800.14,1,1,40,0,0.000,0
6.968929,2800.00,2801.12,1,1,41,0,0.000,0
6.969286,2800.00,2800.14,1,1,42,0,0.000,0
6.969643,2800.00,2800.14,1,1,43,0,0.000,0
6.970000,2800.00,2800.14,1,1,44,0,0.000,0
6.970358,2800.00,2799.16,1,1,45,0,0.000,0
6.970715,2800.00,2798.18,1,1,46,0,0.000,0
6.971072,2800.00,2799.16,1,1,47,0,0.000,0
6.971429,2800.00,2800.14,1,1,48,0,0.000,0
6.971786,2800.00,2800.14,1,1,49,0,0.000,0
6.972143,2800.00,2801.12,1,1,50,0,0.000,0
6.972500,2800.00,2799.16,1,1,51,0,0.000,0
6.972858,2800.00,2799.16,1,1,52,0,0.000,0
6.973215,2800.00,2801.12,1,1,53,0,0.000,0
6.973572,2800.00,2800.14,1,1,54,0,0.000,0
6.973929,2800.00,2799.16,1,1,55,0,0.000,0
6.974286,2800.00,2800.14,1,1,56,0,0.000,0
6.974643,2800.00,2798.18,1,1,57,0,0.000,0
6.975715,2800.00,2799.55,1,1,0,1,0.000,0
6.976072,2800.00,2800.34,1,1,1,1,0.000,0
6.976429,2800.00,2800.34,1,1,2,1,0.000,0
6.976786,2800.00,2801.12,1,1,3,1,0.000,0
6.977143,2800.00,2799.55,1,1,4,1,0.000,0
6.977500,2800.00,2800.34,1,1,5,1,0.000,0
6.977858,2800.00,2800.34,1,1,6,1,0.000,0
6.978215,2800.00,2800.34,1,1,7,1,0.000,0
6.978572,2800.00,2800.14,1,1,8,1,0.000,0
6.978929,2800.00,2800.14,1,1,9,1,0.000,0
6.979286,2800.00,2799.16,1,1,10,1,0.000,0
6.979643,2800.00,2799.16,1,1,11,1,0.000,0
6.980000,2800.00,2800.14,1,1,12,1,0.000,0
6.980358,2800.00,2801.12,1,1,13,1,0.000,0
6.980715,2800.00,2797.20,1,1,14,1,0.000,0
6.981072,2800.00,2801.12,1,1,15,1,0.000,0
6.981429,2800.00,2799.16,1,1,16,1,0.000,0
6.981786,2800.00,2800.14,1,1,17,1,0.000,0
6.982143,2800.00,2801.12,1,1,18,1,0.000,0
6.982500,2800.00,2800.14,1,1,19,1,0.000,0
6.982858,2800.00,2800.14,1,1,20,1,0.000,0
6.983215,2800.00,2797.20,1,1,21,1,0.000,0
6.983572,2800.00,2801.12,1,1,22,1,0.000,0
6.983929,2800.00,2799.16,1,1,23,1,0.000,0
6.984286,2800.00,2801.12,1,1,24,1,0.000,0
6.984643,2800.00,2800.14,1,1,25,1,0.000,0
6.985000,2800.00,2801.12,1,1,26,1,0.000,0
6.985358,2800.00,2799.16,1,1,27,1,0.000,0
6.985715,2800.00,2801.12,1,1,28,1,0.000,0
6.986072,2800.00,2802.10,1,1,29,1,0.000,0
6.986429,2800.00,2800.14,1,1,30,1,0.000,0
6.986786,2800.00,2800.14,1,1,31,1,0.000,0
6.987143,2800.00,2799.16,1,1,32,1,0.000,0
6.987500,2800.00,2798.18,1,1,33,1,0.000,0
6.987858,2800.00,2797.20,1,1,34,1,0.000,0
6.988215,2800.00,2799.16,1,1,35,1,0.000,0
6.988572,2800.00,2799.16,1,1,36,1,0.000,0
6.988929,2800.00,2800.14,1,1,37,1,0.000,0
6.989286,2800.00,2801.12,1,1,38,1,0.000,0
6.989643,2800.00,2800.14,1,1,39,1,0.000,0
6.990000,2800.00,2801.12,1,1,40,1,0.000,0
6.990358,2800.00,2801.12,1,1,41,1,0.000,0
6.990715,2800.00,2801.12,1,1,42,1,0.000,0
6.991072,2800.00,2800.14,1,1,43,1,0.000,0
6.991429,2800.00,2801.12,1,1,44,1,0.000,0
6.991786,2800.00,2800.14,1,1,45,1,0.000,0
6.992143,2800.00,2800.14,1,1,46,1,0.000,0
6.992500,2800.00,2801.12,1,1,47,1,0.000,0
6.992858,2800.00,2801.12,1,1,48,1,0.000,0
6.993215,2800.00,2801.12,1,1,49,1,0.000,0
6.993572,2800.00,2800.14,1,1,50,1,0.000,0
6.993929,2800.00,2801.12,1,1,51,1,0.000,0
6.994286,2800.00,2799.16,1,1,52,1,0.000,0
6.994643,2800.00,2799.16,1,1,53,1,0.000,0
6.995000,2800.00,2800.14,1,1,54,1,0.000,0
6.995358,2800.00,2799.16,1,1,55,1,0.000,0
6.995715,2800.00,2798.18,1,1,56,1,0.000,0
6.996072,2800.00,2799.16,1,1,57,1,0.000,0
6.997143,2800.00,2800.34,1,1,0,0,0.000,0
6.997500,2800.00,2799.55,1,1,1,0,0.000,0
6.997858,2800.00,2799.55,1,1,2,0,0.000,0
6.998215,2800.00,2800.34,1,1,3,0,0.000,0
6.998572,2800.00,2799.55,1,1,4,0,0.000,0
6.998929,2800.00,2799.55,1,1,5,0,0.000,0
6.999286,2800.00,2801.12,1,1,6,0,0.000,0
6.999643,2800.00,2800.34,1,1,7,0,0.000,0
7.000000,2800.00,2800.14,1,1,8,0,0.000,0
7.000358,2800.00,2799.16,1,1,9,0,0.000,0
7.000715,2800.00,2800.14,1,1,10,0,0.000,0
7.001072,2800.00,2800.14,1,1,11,0,0.000,0
7.001429,2800.00,2800.14,1,1,12,0,0.000,0
7.001786,2800.00,2800.14,1,1,13,0,0.000,0
7.002143,2800.00,2798.18,1,1,14,0,0.000,0
7.002500,2800.00,2799.16,1,1,15,0,0.000,0
7.002858,2800.00,2800.14,1,1,16,0,0.000,0
7.003215,2800.00,2802.10,1,1,17,0,0.000,0
7.003572,2800.00,2800.14,1,1,18,0,0.000,0
7.003929,2800.00,2801.12,1,1,19,0,0.000,0
7.004286,2800.00,2799.16,1,1,20,0,0.000,0
7.004643,2800.00,2798.18,1,1,21,0,0.000,0
7.005000,2800.00,2801.12,1,1,22,0,0.000,0
7.005358,2800.00,2800.14,1,1,23,0,0.000,0
7.005715,2800.00,2800.14,1,1,24,0,0.000,0
7.006072,2800.00,2799.16,1,1,25,0,0.000,0
7.006429,2800.00,2801.12,1,1,26,0,0.000,0
7.006786,2800.00,2799.16,1,1,27,0,0.000,0
7.007143,2800.00,2799.16,1,1,28,0,0.000,0
7.007500,2800.00,2801.12,1,1,29,0,0.000,0
7.007858,2800.00,2799.16,1,1,30,0,0.000,0
7.008215,2800.00,2800.14,1,1,31,0,0.000,0
7.008572,2800.00,2799.16,1,1,32,0,0.000,0
7.008929,2800.00,2799.16,1,1,33,0,0.000,0
7.009286,2800.00,2799.16,1,1,34,0,0.000,0
7.009643,2800.00,2800.14,1,1,35,0,0.000,0
7.010000,2800.00,2801.12,1,1,36,0,0.000,0
7.010358,2800.00,2800.14,1,1,37,0,0.000,0
7.010715,2800.00,2801.12,1,1,38,0,0.000,0
7.011072,2800.00,2800.14,1,1,39,0,0.000,0
7.011429,2800.00,2799.16,1,1,40,0,0.000,0
7.011786,2800.00,2801.12,1,1,41,0,0.000,0
7.012143,2800.00,2799.16,1,1,42,0,0.000,0
7.012500,2800.00,2800.14,1,1,43,0,0.000,0
7.012858,2800.00,2800.14,1,1,44,0,0.000,0
7.013215,2800.00,2801.12,1,1,45,0,0.000,0
7.013572,2800.00,2798.18,1,1,46,0,0.000,0
7.013929,2800.00,2800.14,1,1,47,0,0.000,0
7.014286,2800.00,2802.10,1,1,48,0,0.000,0
7.014643,2800.00,2799.16,1,1,49,0,0.000,0
7.015000,2800.00,2801.12,1,1,50,0,0.000,0
7.015358,2800.00,2799.16,1,1,51,0,0.000,0
7.015715,2800.00,2800.14,1,1,52,0,0.000,0
7.016072,2800.00,2799.16,1,1,53,0,0.000,0
7.016429,2800.00,2802.10,1,1,54,0,0.000,0
7.016786,2800.00,2800.14,1,1,55,0,0.000,0
7.017143,2800.00,2799.16,1,1,56,0,0.000,0
7.017500,2800.00,2801.12,1,1,57,0,0.000,0
7.018572,2800.00,2798.77,1,1,0,1,0.000,0
7.018929,2800.00,2800.34,1,1,1,1,0.000,0
7.019286,2800.00,2799.55,1,1,2,1,0.000,0
7.019643,2800.00,2799.55,1,1,3,1,0.000,0
7.020000,2800.00,2798.77,1,1,4,1,0.000,0
7.020358,2800.00,2801.12,1,1,5,1,0.000,0
7.020715,2800.00,2799.55,1,1,6,1,0.000,0
7.021072,2800.00,2800.34,1,1,7,1,0.000,0
7.021429,2800.00,2801.12,1,1,8,1,0.000,0
7.021786,2800.00,2801.12,1,1,9,1,0.000,0
7.022143,2800.00,2801.12,1,1,10,1,0.000,0
7.022500,2800.00,2801.12,1,1,11,1,0.000,0
7.022858,2800.00,2800.14,1,1,12,1,0.000,0
7.023215,2800.00,2799.16,1,1,13,1,0.000,0
7.023572,2800.00,2799.16,1,1,14,1,0.000,0
7.023929,2800.00,2800.14,1,1,15,1,0.000,0
7.024286,2800.00,2800.14,1,1,16,1,0.000,0
7.024643,2800.00,2800.14,1,1,17,1,0.000,0
7.025000,2800.00,2800.14,1,1,18,1,0.000,0
7.025358,2800.00,2800.14,1,1,19,1,0.000,0
7.025715,2800.00,2801.12,1,1,20,1,0.000,0
7.026072,2800.00,2800.14,1,1,21,1,0.000,0
7.026429,2800.00,2802.10,1,1,22,1,0.000,0
7.026786,2800.00,2799.16,1,1,23,1,0.000,0
7.027143,2800.00,2799.16,1,1,24,1,0.000,0
7.027500,2800.00,2799.16,1,1,25,1,0.000,0
7.027858,2800.00,2799.16,1,1,26,1,0.000,0
7.028215,2800.00,2799.16,1,1,27,1,0.000,0
7.028572,2800.00,2800.14,1,1,28,1,0.000,0
7.028929,2800.00,2799.16,1,1,29,1,0.000,0
7.029286,2800.00,2801.12,1,1,30,1,0.000,0
7.029643,2800.00,2799.16,1,1,31,1,0.000,0
7.030000,2800.00,2800.14,1,1,32,1,0.000,0
7.030358,2800.00,2800.14,1,1,33,1,0.000,0
7.030715,2800.00,2801.12,1,1,34,1,0.000,0
7.031072,2800.00,2801.12,1,1,35,1,0.000,0
7.031429,2800.00,2798.18,1,1,36,1,0.000,0
7.031786,2800.00,2799.16,1,1,37,1,0.000,0
7.032143,2800.00,2797.20,1,1,38,1,0.000,0
7.032500,2800.00,2801.12,1,1,39,1,0.000,0
7.032858,2800.00,2800.14,1,1,40,1,0.000,0
7.033215,2800.00,2799.16,1,1,41,1,0.000,0
7.033572,2800.00,2799.16,1,1,42,1,0.000,0
7.033929,2800.00,2799.16,1,1,43,1,0.000,0
7.034286,2800.00,2802.10,1,1,44,1,0.000,0
7.034643,2800.00,2800.14,1,1,45,1,0.000,0
7.035000,2800.00,2800.14,1,1,46,1,0.000,0
7.035358,2800.00,2799.16,1,1,47,1,0.000,0
7.035715,2800.00,2800.14,1,1,48,1,0.000,0
7.036072,2800.00,2801.12,1,1,49,1,0.000,0
7.036429,2800.00,2800.14,1,1,50,1,0.000,0
7.036786,2800.00,2800.14,1,1,51,1,0.000,0
7.037143,2800.00,2800.14,1,1,52,1,0.000,0
7.037500,2800.00,2800.14,1,1,53,1,0.000,0
7.037858,2800.00,2800.14,1,1,54,1,0.000,0
7.038215,2800.00,2800.14,1,1,55,1,0.000,0
7.038572,2800.00,2800.14,1,1,56,1,0.000,0
7.038929,2800.00,2799.16,1,1,57,1,0.000,0
7.040000,2800.00,2799.55,1,1,0,0,0.000,0
7.040358,2800.00,2799.55,1,1,1,0,0.000,0
7.040715,2800.00,2798.77,1,1,2,0,0.000,0
7.041072,2800.00,2799.55,1,1,3,0,0.000,0
7.041429,2800.00,2800.34,1,1,4,0,0.000,0
7.041786,2800.00,2801.12,1,1,5,0,0.000,0
7.042143,2800.00,2799.55,1,1,6,0,0.000,0
7.042500,2800.00,2799.55,1,1,7,0,0.000,0
7.042858,2800.00,2800.14,1,1,8,0,0.000,0
7.043215,2800.00,2800.14,1,1,9,0,0.000,0
7.043572,2800.00,2801.12,1,1,10,0,0.000,0
7.043929,2800.00,2800.14,1,1,11,0,0.000,0
7.044286,2800.00,2801.12,1,1,12,0,0.000,0
7.044643,2800.00,2799.16,1,1,13,0,0.000,0
7.045000,2800.00,2801.12,1,1,14,0,0.000,0
7.045358,2800.00,2802.10,1,1,15,0,0.000,0
7.045715,2800.00,2801.12,1,1,16,0,0.000,0
7.046072,2800.00,2799.16,1,1,17,0,0.000,0
7.046429,2800.00,2799.16,1,1,18,0,0.000,0
7.046786,2800.00,2800.14,1,1,19,0,0.000,0
7.047143,2800.00,2797.20,1,1,20,0,0.000,0
7.047500,2800.00,2800.14,1,1,21,0,0.000,0
7.047858,2800.00,2799.16,1,1,22,0,0.000,0
7.048215,2800.00,2798.18,1,1,23,0,0.000,0
7.048572,2800.00,2799.16,1,1,24,0,0.000,0
7.048929,2800.00,2801.12,1,1,25,0,0.000,0
7.049286,2800.00,2800.14,1,1,26,0,0.000,0
7.049643,2800.00,2800.14,1,1,27,0,0.000,0
7.050000,2800.00,2802.10,1,1,28,0,0.000,0
7.050358,2800.00,2799.16,1,1,29,0,0.000,0
7.050715,2800.00,2802.10,1,1,30,0,0.000,0
7.051072,2800.00,2800.14,1,1,31,0,0.000,0
7.051429,2800.00,2800.14,1,1,32,0,0.000,0
7.051786,2800.00,2799.16,1,1,33,0,0.000,0
7.052143,2800.00,2800.14,1,1,34,0,0.000,0
7.052500,2800.00,2801.12,1,1,35,0,0.000,0
7.052858,2800.00,2801.12,1,1,36,0,0.000,0
7.053215,2800.00,2800.14,1,1,37,0,0.000,0
7.053572,2800.00,2797.20,1,1,38,0,0.000,0
7.053929,2800.00,2799.16,1,1,39,0,0.000,0
7.054286,2800.00,2800.14,1,1,40,0,0.000,0
7.054643,2800.00,2800.14,1,1,41,0,0.000,0
7.055000,2800.00,2799.16,1,1,42,0,0.000,0
7.055358,2800.00,2800.14,1,1,43,0,0.000,0
7.055715,2800.00,2798.18,1,1,44,0,0.000,0
7.056072,2800.00,2800.14,1,1,45,0,0.000,0
7.056429,2800.00,2801.12,1,1,46,0,0.000,0
7.056786,2800.00,2800.14,1,1,47,0,0.000,0
7.057143,2800.00,2801.12,1,1,48,0,0.000,0
7.057500,2800.00,2800.14,1,1,49,0,0.000,0
7.057858,2800.00,2799.16,1,1,50,0,0.000,0
7.058215,2800.00,2799.16,1,1,51,0,0.000,0
7.058572,2800.00,2800.14,1,1,52,0,0.000,0
7.058929,2800.00,2798.18,1,1,53,0,0.000,0
7.059286,2800.00,2799.16,1,1,54,0,0.000,0
7.059643,2800.00,2801.12,1,1,55,0,0.000,0
7.060000,2800.00,2799.16,1,1,56,0,0.000,0
7.060358,2800.00,2800.14,1,1,57,0,0.000,0
7.061429,2800.00,2801.91,1,1,0,1,0.000,0
7.061786,2800.00,2800.34,1,1,1,1,0.000,0
7.062143,2800.00,2799.55,1,1,2,1,0.000,0
7.062500,2800.00,2801.12,1,1,3,1,0.000,0
7.062858,2800.00,2801.91,1,1,4,1,0.000,0
7.063215,2800.00,2800.34,1,1,5,1,0.000,0
7.063572,2800.00,2799.55,1,1,6,1,0.000,0
7.063929,2800.00,2799.55,1,1,7,1,0.000,0
7.064286,2800.00,2799.16,1,1,8,1,0.000,0
7.064643,2800.00,2800.14,1,1,9,1,0.000,0
7.065000,2800.00,2801.12,1,1,10,1,0.000,0
7.065358,2800.00,2799.16,1,1,11,1,0.000,0
7.065715,2800.00,2797.20,1,1,12,1,0.000,0
7.066072,2800.00,2800.14,1,1,13,1,0.000,0
7.066429,2800.00,2800.14,1,1,14,1,0.000,0
7.066786,2800.00,2801.12,1,1,15,1,0.000,0
7.067143,2800.00,2800.14,1,1,16,1,0.000,0
7.067500,2800.00,2799.16,1,1,17,1,0.000,0
7.067858,2800.00,2799.16,1,1,18,1,0.000,0
7.068215,2800.00,2802.10,1,1,19,1,0.000,0
7.068572,2800.00,2802.10,1,1,20,1,0.000,0
7.068929,2800.00,2799.16,1,1,21,1,0.000,0
7.069286,2800.00,2800.14,1,1,22,1,0.000,0
7.069643,2800.00,2798.18,1,1,23,1,0.000,0
7.070000,2800.00,2800.14,1,1,24,1,0.000,0
7.070358,2800.00,2800.14,1,1,25,1,0.000,0
7.070715,2800.00,2800.14,1,1,26,1,0.000,0
7.071072,2800.00,2799.16,1,1,27,1,0.000,0
7.071429,2800.00,2800.14,1,1,28,1,0.000,0
7.071786,2800.00,2800.14,1,1,29,1,0.000,0
7.072143,2800.00,2800.14,1,1,30,1,0.000,0
7.072500,2800.00,2802.10,1,1,31,1,0.000,0
7.072858,2800.00,2800.14,1,1,32,1,0.000,0
7.073215,2800.00,2800.14,1,1,33,1,0.000,0
7.073572,2800.00,2801.12,1,1,34,1,0.000,0
7.073929,2800.00,2800.14,1,1,35,1,0.000,0
7.074286,2800.00,2800.14,1,1,36,1,0.000,0
7.074643,2800.00,2800.14,1,1,37,1,0.000,0
7.075000,2800.00,2799.16,1,1,38,1,0.000,0
7.075358,2800.00,2799.16,1,1,39,1,0.000,0
7.075715,2800.00,2798.18,1,1,40,1,0.000,0
7.076072,2800.00,2800.14,1,1,41,1,0.000,0
7.076429,2800.00,2798.18,1,1,42,1,0.000,0
7.076786,2800.00,2799.16,1,1,43,1,0.000,0
7.077143,2800.00,2799.16,1,1,44,1,0.000,0
7.077500,2800.00,2799.16,1,1,45,1,0.000,0
7.077858,2800.00,2800.14,1,1,46,1,0.000,0
7.078215,2800.00,2800.14,1,1,47,1,0.000,0
7.078572,2800.00,2802.10,1,1,48,1,0.000,0
7.078929,2800.00,2800.14,1,1,49,1,0.000,0
7.079286,2800.00,2801.12,1,1,50,1,0.000,0
7.079643,2800.00,2800.14,1,1,51,1,0.000,0
7.080000,2800.00,2800.14,1,1,52,1,0.000,0
7.080358,2800.00,2801.12,1,1,53,1,0.000,0
7.080715,2800.00,2801.12,1,1,54,1,0.000,0
7.081072,2800.00,2800.14,1,1,55,1,0.000,0
7.081429,2800.00,2799.16,1,1,56,1,0.000,0
7.081786,2800.00,2800.14,1,1,57,1,0.000,0
7.082858,2800.00,2799.55,1,1,0,0,0.000,0
7.083215,2800.00,2801.12,1,1,1,0,0.000,0
7.083572,2800.00,2800.34,1,1,2,0,0.000,0
7.083929,2800.00,2799.55,1,1,3,0,0.000,0
7.084286,2800.00,2799.55,1,1,4,0,0.000,0
7.084643,2800.00,2799.55,1,1,5,0,0.000,0
7.085000,2800.00,2799.55,1,1,6,0,0.000,0
7.085358,2800.00,2799.55,1,1,7,0,0.000,0
7.085715,2800.00,2800.14,1,1,8,0,0.000,0
7.086072,2800.00,2800.14,1,1,9,0,0.000,0
7.086429,2800.00,2798.18,1,1,10,0,0.000,0
7.086786,2800.00,2800.14,1,1,11,0,0.000,0
7.087143,2800.00,2800.14,1,1,12,0,0.000,0
7.087500,2800.00,2801.12,1,1,13,0,0.000,0
7.087858,2800.00,2800.14,1,1,14,0,0.000,0
7.088215,2800.00,2801.12,1,1,15,0,0.000,0
7.088572,2800.00,2800.14,1,1,16,0,0.000,0
7.088929,2800.00,2799.16,1,1,17,0,0.000,0
7.089286,2800.00,2800.14,1,1,18,0,0.000,0
7.089643,2800.00,2799.16,1,1,19,0,0.000,0
7.090000,2800.00,2800.14,1,1,20,0,0.000,0
7.090358,2800.00,2799.16,1,1,21,0,0.000,0
7.090715,2800.00,2800.14,1,1,22,0,0.000,0
7.091072,2800.00,2800.14,1,1,23,0,0.000,0
7.091429,2800.00,2800.14,1,1,24,0,0.000,0
7.091786,2800.00,2801.12,1,1,25,0,0.000,0
7.092143,2800.00,2798.18,1,1,26,0,0.000,0
7.092500,2800.00,2801.12,1,1,27,0,0.000,0
7.092858,2800.00,2799.16,1,1,28,0,0.000,0
7.093215,2800.00,2800.14,1,1,29,0,0.000,0
7.093572,2800.00,2800.14,1,1,30,0,0.000,0
7.093929,2800.00,2799.16,1,1,31,0,0.000,0
7.094286,2800.00,2799.16,1,1,32,0,0.000,0
7.094643,2800.00,2799.16,1,1,33,0,0.000,0
7.095000,2800.00,2802.10,1,1,34,0,0.000,0
7.095358,2800.00,2800.14,1,1,35,0,0.000,0
7.095715,2800.00,2800.14,1,1,36,0,0.000,0
7.096072,2800.00,2801.12,1,1,37,0,0.000,0
7.096429,2800.00,2800.14,1,1,38,0,0.000,0
7.096786,2800.00,2801.12,1,1,39,0,0.000,0
7.097143,2800.00,2801.12,1,1,40,0,0.000,0
7.097500,2800.00,2799.16,1,1,41,0,0.000,0
7.097858,2800.00,2799.16,1,1,42,0,0.000,0
7.098215,2800.00,2800.14,1,1,43,0,0.000,0
7.098572,2800.00,2801.12,1,1,44,0,0.000,0
7.098929,2800.00,2798.18,1,1,45,0,0.000,0
7.099286,2800.00,2800.14,1,1,46,0,0.000,0
7.099643,2800.00,2799.16,1,1,47,0,0.000,0
7.100000,2800.00,2800.14,1,1,48,0,0.000,0
7.100358,2800.00,2799.16,1,1,49,0,0.000,0
7.100715,2800.00,2801.12,1,1,50,0,0.000,0
7.101072,2800.00,2800.14,1,1,51,0,0.000,0
7.101429,2800.00,2798.18,1,1,52,0,0.000,0
7.101786,2800.00,2802.10,1,1,53,0,0.000,0
7.102143,2800.00,2799.16,1,1,54,0,0.000,0
7.102500,2800.00,2799.16,1,1,55,0,0.000,0
7.102858,2800.00,2799.16,1,1,56,0,0.000,0
7.103215,2800.00,2801.12,1,1,57,0,0.000,0
7.104286,2800.00,2801.12,1,1,0,1,0.000,0
7.104643,2800.00,2798.77,1,1,1,1,0.000,0
7.105000,2800.00,2800.34,1,1,2,1,0.000,0
7.105358,2800.00,2798.77,1,1,3,1,0.000,0
7.105715,2800.00,2800.34,1,1,4,1,0.000,0
7.106072,2800.00,2799.55,1,1,5,1,0.000,0
7.106429,2800.00,2800.34,1,1,6,1,0.000,0
7.106786,2800.00,2800.34,1,1,7,1,0.000,0
7.107143,2800.00,2799.16,1,1,8,1,0.000,0
7.107500,2800.00,2800.14,1,1,9,1,0.000,0
7.107858,2800.00,2800.14,1,1,10,1,0.000,0
7.108215,2800.00,2800.14,1,1,11,1,0.000,0
7.108572,2800.00,2800.14,1,1,12,1,0.000,0
7.108929,2800.00,2800.14,1,1,13,1,0.000,0
7.109286,2800.00,2800.14,1,1,14,1,0.000,0
7.109643,2800.00,2800.14,1,1,15,1,0.000,0
7.110000,2800.00,2800.14,1,1,16,1,0.000,0
7.110358,2800.00,2800.14,1,1,17,1,0.000,0
7.110715,2800.00,2800.14,1,1,18,1,0.000,0
7.111072,2800.00,2799.16,1,1,19,1,0.000,0
7.111429,2800.00,2800.14,1,1,20,1,0.000,0
7.111786,2800.00,2800.14,1,1,21,1,0.000,0
7.112143,2800.00,2800.14,1,1,22,1,0.000,0
7.112500,2800.00,2801.12,1,1,23,1,0.000,0
7.112858,2800.00,2800.14,1,1,24,1,0.000,0
7.113215,2800.00,2801.12,1,1,25,1,0.000,0
7.113572,2800.00,2800.14,1,1,26,1,0.000,0
7.113929,2800.00,2801.12,1,1,27,1,0.000,0
7.114286,2800.00,2801.12,1,1,28,1,0.000,0
7.114643,2800.00,2800.14,1,1,29,1,0.000,0
7.115000,2800.00,2799.16,1,1,30,1,0.000,0
7.115358,2800.00,2798.18,1,1,31,1,0.000,0
7.115715,2800.00,2800.14,1,1,32,1,0.000,0
7.116072,2800.00,2799.16,1,1,33,1,0.000,0
7.116429,2800.00,2800.14,1,1,34,1,0.000,0
7.116786,2800.00,2799.16,1,1,35,1,0.000,0
7.117143,2800.00,2799.16,1,1,36,1,0.000,0
7.117500,2800.00,2800.14,1,1,37,1,0.000,0
7.117858,2800.00,2801.12,1,1,38,1,0.000,0
7.118215,2800.00,2800.14,1,1,39,1,0.000,0
7.118572,2800.00,2799.16,1,1,40,1,0.000,0
7.118929,2800.00,2800.14,1,1,41,1,0.000,0
7.119286,2800.00,2801.12,1,1,42,1,0.000,0
7.119643,2800.00,2800.14,1,1,43,1,0.000,0
7.120000,2800.00,2799.16,1,1,44,1,0.000,0
7.120358,2800.00,2801.12,1,1,45,1,0.000,0
7.120715,2800.00,2799.16,1,1,46,1,0.000,0
7.121072,2800.00,2800.14,1,1,47,1,0.000,0
7.121429,2800.00,2801.12,1,1,48,1,0.000,0
7.121786,2800.00,2798.18,1,1,49,1,0.000,0
7.122143,2800.00,2799.16,1,1,50,1,0.000,0
7.122500,2800.00,2800.14,1,1,51,1,0.000,0
7.122858,2800.00,2801.12,1,1,52,1,0.000,0
7.123215,2800.00,2797.20,1,1,53,1,0.000,0
7.123572,2800.00,2801.12,1,1,54,1,0.000,0
7.123929,2800.00,2800.14,1,1,55,1,0.000,0
7.124286,2800.00,2799.16,1,1,56,1,0.000,0
7.124643,2800.00,2802.10,1,1,57,1,0.000,0
7.125715,2800.00,2800.34,1,1,0,0,0.000,0
7.126072,2800.00,2800.34,1,1,1,0,0.000,0
7.126429,2800.00,2799.55,1,1,2,0,0.000,0
7.126786,2800.00,2801.91,1,1,3,0,0.000,0
7.127143,2800.00,2799.55,1,1,4,0,0.000,0
7.127500,2800.00,2799.55,1,1,5,0,0.000,0
7.127858,2800.00,2801.12,1,1,6,0,0.000,0
7.128215,2800.00,2800.34,1,1,7,0,0.000,0
7.128572,2800.00,2798.18,1,1,8,0,0.000,0
7.128929,2800.00,2800.14,1,1,9,0,0.000,0
7.129286,2800.00,2800.14,1,1,10,0,0.000,0
7.129643,2800.00,2799.16,1,1,11,0,0.000,0
7.130000,2800.00,2799.16,1,1,12,0,0.000,0
7.130358,2800.00,2800.14,1,1,13,0,0.000,0
7.130715,2800.00,2798.18,1,1,14,0,0.000,0
7.131072,2800.00,2799.16,1,1,15,0,0.000,0
7.131429,2800.00,2801.12,1,1,16,0,0.000,0
7.131786,2800.00,2800.14,1,1,17,0,0.000,0
7.132143,2800.00,2800.14,1,1,18,0,0.000,0
7.132500,2800.00,2800.14,1,1,19,0,0.000,0
7.132858,2800.00,2801.12,1,1,20,0,0.000,0
7.133215,2800.00,2802.10,1,1,21,0,0.000,0
7.133572,2800.00,2800.14,1,1,22,0,0.000,0
7.133929,2800.00,2801.12,1,1,23,0,0.000,0
7.134286,2800.00,2799.16,1,1,24,0,0.000,0
7.134643,2800.00,2799.16,1,1,25,0,0.000,0
7.135000,2800.00,2801.12,1,1,26,0,0.000,0
7.135358,2800.00,2798.18,1,1,27,0,0.000,0
7.135715,2800.00,2799.16,1,1,28,0,0.000,0
7.136072,2800.00,2799.16,1,1,29,0,0.000,0
7.136429,2800.00,2800.14,1,1,30,0,0.000,0
7.136786,2800.00,2799.16,1,1,31,0,0.000,0
7.137143,2800.00,2800.14,1,1,32,0,0.000,0
7.137500,2800.00,2801.12,1,1,33,0,0.000,0
7.137858,2800.00,2798.18,1,1,34,0,0.000,0
7.138215,2800.00,2802.10,1,1,35,0,0.000,0
7.138572,2800.00,2801.12,1,1,36,0,0.000,0
7.138929,2800.00,2800.14,1,1,37,0,0.000,0
7.139286,2800.00,2800.14,1,1,38,0,0.000,0
7.139643,2800.00,2800.14,1,1,39,0,0.000,0
7.140000,2800.00,2800.14,1,1,40,0,0.000,0
7.140358,2800.00,2800.14,1,1,41,0,0.000,0
7.140715,2800.00,2800.14,1,1,42,0,0.000,0
7.141072,2800.00,2801.12,1,1,43,0,0.000,0
7.141429,2800.00,2798.18,1,1,44,0,0.000,0
7.141786,2800.00,2799.16,1,1,45,0,0.000,0
7.142143,2800.00,2798.18,1,1,46,0,0.000,0
7.142500,2800.00,2799.16,1,1,47,0,0.000,0
7.142858,2800.00,2801.12,1,1,48,0,0.000,0
7.143215,2800.00,2800.14,1,1,49,0,0.000,0
7.143572,2800.00,2800.14,1,1,50,0,0.000,0
7.143929,2800.00,2799.16,1,1,51,0,0.000,0
7.144286,2800.00,2802.10,1,1,52,0,0.000,0
7.144643,2800.00,2801.12,1,1,53,0,0.000,0
7.145000,2800.00,2802.10,1,1,54,0,0.000,0
7.145358,2800.00,2801.12,1,1,55,0,0.000,0
7.145715,2800.00,2800.14,1,1,56,0,0.000,0
7.146072,2800.00,2798.18,1,1,57,0,0.000,0
7.147143,2800.00,2799.55,1,1,0,1,0.000,0
7.147500,2800.00,2800.34,1,1,1,1,0.000,0
7.147858,2800.00,2797.99,1,1,2,1,0.000,0
7.148215,2800.00,2798.77,1,1,3,1,0.000,0
7.148572,2800.00,2799.55,1,1,4,1,0.000,0
7.148929,2800.00,2799.55,1,1,5,1,0.000,0
7.149286,2800.00,2799.55,1,1,6,1,0.000,0
7.149643,2800.00,2800.34,1,1,7,1,0.000,0
7.150000,2800.00,2801.12,1,1,8,1,0.000,0
7.150358,2800.00,2799.16,1,1,9,1,0.000,0
7.150715,2800.00,2800.14,1,1,10,1,0.000,0
7.151072,2800.00,2799.16,1,1,11,1,0.000,0
7.151429,2800.00,2799.16,1,1,12,1,0.000,0
7.151786,2800.00,2800.14,1,1,13,1,0.000,0
7.152143,2800.00,2800.14,1,1,14,1,0.000,0
7.152500,2800.00,2801.12,1,1,15,1,0.000,0
7.152858,2800.00,2800.14,1,1,16,1,0.000,0
7.153215,2800.00,2800.14,1,1,17,1,0.000,0
7.153572,2800.00,2802.10,1,1,18,1,0.000,0
7.153929,2800.00,2801.12,1,1,19,1,0.000,0
7.154286,2800.00,2801.12,1,1,20,1,0.000,0
7.154643,2800.00,2798.18,1,1,21,1,0.000,0
7.155000,2800.00,2799.16,1,1,22,1,0.000,0
7.155358,2800.00,2799.16,1,1,23,1,0.000,0
7.155715,2800.00,2800.14,1,1,24,1,0.000,0
7.156072,2800.00,2800.14,1,1,25,1,0.000,0
7.156429,2800.00,2800.14,1,1,26,1,0.000,0
7.156786,2800.00,2800.14,1,1,27,1,0.000,0
7.157143,2800.00,2800.14,1,1,28,1,0.000,0
7.157500,2800.00,2801.12,1,1,29,1,0.000,0
7.157858,2800.00,2801.12,1,1,30,1,0.000,0
7.158215,2800.00,2801.12,1,1,31,1,0.000,0
7.158572,2800.00,2800.14,1,1,32,1,0.000,0
7.158929,2800.00,2800.14,1,1,33,1,0.000,0
7.159286,2800.00,2799.16,1,1,34,1,0.000,0
7.159643,2800.00,2800.14,1,1,35,1,0.000,0
7.160000,2800.00,2798.18,1,1,36,1,0.000,0
7.160358,2800.00,2801.12,1,1,37,1,0.000,0
7.160715,2800.00,2799.16,1,1,38,1,0.000,0
7.161072,2800.00,2799.16,1,1,39,1,0.000,0
7.161429,2800.00,2799.16,1,1,40,1,0.000,0
7.161786,2800.00,2800.14,1,1,41,1,0.000,0
7.162143,2800.00,2799.16,1,1,42,1,0.000,0
7.162500,2800.00,2800.14,1,1,43,1,0.000,0
7.162858,2800.00,2802.10,1,1,44,1,0.000,0
7.163215,2800.00,2798.18,1,1,45,1,0.000,0
7.163572,2800.00,2801.12,1,1,46,1,0.000,0
7.163929,2800.00,2802.10,1,1,47,1,0.000,0
7.164286,2800.00,2799.16,1,1,48,1,0.000,0
7.164643,2800.00,2800.14,1,1,49,1,0.000,0
7.165000,2800.00,2801.12,1,1,50,1,0.000,0
7.165358,2800.00,2800.14,1,1,51,1,0.000,0
7.165715,2800.00,2800.14,1,1,52,1,0.000,0
7.166072,2800.00,2802.10,1,1,53,1,0.000,0
7.166429,2800.00,2799.16,1,1,54,1,0.000,0
7.166786,2800.00,2798.18,1,1,55,1,0.000,0
7.167143,2800.00,2801.12,1,1,56,1,0.000,0
7.167500,2800.00,2799.16,1,1,57,1,0.000,0
7.168572,2800.00,2799.55,1,1,0,0,0.000,0
7.168929,2800.00,2799.55,1,1,1,0,0.000,0
7.169286,2800.00,2799.55,1,1,2,0,0.000,0
7.169643,2800.00,2798.77,1,1,3,0,0.000,0
7.170000,2800.00,2799.55,1,1,4,0,0.000,0
7.170358,2800.00,2800.34,1,1,5,0,0.000,0
7.170715,2800.00,2799.55,1,1,6,0,0.000,0
7.171072,2800.00,2799.55,1,1,7,0,0.000,0
7.171429,2800.00,2799.16,1,1,8,0,0.000,0
7.171786,2800.00,2800.14,1,1,9,0,0.000,0
7.172143,2800.00,2800.14,1,1,10,0,0.000,0
7.172500,2800.00,2801.12,1,1,11,0,0.000,0
7.172858,2800.00,2799.16,1,1,12,0,0.000,0
7.173215,2800.00,2800.14,1,1,13,0,0.000,0
7.173572,2800.00,2800.14,1,1,14,0,0.000,0
7.173929,2800.00,2801.12,1,1,15,0,0.000,0
7.174286,2800.00,2801.12,1,1,16,0,0.000,0
7.174643,2800.00,2801.12,1,1,17,0,0.000,0
7.175000,2800.00,2800.14,1,1,18,0,0.000,0
7.175358,2800.00,2799.16,1,1,19,0,0.000,0
7.175715,2800.00,2801.12,1,1,20,0,0.000,0
7.176072,2800.00,2799.16,1,1,21,0,0.000,0
7.176429,2800.00,2799.16,1,1,22,0,0.000,0
7.176786,2800.00,2800.14,1,1,23,0,0.000,0
7.177143,2800.00,2799.16,1,1,24,0,0.000,0
7.177500,2800.00,2798.18,1,1,25,0,0.000,0
7.177858,2800.00,2799.16,1,1,26,0,0.000,0
7.178215,2800.00,2799.16,1,1,27,0,0.000,0
7.178572,2800.00,2800.14,1,1,28,0,0.000,0
7.178929,2800.00,2799.16,1,1,29,0,0.000,0
7.179286,2800.00,2801.12,1,1,30,0,0.000,0
7.179643,2800.00,2799.16,1,1,31,0,0.000,0
7.180000,2800.00,2800.14,1,1,32,0,0.000,0
7.180358,2800.00,2800.14,1,1,33,0,0.000,0
7.180715,2800.00,2799.16,1,1,34,0,0.000,0
7.181072,2800.00,2802.10,1,1,35,0,0.000,0
7.181429,2800.00,2799.16,1,1,36,0,0.000,0
7.181786,2800.00,2801.12,1,1,37,0,0.000,0
7.182143,2800.00,2800.14,1,1,38,0,0.000,0
7.182500,2800.00,2801.12,1,1,39,0,0.000,0
7.182858,2800.00,2800.14,1,1,40,0,0.000,0
7.183215,2800.00,2800.14,1,1,41,0,0.000,0
7.183572,2800.00,2801.12,1,1,42,0,0.000,0
7.183929,2800.00,2799.16,1,1,43,0,0.000,0
7.184286,2800.00,2801.12,1,1,44,0,0.000,0
7.184643,2800.00,2800.14,1,1,45,0,0.000,0
7.185000,2800.00,2800.14,1,1,46,0,0.000,0
7.185358,2800.00,2800.14,1,1,47,0,0.000,0
7.185715,2800.00,2800.14,1,1,48,0,0.000,0
7.186072,2800.00,2799.16,1,1,49,0,0.000,0
7.186429,2800.00,2800.14,1,1,50,0,0.000,0
7.186786,2800.00,2799.16,1,1,51,0,0.000,0
7.187143,2800.00,2799.16,1,1,52,0,0.000,0
7.187500,2800.00,2798.18,1,1,53,0,0.000,0
7.187858,2800.00,2799.16,1,1,54,0,0.000,0
7.188215,2800.00,2800.14,1,1,55,0,0.000,0
7.188572,2800.00,2799.16,1,1,56,0,0.000,0
7.188929,2800.00,2802.10,1,1,57,0,0.000,0
7.190000,2800.00,2800.34,1,1,0,1,0.000,0
7.190358,2800.00,2800.34,1,1,1,1,0.000,0
7.190715,2800.00,2800.34,1,1,2,1,0.000,0
7.191072,2800.00,2802.69,1,1,3,1,0.000,0
7.191429,2800.00,2799.55,1,1,4,1,0.000,0
7.191786,2800.00,2798.77,1,1,5,1,0.000,0
7.192143,2800.00,2801.12,1,1,6,1,0.000,0
7.192500,2800.00,2798.77,1,1,7,1,0.000,0
7.192858,2800.00,2800.14,1,1,8,1,0.000,0
7.193215,2800.00,2801.12,1,1,9,1,0.000,0
7.193572,2800.00,2800.14,1,1,10,1,0.000,0
7.193929,2800.00,2798.18,1,1,11,1,0.000,0
7.194286,2800.00,2801.12,1,1,12,1,0.000,0
7.194643,2800.00,2801.12,1,1,13,1,0.000,0
7.195000,2800.00,2799.16,1,1,14,1,0.000,0
7.195358,2800.00,2802.10,1,1,15,1,0.000,0
7.195715,2800.00,2798.18,1,1,16,1,0.000,0
7.196072,2800.00,2798.18,1,1,17,1,0.000,0
7.196429,2800.00,2800.14,1,1,18,1,0.000,0
7.196786,2800.00,2800.14,1,1,19,1,0.000,0
7.197143,2800.00,2800.14,1,1,20,1,0.000,0
7.197500,2800.00,2800.14,1,1,21,1,0.000,0
7.197858,2800.00,2801.12,1,1,22,1,0.000,0
7.198215,2800.00,2797.20,1,1,23,1,0.000,0
7.198572,2800.00,2802.10,1,1,24,1,0.000,0
7.198929,2800.00,2801.12,1,1,25,1,0.000,0
7.199286,2800.00,2799.16,1,1,26,1,0.000,0
7.199643,2800.00,2799.16,1,1,27,1,0.000,0
7.200000,2800.00,2800.14,1,1,28,1,0.000,0
7.200358,2800.00,2798.18,1,1,29,1,0.000,0
7.200715,2800.00,2799.16,1,1,30,1,0.000,0
7.201072,2800.00,2801.12,1,1,31,1,0.000,0
7.201429,2800.00,2799.16,1,1,32,1,0.000,0
7.201786,2800.00,2800.14,1,1,33,1,0.000,0
7.202143,2800.00,2801.12,1,1,34,1,0.000,0
7.202500,2800.00,2800.14,1,1,35,1,0.000,0
7.202858,2800.00,2799.16,1,1,36,1,0.000,0
7.203215,2800.00,2802.10,1,1,37,1,0.000,0
7.203572,2800.00,2799.16,1,1,38,1,0.000,0
7.203929,2800.00,2800.14,1,1,39,1,0.000,0
7.204286,2800.00,2801.12,1,1,40,1,0.000,0
7.204643,2800.00,2799.16,1,1,41,1,0.000,0
7.205000,2800.00,2799.16,1,1,42,1,0.000,0
7.205358,2800.00,2800.14,1,1,43,1,0.000,0
7.205715,2800.00,2801.12,1,1,44,1,0.000,0
7.206072,2800.00,2799.16,1,1,45,1,0.000,0
7.206429,2800.00,2801.12,1,1,46,1,0.000,0
7.206786,2800.00,2799.16,1,1,47,1,0.000,0
7.207143,2800.00,2799.16,1,1,48,1,0.000,0
7.207500,2800.00,2801.12,1,1,49,1,0.000,0
7.207858,2800.00,2800.14,1,1,50,1,0.000,0
7.208215,2800.00,2802.10,1,1,51,1,0.000,0
7.208572,2800.00,2799.16,1,1,52,1,0.000,0
7.208929,2800.00,2800.14,1,1,53,1,0.000,0
7.209286,2800.00,2801.12,1,1,54,1,0.000,0
7.209643,2800.00,2800.14,1,1,55,1,0.000,0
7.210000,2800.00,2799.16,1,1,56,1,0.000,0
7.210358,2800.00,2799.16,1,1,57,1,0.000,0
7.211429,2800.00,2800.34,1,1,0,0,0.000,0
7.211786,2800.00,2799.55,1,1,1,0,0.000,0
7.212143,2800.00,2799.55,1,1,2,0,0.000,0
7.212500,2800.00,2799.55,1,1,3,0,0.000,0
7.212858,2800.00,2799.55,1,1,4,0,0.000,0
7.213215,2800.00,2801.12,1,1,5,0,0.000,0
7.213572,2800.00,2799.55,1,1,6,0,0.000,0
7.213929,2800.00,2800.34,1,1,7,0,0.000,0
7.214286,2800.00,2799.16,1,1,8,0,0.000,0
7.214643,2800.00,2798.18,1,1,9,0,0.000,0
7.215000,2800.00,2801.12,1,1,10,0,0.000,0
7.215358,2800.00,2801.12,1,1,11,0,0.000,0
7.215715,2800.00,2800.14,1,1,12,0,0.000,0
7.216072,2800.00,2799.16,1,1,13,0,0.000,0
7.216429,2800.00,2800.14,1,1,14,0,0.000,0
7.216786,2800.00,2800.14,1,1,15,0,0.000,0
7.217143,2800.00,2800.14,1,1,16,0,0.000,0
7.217500,2800.00,2800.14,1,1,17,0,0.000,0
7.217858,2800.00,2801.12,1,1,18,0,0.000,0
7.218215,2800.00,2800.14,1,1,19,0,0.000,0
7.218572,2800.00,2799.16,1,1,20,0,0.000,0
7.218929,2800.00,2799.16,1,1,21,0,0.000,0
7.219286,2800.00,2802.10,1,1,22,0,0.000,0
7.219643,2800.00,2800.14,1,1,23,0,0.000,0
7.220000,2800.00,2798.18,1,1,24,0,0.000,0
7.220358,2800.00,2800.14,1,1,25,0,0.000,0
7.220715,2800.00,2798.18,1,1,26,0,0.000,0
7.221072,2800.00,2800.14,1,1,27,0,0.000,0
7.221429,2800.00,2800.14,1,1,28,0,0.000,0
7.221786,2800.00,2801.12,1,1,29,0,0.000,0
7.222143,2800.00,2799.16,1,1,30,0,0.000,0
7.222500,2800.00,2800.14,1,1,31,0,0.000,0
7.222858,2800.00,2803.08,1,1,32,0,0.000,0
7.223215,2800.00,2801.12,1,1,33,0,0.000,0
7.223572,2800.00,2802.10,1,1,34,0,0.000,0
7.223929,2800.00,2800.14,1,1,35,0,0.000,0
7.224286,2800.00,2801.12,1,1,36,0,0.000,0
7.224643,2800.00,2800.14,1,1,37,0,0.000,0
7.225000,2800.00,2798.18,1,1,38,0,0.000,0
7.225358,2800.00,2799.16,1,1,39,0,0.000,0
7.225715,2800.00,2800.14,1,1,40,0,0.000,0
7.226072,2800.00,2799.16,1,1,41,0,0.000,0
7.226429,2800.00,2799.16,1,1,42,0,0.000,0
7.226786,2800.00,2798.18,1,1,43,0,0.000,0
7.227143,2800.00,2799.16,1,1,44,0,0.000,0
7.227500,2800.00,2799.16,1,1,45,0,0.000,0
7.227858,2800.00,2801.12,1,1,46,0,0.000,0
7.228215,2800.00,2801.12,1,1,47,0,0.000,0
7.228572,2800.00,2799.16,1,1,48,0,0.000,0
7.228929,2800.00,2800.14,1,1,49,0,0.000,0
7.229286,2800.00,2799.16,1,1,50,0,0.000,0
7.229643,2800.00,2800.14,1,1,51,0,0.000,0
7.230000,2800.00,2801.12,1,1,52,0,0.000,0
7.230358,2800.00,2801.12,1,1,53,0,0.000,0
7.230715,2800.00,2800.14,1,1,54,0,0.000,0
7.231072,2800.00,2800.14,1,1,55,0,0.000,0
7.231429,2800.00,2800.14,1,1,56,0,0.000,0
7.231786,2800.00,2799.16,1,1,57,0,0.000,0
7.232858,2800.00,2800.34,1,1,0,1,0.000,0
7.233215,2800.00,2799.55,1,1,1,1,0.000,0
7.233572,2800.00,2797.99,1,1,2,1,0.000,0
7.233929,2800.00,2799.55,1,1,3,1,0.000,0
7.234286,2800.00,2798.77,1,1,4,1,0.000,0
7.234643,2800.00,2799.55,1,1,5,1,0.000,0
7.235000,2800.00,2798.77,1,1,6,1,0.000,0
7.235358,2800.00,2801.12,1,1,7,1,0.000,0
7.235715,2800.00,2800.14,1,1,8,1,0.000,0
7.236072,2800.00,2802.10,1,1,9,1,0.000,0
7.236429,2800.00,2801.12,1,1,10,1,0.000,0
7.236786,2800.00,2799.16,1,1,11,1,0.000,0
7.237143,2800.00,2802.10,1,1,12,1,0.000,0
7.237500,2800.00,2800.14,1,1,13,1,0.000,0
7.237858,2800.00,2800.14,1,1,14,1,0.000,0
7.238215,2800.00,2800.14,1,1,15,1,0.000,0
7.238572,2800.00,2799.16,1,1,16,1,0.000,0
7.238929,2800.00,2799.16,1,1,17,1,0.000,0
7.239286,2800.00,2801.12,1,1,18,1,0.000,0
7.239643,2800.00,2800.14,1,1,19,1,0.000,0
7.240000,2800.00,2797.20,1,1,20,1,0.000,0
7.240358,2800.00,2799.16,1,1,21,1,0.000,0
7.240715,2800.00,2801.12,1,1,22,1,0.000,0
7.241072,2800.00,2799.16,1,1,23,1,0.000,0
7.241429,2800.00,2799.16,1,1,24,1,0.000,0
7.241786,2800.00,2800.14,1,1,25,1,0.000,0
7.242143,2800.00,2799.16,1,1,26,1,0.000,0
7.242500,2800.00,2800.14,1,1,27,1,0.000,0
7.242858,2800.00,2802.10,1,1,28,1,0.000,0
7.243215,2800.00,2800.14,1,1,29,1,0.000,0
7.243572,2800.00,2801.12,1,1,30,1,0.000,0
7.243929,2800.00,2799.16,1,1,31,1,0.000,0
7.244286,2800.00,2800.14,1,1,32,1,0.000,0
7.244643,2800.00,2800.14,1,1,33,1,0.000,0
7.245000,2800.00,2799.16,1,1,34,1,0.000,0
7.245358,2800.00,2800.14,1,1,35,1,0.000,0
7.245715,2800.00,2801.12,1,1,36,1,0.000,0
7.246072,2800.00,2800.14,1,1,37,1,0.000,0
7.246429,2800.00,2800.14,1,1,38,1,0.000,0
7.246786,2800.00,2801.12,1,1,39,1,0.000,0
7.247143,2800.00,2800.14,1,1,40,1,0.000,0
7.247500,2800.00,2799.16,1,1,41,1,0.000,0
7.247858,2800.00,2800.14,1,1,42,1,0.000,0
7.248215,2800.00,2800.14,1,1,43,1,0.000,0
7.248572,2800.00,2799.16,1,1,44,1,0.000,0
7.248929,2800.00,2799.16,1,1,45,1,0.000,0
7.249286,2800.00,2798.18,1,1,46,1,0.000,0
7.249643,2800.00,2801.12,1,1,47,1,0.000,0
7.250000,2800.00,2801.12,1,1,48,1,0.000,0
7.250358,2800.00,2801.12,1,1,49,1,0.000,0
7.250715,2800.00,2800.14,1,1,50,1,0.000,0
7.251072,2800.00,2799.16,1,1,51,1,0.000,0
7.251429,2800.00,2801.12,1,1,52,1,0.000,0
7.251786,2800.00,2800.14,1,1,53,1,0.000,0
7.252143,2800.00,2800.14,1,1,54,1,0.000,0
7.252500,2800.00,2800.14,1,1,55,1,0.000,0
7.252858,2800.00,2799.16,1,1,56,1,0.000,0
7.253215,2800.00,2799.16,1,1,57,1,0.000,0
7.254286,2800.00,2799.55,1,1,0,0,0.000,0
7.254643,2800.00,2801.91,1,1,1,0,0.000,0
7.255000,2800.00,2798.77,1,1,2,0,0.000,0
7.255358,2800.00,2801.12,1,1,3,0,0.000,0
7.255715,2800.00,2800.34,1,1,4,0,0.000,0
7.256072,2800.00,2799.55,1,1,5,0,0.000,0
7.256429,2800.00,2800.34,1,1,6,0,0.000,0
7.256786,2800.00,2800.34,1,1,7,0,0.000,0
7.257143,2800.00,2800.14,1,1,8,0,0.000,0
7.257500,2800.00,2798.18,1,1,9,0,0.000,0
7.257858,2800.00,2800.14,1,1,10,0,0.000,0
7.258215,2800.00,2800.14,1,1,11,0,0.000,0
7.258572,2800.00,2800.14,1,1,12,0,0.000,0
7.258929,2800.00,2799.16,1,1,13,0,0.000,0
7.259286,2800.00,2800.14,1,1,14,0,0.000,0
7.259643,2800.00,2801.12,1,1,15,0,0.000,0
7.260000,2800.00,2800.14,1,1,16,0,0.000,0
7.260358,2800.00,2801.12,1,1,17,0,0.000,0
7.260715,2800.00,2800.14,1,1,18,0,0.000,0
7.261072,2800.00,2798.18,1,1,19,0,0.000,0
7.261429,2800.00,2801.12,1,1,20,0,0.000,0
7.261786,2800.00,2800.14,1,1,21,0,0.000,0
7.262143,2800.00,2799.16,1,1,22,0,0.000,0
7.262500,2800.00,2799.16,1,1,23,0,0.000,0
7.262858,2800.00,2801.12,1,1,24,0,0.000,0
7.263215,2800.00,2799.16,1,1,25,0,0.000,0
7.263572,2800.00,2800.14,1,1,26,0,0.000,0
7.263929,2800.00,2801.12,1,1,27,0,0.000,0
7.264286,2800.00,2799.16,1,1,28,0,0.000,0
7.264643,2800.00,2799.16,1,1,29,0,0.000,0
7.265000,2800.00,2800.14,1,1,30,0,0.000,0
7.265358,2800.00,2799.16,1,1,31,0,0.000,0
7.265715,2800.00,2799.16,1,1,32,0,0.000,0
7.266072,2800.00,2800.14,1,1,33,0,0.000,0
7.266429,2800.00,2799.16,1,1,34,0,0.000,0
7.266786,2800.00,2799.16,1,1,35,0,0.000,0
7.267143,2800.00,2799.16,1,1,36,0,0.000,0
7.267500,2800.00,2802.10,1,1,37,0,0.000,0
7.267858,2800.00,2801.12,1,1,38,0,0.000,0
7.268215,2800.00,2801.12,1,1,39,0,0.000,0
7.268572,2800.00,2800.14,1,1,40,0,0.000,0
7.268929,2800.00,2801.12,1,1,41,0,0.000,0
7.269286,2800.00,2799.16,1,1,42,0,0.000,0
7.269643,2800.00,2801.12,1,1,43,0,0.000,0
7.270000,2800.00,2801.12,1,1,44,0,0.000,0
7.270358,2800.00,2798.18,1,1,45,0,0.000,0
7.270715,2800.00,2799.16,1,1,46,0,0.000,0
7.271072,2800.00,2799.16,1,1,47,0,0.000,0
7.271429,2800.00,2799.16,1,1,48,0,0.000,0
7.271786,2800.00,2799.16,1,1,49,0,0.000,0
7.272143,2800.00,2800.14,1,1,50,0,0.000,0
7.272500,2800.00,2799.16,1,1,51,0,0.000,0
7.272858,2800.00,2800.14,1,1,52,0,0.000,0
7.273215,2800.00,2801.12,1,1,53,0,0.000,0
7.273572,2800.00,2801.12,1,1,54,0,0.000,0
7.273929,2800.00,2800.14,1,1,55,0,0.000,0
7.274286,2800.00,2801.12,1,1,56,0,0.000,0
7.274643,2800.00,2801.12,1,1,57,0,0.000,0
7.275715,2800.00,2800.34,1,1,0,1,0.000,0
7.276072,2800.00,2801.12,1,1,1,1,0.000,0
7.276429,2800.00,2799.55,1,1,2,1,0.000,0
7.276786,2800.00,2799.55,1,1,3,1,0.000,0
7.277143,2800.00,2798.77,1,1,4,1,0.000,0
7.277500,2800.00,2799.55,1,1,5,1,0.000,0
7.277858,2800.00,2800.34,1,1,6,1,0.000,0
7.278215,2800.00,2797.20,1,1,7,1,0.000,0
7.278572,2800.00,2801.12,1,1,8,1,0.000,0
7.278929,2800.00,2799.16,1,1,9,1,0.000,0
7.279286,2800.00,2800.14,1,1,10,1,0.000,0
7.279643,2800.00,2800.14,1,1,11,1,0.000,0
7.280000,2800.00,2800.14,1,1,12,1,0.000,0
7.280358,2800.00,2801.12,1,1,13,1,0.000,0
7.280715,2800.00,2800.14,1,1,14,1,0.000,0
7.281072,2800.00,2800.14,1,1,15,1,0.000,0
7.281429,2800.00,2802.10,1,1,16,1,0.000,0
7.281786,2800.00,2799.16,1,1,17,1,0.000,0
7.282143,2800.00,2799.16,1,1,18,1,0.000,0
7.282500,2800.00,2800.14,1,1,19,1,0.000,0
7.282858,2800.00,2800.14,1,1,20,1,0.000,0
7.283215,2800.00,2799.16,1,1,21,1,0.000,0
7.283572,2800.00,2800.14,1,1,22,1,0.000,0
7.283929,2800.00,2802.10,1,1,23,1,0.000,0
7.284286,2800.00,2798.18,1,1,24,1,0.000,0
7.284643,2800.00,2799.16,1,1,25,1,0.000,0
7.285000,2800.00,2799.16,1,1,26,1,0.000,0
7.285358,2800.00,2800.14,1,1,27,1,0.000,0
7.285715,2800.00,2800.14,1,1,28,1,0.000,0
7.286072,2800.00,2799.16,1,1,29,1,0.000,0
7.286429,2800.00,2799.16,1,1,30,1,0.000,0
7.286786,2800.00,2799.16,1,1,31,1,0.000,0
7.287143,2800.00,2799.16,1,1,32,1,0.000,0
7.287500,2800.00,2801.12,1,1,33,1,0.000,0
7.287858,2800.00,2801.12,1,1,34,1,0.000,0
7.288215,2800.00,2800.14,1,1,35,1,0.000,0
7.288572,2800.00,2801.12,1,1,36,1,0.000,0
7.288929,2800.00,2802.10,1,1,37,1,0.000,0
7.289286,2800.00,2800.14,1,1,38,1,0.000,0
7.289643,2800.00,2801.12,1,1,39,1,0.000,0
7.290000,2800.00,2800.14,1,1,40,1,0.000,0
7.290358,2800.00,2801.12,1,1,41,1,0.000,0
7.290715,2800.00,2801.12,1,1,42,1,0.000,0
7.291072,2800.00,2799.16,1,1,43,1,0.000,0
7.291429,2800.00,2799.16,1,1,44,1,0.000,0
7.291786,2800.00,2798.18,1,1,45,1,0.000,0
7.292143,2800.00,2799.16,1,1,46,1,0.000,0
7.292500,2800.00,2800.14,1,1,47,1,0.000,0
7.292858,2800.00,2801.12,1,1,48,1,0.000,0
7.293215,2800.00,2799.16,1,1,49,1,0.000,0
7.293572,2800.00,2799.16,1,1,50,1,0.000,0
7.293929,2800.00,2800.14,1,1,51,1,0.000,0
7.294286,2800.00,2799.16,1,1,52,1,0.000,0
7.294643,2800.00,2800.14,1,1,53,1,0.000,0
7.295000,2800.00,2800.14,1,1,54,1,0.000,0
7.295358,2800.00,2800.14,1,1,55,1,0.000,0
7.295715,2800.00,2799.16,1,1,56,1,0.000,0
7.296072,2800.00,2802.10,1,1,57,1,0.000,0
7.297143,2800.00,2800.34,1,1,0,0,0.000,0
7.297500,2800.00,2800.34,1,1,1,0,0.000,0
7.297858,2800.00,2800.34,1,1,2,0,0.000,0
7.298215,2800.00,2799.55,1,1,3,0,0.000,0
7.298572,2800.00,2799.55,1,1,4,0,0.000,0
7.298929,2800.00,2799.55,1,1,5,0,0.000,0
7.299286,2800.00,2799.55,1,1,6,0,0.000,0
7.299643,2800.00,2797.99,1,1,7,0,0.000,0
7.300000,2800.00,2799.16,1,1,8,0,0.000,0
7.300358,2800.00,2800.14,1,1,9,0,0.000,0
7.300715,2800.00,2801.12,1,1,10,0,0.000,0
7.301072,2800.00,2802.10,1,1,11,0,0.000,0
7.301429,2800.00,2800.14,1,1,12,0,0.000,0
7.301786,2800.00,2799.16,1,1,13,0,0.000,0
7.302143,2800.00,2800.14,1,1,14,0,0.000,0
7.302500,2800.00,2800.14,1,1,15,0,0.000,0
7.302858,2800.00,2801.12,1,1,16,0,0.000,0
7.303215,2800.00,2798.18,1,1,17,0,0.000,0
7.303572,2800.00,2799.16,1,1,18,0,0.000,0
7.303929,2800.00,2799.16,1,1,19,0,0.000,0
7.304286,2800.00,2801.12,1,1,20,0,0.000,0
7.304643,2800.00,2801.12,1,1,21,0,0.000,0
7.305000,2800.00,2800.14,1,1,22,0,0.000,0
7.305358,2800.00,2800.14,1,1,23,0,0.000,0
7.305715,2800.00,2799.16,1,1,24,0,0.000,0
7.306072,2800.00,2801.12,1,1,25,0,0.000,0
7.306429,2800.00,2800.14,1,1,26,0,0.000,0
7.306786,2800.00,2799.16,1,1,27,0,0.000,0
7.307143,2800.00,2800.14,1,1,28,0,0.000,0
7.307500,2800.00,2800.14,1,1,29,0,0.000,0
7.307858,2800.00,2799.16,1,1,30,0,0.000,0
7.308215,2800.00,2800.14,1,1,31,0,0.000,0
7.308572,2800.00,2800.14,1,1,32,0,0.000,0
7.308929,2800.00,2799.16,1,1,33,0,0.000,0
7.309286,2800.00,2799.16,1,1,34,0,0.000,0
7.309643,2800.00,2799.16,1,1,35,0,0.000,0
7.310000,2800.00,2799.16,1,1,36,0,0.000,0
7.310358,2800.00,2800.14,1,1,37,0,0.000,0
7.310715,2800.00,2801.12,1,1,38,0,0.000,0
7.311072,2800.00,2802.10,1,1,39,0,0.000,0
7.311429,2800.00,2799.16,1,1,40,0,0.000,0
7.311786,2800.00,2801.12,1,1,41,0,0.000,0
7.312143,2800.00,2801.12,1,1,42,0,0.000,0
7.312500,2800.00,2801.12,1,1,43,0,0.000,0
7.312858,2800.00,2801.12,1,1,44,0,0.000,0
7.313215,2800.00,2799.16,1,1,45,0,0.000,0
7.313572,2800.00,2800.14,1,1,46,0,0.000,0
7.313929,2800.00,2798.18,1,1,47,0,0.000,0
7.314286,2800.00,2802.10,1,1,48,0,0.000,0
7.314643,2800.00,2799.16,1,1,49,0,0.000,0
7.315000,2800.00,2800.14,1,1,50,0,0.000,0
7.315358,2800.00,2799.16,1,1,51,0,0.000,0
7.315715,2800.00,2799.16,1,1,52,0,0.000,0
7.316072,2800.00,2800.14,1,1,53,0,0.000,0
7.316429,2800.00,2800.14,1,1,54,0,0.000,0
7.316786,2800.00,2800.14,1,1,55,0,0.000,0
7.317143,2800.00,2797.20,1,1,56,0,0.000,0
7.317500,2800.00,2802.10,1,1,57,0,0.000,0
7.318572,2800.00,2799.55,1,1,0,1,0.000,0
7.318929,2800.00,2799.55,1,1,1,1,0.000,0
7.319286,2800.00,2801.12,1,1,2,1,0.000,0
7.319643,2800.00,2799.55,1,1,3,1,0.000,0
7.320000,2800.00,2800.34,1,1,4,1,0.000,0
7.320358,2800.00,2799.55,1,1,5,1,0.000,0
7.320715,2800.00,2801.12,1,1,6,1,0.000,0
7.321072,2800.00,2798.77,1,1,7,1,0.000,0
7.321429,2800.00,2800.14,1,1,8,1,0.000,0
7.321786,2800.00,2802.10,1,1,9,1,0.000,0
7.322143,2800.00,2800.14,1,1,10,1,0.000,0
7.322500,2800.00,2800.14,1,1,11,1,0.000,0
7.322858,2800.00,2799.16,1,1,12,1,0.000,0
7.323215,2800.00,2801.12,1,1,13,1,0.000,0
7.323572,2800.00,2799.16,1,1,14,1,0.000,0
7.323929,2800.00,2801.12,1,1,15,1,0.000,0
7.324286,2800.00,2800.14,1,1,16,1,0.000,0
7.324643,2800.00,2800.14,1,1,17,1,0.000,0
7.325000,2800.00,2798.18,1,1,18,1,0.000,0
7.325358,2800.00,2801.12,1,1,19,1,0.000,0
7.325715,2800.00,2799.16,1,1,20,1,0.000,0
7.326072,2800.00,2799.16,1,1,21,1,0.000,0
7.326429,2800.00,2801.12,1,1,22,1,0.000,0
7.326786,2800.00,2799.16,1,1,23,1,0.000,0
7.327143,2800.00,2798.18,1,1,24,1,0.000,0
7.327500,2800.00,2799.16,1,1,25,1,0.000,0
7.327858,2800.00,2800.14,1,1,26,1,0.000,0
7.328215,2800.00,2798.18,1,1,27,1,0.000,0
7.328572,2800.00,2801.12,1,1,28,1,0.000,0
7.328929,2800.00,2800.14,1,1,29,1,0.000,0
7.329286,2800.00,2801.12,1,1,30,1,0.000,0
7.329643,2800.00,2801.12,1,1,31,1,0.000,0
7.330000,2800.00,2803.08,1,1,32,1,0.000,0
7.330358,2800.00,2800.14,1,1,33,1,0.000,0
7.330715,2800.00,2800.14,1,1,34,1,0.000,0
7.331072,2800.00,2801.12,1,1,35,1,0.000,0
7.331429,2800.00,2801.12,1,1,36,1,0.000,0
7.331786,2800.00,2800.14,1,1,37,1,0.000,0
7.332143,2800.00,2800.14,1,1,38,1,0.000,0
7.332500,2800.00,2800.14,1,1,39,1,0.000,0
7.332858,2800.00,2799.16,1,1,40,1,0.000,0
7.333215,2800.00,2800.14,1,1,41,1,0.000,0
7.333572,2800.00,2801.12,1,1,42,1,0.000,0
7.333929,2800.00,2799.16,1,1,43,1,0.000,0
7.334286,2800.00,2798.18,1,1,44,1,0.000,0
7.334643,2800.00,2800.14,1,1,45,1,0.000,0
7.335000,2800.00,2798.18,1,1,46,1,0.000,0
7.335358,2800.00,2799.16,1,1,47,1,0.000,0
7.335715,2800.00,2800.14,1,1,48,1,0.000,0
7.336072,2800.00,2800.14,1,1,49,1,0.000,0
7.336429,2800.00,2800.14,1,1,50,1,0.000,0
7.336786,2800.00,2799.16,1,1,51,1,0.000,0
7.337143,2800.00,2800.14,1,1,52,1,0.000,0
7.337500,2800.00,2800.14,1,1,53,1,0.000,0
7.337858,2800.00,2802.10,1,1,54,1,0.000,0
7.338215,2800.00,2798.18,1,1,55,1,0.000,0
7.338572,2800.00,2798.18,1,1,56,1,0.000,0
7.338929,2800.00,2800.14,1,1,57,1,0.000,0
7.340000,2800.00,2800.34,1,1,0,0,0.000,0
7.340358,2800.00,2801.12,1,1,1,0,0.000,0
7.340715,2800.00,2800.34,1,1,2,0,0.000,0
7.341072,2800.00,2800.34,1,1,3,0,0.000,0
7.341429,2800.00,2798.77,1,1,4,0,0.000,0
7.341786,2800.00,2801.91,1,1,5,0,0.000,0
7.342143,2800.00,2800.34,1,1,6,0,0.000,0
7.342500,2800.00,2799.55,1,1,7,0,0.000,0
7.342858,2800.00,2799.16,1,1,8,0,0.000,0
7.343215,2800.00,2801.12,1,1,9,0,0.000,0
7.343572,2800.00,2800.14,1,1,10,0,0.000,0
7.343929,2800.00,2800.14,1,1,11,0,0.000,0
7.344286,2800.00,2800.14,1,1,12,0,0.000,0
7.344643,2800.00,2799.16,1,1,13,0,0.000,0
7.345000,2800.00,2800.14,1,1,14,0,0.000,0
7.345358,2800.00,2800.14,1,1,15,0,0.000,0
7.345715,2800.00,2799.16,1,1,16,0,0.000,0
7.346072,2800.00,2799.16,1,1,17,0,0.000,0
7.346429,2800.00,2799.16,1,1,18,0,0.000,0
7.346786,2800.00,2799.16,1,1,19,0,0.000,0
7.347143,2800.00,2800.14,1,1,20,0,0.000,0
7.347500,2800.00,2799.16,1,1,21,0,0.000,0
7.347858,2800.00,2800.14,1,1,22,0,0.000,0
7.348215,2800.00,2798.18,1,1,23,0,0.000,0
7.348572,2800.00,2801.12,1,1,24,0,0.000,0
7.348929,2800.00,2800.14,1,1,25,0,0.000,0
7.349286,2800.00,2801.12,1,1,26,0,0.000,0
7.349643,2800.00,2799.16,1,1,27,0,0.000,0
7.350000,2800.00,2800.14,1,1,28,0,0.000,0
7.350358,2800.00,2800.14,1,1,29,0,0.000,0
7.350715,2800.00,2800.14,1,1,30,0,0.000,0
7.351072,2800.00,2802.10,1,1,31,0,0.000,0
7.351429,2800.00,2798.18,1,1,32,0,0.000,0
7.351786,2800.00,2800.14,1,1,33,0,0.000,0
7.352143,2800.00,2800.14,1,1,34,0,0.000,0
7.352500,2800.00,2801.12,1,1,35,0,0.000,0
7.352858,2800.00,2800.14,1,1,36,0,0.000,0
7.353215,2800.00,2801.12,1,1,37,0,0.000,0
7.353572,2800.00,2800.14,1,1,38,0,0.000,0
7.353929,2800.00,2799.16,1,1,39,0,0.000,0
7.354286,2800.00,2800.14,1,1,40,0,0.000,0
7.354643,2800.00,2800.14,1,1,41,0,0.000,0
7.355000,2800.00,2801.12,1,1,42,0,0.000,0
7.355358,2800.00,2800.14,1,1,43,0,0.000,0
7.355715,2800.00,2799.16,1,1,44,0,0.000,0
7.356072,2800.00,2800.14,1,1,45,0,0.000,0
7.356429,2800.00,2800.14,1,1,46,0,0.000,0
7.356786,2800.00,2799.16,1,1,47,0,0.000,0
7.357143,2800.00,2801.12,1,1,48,0,0.000,0
7.357500,2800.00,2800.14,1,1,49,0,0.000,0
7.357858,2800.00,2797.20,1,1,50,0,0.000,0
7.358215,2800.00,2798.18,1,1,51,0,0.000,0
7.358572,2800.00,2800.14,1,1,52,0,0.000,0
7.358929,2800.00,2799.16,1,1,53,0,0.000,0
7.359286,2800.00,2800.14,1,1,54,0,0.000,0
7.359643,2800.00,2801.12,1,1,55,0,0.000,0
7.360000,2800.00,2799.16,1,1,56,0,0.000,0
7.360358,2800.00,2800.14,1,1,57,0,0.000,0
7.361429,2800.00,2801.12,1,1,0,1,0.000,0
7.361786,2800.00,2801.12,1,1,1,1,0.000,0
7.362143,2800.00,2800.34,1,1,2,1,0.000,0
7.362500,2800.00,2800.34,1,1,3,1,0.000,0
7.362858,2800.00,2801.12,1,1,4,1,0.000,0
7.363215,2800.00,2800.34,1,1,5,1,0.000,0
7.363572,2800.00,2800.34,1,1,6,1,0.000,0
7.363929,2800.00,2799.55,1,1,7,1,0.000,0
7.364286,2800.00,2800.14,1,1,8,1,0.000,0
7.364643,2800.00,2799.16,1,1,9,1,0.000,0
7.365000,2800.00,2799.16,1,1,10,1,0.000,0
7.365358,2800.00,2799.16,1,1,11,1,0.000,0
7.365715,2800.00,2800.14,1,1,12,1,0.000,0
7.366072,2800.00,2800.14,1,1,13,1,0.000,0
7.366429,2800.00,2800.14,1,1,14,1,0.000,0
7.366786,2800.00,2800.14,1,1,15,1,0.000,0
7.367143,2800.00,2799.16,1,1,16,1,0.000,0
7.367500,2800.00,2800.14,1,1,17,1,0.000,0
7.367858,2800.00,2800.14,1,1,18,1,0.000,0
7.368215,2800.00,2801.12,1,1,19,1,0.000,0
7.368572,2800.00,2798.18,1,1,20,1,0.000,0
7.368929,2800.00,2800.14,1,1,21,1,0.000,0
7.369286,2800.00,2800.14,1,1,22,1,0.000,0
7.369643,2800.00,2800.14,1,1,23,1,0.000,0
7.370000,2800.00,2801.12,1,1,24,1,0.000,0
7.370358,2800.00,2800.14,1,1,25,1,0.000,0
7.370715,2800.00,2800.14,1,1,26,1,0.000,0
7.371072,2800.00,2799.16,1,1,27,1,0.000,0
7.371429,2800.00,2800.14,1,1,28,1,0.000,0
7.371786,2800.00,2799.16,1,1,29,1,0.000,0
7.372143,2800.00,2799.16,1,1,30,1,0.000,0
7.372500,2800.00,2799.16,1,1,31,1,0.000,0
7.372858,2800.00,2799.16,1,1,32,1,0.000,0
7.373215,2800.00,2800.14,1,1,33,1,0.000,0
7.373572,2800.00,2800.14,1,1,34,1,0.000,0
7.373929,2800.00,2801.12,1,1,35,1,0.000,0
7.374286,2800.00,2800.14,1,1,36,1,0.000,0
7.374643,2800.00,2802.10,1,1,37,1,0.000,0
7.375000,2800.00,2801.12,1,1,38,1,0.000,0
7.375358,2800.00,2800.14,1,1,39,1,0.000,0
7.375715,2800.00,2799.16,1,1,40,1,0.000,0
7.376072,2800.00,2799.16,1,1,41,1,0.000,0
7.376429,2800.00,2800.14,1,1,42,1,0.000,0
7.376786,2800.00,2799.16,1,1,43,1,0.000,0
7.377143,2800.00,2800.14,1,1,44,1,0.000,0
7.377500,2800.00,2798.18,1,1,45,1,0.000,0
7.377858,2800.00,2799.16,1,1,46,1,0.000,0
7.378215,2800.00,2801.12,1,1,47,1,0.000,0
7.378572,2800.00,2801.12,1,1,48,1,0.000,0
7.378929,2800.00,2801.12,1,1,49,1,0.000,0
7.379286,2800.00,2799.16,1,1,50,1,0.000,0
7.379643,2800.00,2800.14,1,1,51,1,0.000,0
7.380000,2800.00,2799.16,1,1,52,1,0.000,0
7.380358,2800.00,2801.12,1,1,53,1,0.000,0
7.380715,2800.00,2800.14,1,1,54,1,0.000,0
7.381072,2800.00,2799.16,1,1,55,1,0.000,0
7.381429,2800.00,2801.12,1,1,56,1,0.000,0
7.381786,2800.00,2800.14,1,1,57,1,0.000,0
7.382858,2800.00,2800.34,1,1,0,0,0.000,0
7.383215,2800.00,2799.55,1,1,1,0,0.000,0
7.383572,2800.00,2799.55,1,1,2,0,0.000,0
7.383929,2800.00,2800.34,1,1,3,0,0.000,0
7.384286,2800.00,2801.12,1,1,4,0,0.000,0
7.384643,2800.00,2800.34,1,1,5,0,0.000,0
7.385000,2800.00,2799.55,1,1,6,0,0.000,0
7.385358,2800.00,2799.55,1,1,7,0,0.000,0
7.385715,2800.00,2800.14,1,1,8,0,0.000,0
7.386072,2800.00,2801.12,1,1,9,0,0.000,0
7.386429,2800.00,2801.12,1,1,10,0,0.000,0
7.386786,2800.00,2800.14,1,1,11,0,0.000,0
7.387143,2800.00,2798.18,1,1,12,0,0.000,0
7.387500,2800.00,2800.14,1,1,13,0,0.000,0
7.387858,2800.00,2798.18,1,1,14,0,0.000,0
7.388215,2800.00,2801.12,1,1,15,0,0.000,0
7.388572,2800.00,2799.16,1,1,16,0,0.000,0
7.388929,2800.00,2799.16,1,1,17,0,0.000,0
7.389286,2800.00,2800.14,1,1,18,0,0.000,0
7.389643,2800.00,2799.16,1,1,19,0,0.000,0
7.390000,2800.00,2802.10,1,1,20,0,0.000,0
7.390358,2800.00,2798.18,1,1,21,0,0.000,0
7.390715,2800.00,2801.12,1,1,22,0,0.000,0
7.391072,2800.00,2800.14,1,1,23,0,0.000,0
7.391429,2800.00,2801.12,1,1,24,0,0.000,0
7.391786,2800.00,2799.16,1,1,25,0,0.000,0
7.392143,2800.00,2798.18,1,1,26,0,0.000,0
7.392500,2800.00,2799.16,1,1,27,0,0.000,0
7.392858,2800.00,2798.18,1,1,28,0,0.000,0
7.393215,2800.00,2801.12,1,1,29,0,0.000,0
7.393572,2800.00,2800.14,1,1,30,0,0.000,0
7.393929,2800.00,2798.18,1,1,31,0,0.000,0
7.394286,2800.00,2800.14,1,1,32,0,0.000,0
7.394643,2800.00,2802.10,1,1,33,0,0.000,0
7.395000,2800.00,2801.12,1,1,34,0,0.000,0
7.395358,2800.00,2800.14,1,1,35,0,0.000,0
7.395715,2800.00,2800.14,1,1,36,0,0.000,0
7.396072,2800.00,2800.14,1,1,37,0,0.000,0
7.396429,2800.00,2800.14,1,1,38,0,0.000,0
7.396786,2800.00,2802.10,1,1,39,0,0.000,0
7.397143,2800.00,2800.14,1,1,40,0,0.000,0
7.397500,2800.00,2798.18,1,1,41,0,0.000,0
7.397858,2800.00,2800.14,1,1,42,0,0.000,0
7.398215,2800.00,2800.14,1,1,43,0,0.000,0
7.398572,2800.00,2800.14,1,1,44,0,0.000,0
7.398929,2800.00,2801.12,1,1,45,0,0.000,0
7.399286,2800.00,2802.10,1,1,46,0,0.000,0
7.399643,2800.00,2798.18,1,1,47,0,0.000,0
7.400000,2800.00,2799.16,1,1,48,0,0.000,0
7.400358,2800.00,2800.14,1,1,49,0,0.000,0
7.400715,2800.00,2800.14,1,1,50,0,0.000,0
7.401072,2800.00,2799.16,1,1,51,0,0.000,0
7.401429,2800.00,2801.12,1,1,52,0,0.000,0
7.401786,2800.00,2798.18,1,1,53,0,0.000,0
7.402143,2800.00,2798.18,1,1,54,0,0.000,0
7.402500,2800.00,2801.12,1,1,55,0,0.000,0
7.402858,2800.00,2799.16,1,1,56,0,0.000,0
7.403215,2800.00,2801.12,1,1,57,0,0.000,0
7.404286,2800.00,2799.55,1,1,0,1,0.000,0
7.404643,2800.00,2800.34,1,1,1,1,0.000,0
7.405000,2800.00,2799.55,1,1,2,1,0.000,0
7.405358,2800.00,2801.12,1,1,3,1,0.000,0
7.405715,2800.00,2800.34,1,1,4,1,0.000,0
7.406072,2800.00,2799.55,1,1,5,1,0.000,0
7.406429,2800.00,2800.34,1,1,6,1,0.000,0
7.406786,2800.00,2800.34,1,1,7,1,0.000,0
7.407143,2800.00,2801.12,1,1,8,1,0.000,0
7.407500,2800.00,2801.12,1,1,9,1,0.000,0
7.407858,2800.00,2799.16,1,1,10,1,0.000,0
7.408215,2800.00,2799.16,1,1,11,1,0.000,0
7.408572,2800.00,2799.16,1,1,12,1,0.000,0
7.408929,2800.00,2799.16,1,1,13,1,0.000,0
7.409286,2800.00,2802.10,1,1,14,1,0.000,0
7.409643,2800.00,2798.18,1,1,15,1,0.000,0
7.410000,2800.00,2800.14,1,1,16,1,0.000,0
7.410358,2800.00,2800.14,1,1,17,1,0.000,0
7.410715,2800.00,2801.12,1,1,18,1,0.000,0
7.411072,2800.00,2800.14,1,1,19,1,0.000,0
7.411429,2800.00,2800.14,1,1,20,1,0.000,0
7.411786,2800.00,2800.14,1,1,21,1,0.000,0
7.412143,2800.00,2799.16,1,1,22,1,0.000,0
7.412500,2800.00,2801.12,1,1,23,1,0.000,0
7.412858,2800.00,2799.16,1,1,24,1,0.000,0
7.413215,2800.00,2799.16,1,1,25,1,0.000,0
7.413572,2800.00,2799.16,1,1,26,1,0.000,0
7.413929,2800.00,2801.12,1,1,27,1,0.000,0
7.414286,2800.00,2800.14,1,1,28,1,0.000,0
7.414643,2800.00,2800.14,1,1,29,1,0.000,0
7.415000,2800.00,2800.14,1,1,30,1,0.000,0
7.415358,2800.00,2800.14,1,1,31,1,0.000,0
7.415715,2800.00,2800.14,1,1,32,1,0.000,0
7.416072,2800.00,2799.16,1,1,33,1,0.000,0
7.416429,2800.00,2800.14,1,1,34,1,0.000,0
7.416786,2800.00,2798.18,1,1,35,1,0.000,0
7.417143,2800.00,2800.14,1,1,36,1,0.000,0
7.417500,2800.00,2801.12,1,1,37,1,0.000,0
7.417858,2800.00,2799.16,1,1,38,1,0.000,0
7.418215,2800.00,2801.12,1,1,39,1,0.000,0
7.418572,2800.00,2799.16,1,1,40,1,0.000,0
7.418929,2800.00,2801.12,1,1,41,1,0.000,0
7.419286,2800.00,2800.14,1,1,42,1,0.000,0
7.419643,2800.00,2801.12,1,1,43,1,0.000,0
7.420000,2800.00,2800.14,1,1,44,1,0.000,0
7.420358,2800.00,2800.14,1,1,45,1,0.000,0
7.420715,2800.00,2800.14,1,1,46,1,0.000,0
7.421072,2800.00,2798.18,1,1,47,1,0.000,0
7.421429,2800.00,2800.14,1,1,48,1,0.000,0
7.421786,2800.00,2799.16,1,1,49,1,0.000,0
7.422143,2800.00,2800.14,1,1,50,1,0.000,0
7.422500,2800.00,2799.16,1,1,51,1,0.000,0
7.422858,2800.00,2800.14,1,1,52,1,0.000,0
7.423215,2800.00,2801.12,1,1,53,1,0.000,0
7.423572,2800.00,2800.14,1,1,54,1,0.000,0
7.423929,2800.00,2802.10,1,1,55,1,0.000,0
7.424286,2800.00,2800.14,1,1,56,1,0.000,0
7.424643,2800.00,2800.14,1,1,57,1,0.000,0
7.425715,2800.00,2799.55,1,1,0,0,0.000,0
7.426072,2800.00,2801.91,1,1,1,0,0.000,0
7.426429,2800.00,2799.55,1,1,2,0,0.000,0
7.426786,2800.00,2797.99,1,1,3,0,0.000,0
7.427143,2800.00,2799.55,1,1,4,0,0.000,0
7.427500,2800.00,2798.77,1,1,5,0,0.000,0
7.427858,2800.00,2801.12,1,1,6,0,0.000,0
7.428215,2800.00,2800.34,1,1,7,0,0.000,0
7.428572,2800.00,2800.14,1,1,8,0,0.000,0
7.428929,2800.00,2799.16,1,1,9,0,0.000,0
7.429286,2800.00,2801.12,1,1,10,0,0.000,0
7.429643,2800.00,2801.12,1,1,11,0,0.000,0
7.430000,2800.00,2801.12,1,1,12,0,0.000,0
7.430358,2800.00,2800.14,1,1,13,0,0.000,0
7.430715,2800.00,2799.16,1,1,14,0,0.000,0
7.431072,2800.00,2800.14,1,1,15,0,0.000,0
7.431429,2800.00,2800.14,1,1,16,0,0.000,0
7.431786,2800.00,2799.16,1,1,17,0,0.000,0
7.432143,2800.00,2798.18,1,1,18,0,0.000,0
7.432500,2800.00,2799.16,1,1,19,0,0.000,0
7.432858,2800.00,2801.12,1,1,20,0,0.000,0
7.433215,2800.00,2798.18,1,1,21,0,0.000,0
7.433572,2800.00,2801.12,1,1,22,0,0.000,0
7.433929,2800.00,2800.14,1,1,23,0,0.000,0
7.434286,2800.00,2800.14,1,1,24,0,0.000,0
7.434643,2800.00,2799.16,1,1,25,0,0.000,0
7.435000,2800.00,2800.14,1,1,26,0,0.000,0
7.435358,2800.00,2800.14,1,1,27,0,0.000,0
7.435715,2800.00,2799.16,1,1,28,0,0.000,0
7.436072,2800.00,2800.14,1,1,29,0,0.000,0
7.436429,2800.00,2799.16,1,1,30,0,0.000,0
7.436786,2800.00,2800.14,1,1,31,0,0.000,0
7.437143,2800.00,2800.14,1,1,32,0,0.000,0
7.437500,2800.00,2802.10,1,1,33,0,0.000,0
7.437858,2800.00,2800.14,1,1,34,0,0.000,0
7.438215,2800.00,2801.12,1,1,35,0,0.000,0
7.438572,2800.00,2801.12,1,1,36,0,0.000,0
7.438929,2800.00,2801.12,1,1,37,0,0.000,0
7.439286,2800.00,2800.14,1,1,38,0,0.000,0
7.439643,2800.00,2799.16,1,1,39,0,0.000,0
7.440000,2800.00,2800.14,1,1,40,0,0.000,0
7.440358,2800.00,2799.16,1,1,41,0,0.000,0
7.440715,2800.00,2800.14,1,1,42,0,0.000,0
7.441072,2800.00,2798.18,1,1,43,0,0.000,0
7.441429,2800.00,2798.18,1,1,44,0,0.000,0
7.441786,2800.00,2800.14,1,1,45,0,0.000,0
7.442143,2800.00,2800.14,1,1,46,0,0.000,0
7.442500,2800.00,2801.12,1,1,47,0,0.000,0
7.442858,2800.00,2799.16,1,1,48,0,0.000,0
7.443215,2800.00,2799.16,1,1,49,0,0.000,0
7.443572,2800.00,2800.14,1,1,50,0,0.000,0
7.443929,2800.00,2800.14,1,1,51,0,0.000,0
7.444286,2800.00,2800.14,1,1,52,0,0.000,0
7.444643,2800.00,2800.14,1,1,53,0,0.000,0
7.445000,2800.00,2799.16,1,1,54,0,0.000,0
7.445358,2800.00,2800.14,1,1,55,0,0.000,0
7.445715,2800.00,2801.12,1,1,56,0,0.000,0
7.446072,2800.00,2800.14,1,1,57,0,0.000,0
7.447143,2800.00,2799.55,1,1,0,1,0.000,0
7.447500,2800.00,2800.34,1,1,1,1,0.000,0
7.447858,2800.00,2799.55,1,1,2,1,0.000,0
7.448215,2800.00,2799.55,1,1,3,1,0.000,0
7.448572,2800.00,2800.34,1,1,4,1,0.000,0
7.448929,2800.00,2799.55,1,1,5,1,0.000,0
7.449286,2800.00,2799.55,1,1,6,1,0.000,0
7.449643,2800.00,2799.55,1,1,7,1,0.000,0
7.450000,2800.00,2801.12,1,1,8,1,0.000,0
7.450358,2800.00,2801.12,1,1,9,1,0.000,0
7.450715,2800.00,2801.12,1,1,10,1,0.000,0
7.451072,2800.00,2801.12,1,1,11,1,0.000,0
7.451429,2800.00,2800.14,1,1,12,1,0.000,0
7.451786,2800.00,2800.14,1,1,13,1,0.000,0
7.452143,2800.00,2799.16,1,1,14,1,0.000,0
7.452500,2800.00,2801.12,1,1,15,1,0.000,0
7.452858,2800.00,2801.12,1,1,16,1,0.000,0
7.453215,2800.00,2798.18,1,1,17,1,0.000,0
7.453572,2800.00,2800.14,1,1,18,1,0.000,0
7.453929,2800.00,2799.16,1,1,19,1,0.000,0
7.454286,2800.00,2799.16,1,1,20,1,0.000,0
7.454643,2800.00,2798.18,1,1,21,1,0.000,0
7.455000,2800.00,2800.14,1,1,22,1,0.000,0
7.455358,2800.00,2800.14,1,1,23,1,0.000,0
7.455715,2800.00,2798.18,1,1,24,1,0.000,0
7.456072,2800.00,2800.14,1,1,25,1,0.000,0
7.456429,2800.00,2799.16,1,1,26,1,0.000,0
7.456786,2800.00,2802.10,1,1,27,1,0.000,0
7.457143,2800.00,2801.12,1,1,28,1,0.000,0
7.457500,2800.00,2804.07,1,1,29,1,0.000,0
7.457858,2800.00,2801.12,1,1,30,1,0.000,0
7.458215,2800.00,2800.14,1,1,31,1,0.000,0
7.458572,2800.00,2801.12,1,1,32,1,0.000,0
7.458929,2800.00,2802.10,1,1,33,1,0.000,0
7.459286,2800.00,2800.14,1,1,34,1,0.000,0
7.459643,2800.00,2798.18,1,1,35,1,0.000,0
7.460000,2800.00,2799.16,1,1,36,1,0.000,0
7.460358,2800.00,2797.20,1,1,37,1,0.000,0
7.460715,2800.00,2798.18,1,1,38,1,0.000,0
7.461072,2800.00,2799.16,1,1,39,1,0.000,0
7.461429,2800.00,2798.18,1,1,40,1,0.000,0
7.461786,2800.00,2799.16,1,1,41,1,0.000,0
7.462143,2800.00,2800.14,1,1,42,1,0.000,0
7.462500,2800.00,2799.16,1,1,43,1,0.000,0
7.462858,2800.00,2800.14,1,1,44,1,0.000,0
7.463215,2800.00,2800.14,1,1,45,1,0.000,0
7.463572,2800.00,2801.12,1,1,46,1,0.000,0
7.463929,2800.00,2800.14,1,1,47,1,0.000,0
7.464286,2800.00,2801.12,1,1,48,1,0.000,0
7.464643,2800.00,2800.14,1,1,49,1,0.000,0
7.465000,2800.00,2800.14,1,1,50,1,0.000,0
7.465358,2800.00,2800.14,1,1,51,1,0.000,0
7.465715,2800.00,2800.14,1,1,52,1,0.000,0
7.466072,2800.00,2800.14,1,1,53,1,0.000,0
7.466429,2800.00,2800.14,1,1,54,1,0.000,0
7.466786,2800.00,2799.16,1,1,55,1,0.000,0
7.467143,2800.00,2800.14,1,1,56,1,0.000,0
7.467500,2800.00,2800.14,1,1,57,1,0.000,0
7.468572,2800.00,2799.55,1,1,0,0,0.000,0
7.468929,2800.00,2800.34,1,1,1,0,0.000,0
7.469286,2800.00,2801.12,1,1,2,0,0.000,0
7.469643,2800.00,2800.34,1,1,3,0,0.000,0
7.470000,2800.00,2799.55,1,1,4,0,0.000,0
7.470358,2800.00,2801.12,1,1,5,0,0.000,0
7.470715,2800.00,2800.34,1,1,6,0,0.000,0
7.471072,2800.00,2800.34,1,1,7,0,0.000,0
7.471429,2800.00,2799.16,1,1,8,0,0.000,0
7.471786,2800.00,2800.14,1,1,9,0,0.000,0
7.472143,2800.00,2799.16,1,1,10,0,0.000,0
7.472500,2800.00,2800.14,1,1,11,0,0.000,0
7.472858,2800.00,2800.14,1,1,12,0,0.000,0
7.473215,2800.00,2800.14,1,1,13,0,0.000,0
7.473572,2800.00,2799.16,1,1,14,0,0.000,0
7.473929,2800.00,2799.16,1,1,15,0,0.000,0
7.474286,2800.00,2800.14,1,1,16,0,0.000,0
7.474643,2800.00,2799.16,1,1,17,0,0.000,0
7.475000,2800.00,2800.14,1,1,18,0,0.000,0
7.475358,2800.00,2800.14,1,1,19,0,0.000,0
7.475715,2800.00,2799.16,1,1,20,0,0.000,0
7.476072,2800.00,2800.14,1,1,21,0,0.000,0
7.476429,2800.00,2800.14,1,1,22,0,0.000,0
7.476786,2800.00,2800.14,1,1,23,0,0.000,0
7.477143,2800.00,2802.10,1,1,24,0,0.000,0
7.477500,2800.00,2800.14,1,1,25,0,0.000,0
7.477858,2800.00,2799.16,1,1,26,0,0.000,0
7.478215,2800.00,2799.16,1,1,27,0,0.000,0
7.478572,2800.00,2800.14,1,1,28,0,0.000,0
7.478929,2800.00,2799.16,1,1,29,0,0.000,0
7.479286,2800.00,2800.14,1,1,30,0,0.000,0
7.479643,2800.00,2800.14,1,1,31,0,0.000,0
7.480000,2800.00,2799.16,1,1,32,0,0.000,0
7.480358,2800.00,2801.12,1,1,33,0,0.000,0
7.480715,2800.00,2800.14,1,1,34,0,0.000,0
7.481072,2800.00,2801.12,1,1,35,0,0.000,0
7.481429,2800.00,2801.12,1,1,36,0,0.000,0
7.481786,2800.00,2800.14,1,1,37,0,0.000,0
7.482143,2800.00,2799.16,1,1,38,0,0.000,0
7.482500,2800.00,2799.16,1,1,39,0,0.000,0
7.482858,2800.00,2800.14,1,1,40,0,0.000,0
7.483215,2800.00,2800.14,1,1,41,0,0.000,0
7.483572,2800.00,2801.12,1,1,42,0,0.000,0
7.483929,2800.00,2799.16,1,1,43,0,0.000,0
7.484286,2800.00,2800.14,1,1,44,0,0.000,0
7.484643,2800.00,2799.16,1,1,45,0,0.000,0
7.485000,2800.00,2801.12,1,1,46,0,0.000,0
7.485358,2800.00,2801.12,1,1,47,0,0.000,0
7.485715,2800.00,2801.12,1,1,48,0,0.000,0
7.486072,2800.00,2799.16,1,1,49,0,0.000,0
7.486429,2800.00,2800.14,1,1,50,0,0.000,0
7.486786,2800.00,2799.16,1,1,51,0,0.000,0
7.487143,2800.00,2800.14,1,1,52,0,0.000,0
7.487500,2800.00,2799.16,1,1,53,0,0.000,0
7.487858,2800.00,2799.16,1,1,54,0,0.000,0
7.488215,2800.00,2799.16,1,1,55,0,0.000,0
7.488572,2800.00,2799.16,1,1,56,0,0.000,0
7.488929,2800.00,2801.12,1,1,57,0,0.000,0
7.490000,2800.00,2799.55,1,1,0,1,0.000,0
7.490358,2800.00,2800.34,1,1,1,1,0.000,0
7.490715,2800.00,2800.34,1,1,2,1,0.000,0
7.491072,2800.00,2799.55,1,1,3,1,0.000,0
7.491429,2800.00,2800.34,1,1,4,1,0.000,0
7.491786,2800.00,2800.34,1,1,5,1,0.000,0
7.492143,2800.00,2798.77,1,1,6,1,0.000,0
7.492500,2800.00,2798.77,1,1,7,1,0.000,0
7.492858,2800.00,2799.16,1,1,8,1,0.000,0
7.493215,2800.00,2801.12,1,1,9,1,0.000,0
7.493572,2800.00,2799.16,1,1,10,1,0.000,0
7.493929,2800.00,2803.08,1,1,11,1,0.000,0
7.494286,2800.00,2800.14,1,1,12,1,0.000,0
7.494643,2800.00,2800.14,1,1,13,1,0.000,0
7.495000,2800.00,2800.14,1,1,14,1,0.000,0
7.495358,2800.00,2800.14,1,1,15,1,0.000,0
7.495715,2800.00,2800.14,1,1,16,1,0.000,0
7.496072,2800.00,2799.16,1,1,17,1,0.000,0
7.496429,2800.00,2800.14,1,1,18,1,0.000,0
7.496786,2800.00,2798.18,1,1,19,1,0.000,0
7.497143,2800.00,2799.16,1,1,20,1,0.000,0
7.497500,2800.00,2799.16,1,1,21,1,0.000,0
7.497858,2800.00,2800.14,1,1,22,1,0.000,0
7.498215,2800.00,2800.14,1,1,23,1,0.000,0
7.498572,2800.00,2800.14,1,1,24,1,0.000,0
7.498929,2800.00,2801.12,1,1,25,1,0.000,0
7.499286,2800.00,2800.14,1,1,26,1,0.000,0
7.499643,2800.00,2801.12,1,1,27,1,0.000,0
7.500000,2800.00,2800.14,1,1,28,1,0.000,0
7.500358,2800.00,2800.14,1,1,29,1,0.000,0
7.500715,2800.00,2800.14,1,1,30,1,0.000,0
7.501072,2800.00,2800.14,1,1,31,1,0.000,0
7.501429,2800.00,2800.14,1,1,32,1,0.000,0
7.501786,2800.00,2798.18,1,1,33,1,0.000,0
7.502143,2800.00,2800.14,1,1,34,1,0.000,0
7.502500,2800.00,2800.14,1,1,35,1,0.000,0
7.502858,2800.00,2801.12,1,1,36,1,0.000,0
7.503215,2800.00,2802.10,1,1,37,1,0.000,0
7.503572,2800.00,2800.14,1,1,38,1,0.000,0
7.503929,2800.00,2801.12,1,1,39,1,0.000,0
7.504286,2800.00,2800.14,1,1,40,1,0.000,0
7.504643,2800.00,2801.12,1,1,41,1,0.000,0
7.505000,2800.00,2799.16,1,1,42,1,0.000,0
7.505358,2800.00,2800.14,1,1,43,1,0.000,0
7.505715,2800.00,2798.18,1,1,44,1,0.000,0
7.506072,2800.00,2799.16,1,1,45,1,0.000,0
7.506429,2800.00,2800.14,1,1,46,1,0.000,0
7.506786,2800.00,2800.14,1,1,47,1,0.000,0
7.507143,2800.00,2799.16,1,1,48,1,0.000,0
7.507500,2800.00,2801.12,1,1,49,1,0.000,0
7.507858,2800.00,2800.14,1,1,50,1,0.000,0
7.508215,2800.00,2799.16,1,1,51,1,0.000,0
7.508572,2800.00,2802.10,1,1,52,1,0.000,0
7.508929,2800.00,2799.16,1,1,53,1,0.000,0
7.509286,2800.00,2800.14,1,1,54,1,0.000,0
7.509643,2800.00,2799.16,1,1,55,1,0.000,0
7.510000,2800.00,2800.14,1,1,56,1,0.000,0
7.510358,2800.00,2798.18,1,1,57,1,0.000,0
7.511429,2800.00,2799.55,1,1,0,0,0.000,0
7.511786,2800.00,2800.34,1,1,1,0,0.000,0
7.512143,2800.00,2797.99,1,1,2,0,0.000,0
7.512500,2800.00,2800.34,1,1,3,0,0.000,0
7.512858,2800.00,2800.34,1,1,4,0,0.000,0
7.513215,2800.00,2800.34,1,1,5,0,0.000,0
7.513572,2800.00,2801.91,1,1,6,0,0.000,0
7.513929,2800.00,2799.55,1,1,7,0,0.000,0
7.514286,2800.00,2802.10,1,1,8,0,0.000,0
7.514643,2800.00,2801.12,1,1,9,0,0.000,0
7.515000,2800.00,2801.12,1,1,10,0,0.000,0
7.515358,2800.00,2800.14,1,1,11,0,0.000,0
7.515715,2800.00,2798.18,1,1,12,0,0.000,0
7.516072,2800.00,2798.18,1,1,13,0,0.000,0
7.516429,2800.00,2798.18,1,1,14,0,0.000,0
7.516786,2800.00,2801.12,1,1,15,0,0.000,0
7.517143,2800.00,2798.18,1,1,16,0,0.000,0
7.517500,2800.00,2799.16,1,1,17,0,0.000,0
7.517858,2800.00,2801.12,1,1,18,0,0.000,0
7.518215,2800.00,2799.16,1,1,19,0,0.000,0
7.518572,2800.00,2800.14,1,1,20,0,0.000,0
7.518929,2800.00,2800.14,1,1,21,0,0.000,0
7.519286,2800.00,2799.16,1,1,22,0,0.000,0
7.519643,2800.00,2799.16,1,1,23,0,0.000,0
7.520000,2800.00,2801.12,1,1,24,0,0.000,0
7.520358,2800.00,2798.18,1,1,25,0,0.000,0
7.520715,2800.00,2799.16,1,1,26,0,0.000,0
7.521072,2800.00,2800.14,1,1,27,0,0.000,0
7.521429,2800.00,2801.12,1,1,28,0,0.000,0
7.521786,2800.00,2801.12,1,1,29,0,0.000,0
7.522143,2800.00,2801.12,1,1,30,0,0.000,0
7.522500,2800.00,2802.10,1,1,31,0,0.000,0
7.522858,2800.00,2800.14,1,1,32,0,0.000,0
7.523215,2800.00,2801.12,1,1,33,0,0.000,0
7.523572,2800.00,2800.14,1,1,34,0,0.000,0
7.523929,2800.00,2798.18,1,1,35,0,0.000,0
7.524286,2800.00,2800.14,1,1,36,0,0.000,0
7.524643,2800.00,2798.18,1,1,37,0,0.000,0
7.525000,2800.00,2799.16,1,1,38,0,0.000,0
7.525358,2800.00,2799.16,1,1,39,0,0.000,0
7.525715,2800.00,2800.14,1,1,40,0,0.000,0
7.526072,2800.00,2801.12,1,1,41,0,0.000,0
7.526429,2800.00,2799.16,1,1,42,0,0.000,0
7.526786,2800.00,2802.10,1,1,43,0,0.000,0
7.527143,2800.00,2800.14,1,1,44,0,0.000,0
7.527500,2800.00,2801.12,1,1,45,0,0.000,0
7.527858,2800.00,2801.12,1,1,46,0,0.000,0
7.528215,2800.00,2799.16,1,1,47,0,0.000,0
7.528572,2800.00,2799.16,1,1,48,0,0.000,0
7.528929,2800.00,2798.18,1,1,49,0,0.000,0
7.529286,2800.00,2802.10,1,1,50,0,0.000,0
7.529643,2800.00,2799.16,1,1,51,0,0.000,0
7.530000,2800.00,2799.16,1,1,52,0,0.000,0
7.530358,2800.00,2801.12,1,1,53,0,0.000,0
7.530715,2800.00,2799.16,1,1,54,0,0.000,0
7.531072,2800.00,2800.14,1,1,55,0,0.000,0
7.531429,2800.00,2801.12,1,1,56,0,0.000,0
7.531786,2800.00,2802.10,1,1,57,0,0.000,0
7.532858,2800.00,2799.55,1,1,0,1,0.000,0
7.533215,2800.00,2800.34,1,1,1,1,0.000,0
7.533572,2800.00,2801.12,1,1,2,1,0.000,0
7.533929,2800.00,2799.55,1,1,3,1,0.000,0
7.534286,2800.00,2800.34,1,1,4,1,0.000,0
7.534643,2800.00,2801.12,1,1,5,1,0.000,0
7.535000,2800.00,2797.99,1,1,6,1,0.000,0
7.535358,2800.00,2798.77,1,1,7,1,0.000,0
7.535715,2800.00,2799.16,1,1,8,1,0.000,0
7.536072,2800.00,2800.14,1,1,9,1,0.000,0
7.536429,2800.00,2799.16,1,1,10,1,0.000,0
7.536786,2800.00,2799.16,1,1,11,1,0.000,0
7.537143,2800.00,2799.16,1,1,12,1,0.000,0
7.537500,2800.00,2799.16,1,1,13,1,0.000,0
7.537858,2800.00,2801.12,1,1,14,1,0.000,0
7.538215,2800.00,2800.14,1,1,15,1,0.000,0
7.538572,2800.00,2800.14,1,1,16,1,0.000,0
7.538929,2800.00,2800.14,1,1,17,1,0.000,0
7.539286,2800.00,2800.14,1,1,18,1,0.000,0
7.539643,2800.00,2800.14,1,1,19,1,0.000,0
7.540000,2800.00,2802.10,1,1,20,1,0.000,0
7.540358,2800.00,2800.14,1,1,21,1,0.000,0
7.540715,2800.00,2800.14,1,1,22,1,0.000,0
7.541072,2800.00,2801.12,1,1,23,1,0.000,0
7.541429,2800.00,2800.14,1,1,24,1,0.000,0
7.541786,2800.00,2800.14,1,1,25,1,0.000,0
7.542143,2800.00,2799.16,1,1,26,1,0.000,0
7.542500,2800.00,2802.10,1,1,27,1,0.000,0
7.542858,2800.00,2799.16,1,1,28,1,0.000,0
7.543215,2800.00,2800.14,1,1,29,1,0.000,0
7.543572,2800.00,2801.12,1,1,30,1,0.000,0
7.543929,2800.00,2798.18,1,1,31,1,0.000,0
7.544286,2800.00,2801.12,1,1,32,1,0.000,0
7.544643,2800.00,2800.14,1,1,33,1,0.000,0
7.545000,2800.00,2801.12,1,1,34,1,0.000,0
7.545358,2800.00,2799.16,1,1,35,1,0.000,0
7.545715,2800.00,2800.14,1,1,36,1,0.000,0
7.546072,2800.00,2799.16,1,1,37,1,0.000,0
7.546429,2800.00,2799.16,1,1,38,1,0.000,0
7.546786,2800.00,2801.12,1,1,39,1,0.000,0
7.547143,2800.00,2799.16,1,1,40,1,0.000,0
7.547500,2800.00,2800.14,1,1,41,1,0.000,0
7.547858,2800.00,2800.14,1,1,42,1,0.000,0
7.548215,2800.00,2800.14,1,1,43,1,0.000,0
7.548572,2800.00,2799.16,1,1,44,1,0.000,0
7.548929,2800.00,2801.12,1,1,45,1,0.000,0
7.549286,2800.00,2800.14,1,1,46,1,0.000,0
7.549643,2800.00,2800.14,1,1,47,1,0.000,0
7.550000,2800.00,2799.16,1,1,48,1,0.000,0
7.550358,2800.00,2800.14,1,1,49,1,0.000,0
7.550715,2800.00,2799.16,1,1,50,1,0.000,0
7.551072,2800.00,2800.14,1,1,51,1,0.000,0
7.551429,2800.00,2799.16,1,1,52,1,0.000,0
7.551786,2800.00,2799.16,1,1,53,1,0.000,0
7.552143,2800.00,2800.14,1,1,54,1,0.000,0
7.552500,2800.00,2800.14,1,1,55,1,0.000,0
7.552858,2800.00,2799.16,1,1,56,1,0.000,0
7.553215,2800.00,2799.16,1,1,57,1,0.000,0
7.554286,2800.00,2799.55,1,1,0,0,0.000,0
7.554643,2800.00,2799.55,1,1,1,0,0.000,0
7.555000,2800.00,2801.12,1,1,2,0,0.000,0
7.555358,2800.00,2800.34,1,1,3,0,0.000,0
7.555715,2800.00,2799.55,1,1,4,0,0.000,0
7.556072,2800.00,2798.77,1,1,5,0,0.000,0
7.556429,2800.00,2800.34,1,1,6,0,0.000,0
7.556786,2800.00,2801.12,1,1,7,0,0.000,0
7.557143,2800.00,2800.14,1,1,8,0,0.000,0
7.557500,2800.00,2799.16,1,1,9,0,0.000,0
7.557858,2800.00,2799.16,1,1,10,0,0.000,0
7.558215,2800.00,2799.16,1,1,11,0,0.000,0
7.558572,2800.00,2800.14,1,1,12,0,0.000,0
7.558929,2800.00,2801.12,1,1,13,0,0.000,0
7.559286,2800.00,2801.12,1,1,14,0,0.000,0
7.559643,2800.00,2799.16,1,1,15,0,0.000,0
7.560000,2800.00,2801.12,1,1,16,0,0.000,0
7.560358,2800.00,2799.16,1,1,17,0,0.000,0
7.560715,2800.00,2801.12,1,1,18,0,0.000,0
7.561072,2800.00,2801.12,1,1,19,0,0.000,0
7.561429,2800.00,2801.12,1,1,20,0,0.000,0
7.561786,2800.00,2799.16,1,1,21,0,0.000,0
7.562143,2800.00,2800.14,1,1,22,0,0.000,0
7.562500,2800.00,2800.14,1,1,23,0,0.000,0
7.562858,2800.00,2800.14,1,1,24,0,0.000,0
7.563215,2800.00,2803.08,1,1,25,0,0.000,0
7.563572,2800.00,2798.18,1,1,26,0,0.000,0
7.563929,2800.00,2800.14,1,1,27,0,0.000,0
7.564286,2800.00,2799.16,1,1,28,0,0.000,0
7.564643,2800.00,2801.12,1,1,29,0,0.000,0
7.565000,2800.00,2798.18,1,1,30,0,0.000,0
7.565358,2800.00,2800.14,1,1,31,0,0.000,0
7.565715,2800.00,2799.16,1,1,32,0,0.000,0
7.566072,2800.00,2798.18,1,1,33,0,0.000,0
7.566429,2800.00,2801.12,1,1,34,0,0.000,0
7.566786,2800.00,2800.14,1,1,35,0,0.000,0
7.567143,2800.00,2799.16,1,1,36,0,0.000,0
7.567500,2800.00,2800.14,1,1,37,0,0.000,0
7.567858,2800.00,2802.10,1,1,38,0,0.000,0
7.568215,2800.00,2799.16,1,1,39,0,0.000,0
7.568572,2800.00,2801.12,1,1,40,0,0.000,0
7.568929,2800.00,2799.16,1,1,41,0,0.000,0
7.569286,2800.00,2800.14,1,1,42,0,0.000,0
7.569643,2800.00,2799.16,1,1,43,0,0.000,0
7.570000,2800.00,2801.12,1,1,44,0,0.000,0
7.570358,2800.00,2799.16,1,1,45,0,0.000,0
7.570715,2800.00,2799.16,1,1,46,0,0.000,0
7.571072,2800.00,2802.10,1,1,47,0,0.000,0
7.571429,2800.00,2801.12,1,1,48,0,0.000,0
7.571786,2800.00,2800.14,1,1,49,0,0.000,0
7.572143,2800.00,2800.14,1,1,50,0,0.000,0
7.572500,2800.00,2800.14,1,1,51,0,0.000,0
7.572858,2800.00,2800.14,1,1,52,0,0.000,0
7.573215,2800.00,2800.14,1,1,53,0,0.000,0
7.573572,2800.00,2800.14,1,1,54,0,0.000,0
7.573929,2800.00,2798.18,1,1,55,0,0.000,0
7.574286,2800.00,2798.18,1,1,56,0,0.000,0
7.574643,2800.00,2801.12,1,1,57,0,0.000,0
7.575715,2800.00,2799.55,1,1,0,1,0.000,0
7.576072,2800.00,2799.55,1,1,1,1,0.000,0
7.576429,2800.00,2798.77,1,1,2,1,0.000,0
7.576786,2800.00,2801.12,1,1,3,1,0.000,0
7.577143,2800.00,2799.55,1,1,4,1,0.000,0
7.577500,2800.00,2800.34,1,1,5,1,0.000,0
7.577858,2800.00,2799.55,1,1,6,1,0.000,0
7.578215,2800.00,2799.55,1,1,7,1,0.000,0
7.578572,2800.00,2800.14,1,1,8,1,0.000,0
7.578929,2800.00,2800.14,1,1,9,1,0.000,0
7.579286,2800.00,2801.12,1,1,10,1,0.000,0
7.579643,2800.00,2798.18,1,1,11,1,0.000,0
7.580000,2800.00,2800.14,1,1,12,1,0.000,0
7.580358,2800.00,2798.18,1,1,13,1,0.000,0
7.580715,2800.00,2801.12,1,1,14,1,0.000,0
7.581072,2800.00,2801.12,1,1,15,1,0.000,0
7.581429,2800.00,2799.16,1,1,16,1,0.000,0
7.581786,2800.00,2799.16,1,1,17,1,0.000,0
7.582143,2800.00,2800.14,1,1,18,1,0.000,0
7.582500,2800.00,2800.14,1,1,19,1,0.000,0
7.582858,2800.00,2800.14,1,1,20,1,0.000,0
7.583215,2800.00,2801.12,1,1,21,1,0.000,0
7.583572,2800.00,2799.16,1,1,22,1,0.000,0
7.583929,2800.00,2798.18,1,1,23,1,0.000,0
7.584286,2800.00,2802.10,1,1,24,1,0.000,0
7.584643,2800.00,2801.12,1,1,25,1,0.000,0
7.585000,2800.00,2800.14,1,1,26,1,0.000,0
7.585358,2800.00,2801.12,1,1,27,1,0.000,0
7.585715,2800.00,2800.14,1,1,28,1,0.000,0
7.586072,2800.00,2799.16,1,1,29,1,0.000,0
7.586429,2800.00,2800.14,1,1,30,1,0.000,0
7.586786,2800.00,2801.12,1,1,31,1,0.000,0
7.587143,2800.00,2799.16,1,1,32,1,0.000,0
7.587500,2800.00,2799.16,1,1,33,1,0.000,0
7.587858,2800.00,2801.12,1,1,34,1,0.000,0
7.588215,2800.00,2800.14,1,1,35,1,0.000,0
7.588572,2800.00,2799.16,1,1,36,1,0.000,0
7.588929,2800.00,2802.10,1,1,37,1,0.000,0
7.589286,2800.00,2800.14,1,1,38,1,0.000,0
7.589643,2800.00,2800.14,1,1,39,1,0.000,0
7.590000,2800.00,2800.14,1,1,40,1,0.000,0
7.590358,2800.00,2800.14,1,1,41,1,0.000,0
7.590715,2800.00,2797.20,1,1,42,1,0.000,0
7.591072,2800.00,2798.18,1,1,43,1,0.000,0
7.591429,2800.00,2800.14,1,1,44,1,0.000,0
7.591786,2800.00,2799.16,1,1,45,1,0.000,0
7.592143,2800.00,2799.16,1,1,46,1,0.000,0
7.592500,2800.00,2798.18,1,1,47,1,0.000,0
7.592858,2800.00,2799.16,1,1,48,1,0.000,0
7.593215,2800.00,2801.12,1,1,49,1,0.000,0
7.593572,2800.00,2800.14,1,1,50,1,0.000,0
7.593929,2800.00,2801.12,1,1,51,1,0.000,0
7.594286,2800.00,2799.16,1,1,52,1,0.000,0
7.594643,2800.00,2799.16,1,1,53,1,0.000,0
7.595000,2800.00,2800.14,1,1,54,1,0.000,0
7.595358,2800.00,2802.10,1,1,55,1,0.000,0
7.595715,2800.00,2801.12,1,1,56,1,0.000,0
7.596072,2800.00,2799.16,1,1,57,1,0.000,0
7.597143,2800.00,2799.55,1,1,0,0,0.000,0
7.597500,2800.00,2800.34,1,1,1,0,0.000,0
7.597858,2800.00,2801.91,1,1,2,0,0.000,0
7.598215,2800.00,2801.12,1,1,3,0,0.000,0
7.598572,2800.00,2801.12,1,1,4,0,0.000,0
7.598929,2800.00,2800.34,1,1,5,0,0.000,0
7.599286,2800.00,2799.55,1,1,6,0,0.000,0
7.599643,2800.00,2800.34,1,1,7,0,0.000,0
7.600000,2800.00,2802.10,1,1,8,0,0.000,0
7.600358,2800.00,2800.14,1,1,9,0,0.000,0
7.600715,2800.00,2799.16,1,1,10,0,0.000,0
7.601072,2800.00,2799.16,1,1,11,0,0.000,0
7.601429,2800.00,2799.16,1,1,12,0,0.000,0
7.601786,2800.00,2799.16,1,1,13,0,0.000,0
7.602143,2800.00,2800.14,1,1,14,0,0.000,0
7.602500,2800.00,2800.14,1,1,15,0,0.000,0
7.602858,2800.00,2800.14,1,1,16,0,0.000,0
7.603215,2800.00,2799.16,1,1,17,0,0.000,0
7.603572,2800.00,2801.12,1,1,18,0,0.000,0
7.603929,2800.00,2800.14,1,1,19,0,0.000,0
7.604286,2800.00,2800.14,1,1,20,0,0.000,0
7.604643,2800.00,2799.16,1,1,21,0,0.000,0
7.605000,2800.00,2799.16,1,1,22,0,0.000,0
7.605358,2800.00,2800.14,1,1,23,0,0.000,0
7.605715,2800.00,2799.16,1,1,24,0,0.000,0
7.606072,2800.00,2800.14,1,1,25,0,0.000,0
7.606429,2800.00,2798.18,1,1,26,0,0.000,0
7.606786,2800.00,2801.12,1,1,27,0,0.000,0
7.607143,2800.00,2799.16,1,1,28,0,0.000,0
7.607500,2800.00,2800.14,1,1,29,0,0.000,0
7.607858,2800.00,2800.14,1,1,30,0,0.000,0
7.608215,2800.00,2799.16,1,1,31,0,0.000,0
7.608572,2800.00,2800.14,1,1,32,0,0.000,0
7.608929,2800.00,2799.16,1,1,33,0,0.000,0
7.609286,2800.00,2801.12,1,1,34,0,0.000,0
7.609643,2800.00,2799.16,1,1,35,0,0.000,0
7.610000,2800.00,2800.14,1,1,36,0,0.000,0
7.610358,2800.00,2800.14,1,1,37,0,0.000,0
7.610715,2800.00,2801.12,1,1,38,0,0.000,0
7.611072,2800.00,2801.12,1,1,39,0,0.000,0
7.611429,2800.00,2801.12,1,1,40,0,0.000,0
7.611786,2800.00,2801.12,1,1,41,0,0.000,0
7.612143,2800.00,2801.12,1,1,42,0,0.000,0
7.612500,2800.00,2799.16,1,1,43,0,0.000,0
7.612858,2800.00,2799.16,1,1,44,0,0.000,0
7.613215,2800.00,2801.12,1,1,45,0,0.000,0
7.613572,2800.00,2800.14,1,1,46,0,0.000,0
7.613929,2800.00,2799.16,1,1,47,0,0.000,0
7.614286,2800.00,2799.16,1,1,48,0,0.000,0
7.614643,2800.00,2798.18,1,1,49,0,0.000,0
7.615000,2800.00,2798.18,1,1,50,0,0.000,0
7.615358,2800.00,2800.14,1,1,51,0,0.000,0
7.615715,2800.00,2800.14,1,1,52,0,0.000,0
7.616072,2800.00,2800.14,1,1,53,0,0.000,0
7.616429,2800.00,2800.14,1,1,54,0,0.000,0
7.616786,2800.00,2799.16,1,1,55,0,0.000,0
7.617143,2800.00,2801.12,1,1,56,0,0.000,0
7.617500,2800.00,2801.12,1,1,57,0,0.000,0
7.618572,2800.00,2800.34,1,1,0,1,0.000,0
7.618929,2800.00,2800.34,1,1,1,1,0.000,0
7.619286,2800.00,2800.34,1,1,2,1,0.000,0
7.619643,2800.00,2797.99,1,1,3,1,0.000,0
7.620000,2800.00,2799.55,1,1,4,1,0.000,0
7.620358,2800.00,2799.55,1,1,5,1,0.000,0
7.620715,2800.00,2799.55,1,1,6,1,0.000,0
7.621072,2800.00,2801.12,1,1,7,1,0.000,0
7.621429,2800.00,2799.16,1,1,8,1,0.000,0
7.621786,2800.00,2801.12,1,1,9,1,0.000,0
7.622143,2800.00,2799.16,1,1,10,1,0.000,0
7.622500,2800.00,2801.12,1,1,11,1,0.000,0
7.622858,2800.00,2800.14,1,1,12,1,0.000,0
7.623215,2800.00,2801.12,1,1,13,1,0.000,0
7.623572,2800.00,2799.16,1,1,14,1,0.000,0
7.623929,2800.00,2799.16,1,1,15,1,0.000,0
7.624286,2800.00,2800.14,1,1,16,1,0.000,0
7.624643,2800.00,2799.16,1,1,17,1,0.000,0
7.625000,2800.00,2802.10,1,1,18,1,0.000,0
7.625358,2800.00,2800.14,1,1,19,1,0.000,0
7.625715,2800.00,2799.16,1,1,20,1,0.000,0
7.626072,2800.00,2800.14,1,1,21,1,0.000,0
7.626429,2800.00,2801.12,1,1,22,1,0.000,0
7.626786,2800.00,2800.14,1,1,23,1,0.000,0
7.627143,2800.00,2801.12,1,1,24,1,0.000,0
7.627500,2800.00,2800.14,1,1,25,1,0.000,0
7.627858,2800.00,2798.18,1,1,26,1,0.000,0
7.628215,2800.00,2800.14,1,1,27,1,0.000,0
7.628572,2800.00,2799.16,1,1,28,1,0.000,0
7.628929,2800.00,2799.16,1,1,29,1,0.000,0
7.629286,2800.00,2798.18,1,1,30,1,0.000,0
7.629643,2800.00,2799.16,1,1,31,1,0.000,0
7.630000,2800.00,2800.14,1,1,32,1,0.000,0
7.630358,2800.00,2800.14,1,1,33,1,0.000,0
7.630715,2800.00,2803.08,1,1,34,1,0.000,0
7.631072,2800.00,2799.16,1,1,35,1,0.000,0
7.631429,2800.00,2802.10,1,1,36,1,0.000,0
7.631786,2800.00,2801.12,1,1,37,1,0.000,0
7.632143,2800.00,2801.12,1,1,38,1,0.000,0
7.632500,2800.00,2801.12,1,1,39,1,0.000,0
7.632858,2800.00,2800.14,1,1,40,1,0.000,0
7.633215,2800.00,2798.18,1,1,41,1,0.000,0
7.633572,2800.00,2797.20,1,1,42,1,0.000,0
7.633929,2800.00,2802.10,1,1,43,1,0.000,0
7.634286,2800.00,2799.16,1,1,44,1,0.000,0
7.634643,2800.00,2801.12,1,1,45,1,0.000,0
7.635000,2800.00,2800.14,1,1,46,1,0.000,0
7.635358,2800.00,2800.14,1,1,47,1,0.000,0
7.635715,2800.00,2800.14,1,1,48,1,0.000,0
7.636072,2800.00,2801.12,1,1,49,1,0.000,0
7.636429,2800.00,2800.14,1,1,50,1,0.000,0
7.636786,2800.00,2799.16,1,1,51,1,0.000,0
7.637143,2800.00,2799.16,1,1,52,1,0.000,0
7.637500,2800.00,2799.16,1,1,53,1,0.000,0
7.637858,2800.00,2800.14,1,1,54,1,0.000,0
7.638215,2800.00,2798.18,1,1,55,1,0.000,0
7.638572,2800.00,2799.16,1,1,56,1,0.000,0
7.638929,2800.00,2801.12,1,1,57,1,0.000,0
7.640000,2800.00,2800.34,1,1,0,0,0.000,0
7.640358,2800.00,2800.34,1,1,1,0,0.000,0
7.640715,2800.00,2800.34,1,1,2,0,0.000,0
7.641072,2800.00,2798.77,1,1,3,0,0.000,0
7.641429,2800.00,2799.55,1,1,4,0,0.000,0
7.641786,2800.00,2801.12,1,1,5,0,0.000,0
7.642143,2800.00,2800.34,1,1,6,0,0.000,0
7.642500,2800.00,2798.77,1,1,7,0,0.000,0
7.642858,2800.00,2801.12,1,1,8,0,0.000,0
7.643215,2800.00,2799.16,1,1,9,0,0.000,0
7.643572,2800.00,2800.14,1,1,10,0,0.000,0
7.643929,2800.00,2800.14,1,1,11,0,0.000,0
7.644286,2800.00,2799.16,1,1,12,0,0.000,0
7.644643,2800.00,2800.14,1,1,13,0,0.000,0
7.645000,2800.00,2799.16,1,1,14,0,0.000,0
7.645358,2800.00,2801.12,1,1,15,0,0.000,0
7.645715,2800.00,2800.14,1,1,16,0,0.000,0
7.646072,2800.00,2801.12,1,1,17,0,0.000,0
7.646429,2800.00,2800.14,1,1,18,0,0.000,0
7.646786,2800.00,2800.14,1,1,19,0,0.000,0
7.647143,2800.00,2801.12,1,1,20,0,0.000,0
7.647500,2800.00,2798.18,1,1,21,0,0.000,0
7.647858,2800.00,2800.14,1,1,22,0,0.000,0
7.648215,2800.00,2799.16,1,1,23,0,0.000,0
7.648572,2800.00,2797.20,1,1,24,0,0.000,0
7.648929,2800.00,2799.16,1,1,25,0,0.000,0
7.649286,2800.00,2801.12,1,1,26,0,0.000,0
7.649643,2800.00,2801.12,1,1,27,0,0.000,0
7.650000,2800.00,2800.14,1,1,28,0,0.000,0
7.650358,2800.00,2801.12,1,1,29,0,0.000,0
7.650715,2800.00,2800.14,1,1,30,0,0.000,0
7.651072,2800.00,2802.10,1,1,31,0,0.000,0
7.651429,2800.00,2802.10,1,1,32,0,0.000,0
7.651786,2800.00,2800.14,1,1,33,0,0.000,0
7.652143,2800.00,2800.14,1,1,34,0,0.000,0
7.652500,2800.00,2799.16,1,1,35,0,0.000,0
7.652858,2800.00,2800.14,1,1,36,0,0.000,0
7.653215,2800.00,2799.16,1,1,37,0,0.000,0
7.653572,2800.00,2799.16,1,1,38,0,0.000,0
7.653929,2800.00,2798.18,1,1,39,0,0.000,0
7.654286,2800.00,2800.14,1,1,40,0,0.000,0
7.654643,2800.00,2802.10,1,1,41,0,0.000,0
7.655000,2800.00,2798.18,1,1,42,0,0.000,0
7.655358,2800.00,2800.14,1,1,43,0,0.000,0
7.655715,2800.00,2800.14,1,1,44,0,0.000,0
7.656072,2800.00,2801.12,1,1,45,0,0.000,0
7.656429,2800.00,2801.12,1,1,46,0,0.000,0
7.656786,2800.00,2801.12,1,1,47,0,0.000,0
7.657143,2800.00,2799.16,1,1,48,0,0.000,0
7.657500,2800.00,2798.18,1,1,49,0,0.000,0
7.657858,2800.00,2801.12,1,1,50,0,0.000,0
7.658215,2800.00,2801.12,1,1,51,0,0.000,0
7.658572,2800.00,2798.18,1,1,52,0,0.000,0
7.658929,2800.00,2800.14,1,1,53,0,0.000,0
7.659286,2800.00,2800.14,1,1,54,0,0.000,0
7.659643,2800.00,2799.16,1,1,55,0,0.000,0
7.660000,2800.00,2800.14,1,1,56,0,0.000,0
7.660358,2800.00,2799.16,1,1,57,0,0.000,0
7.661429,2800.00,2799.55,1,1,0,1,0.000,0
7.661786,2800.00,2798.77,1,1,1,1,0.000,0
7.662143,2800.00,2800.34,1,1,2,1,0.000,0
7.662500,2800.00,2799.55,1,1,3,1,0.000,0
7.662858,2800.00,2800.34,1,1,4,1,0.000,0
7.663215,2800.00,2800.34,1,1,5,1,0.000,0
7.663572,2800.00,2800.34,1,1,6,1,0.000,0
7.663929,2800.00,2800.34,1,1,7,1,0.000,0
7.664286,2800.00,2800.14,1,1,8,1,0.000,0
7.664643,2800.00,2802.10,1,1,9,1,0.000,0
7.665000,2800.00,2801.12,1,1,10,1,0.000,0
7.665358,2800.00,2801.12,1,1,11,1,0.000,0
7.665715,2800.00,2800.14,1,1,12,1,0.000,0
7.666072,2800.00,2799.16,1,1,13,1,0.000,0
7.666429,2800.00,2801.12,1,1,14,1,0.000,0
7.666786,2800.00,2800.14,1,1,15,1,0.000,0
7.667143,2800.00,2798.18,1,1,16,1,0.000,0
7.667500,2800.00,2798.18,1,1,17,1,0.000,0
7.667858,2800.00,2798.18,1,1,18,1,0.000,0
7.668215,2800.00,2799.16,1,1,19,1,0.000,0
7.668572,2800.00,2800.14,1,1,20,1,0.000,0
7.668929,2800.00,2800.14,1,1,21,1,0.000,0
7.669286,2800.00,2798.18,1,1,22,1,0.000,0
7.669643,2800.00,2799.16,1,1,23,1,0.000,0
7.670000,2800.00,2803.08,1,1,24,1,0.000,0
7.670358,2800.00,2799.16,1,1,25,1,0.000,0
7.670715,2800.00,2800.14,1,1,26,1,0.000,0
7.671072,2800.00,2800.14,1,1,27,1,0.000,0
7.671429,2800.00,2799.16,1,1,28,1,0.000,0
7.671786,2800.00,2800.14,1,1,29,1,0.000,0
7.672143,2800.00,2801.12,1,1,30,1,0.000,0
7.672500,2800.00,2801.12,1,1,31,1,0.000,0
7.672858,2800.00,2798.18,1,1,32,1,0.000,0
7.673215,2800.00,2800.14,1,1,33,1,0.000,0
7.673572,2800.00,2801.12,1,1,34,1,0.000,0
7.673929,2800.00,2800.14,1,1,35,1,0.000,0
7.674286,2800.00,2799.16,1,1,36,1,0.000,0
7.674643,2800.00,2799.16,1,1,37,1,0.000,0
7.675000,2800.00,2800.14,1,1,38,1,0.000,0
7.675358,2800.00,2799.16,1,1,39,1,0.000,0
7.675715,2800.00,2801.12,1,1,40,1,0.000,0
7.676072,2800.00,2801.12,1,1,41,1,0.000,0
7.676429,2800.00,2801.12,1,1,42,1,0.000,0
7.676786,2800.00,2800.14,1,1,43,1,0.000,0
7.677143,2800.00,2802.10,1,1,44,1,0.000,0
7.677500,2800.00,2801.12,1,1,45,1,0.000,0
7.677858,2800.00,2800.14,1,1,46,1,0.000,0
7.678215,2800.00,2800.14,1,1,47,1,0.000,0
7.678572,2800.00,2798.18,1,1,48,1,0.000,0
7.678929,2800.00,2801.12,1,1,49,1,0.000,0
7.679286,2800.00,2800.14,1,1,50,1,0.000,0
7.679643,2800.00,2801.12,1,1,51,1,0.000,0
7.680000,2800.00,2799.16,1,1,52,1,0.000,0
7.680358,2800.00,2801.12,1,1,53,1,0.000,0
7.680715,2800.00,2799.16,1,1,54,1,0.000,0
7.681072,2800.00,2801.12,1,1,55,1,0.000,0
7.681429,2800.00,2799.16,1,1,56,1,0.000,0
7.681786,2800.00,2798.18,1,1,57,1,0.000,0
7.682858,2800.00,2799.55,1,1,0,0,0.000,0
7.683215,2800.00,2799.55,1,1,1,0,0.000,0
7.683572,2800.00,2800.34,1,1,2,0,0.000,0
7.683929,2800.00,2799.55,1,1,3,0,0.000,0
7.684286,2800.00,2800.34,1,1,4,0,0.000,0
7.684643,2800.00,2798.77,1,1,5,0,0.000,0
7.685000,2800.00,2802.69,1,1,6,0,0.000,0
7.685358,2800.00,2800.34,1,1,7,0,0.000,0
7.685715,2800.00,2799.16,1,1,8,0,0.000,0
7.686072,2800.00,2800.14,1,1,9,0,0.000,0
7.686429,2800.00,2798.18,1,1,10,0,0.000,0
7.686786,2800.00,2798.18,1,1,11,0,0.000,0
7.687143,2800.00,2800.14,1,1,12,0,0.000,0
7.687500,2800.00,2800.14,1,1,13,0,0.000,0
7.687858,2800.00,2798.18,1,1,14,0,0.000,0
7.688215,2800.00,2800.14,1,1,15,0,0.000,0
7.688572,2800.00,2799.16,1,1,16,0,0.000,0
7.688929,2800.00,2799.16,1,1,17,0,0.000,0
7.689286,2800.00,2802.10,1,1,18,0,0.000,0
7.689643,2800.00,2801.12,1,1,19,0,0.000,0
7.690000,2800.00,2798.18,1,1,20,0,0.000,0
7.690358,2800.00,2801.12,1,1,21,0,0.000,0
7.690715,2800.00,2801.12,1,1,22,0,0.000,0
7.691072,2800.00,2799.16,1,1,23,0,0.000,0
7.691429,2800.00,2800.14,1,1,24,0,0.000,0
7.691786,2800.00,2800.14,1,1,25,0,0.000,0
7.692143,2800.00,2798.18,1,1,26,0,0.000,0
7.692500,2800.00,2799.16,1,1,27,0,0.000,0
7.692858,2800.00,2802.10,1,1,28,0,0.000,0
7.693215,2800.00,2801.12,1,1,29,0,0.000,0
7.693572,2800.00,2799.16,1,1,30,0,0.000,0
7.693929,2800.00,2800.14,1,1,31,0,0.000,0
7.694286,2800.00,2800.14,1,1,32,0,0.000,0
7.694643,2800.00,2800.14,1,1,33,0,0.000,0
7.695000,2800.00,2800.14,1,1,34,0,0.000,0
7.695358,2800.00,2800.14,1,1,35,0,0.000,0
7.695715,2800.00,2799.16,1,1,36,0,0.000,0
7.696072,2800.00,2799.16,1,1,37,0,0.000,0
7.696429,2800.00,2800.14,1,1,38,0,0.000,0
7.696786,2800.00,2800.14,1,1,39,0,0.000,0
7.697143,2800.00,2801.12,1,1,40,0,0.000,0
7.697500,2800.00,2799.16,1,1,41,0,0.000,0
7.697858,2800.00,2801.12,1,1,42,0,0.000,0
7.698215,2800.00,2800.14,1,1,43,0,0.000,0
7.698572,2800.00,2800.14,1,1,44,0,0.000,0
7.698929,2800.00,2798.18,1,1,45,0,0.000,0
7.699286,2800.00,2801.12,1,1,46,0,0.000,0
7.699643,2800.00,2800.14,1,1,47,0,0.000,0
7.700000,2800.00,2800.14,1,1,48,0,0.000,0
7.700358,2800.00,2800.14,1,1,49,0,0.000,0
7.700715,2800.00,2799.16,1,1,50,0,0.000,0
7.701072,2800.00,2801.12,1,1,51,0,0.000,0
7.701429,2800.00,2800.14,1,1,52,0,0.000,0
7.701786,2800.00,2802.10,1,1,53,0,0.000,0
7.702143,2800.00,2799.16,1,1,54,0,0.000,0
7.702500,2800.00,2800.14,1,1,55,0,0.000,0
7.702858,2800.00,2799.16,1,1,56,0,0.000,0
7.703215,2800.00,2801.12,1,1,57,0,0.000,0
7.704286,2800.00,2799.55,1,1,0,1,0.000,0
7.704643,2800.00,2799.55,1,1,1,1,0.000,0
7.705000,2800.00,2801.12,1,1,2,1,0.000,0
7.705358,2800.00,2799.55,1,1,3,1,0.000,0
7.705715,2800.00,2800.34,1,1,4,1,0.000,0
7.706072,2800.00,2800.34,1,1,5,1,0.000,0
7.706429,2800.00,2799.55,1,1,6,1,0.000,0
7.706786,2800.00,2798.77,1,1,7,1,0.000,0
7.707143,2800.00,2801.12,1,1,8,1,0.000,0
7.707500,2800.00,2799.16,1,1,9,1,0.000,0
7.707858,2800.00,2797.20,1,1,10,1,0.000,0
7.708215,2800.00,2799.16,1,1,11,1,0.000,0
7.708572,2800.00,2800.14,1,1,12,1,0.000,0
7.708929,2800.00,2800.14,1,1,13,1,0.000,0
7.709286,2800.00,2801.12,1,1,14,1,0.000,0
7.709643,2800.00,2800.14,1,1,15,1,0.000,0
7.710000,2800.00,2800.14,1,1,16,1,0.000,0
7.710358,2800.00,2800.14,1,1,17,1,0.000,0
7.710715,2800.00,2800.14,1,1,18,1,0.000,0
7.711072,2800.00,2800.14,1,1,19,1,0.000,0
7.711429,2800.00,2799.16,1,1,20,1,0.000,0
7.711786,2800.00,2800.14,1,1,21,1,0.000,0
7.712143,2800.00,2801.12,1,1,22,1,0.000,0
7.712500,2800.00,2800.14,1,1,23,1,0.000,0
7.712858,2800.00,2800.14,1,1,24,1,0.000,0
7.713215,2800.00,2799.16,1,1,25,1,0.000,0
7.713572,2800.00,2800.14,1,1,26,1,0.000,0
7.713929,2800.00,2801.12,1,1,27,1,0.000,0
7.714286,2800.00,2798.18,1,1,28,1,0.000,0
7.714643,2800.00,2801.12,1,1,29,1,0.000,0
7.715000,2800.00,2798.18,1,1,30,1,0.000,0
7.715358,2800.00,2801.12,1,1,31,1,0.000,0
7.715715,2800.00,2799.16,1,1,32,1,0.000,0
7.716072,2800.00,2801.12,1,1,33,1,0.000,0
7.716429,2800.00,2802.10,1,1,34,1,0.000,0
7.716786,2800.00,2799.16,1,1,35,1,0.000,0
7.717143,2800.00,2803.08,1,1,36,1,0.000,0
7.717500,2800.00,2798.18,1,1,37,1,0.000,0
7.717858,2800.00,2800.14,1,1,38,1,0.000,0
7.718215,2800.00,2799.16,1,1,39,1,0.000,0
7.718572,2800.00,2799.16,1,1,40,1,0.000,0
7.718929,2800.00,2800.14,1,1,41,1,0.000,0
7.719286,2800.00,2799.16,1,1,42,1,0.000,0
7.719643,2800.00,2800.14,1,1,43,1,0.000,0
7.720000,2800.00,2798.18,1,1,44,1,0.000,0
7.720358,2800.00,2800.14,1,1,45,1,0.000,0
7.720715,2800.00,2801.12,1,1,46,1,0.000,0
7.721072,2800.00,2800.14,1,1,47,1,0.000,0
7.721429,2800.00,2801.12,1,1,48,1,0.000,0
7.721786,2800.00,2800.14,1,1,49,1,0.000,0
7.722143,2800.00,2800.14,1,1,50,1,0.000,0
7.722500,2800.00,2800.14,1,1,51,1,0.000,0
7.722858,2800.00,2802.10,1,1,52,1,0.000,0
7.723215,2800.00,2800.14,1,1,53,1,0.000,0
7.723572,2800.00,2799.16,1,1,54,1,0.000,0
7.723929,2800.00,2800.14,1,1,55,1,0.000,0
7.724286,2800.00,2800.14,1,1,56,1,0.000,0
7.724643,2800.00,2799.16,1,1,57,1,0.000,0
7.725715,2800.00,2798.77,1,1,0,0,0.000,0
7.726072,2800.00,2800.34,1,1,1,0,0.000,0
7.726429,2800.00,2798.77,1,1,2,0,0.000,0
7.726786,2800.00,2800.34,1,1,3,0,0.000,0
7.727143,2800.00,2800.34,1,1,4,0,0.000,0
7.727500,2800.00,2799.55,1,1,5,0,0.000,0
7.727858,2800.00,2799.55,1,1,6,0,0.000,0
7.728215,2800.00,2800.34,1,1,7,0,0.000,0
7.728572,2800.00,2802.10,1,1,8,0,0.000,0
7.728929,2800.00,2798.18,1,1,9,0,0.000,0
7.729286,2800.00,2800.14,1,1,10,0,0.000,0
7.729643,2800.00,2800.14,1,1,11,0,0.000,0
7.730000,2800.00,2799.16,1,1,12,0,0.000,0
7.730358,2800.00,2801.12,1,1,13,0,0.000,0
7.730715,2800.00,2801.12,1,1,14,0,0.000,0
7.731072,2800.00,2800.14,1,1,15,0,0.000,0
7.731429,2800.00,2799.16,1,1,16,0,0.000,0
7.731786,2800.00,2801.12,1,1,17,0,0.000,0
7.732143,2800.00,2799.16,1,1,18,0,0.000,0
7.732500,2800.00,2799.16,1,1,19,0,0.000,0
7.732858,2800.00,2801.12,1,1,20,0,0.000,0
7.733215,2800.00,2799.16,1,1,21,0,0.000,0
7.733572,2800.00,2799.16,1,1,22,0,0.000,0
7.733929,2800.00,2800.14,1,1,23,0,0.000,0
7.734286,2800.00,2799.16,1,1,24,0,0.000,0
7.734643,2800.00,2800.14,1,1,25,0,0.000,0
7.735000,2800.00,2800.14,1,1,26,0,0.000,0
7.735358,2800.00,2800.14,1,1,27,0,0.000,0
7.735715,2800.00,2800.14,1,1,28,0,0.000,0
7.736072,2800.00,2801.12,1,1,29,0,0.000,0
7.736429,2800.00,2800.14,1,1,30,0,0.000,0
7.736786,2800.00,2799.16,1,1,31,0,0.000,0
7.737143,2800.00,2801.12,1,1,32,0,0.000,0
7.737500,2800.00,2800.14,1,1,33,0,0.000,0
7.737858,2800.00,2802.10,1,1,34,0,0.000,0
7.738215,2800.00,2801.12,1,1,35,0,0.000,0
7.738572,2800.00,2800.14,1,1,36,0,0.000,0
7.738929,2800.00,2798.18,1,1,37,0,0.000,0
7.739286,2800.00,2800.14,1,1,38,0,0.000,0
7.739643,2800.00,2801.12,1,1,39,0,0.000,0
7.740000,2800.00,2799.16,1,1,40,0,0.000,0
7.740358,2800.00,2799.16,1,1,41,0,0.000,0
7.740715,2800.00,2798.18,1,1,42,0,0.000,0
7.741072,2800.00,2799.16,1,1,43,0,0.000,0
7.741429,2800.00,2799.16,1,1,44,0,0.000,0
7.741786,2800.00,2800.14,1,1,45,0,0.000,0
7.742143,2800.00,2801.12,1,1,46,0,0.000,0
7.742500,2800.00,2799.16,1,1,47,0,0.000,0
7.742858,2800.00,2801.12,1,1,48,0,0.000,0
7.743215,2800.00,2799.16,1,1,49,0,0.000,0
7.743572,2800.00,2800.14,1,1,50,0,0.000,0
7.743929,2800.00,2800.14,1,1,51,0,0.000,0
7.744286,2800.00,2799.16,1,1,52,0,0.000,0
7.744643,2800.00,2801.12,1,1,53,0,0.000,0
7.745000,2800.00,2800.14,1,1,54,0,0.000,0
7.745358,2800.00,2800.14,1,1,55,0,0.000,0
7.745715,2800.00,2799.16,1,1,56,0,0.000,0
7.746072,2800.00,2801.12,1,1,57,0,0.000,0
7.747143,2800.00,2799.55,1,1,0,1,0.000,0
7.747500,2800.00,2799.55,1,1,1,1,0.000,0
7.747858,2800.00,2801.91,1,1,2,1,0.000,0
7.748215,2800.00,2798.77,1,1,3,1,0.000,0
7.748572,2800.00,2797.99,1,1,4,1,0.000,0
7.748929,2800.00,2800.34,1,1,5,1,0.000,0
7.749286,2800.00,2801.12,1,1,6,1,0.000,0
7.749643,2800.00,2800.34,1,1,7,1,0.000,0
7.750000,2800.00,2801.12,1,1,8,1,0.000,0
7.750358,2800.00,2800.14,1,1,9,1,0.000,0
7.750715,2800.00,2798.18,1,1,10,1,0.000,0
7.751072,2800.00,2801.12,1,1,11,1,0.000,0
7.751429,2800.00,2801.12,1,1,12,1,0.000,0
7.751786,2800.00,2801.12,1,1,13,1,0.000,0
7.752143,2800.00,2799.16,1,1,14,1,0.000,0
7.752500,2800.00,2799.16,1,1,15,1,0.000,0
7.752858,2800.00,2801.12,1,1,16,1,0.000,0
7.753215,2800.00,2799.16,1,1,17,1,0.000,0
7.753572,2800.00,2801.12,1,1,18,1,0.000,0
7.753929,2800.00,2799.16,1,1,19,1,0.000,0
7.754286,2800.00,2800.14,1,1,20,1,0.000,0
7.754643,2800.00,2798.18,1,1,21,1,0.000,0
7.755000,2800.00,2800.14,1,1,22,1,0.000,0
7.755358,2800.00,2801.12,1,1,23,1,0.000,0
7.755715,2800.00,2798.18,1,1,24,1,0.000,0
7.756072,2800.00,2800.14,1,1,25,1,0.000,0
7.756429,2800.00,2798.18,1,1,26,1,0.000,0
7.756786,2800.00,2802.10,1,1,27,1,0.000,0
7.757143,2800.00,2799.16,1,1,28,1,0.000,0
7.757500,2800.00,2801.12,1,1,29,1,0.000,0
7.757858,2800.00,2799.16,1,1,30,1,0.000,0
7.758215,2800.00,2800.14,1,1,31,1,0.000,0
7.758572,2800.00,2800.14,1,1,32,1,0.000,0
7.758929,2800.00,2801.12,1,1,33,1,0.000,0
7.759286,2800.00,2801.12,1,1,34,1,0.000,0
7.759643,2800.00,2798.18,1,1,35,1,0.000,0
7.760000,2800.00,2800.14,1,1,36,1,0.000,0
7.760358,2800.00,2801.12,1,1,37,1,0.000,0
7.760715,2800.00,2801.12,1,1,38,1,0.000,0
7.761072,2800.00,2799.16,1,1,39,1,0.000,0
7.761429,2800.00,2800.14,1,1,40,1,0.000,0
7.761786,2800.00,2799.16,1,1,41,1,0.000,0
7.762143,2800.00,2798.18,1,1,42,1,0.000,0
7.762500,2800.00,2801.12,1,1,43,1,0.000,0
7.762858,2800.00,2801.12,1,1,44,1,0.000,0
7.763215,2800.00,2799.16,1,1,45,1,0.000,0
7.763572,2800.00,2799.16,1,1,46,1,0.000,0
7.763929,2800.00,2799.16,1,1,47,1,0.000,0
7.764286,2800.00,2800.14,1,1,48,1,0.000,0
7.764643,2800.00,2801.12,1,1,49,1,0.000,0
7.765000,2800.00,2802.10,1,1,50,1,0.000,0
7.765358,2800.00,2800.14,1,1,51,1,0.000,0
7.765715,2800.00,2800.14,1,1,52,1,0.000,0
7.766072,2800.00,2798.18,1,1,53,1,0.000,0
7.766429,2800.00,2799.16,1,1,54,1,0.000,0
7.766786,2800.00,2801.12,1,1,55,1,0.000,0
7.767143,2800.00,2800.14,1,1,56,1,0.000,0
7.767500,2800.00,2801.12,1,1,57,1,0.000,0
7.768572,2800.00,2798.77,1,1,0,0,0.000,0
7.768929,2800.00,2799.55,1,1,1,0,0.000,0
7.769286,2800.00,2800.34,1,1,2,0,0.000,0
7.769643,2800.00,2801.12,1,1,3,0,0.000,0
7.770000,2800.00,2800.34,1,1,4,0,0.000,0
7.770358,2800.00,2800.34,1,1,5,0,0.000,0
7.770715,2800.00,2799.55,1,1,6,0,0.000,0
7.771072,2800.00,2799.55,1,1,7,0,0.000,0
7.771429,2800.00,2801.12,1,1,8,0,0.000,0
7.771786,2800.00,2800.14,1,1,9,0,0.000,0
7.772143,2800.00,2799.16,1,1,10,0,0.000,0
7.772500,2800.00,2800.14,1,1,11,0,0.000,0
7.772858,2800.00,2800.14,1,1,12,0,0.000,0
7.773215,2800.00,2799.16,1,1,13,0,0.000,0
7.773572,2800.00,2800.14,1,1,14,0,0.000,0
7.773929,2800.00,2799.16,1,1,15,0,0.000,0
7.774286,2800.00,2800.14,1,1,16,0,0.000,0
7.774643,2800.00,2801.12,1,1,17,0,0.000,0
7.775000,2800.00,2798.18,1,1,18,0,0.000,0
7.775358,2800.00,2799.16,1,1,19,0,0.000,0
7.775715,2800.00,2801.12,1,1,20,0,0.000,0
7.776072,2800.00,2800.14,1,1,21,0,0.000,0
7.776429,2800.00,2801.12,1,1,22,0,0.000,0
7.776786,2800.00,2798.18,1,1,23,0,0.000,0
7.777143,2800.00,2799.16,1,1,24,0,0.000,0
7.777500,2800.00,2799.16,1,1,25,0,0.000,0
7.777858,2800.00,2800.14,1,1,26,0,0.000,0
7.778215,2800.00,2801.12,1,1,27,0,0.000,0
7.778572,2800.00,2798.18,1,1,28,0,0.000,0
7.778929,2800.00,2800.14,1,1,29,0,0.000,0
7.779286,2800.00,2799.16,1,1,30,0,0.000,0
7.779643,2800.00,2802.10,1,1,31,0,0.000,0
7.780000,2800.00,2800.14,1,1,32,0,0.000,0
7.780358,2800.00,2798.18,1,1,33,0,0.000,0
7.780715,2800.00,2800.14,1,1,34,0,0.000,0
7.781072,2800.00,2800.14,1,1,35,0,0.000,0
7.781429,2800.00,2801.12,1,1,36,0,0.000,0
7.781786,2800.00,2799.16,1,1,37,0,0.000,0
7.782143,2800.00,2799.16,1,1,38,0,0.000,0
7.782500,2800.00,2799.16,1,1,39,0,0.000,0
7.782858,2800.00,2801.12,1,1,40,0,0.000,0
7.783215,2800.00,2800.14,1,1,41,0,0.000,0
7.783572,2800.00,2801.12,1,1,42,0,0.000,0
7.783929,2800.00,2799.16,1,1,43,0,0.000,0
7.784286,2800.00,2800.14,1,1,44,0,0.000,0
7.784643,2800.00,2800.14,1,1,45,0,0.000,0
7.785000,2800.00,2799.16,1,1,46,0,0.000,0
7.785358,2800.00,2801.12,1,1,47,0,0.000,0
7.785715,2800.00,2798.18,1,1,48,0,0.000,0
7.786072,2800.00,2800.14,1,1,49,0,0.000,0
7.786429,2800.00,2799.16,1,1,50,0,0.000,0
7.786786,2800.00,2801.12,1,1,51,0,0.000,0
7.787143,2800.00,2799.16,1,1,52,0,0.000,0
7.787500,2800.00,2802.10,1,1,53,0,0.000,0
7.787858,2800.00,2802.10,1,1,54,0,0.000,0
7.788215,2800.00,2799.16,1,1,55,0,0.000,0
7.788572,2800.00,2802.10,1,1,56,0,0.000,0
7.788929,2800.00,2801.12,1,1,57,0,0.000,0
7.790000,2800.00,2800.34,1,1,0,1,0.000,0
7.790358,2800.00,2797.99,1,1,1,1,0.000,0
7.790715,2800.00,2801.12,1,1,2,1,0.000,0
7.791072,2800.00,2798.77,1,1,3,1,0.000,0
7.791429,2800.00,2799.55,1,1,4,1,0.000,0
7.791786,2800.00,2799.55,1,1,5,1,0.000,0
7.792143,2800.00,2799.55,1,1,6,1,0.000,0
7.792500,2800.00,2799.55,1,1,7,1,0.000,0
7.792858,2800.00,2800.14,1,1,8,1,0.000,0
7.793215,2800.00,2800.14,1,1,9,1,0.000,0
7.793572,2800.00,2798.18,1,1,10,1,0.000,0
7.793929,2800.00,2799.16,1,1,11,1,0.000,0
7.794286,2800.00,2799.16,1,1,12,1,0.000,0
7.794643,2800.00,2801.12,1,1,13,1,0.000,0
7.795000,2800.00,2800.14,1,1,14,1,0.000,0
7.795358,2800.00,2802.10,1,1,15,1,0.000,0
7.795715,2800.00,2799.16,1,1,16,1,0.000,0
7.796072,2800.00,2802.10,1,1,17,1,0.000,0
7.796429,2800.00,2801.12,1,1,18,1,0.000,0
7.796786,2800.00,2801.12,1,1,19,1,0.000,0
7.797143,2800.00,2801.12,1,1,20,1,0.000,0
7.797500,2800.00,2801.12,1,1,21,1,0.000,0
7.797858,2800.00,2799.16,1,1,22,1,0.000,0
7.798215,2800.00,2799.16,1,1,23,1,0.000,0
7.798572,2800.00,2801.12,1,1,24,1,0.000,0
7.798929,2800.00,2799.16,1,1,25,1,0.000,0
7.799286,2800.00,2800.14,1,1,26,1,0.000,0
7.799643,2800.00,2799.16,1,1,27,1,0.000,0
7.800000,2800.00,2800.14,1,1,28,1,0.000,0
7.800358,2800.00,2798.18,1,1,29,1,0.000,0
7.800715,2800.00,2799.16,1,1,30,1,0.000,0
7.801072,2800.00,2799.16,1,1,31,1,0.000,0
7.801429,2800.00,2801.12,1,1,32,1,0.000,0
7.801786,2800.00,2800.14,1,1,33,1,0.000,0
7.802143,2800.00,2801.12,1,1,34,1,0.000,0
7.802500,2800.00,2799.16,1,1,35,1,0.000,0
7.802858,2800.00,2799.16,1,1,36,1,0.000,0
7.803215,2800.00,2799.16,1,1,37,1,0.000,0
7.803572,2800.00,2801.12,1,1,38,1,0.000,0
7.803929,2800.00,2799.16,1,1,39,1,0.000,0
7.804286,2800.00,2799.16,1,1,40,1,0.000,0
7.804643,2800.00,2801.12,1,1,41,1,0.000,0
7.805000,2800.00,2799.16,1,1,42,1,0.000,0
7.805358,2800.00,2800.14,1,1,43,1,0.000,0
7.805715,2800.00,2801.12,1,1,44,1,0.000,0
7.806072,2800.00,2802.10,1,1,45,1,0.000,0
7.806429,2800.00,2799.16,1,1,46,1,0.000,0
7.806786,2800.00,2801.12,1,1,47,1,0.000,0
7.807143,2800.00,2800.14,1,1,48,1,0.000,0
7.807500,2800.00,2799.16,1,1,49,1,0.000,0
7.807858,2800.00,2799.16,1,1,50,1,0.000,0
7.808215,2800.00,2801.12,1,1,51,1,0.000,0
7.808572,2800.00,2798.18,1,1,52,1,0.000,0
7.808929,2800.00,2797.20,1,1,53,1,0.000,0
7.809286,2800.00,2800.14,1,1,54,1,0.000,0
7.809643,2800.00,2799.16,1,1,55,1,0.000,0
7.810000,2800.00,2799.16,1,1,56,1,0.000,0
7.810358,2800.00,2799.16,1,1,57,1,0.000,0
7.811429,2800.00,2800.34,1,1,0,0,0.000,0
7.811786,2800.00,2801.12,1,1,1,0,0.000,0
7.812143,2800.00,2801.12,1,1,2,0,0.000,0
7.812500,2800.00,2802.69,1,1,3,0,0.000,0
7.812858,2800.00,2801.12,1,1,4,0,0.000,0
7.813215,2800.00,2799.55,1,1,5,0,0.000,0
7.813572,2800.00,2801.12,1,1,6,0,0.000,0
7.813929,2800.00,2800.34,1,1,7,0,0.000,0
7.814286,2800.00,2800.14,1,1,8,0,0.000,0
7.814643,2800.00,2799.16,1,1,9,0,0.000,0
7.815000,2800.00,2799.16,1,1,10,0,0.000,0
7.815358,2800.00,2799.16,1,1,11,0,0.000,0
7.815715,2800.00,2799.16,1,1,12,0,0.000,0
7.816072,2800.00,2801.12,1,1,13,0,0.000,0
7.816429,2800.00,2798.18,1,1,14,0,0.000,0
7.816786,2800.00,2800.14,1,1,15,0,0.000,0
7.817143,2800.00,2800.14,1,1,16,0,0.000,0
7.817500,2800.00,2800.14,1,1,17,0,0.000,0
7.817858,2800.00,2801.12,1,1,18,0,0.000,0
7.818215,2800.00,2798.18,1,1,19,0,0.000,0
7.818572,2800.00,2800.14,1,1,20,0,0.000,0
7.818929,2800.00,2800.14,1,1,21,0,0.000,0
7.819286,2800.00,2801.12,1,1,22,0,0.000,0
7.819643,2800.00,2799.16,1,1,23,0,0.000,0
7.820000,2800.00,2800.14,1,1,24,0,0.000,0
7.820358,2800.00,2800.14,1,1,25,0,0.000,0
7.820715,2800.00,2799.16,1,1,26,0,0.000,0
7.821072,2800.00,2800.14,1,1,27,0,0.000,0
7.821429,2800.00,2800.14,1,1,28,0,0.000,0
7.821786,2800.00,2799.16,1,1,29,0,0.000,0
7.822143,2800.00,2800.14,1,1,30,0,0.000,0
7.822500,2800.00,2801.12,1,1,31,0,0.000,0
7.822858,2800.00,2799.16,1,1,32,0,0.000,0
7.823215,2800.00,2800.14,1,1,33,0,0.000,0
7.823572,2800.00,2799.16,1,1,34,0,0.000,0
7.823929,2800.00,2800.14,1,1,35,0,0.000,0
7.824286,2800.00,2799.16,1,1,36,0,0.000,0
7.824643,2800.00,2800.14,1,1,37,0,0.000,0
7.825000,2800.00,2800.14,1,1,38,0,0.000,0
7.825358,2800.00,2800.14,1,1,39,0,0.000,0
7.825715,2800.00,2801.12,1,1,40,0,0.000,0
7.826072,2800.00,2800.14,1,1,41,0,0.000,0
7.826429,2800.00,2801.12,1,1,42,0,0.000,0
7.826786,2800.00,2800.14,1,1,43,0,0.000,0
7.827143,2800.00,2800.14,1,1,44,0,0.000,0
7.827500,2800.00,2799.16,1,1,45,0,0.000,0
7.827858,2800.00,2799.16,1,1,46,0,0.000,0
7.828215,2800.00,2799.16,1,1,47,0,0.000,0
7.828572,2800.00,2799.16,1,1,48,0,0.000,0
7.828929,2800.00,2799.16,1,1,49,0,0.000,0
7.829286,2800.00,2800.14,1,1,50,0,0.000,0
7.829643,2800.00,2800.14,1,1,51,0,0.000,0
7.830000,2800.00,2801.12,1,1,52,0,0.000,0
7.830358,2800.00,2800.14,1,1,53,0,0.000,0
7.830715,2800.00,2801.12,1,1,54,0,0.000,0
7.831072,2800.00,2799.16,1,1,55,0,0.000,0
7.831429,2800.00,2799.16,1,1,56,0,0.000,0
7.831786,2800.00,2800.14,1,1,57,0,0.000,0
7.832858,2800.00,2800.34,1,1,0,1,0.000,0
7.833215,2800.00,2801.12,1,1,1,1,0.000,0
7.833572,2800.00,2797.99,1,1,2,1,0.000,0
7.833929,2800.00,2801.91,1,1,3,1,0.000,0
7.834286,2800.00,2799.55,1,1,4,1,0.000,0
7.834643,2800.00,2800.34,1,1,5,1,0.000,0
7.835000,2800.00,2800.34,1,1,6,1,0.000,0
7.835358,2800.00,2799.55,1,1,7,1,0.000,0
7.835715,2800.00,2798.18,1,1,8,1,0.000,0
7.836072,2800.00,2800.14,1,1,9,1,0.000,0
7.836429,2800.00,2801.12,1,1,10,1,0.000,0
7.836786,2800.00,2799.16,1,1,11,1,0.000,0
7.837143,2800.00,2799.16,1,1,12,1,0.000,0
7.837500,2800.00,2802.10,1,1,13,1,0.000,0
7.837858,2800.00,2801.12,1,1,14,1,0.000,0
7.838215,2800.00,2799.16,1,1,15,1,0.000,0
7.838572,2800.00,2801.12,1,1,16,1,0.000,0
7.838929,2800.00,2800.14,1,1,17,1,0.000,0
7.839286,2800.00,2800.14,1,1,18,1,0.000,0
7.839643,2800.00,2800.14,1,1,19,1,0.000,0
7.840000,2800.00,2800.14,1,1,20,1,0.000,0
7.840358,2800.00,2798.18,1,1,21,1,0.000,0
7.840715,2800.00,2800.14,1,1,22,1,0.000,0
7.841072,2800.00,2801.12,1,1,23,1,0.000,0
7.841429,2800.00,2799.16,1,1,24,1,0.000,0
7.841786,2800.00,2800.14,1,1,25,1,0.000,0
7.842143,2800.00,2799.16,1,1,26,1,0.000,0
7.842500,2800.00,2801.12,1,1,27,1,0.000,0
7.842858,2800.00,2801.12,1,1,28,1,0.000,0
7.843215,2800.00,2799.16,1,1,29,1,0.000,0
7.843572,2800.00,2799.16,1,1,30,1,0.000,0
7.843929,2800.00,2800.14,1,1,31,1,0.000,0
7.844286,2800.00,2801.12,1,1,32,1,0.000,0
7.844643,2800.00,2798.18,1,1,33,1,0.000,0
7.845000,2800.00,2801.12,1,1,34,1,0.000,0
7.845358,2800.00,2798.18,1,1,35,1,0.000,0
7.845715,2800.00,2799.16,1,1,36,1,0.000,0
7.846072,2800.00,2802.10,1,1,37,1,0.000,0
7.846429,2800.00,2800.14,1,1,38,1,0.000,0
7.846786,2800.00,2801.12,1,1,39,1,0.000,0
7.847143,2800.00,2801.12,1,1,40,1,0.000,0
7.847500,2800.00,2801.12,1,1,41,1,0.000,0
7.847858,2800.00,2801.12,1,1,42,1,0.000,0
7.848215,2800.00,2800.14,1,1,43,1,0.000,0
7.848572,2800.00,2801.12,1,1,44,1,0.000,0
7.848929,2800.00,2800.14,1,1,45,1,0.000,0
7.849286,2800.00,2800.14,1,1,46,1,0.000,0
7.849643,2800.00,2799.16,1,1,47,1,0.000,0
7.850000,2800.00,2796.23,1,1,48,1,0.000,0
7.850358,2800.00,2799.16,1,1,49,1,0.000,0
7.850715,2800.00,2800.14,1,1,50,1,0.000,0
7.851072,2800.00,2801.12,1,1,51,1,0.000,0
7.851429,2800.00,2801.12,1,1,52,1,0.000,0
7.851786,2800.00,2799.16,1,1,53,1,0.000,0
7.852143,2800.00,2800.14,1,1,54,1,0.000,0
7.852500,2800.00,2799.16,1,1,55,1,0.000,0
7.852858,2800.00,2802.10,1,1,56,1,0.000,0
7.853215,2800.00,2799.16,1,1,57,1,0.000,0
7.854286,2800.00,2799.55,1,1,0,0,0.000,0
7.854643,2800.00,2799.55,1,1,1,0,0.000,0
7.855000,2800.00,2798.77,1,1,2,0,0.000,0
7.855358,2800.00,2799.55,1,1,3,0,0.000,0
7.855715,2800.00,2799.55,1,1,4,0,0.000,0
7.856072,2800.00,2801.12,1,1,5,0,0.000,0
7.856429,2800.00,2801.12,1,1,6,0,0.000,0
7.856786,2800.00,2800.34,1,1,7,0,0.000,0
7.857143,2800.00,2798.18,1,1,8,0,0.000,0
7.857500,2800.00,2798.18,1,1,9,0,0.000,0
7.857858,2800.00,2799.16,1,1,10,0,0.000,0
7.858215,2800.00,2799.16,1,1,11,0,0.000,0
7.858572,2800.00,2801.12,1,1,12,0,0.000,0
7.858929,2800.00,2800.14,1,1,13,0,0.000,0
7.859286,2800.00,2799.16,1,1,14,0,0.000,0
7.859643,2800.00,2801.12,1,1,15,0,0.000,0
7.860000,2800.00,2802.10,1,1,16,0,0.000,0
7.860358,2800.00,2801.12,1,1,17,0,0.000,0
7.860715,2800.00,2800.14,1,1,18,0,0.000,0
7.861072,2800.00,2802.10,1,1,19,0,0.000,0
7.861429,2800.00,2799.16,1,1,20,0,0.000,0
7.861786,2800.00,2798.18,1,1,21,0,0.000,0
7.862143,2800.00,2801.12,1,1,22,0,0.000,0
7.862500,2800.00,2800.14,1,1,23,0,0.000,0
7.862858,2800.00,2800.14,1,1,24,0,0.000,0
7.863215,2800.00,2801.12,1,1,25,0,0.000,0
7.863572,2800.00,2801.12,1,1,26,0,0.000,0
7.863929,2800.00,2797.20,1,1,27,0,0.000,0
7.864286,2800.00,2799.16,1,1,28,0,0.000,0
7.864643,2800.00,2799.16,1,1,29,0,0.000,0
7.865000,2800.00,2799.16,1,1,30,0,0.000,0
7.865358,2800.00,2800.14,1,1,31,0,0.000,0
7.865715,2800.00,2800.14,1,1,32,0,0.000,0
7.866072,2800.00,2799.16,1,1,33,0,0.000,0
7.866429,2800.00,2798.18,1,1,34,0,0.000,0
7.866786,2800.00,2801.12,1,1,35,0,0.000,0
7.867143,2800.00,2800.14,1,1,36,0,0.000,0
7.867500,2800.00,2802.10,1,1,37,0,0.000,0
7.867858,2800.00,2799.16,1,1,38,0,0.000,0
7.868215,2800.00,2799.16,1,1,39,0,0.000,0
7.868572,2800.00,2800.14,1,1,40,0,0.000,0
7.868929,2800.00,2800.14,1,1,41,0,0.000,0
7.869286,2800.00,2801.12,1,1,42,0,0.000,0
7.869643,2800.00,2801.12,1,1,43,0,0.000,0
7.870000,2800.00,2800.14,1,1,44,0,0.000,0
7.870358,2800.00,2800.14,1,1,45,0,0.000,0
7.870715,2800.00,2800.14,1,1,46,0,0.000,0
7.871072,2800.00,2801.12,1,1,47,0,0.000,0
7.871429,2800.00,2799.16,1,1,48,0,0.000,0
7.871786,2800.00,2800.14,1,1,49,0,0.000,0
7.872143,2800.00,2800.14,1,1,50,0,0.000,0
7.872500,2800.00,2800.14,1,1,51,0,0.000,0
7.872858,2800.00,2801.12,1,1,52,0,0.000,0
7.873215,2800.00,2799.16,1,1,53,0,0.000,0
7.873572,2800.00,2800.14,1,1,54,0,0.000,0
7.873929,2800.00,2799.16,1,1,55,0,0.000,0
7.874286,2800.00,2799.16,1,1,56,0,0.000,0
7.874643,2800.00,2801.12,1,1,57,0,0.000,0
7.875715,2800.00,2799.55,1,1,0,1,0.000,0
7.876072,2800.00,2800.34,1,1,1,1,0.000,0
7.876429,2800.00,2798.77,1,1,2,1,0.000,0
7.876786,2800.00,2800.34,1,1,3,1,0.000,0
7.877143,2800.00,2800.34,1,1,4,1,0.000,0
7.877500,2800.00,2799.55,1,1,5,1,0.000,0
7.877858,2800.00,2800.34,1,1,6,1,0.000,0
7.878215,2800.00,2798.77,1,1,7,1,0.000,0
7.878572,2800.00,2801.12,1,1,8,1,0.000,0
7.878929,2800.00,2800.14,1,1,9,1,0.000,0
7.879286,2800.00,2800.14,1,1,10,1,0.000,0
7.879643,2800.00,2800.14,1,1,11,1,0.000,0
7.880000,2800.00,2800.14,1,1,12,1,0.000,0
7.880358,2800.00,2801.12,1,1,13,1,0.000,0
7.880715,2800.00,2799.16,1,1,14,1,0.000,0
7.881072,2800.00,2800.14,1,1,15,1,0.000,0
7.881429,2800.00,2799.16,1,1,16,1,0.000,0
7.881786,2800.00,2799.16,1,1,17,1,0.000,0
7.882143,2800.00,2800.14,1,1,18,1,0.000,0
7.882500,2800.00,2799.16,1,1,19,1,0.000,0
7.882858,2800.00,2800.14,1,1,20,1,0.000,0
7.883215,2800.00,2799.16,1,1,21,1,0.000,0
7.883572,2800.00,2801.12,1,1,22,1,0.000,0
7.883929,2800.00,2800.14,1,1,23,1,0.000,0
7.884286,2800.00,2800.14,1,1,24,1,0.000,0
7.884643,2800.00,2800.14,1,1,25,1,0.000,0
7.885000,2800.00,2801.12,1,1,26,1,0.000,0
7.885358,2800.00,2799.16,1,1,27,1,0.000,0
7.885715,2800.00,2799.16,1,1,28,1,0.000,0
7.886072,2800.00,2801.12,1,1,29,1,0.000,0
7.886429,2800.00,2802.10,1,1,30,1,0.000,0
7.886786,2800.00,2800.14,1,1,31,1,0.000,0
7.887143,2800.00,2799.16,1,1,32,1,0.000,0
7.887500,2800.00,2800.14,1,1,33,1,0.000,0
7.887858,2800.00,2800.14,1,1,34,1,0.000,0
7.888215,2800.00,2801.12,1,1,35,1,0.000,0
7.888572,2800.00,2799.16,1,1,36,1,0.000,0
7.888929,2800.00,2798.18,1,1,37,1,0.000,0
7.889286,2800.00,2798.18,1,1,38,1,0.000,0
7.889643,2800.00,2800.14,1,1,39,1,0.000,0
7.890000,2800.00,2802.10,1,1,40,1,0.000,0
7.890358,2800.00,2800.14,1,1,41,1,0.000,0
7.890715,2800.00,2798.18,1,1,42,1,0.000,0
7.891072,2800.00,2800.14,1,1,43,1,0.000,0
7.891429,2800.00,2802.10,1,1,44,1,0.000,0
7.891786,2800.00,2801.12,1,1,45,1,0.000,0
7.892143,2800.00,2800.14,1,1,46,1,0.000,0
7.892500,2800.00,2800.14,1,1,47,1,0.000,0
7.892858,2800.00,2798.18,1,1,48,1,0.000,0
7.893215,2800.00,2799.16,1,1,49,1,0.000,0
7.893572,2800.00,2801.12,1,1,50,1,0.000,0
7.893929,2800.00,2801.12,1,1,51,1,0.000,0
7.894286,2800.00,2797.20,1,1,52,1,0.000,0
7.894643,2800.00,2800.14,1,1,53,1,0.000,0
7.895000,2800.00,2800.14,1,1,54,1,0.000,0
7.895358,2800.00,2800.14,1,1,55,1,0.000,0
7.895715,2800.00,2801.12,1,1,56,1,0.000,0
7.896072,2800.00,2800.14,1,1,57,1,0.000,0
7.897143,2800.00,2799.55,1,1,0,0,0.000,0
7.897500,2800.00,2799.55,1,1,1,0,0.000,0
7.897858,2800.00,2802.69,1,1,2,0,0.000,0
7.898215,2800.00,2799.55,1,1,3,0,0.000,0
7.898572,2800.00,2800.34,1,1,4,0,0.000,0
7.898929,2800.00,2798.77,1,1,5,0,0.000,0
7.899286,2800.00,2799.55,1,1,6,0,0.000,0
7.899643,2800.00,2799.55,1,1,7,0,0.000,0
7.900000,2800.00,2800.14,1,1,8,0,0.000,0
7.900358,2800.00,2799.16,1,1,9,0,0.000,0
7.900715,2800.00,2797.20,1,1,10,0,0.000,0
7.901072,2800.00,2800.14,1,1,11,0,0.000,0
7.901429,2800.00,2799.16,1,1,12,0,0.000,0
7.901786,2800.00,2800.14,1,1,13,0,0.000,0
7.902143,2800.00,2801.12,1,1,14,0,0.000,0
7.902500,2800.00,2801.12,1,1,15,0,0.000,0
7.902858,2800.00,2801.12,1,1,16,0,0.000,0
7.903215,2800.00,2801.12,1,1,17,0,0.000,0
7.903572,2800.00,2801.12,1,1,18,0,0.000,0
7.903929,2800.00,2799.16,1,1,19,0,0.000,0
7.904286,2800.00,2799.16,1,1,20,0,0.000,0
7.904643,2800.00,2801.12,1,1,21,0,0.000,0
7.905000,2800.00,2798.18,1,1,22,0,0.000,0
7.905358,2800.00,2798.18,1,1,23,0,0.000,0
7.905715,2800.00,2800.14,1,1,24,0,0.000,0
7.906072,2800.00,2799.16,1,1,25,0,0.000,0
7.906429,2800.00,2800.14,1,1,26,0,0.000,0
7.906786,2800.00,2801.12,1,1,27,0,0.000,0
7.907143,2800.00,2801.12,1,1,28,0,0.000,0
7.907500,2800.00,2799.16,1,1,29,0,0.000,0
7.907858,2800.00,2802.10,1,1,30,0,0.000,0
7.908215,2800.00,2802.10,1,1,31,0,0.000,0
7.908572,2800.00,2799.16,1,1,32,0,0.000,0
7.908929,2800.00,2801.12,1,1,33,0,0.000,0
7.909286,2800.00,2801.12,1,1,34,0,0.000,0
7.909643,2800.00,2801.12,1,1,35,0,0.000,0
7.910000,2800.00,2799.16,1,1,36,0,0.000,0
7.910358,2800.00,2800.14,1,1,37,0,0.000,0
7.910715,2800.00,2799.16,1,1,38,0,0.000,0
7.911072,2800.00,2798.18,1,1,39,0,0.000,0
7.911429,2800.00,2800.14,1,1,40,0,0.000,0
7.911786,2800.00,2799.16,1,1,41,0,0.000,0
7.912143,2800.00,2798.18,1,1,42,0,0.000,0
7.912500,2800.00,2798.18,1,1,43,0,0.000,0
7.912858,2800.00,2801.12,1,1,44,0,0.000,0
7.913215,2800.00,2800.14,1,1,45,0,0.000,0
7.913572,2800.00,2800.14,1,1,46,0,0.000,0
7.913929,2800.00,2800.14,1,1,47,0,0.000,0
7.914286,2800.00,2799.16,1,1,48,0,0.000,0
7.914643,2800.00,2800.14,1,1,49,0,0.000,0
7.915000,2800.00,2800.14,1,1,50,0,0.000,0
7.915358,2800.00,2799.16,1,1,51,0,0.000,0
7.915715,2800.00,2799.16,1,1,52,0,0.000,0
7.916072,2800.00,2800.14,1,1,53,0,0.000,0
7.916429,2800.00,2798.18,1,1,54,0,0.000,0
7.916786,2800.00,2801.12,1,1,55,0,0.000,0
7.917143,2800.00,2801.12,1,1,56,0,0.000,0
7.917500,2800.00,2798.18,1,1,57,0,0.000,0
7.918572,2800.00,2800.34,1,1,0,1,0.000,0
7.918929,2800.00,2800.34,1,1,1,1,0.000,0
7.919286,2800.00,2801.91,1,1,2,1,0.000,0
7.919643,2800.00,2799.55,1,1,3,1,0.000,0
7.920000,2800.00,2801.12,1,1,4,1,0.000,0
7.920358,2800.00,2799.55,1,1,5,1,0.000,0
7.920715,2800.00,2797.99,1,1,6,1,0.000,0
7.921072,2800.00,2800.34,1,1,7,1,0.000,0
7.921429,2800.00,2800.14,1,1,8,1,0.000,0
7.921786,2800.00,2801.12,1,1,9,1,0.000,0
7.922143,2800.00,2799.16,1,1,10,1,0.000,0
7.922500,2800.00,2799.16,1,1,11,1,0.000,0
7.922858,2800.00,2800.14,1,1,12,1,0.000,0
7.923215,2800.00,2800.14,1,1,13,1,0.000,0
7.923572,2800.00,2802.10,1,1,14,1,0.000,0
7.923929,2800.00,2801.12,1,1,15,1,0.000,0
7.924286,2800.00,2799.16,1,1,16,1,0.000,0
7.924643,2800.00,2799.16,1,1,17,1,0.000,0
7.925000,2800.00,2798.18,1,1,18,1,0.000,0
7.925358,2800.00,2801.12,1,1,19,1,0.000,0
7.925715,2800.00,2801.12,1,1,20,1,0.000,0
7.926072,2800.00,2801.12,1,1,21,1,0.000,0
7.926429,2800.00,2800.14,1,1,22,1,0.000,0
7.926786,2800.00,2800.14,1,1,23,1,0.000,0
7.927143,2800.00,2800.14,1,1,24,1,0.000,0
7.927500,2800.00,2800.14,1,1,25,1,0.000,0
7.927858,2800.00,2800.14,1,1,26,1,0.000,0
7.928215,2800.00,2800.14,1,1,27,1,0.000,0
7.928572,2800.00,2799.16,1,1,28,1,0.000,0
7.928929,2800.00,2801.12,1,1,29,1,0.000,0
7.929286,2800.00,2800.14,1,1,30,1,0.000,0
7.929643,2800.00,2801.12,1,1,31,1,0.000,0
7.930000,2800.00,2801.12,1,1,32,1,0.000,0
7.930358,2800.00,2800.14,1,1,33,1,0.000,0
7.930715,2800.00,2800.14,1,1,34,1,0.000,0
7.931072,2800.00,2799.16,1,1,35,1,0.000,0
7.931429,2800.00,2799.16,1,1,36,1,0.000,0
7.931786,2800.00,2797.20,1,1,37,1,0.000,0
7.932143,2800.00,2800.14,1,1,38,1,0.000,0
7.932500,2800.00,2799.16,1,1,39,1,0.000,0
7.932858,2800.00,2799.16,1,1,40,1,0.000,0
7.933215,2800.00,2800.14,1,1,41,1,0.000,0
7.933572,2800.00,2799.16,1,1,42,1,0.000,0
7.933929,2800.00,2800.14,1,1,43,1,0.000,0
7.934286,2800.00,2800.14,1,1,44,1,0.000,0
7.934643,2800.00,2800.14,1,1,45,1,0.000,0
7.935000,2800.00,2801.12,1,1,46,1,0.000,0
7.935358,2800.00,2798.18,1,1,47,1,0.000,0
7.935715,2800.00,2800.14,1,1,48,1,0.000,0
7.936072,2800.00,2801.12,1,1,49,1,0.000,0
7.936429,2800.00,2801.12,1,1,50,1,0.000,0
7.936786,2800.00,2801.12,1,1,51,1,0.000,0
7.937143,2800.00,2799.16,1,1,52,1,0.000,0
7.937500,2800.00,2802.10,1,1,53,1,0.000,0
7.937858,2800.00,2799.16,1,1,54,1,0.000,0
7.938215,2800.00,2802.10,1,1,55,1,0.000,0
7.938572,2800.00,2801.12,1,1,56,1,0.000,0
7.938929,2800.00,2799.16,1,1,57,1,0.000,0
7.940000,2800.00,2799.55,1,1,0,0,0.000,0
7.940358,2800.00,2800.34,1,1,1,0,0.000,0
7.940715,2800.00,2799.55,1,1,2,0,0.000,0
7.941072,2800.00,2798.77,1,1,3,0,0.000,0
7.941429,2800.00,2799.55,1,1,4,0,0.000,0
7.941786,2800.00,2798.77,1,1,5,0,0.000,0
7.942143,2800.00,2798.77,1,1,6,0,0.000,0
7.942500,2800.00,2799.55,1,1,7,0,0.000,0
7.942858,2800.00,2800.14,1,1,8,0,0.000,0
7.943215,2800.00,2799.16,1,1,9,0,0.000,0
7.943572,2800.00,2802.10,1,1,10,0,0.000,0
7.943929,2800.00,2801.12,1,1,11,0,0.000,0
7.944286,2800.00,2800.14,1,1,12,0,0.000,0
7.944643,2800.00,2800.14,1,1,13,0,0.000,0
7.945000,2800.00,2801.12,1,1,14,0,0.000,0
7.945358,2800.00,2800.14,1,1,15,0,0.000,0
7.945715,2800.00,2801.12,1,1,16,0,0.000,0
7.946072,2800.00,2799.16,1,1,17,0,0.000,0
7.946429,2800.00,2799.16,1,1,18,0,0.000,0
7.946786,2800.00,2799.16,1,1,19,0,0.000,0
7.947143,2800.00,2799.16,1,1,20,0,0.000,0
7.947500,2800.00,2801.12,1,1,21,0,0.000,0
7.947858,2800.00,2800.14,1,1,22,0,0.000,0
7.948215,2800.00,2800.14,1,1,23,0,0.000,0
7.948572,2800.00,2800.14,1,1,24,0,0.000,0
7.948929,2800.00,2801.12,1,1,25,0,0.000,0
7.949286,2800.00,2800.14,1,1,26,0,0.000,0
7.949643,2800.00,2799.16,1,1,27,0,0.000,0
7.950000,2800.00,2800.14,1,1,28,0,0.000,0
7.950358,2800.00,2800.14,1,1,29,0,0.000,0
7.950715,2800.00,2800.14,1,1,30,0,0.000,0
7.951072,2800.00,2799.16,1,1,31,0,0.000,0
7.951429,2800.00,2798.18,1,1,32,0,0.000,0
7.951786,2800.00,2797.20,1,1,33,0,0.000,0
7.952143,2800.00,2800.14,1,1,34,0,0.000,0
7.952500,2800.00,2800.14,1,1,35,0,0.000,0
7.952858,2800.00,2801.12,1,1,36,0,0.000,0
7.953215,2800.00,2800.14,1,1,37,0,0.000,0
7.953572,2800.00,2799.16,1,1,38,0,0.000,0
7.953929,2800.00,2801.12,1,1,39,0,0.000,0
7.954286,2800.00,2801.12,1,1,40,0,0.000,0
7.954643,2800.00,2802.10,1,1,41,0,0.000,0
7.955000,2800.00,2799.16,1,1,42,0,0.000,0
7.955358,2800.00,2800.14,1,1,43,0,0.000,0
7.955715,2800.00,2798.18,1,1,44,0,0.000,0
7.956072,2800.00,2799.16,1,1,45,0,0.000,0
7.956429,2800.00,2799.16,1,1,46,0,0.000,0
7.956786,2800.00,2798.18,1,1,47,0,0.000,0
7.957143,2800.00,2800.14,1,1,48,0,0.000,0
7.957500,2800.00,2800.14,1,1,49,0,0.000,0
7.957858,2800.00,2799.16,1,1,50,0,0.000,0
7.958215,2800.00,2802.10,1,1,51,0,0.000,0
7.958572,2800.00,2801.12,1,1,52,0,0.000,0
7.958929,2800.00,2800.14,1,1,53,0,0.000,0
7.959286,2800.00,2799.16,1,1,54,0,0.000,0
7.959643,2800.00,2802.10,1,1,55,0,0.000,0
7.960000,2800.00,2800.14,1,1,56,0,0.000,0
7.960358,2800.00,2800.14,1,1,57,0,0.000,0
7.961429,2800.00,2800.34,1,1,0,1,0.000,0
7.961786,2800.00,2798.77,1,1,1,1,0.000,0
7.962143,2800.00,2800.34,1,1,2,1,0.000,0
7.962500,2800.00,2799.55,1,1,3,1,0.000,0
7.962858,2800.00,2801.91,1,1,4,1,0.000,0
7.963215,2800.00,2799.55,1,1,5,1,0.000,0
7.963572,2800.00,2799.55,1,1,6,1,0.000,0
7.963929,2800.00,2801.12,1,1,7,1,0.000,0
7.964286,2800.00,2801.12,1,1,8,1,0.000,0
7.964643,2800.00,2799.16,1,1,9,1,0.000,0
7.965000,2800.00,2800.14,1,1,10,1,0.000,0
7.965358,2800.00,2799.16,1,1,11,1,0.000,0
7.965715,2800.00,2799.16,1,1,12,1,0.000,0
7.966072,2800.00,2799.16,1,1,13,1,0.000,0
7.966429,2800.00,2800.14,1,1,14,1,0.000,0
7.966786,2800.00,2799.16,1,1,15,1,0.000,0
7.967143,2800.00,2800.14,1,1,16,1,0.000,0
7.967500,2800.00,2800.14,1,1,17,1,0.000,0
7.967858,2800.00,2800.14,1,1,18,1,0.000,0
7.968215,2800.00,2801.12,1,1,19,1,0.000,0
7.968572,2800.00,2798.18,1,1,20,1,0.000,0
7.968929,2800.00,2802.10,1,1,21,1,0.000,0
7.969286,2800.00,2800.14,1,1,22,1,0.000,0
7.969643,2800.00,2800.14,1,1,23,1,0.000,0
7.970000,2800.00,2800.14,1,1,24,1,0.000,0
7.970358,2800.00,2800.14,1,1,25,1,0.000,0
7.970715,2800.00,2800.14,1,1,26,1,0.000,0
7.971072,2800.00,2799.16,1,1,27,1,0.000,0
7.971429,2800.00,2802.10,1,1,28,1,0.000,0
7.971786,2800.00,2799.16,1,1,29,1,0.000,0
7.972143,2800.00,2800.14,1,1,30,1,0.000,0
7.972500,2800.00,2800.14,1,1,31,1,0.000,0
7.972858,2800.00,2800.14,1,1,32,1,0.000,0
7.973215,2800.00,2802.10,1,1,33,1,0.000,0
7.973572,2800.00,2799.16,1,1,34,1,0.000,0
7.973929,2800.00,2801.12,1,1,35,1,0.000,0
7.974286,2800.00,2799.16,1,1,36,1,0.000,0
7.974643,2800.00,2799.16,1,1,37,1,0.000,0
7.975000,2800.00,2800.14,1,1,38,1,0.000,0
7.975358,2800.00,2798.18,1,1,39,1,0.000,0
7.975715,2800.00,2798.18,1,1,40,1,0.000,0
7.976072,2800.00,2799.16,1,1,41,1,0.000,0
7.976429,2800.00,2799.16,1,1,42,1,0.000,0
7.976786,2800.00,2800.14,1,1,43,1,0.000,0
7.977143,2800.00,2800.14,1,1,44,1,0.000,0
7.977500,2800.00,2800.14,1,1,45,1,0.000,0
7.977858,2800.00,2799.16,1,1,46,1,0.000,0
7.978215,2800.00,2802.10,1,1,47,1,0.000,0
7.978572,2800.00,2801.12,1,1,48,1,0.000,0
7.978929,2800.00,2798.18,1,1,49,1,0.000,0
7.979286,2800.00,2800.14,1,1,50,1,0.000,0
7.979643,2800.00,2801.12,1,1,51,1,0.000,0
7.980000,2800.00,2801.12,1,1,52,1,0.000,0
7.980358,2800.00,2800.14,1,1,53,1,0.000,0
7.980715,2800.00,2800.14,1,1,54,1,0.000,0
7.981072,2800.00,2801.12,1,1,55,1,0.000,0
7.981429,2800.00,2801.12,1,1,56,1,0.000,0
7.981786,2800.00,2800.14,1,1,57,1,0.000,0
7.982858,2800.00,2799.55,1,1,0,0,0.000,0
7.983215,2800.00,2797.99,1,1,1,0,0.000,0
7.983572,2800.00,2800.34,1,1,2,0,0.000,0
7.983929,2800.00,2800.34,1,1,3,0,0.000,0
7.984286,2800.00,2801.12,1,1,4,0,0.000,0
7.984643,2800.00,2797.99,1,1,5,0,0.000,0
7.985000,2800.00,2799.55,1,1,6,0,0.000,0
7.985358,2800.00,2801.12,1,1,7,0,0.000,0
7.985715,2800.00,2800.14,1,1,8,0,0.000,0
7.986072,2800.00,2801.12,1,1,9,0,0.000,0
7.986429,2800.00,2799.16,1,1,10,0,0.000,0
7.986786,2800.00,2800.14,1,1,11,0,0.000,0
7.987143,2800.00,2799.16,1,1,12,0,0.000,0
7.987500,2800.00,2801.12,1,1,13,0,0.000,0
7.987858,2800.00,2799.16,1,1,14,0,0.000,0
7.988215,2800.00,2800.14,1,1,15,0,0.000,0
7.988572,2800.00,2800.14,1,1,16,0,0.000,0
7.988929,2800.00,2799.16,1,1,17,0,0.000,0
7.989286,2800.00,2799.16,1,1,18,0,0.000,0
7.989643,2800.00,2800.14,1,1,19,0,0.000,0
7.990000,2800.00,2798.18,1,1,20,0,0.000,0
7.990358,2800.00,2799.16,1,1,21,0,0.000,0
7.990715,2800.00,2800.14,1,1,22,0,0.000,0
7.991072,2800.00,2798.18,1,1,23,0,0.000,0
7.991429,2800.00,2801.12,1,1,24,0,0.000,0
7.991786,2800.00,2800.14,1,1,25,0,0.000,0
7.992143,2800.00,2801.12,1,1,26,0,0.000,0
7.992500,2800.00,2800.14,1,1,27,0,0.000,0
7.992858,2800.00,2803.08,1,1,28,0,0.000,0
7.993215,2800.00,2801.12,1,1,29,0,0.000,0
7.993572,2800.00,2800.14,1,1,30,0,0.000,0
7.993929,2800.00,2801.12,1,1,31,0,0.000,0
7.994286,2800.00,2800.14,1,1,32,0,0.000,0
7.994643,2800.00,2800.14,1,1,33,0,0.000,0
7.995000,2800.00,2799.16,1,1,34,0,0.000,0
7.995358,2800.00,2798.18,1,1,35,0,0.000,0
7.995715,2800.00,2799.16,1,1,36,0,0.000,0
7.996072,2800.00,2798.18,1,1,37,0,0.000,0
7.996429,2800.00,2799.16,1,1,38,0,0.000,0
7.996786,2800.00,2800.14,1,1,39,0,0.000,0
7.997143,2800.00,2799.16,1,1,40,0,0.000,0
7.997500,2800.00,2800.14,1,1,41,0,0.000,0
7.997858,2800.00,2799.16,1,1,42,0,0.000,0
7.998215,2800.00,2801.12,1,1,43,0,0.000,0
7.998572,2800.00,2800.14,1,1,44,0,0.000,0
7.998929,2800.00,2802.10,1,1,45,0,0.000,0
7.999286,2800.00,2801.12,1,1,46,0,0.000,0
7.999643,2800.00,2799.16,1,1,47,0,0.000,0
8.000000,2800.00,2802.10,1,1,48,0,0.000,0
8.000358,2799.64,2801.12,1,1,49,0,0.000,0
8.000715,2799.29,2801.12,1,1,50,0,0.000,0
8.001072,2798.93,2800.14,1,1,51,0,0.000,0
8.001429,2798.57,2799.16,1,1,52,0,0.000,0
8.001787,2798.21,2798.18,1,1,53,0,0.000,0
8.002144,2797.86,2800.14,1,1,54,0,0.000,0
8.002502,2797.50,2799.16,1,1,55,0,0.000,0
8.002859,2797.14,2798.18,1,1,56,0,0.000,0
8.003217,2796.78,2796.23,1,1,57,0,0.000,0
8.004289,2795.71,2798.77,1,1,0,1,0.000,0
8.004647,2795.35,2796.42,1,1,1,1,0.000,0
8.005005,2795.00,2797.20,1,1,2,1,0.000,0
8.005363,2794.64,2795.64,1,1,3,1,0.000,0
8.005721,2794.28,2794.86,1,1,4,1,0.000,0
8.006078,2793.92,2795.64,1,1,5,1,0.000,0
8.006436,2793.56,2793.30,1,1,6,1,0.000,0
8.006794,2793.21,2796.42,1,1,7,1,0.000,0
8.007152,2792.85,2793.30,1,1,8,1,0.000,0
8.007511,2792.49,2796.23,1,1,9,1,0.000,0
8.007869,2792.13,2791.35,1,1,10,1,0.000,0
8.008227,2791.77,2794.27,1,1,11,1,0.000,0
8.008585,2791.41,2793.30,1,1,12,1,0.000,0
8.008943,2791.06,2792.32,1,1,13,1,0.000,0
8.009302,2790.70,2793.30,1,1,14,1,0.000,0
8.009660,2790.34,2791.35,1,1,15,1,0.000,0
8.010018,2789.98,2791.35,1,1,16,1,0.000,0
8.010377,2789.62,2788.43,1,1,17,1,0.000,0
8.010735,2789.26,2792.32,1,1,18,1,0.000,0
8.011094,2788.91,2789.40,1,1,19,1,0.000,0
8.011452,2788.55,2790.37,1,1,20,1,0.000,0
8.011811,2788.19,2791.35,1,1,21,1,0.000,0
8.012170,2787.83,2789.40,1,1,22,1,0.000,0
8.012528,2787.47,2790.37,1,1,23,1,0.000,0
8.012887,2787.11,2789.40,1,1,24,1,0.000,0
8.013246,2786.75,2789.40,1,1,25,1,0.000,0
8.013605,2786.40,2786.49,1,1,26,1,0.000,0
8.013964,2786.04,2788.43,1,1,27,1,0.000,0
8.014323,2785.68,2786.49,1,1,28,1,0.000,0
8.014682,2785.32,2786.49,1,1,29,1,0.000,0
8.015041,2784.96,2787.46,1,1,30,1,0.000,0
8.015400,2784.60,2783.58,1,1,31,1,0.000,0
8.015759,2784.24,2783.58,1,1,32,1,0.000,0
8.016118,2783.88,2785.52,1,1,33,1,0.000,0
8.016478,2783.52,2785.52,1,1,34,1,0.000,0
8.016837,2783.16,2784.55,1,1,35,1,0.000,0
8.017196,2782.80,2785.52,1,1,36,1,0.000,0
8.017555,2782.45,2783.58,1,1,37,1,0.000,0
8.017915,2782.09,2782.61,1,1,38,1,0.000,0
8.018274,2781.73,2782.61,1,1,39,1,0.000,0
8.018634,2781.37,2783.58,1,1,40,1,0.000,0
8.018993,2781.01,2781.64,1,1,41,1,0.000,0
8.019353,2780.65,2782.61,1,1,42,1,0.000,0
8.019713,2780.29,2781.64,1,1,43,1,0.000,0
8.020072,2779.93,2781.64,1,1,44,1,0.000,0
8.020432,2779.57,2781.64,1,1,45,1,0.000,0
8.020792,2779.21,2779.71,1,1,46,1,0.000,0
8.021152,2778.85,2780.67,1,1,47,1,0.000,0
8.021512,2778.49,2780.67,1,1,48,1,0.000,0
8.021872,2778.13,2779.71,1,1,49,1,0.000,0
8.022232,2777.77,2779.71,1,1,50,1,0.000,0
8.022592,2777.41,2779.71,1,1,51,1,0.000,0
8.022952,2777.05,2778.74,1,1,52,1,0.000,0
8.023312,2776.69,2776.81,1,1,53,1,0.000,0
8.023672,2776.33,2778.74,1,1,54,1,0.000,0
8.024032,2775.97,2778.74,1,1,55,1,0.000,0
8.024392,2775.61,2777.78,1,1,56,1,0.000,0
8.024753,2775.25,2777.78,1,1,57,1,0.000,0
8.025834,2774.17,2774.69,1,1,0,0,0.000,0
8.026194,2773.81,2775.46,1,1,1,0,0.000,0
8.026555,2773.45,2774.69,1,1,2,0,0.000,0
8.026916,2773.09,2774.69,1,1,3,0,0.000,0
8.027276,2772.72,2774.69,1,1,4,0,0.000,0
8.027637,2772.36,2773.93,1,1,5,0,0.000,0
8.027998,2772.00,2771.62,1,1,6,0,0.000,0
8.028358,2771.64,2772.39,1,1,7,0,0.000,0
8.028719,2771.28,2773.93,1,1,8,0,0.000,0
8.029080,2770.92,2771.04,1,1,9,0,0.000,0
8.029441,2770.56,2772.00,1,1,10,0,0.000,0
8.029802,2770.20,2772.00,1,1,11,0,0.000,0
8.030163,2769.84,2771.04,1,1,12,0,0.000,0
8.030524,2769.48,2771.04,1,1,13,0,0.000,0
8.030885,2769.12,2772.00,1,1,14,0,0.000,0
8.031246,2768.75,2770.08,1,1,15,0,0.000,0
8.031607,2768.39,2770.08,1,1,16,0,0.000,0
8.031969,2768.03,2771.04,1,1,17,0,0.000,0
8.032330,2767.67,2768.17,1,1,18,0,0.000,0
8.032691,2767.31,2768.17,1,1,19,0,0.000,0
8.033053,2766.95,2768.17,1,1,20,0,0.000,0
8.033414,2766.59,2767.21,1,1,21,0,0.000,0
8.033776,2766.22,2767.21,1,1,22,0,0.000,0
8.034137,2765.86,2766.25,1,1,23,0,0.000,0
8.034499,2765.50,2766.25,1,1,24,0,0.000,0
8.034860,2765.14,2766.25,1,1,25,0,0.000,0
8.035222,2764.78,2765.30,1,1,26,0,0.000,0
8.035584,2764.42,2766.25,1,1,27,0,0.000,0
8.035945,2764.06,2765.30,1,1,28,0,0.000,0
8.036307,2763.69,2767.21,1,1,29,0,0.000,0
8.036669,2763.33,2764.34,1,1,30,0,0.000,0
8.037031,2762.97,2765.30,1,1,31,0,0.000,0
8.037393,2762.61,2764.34,1,1,32,0,0.000,0
8.037755,2762.25,2763.39,1,1,33,0,0.000,0
8.038117,2761.88,2765.30,1,1,34,0,0.000,0
8.038479,2761.52,2763.39,1,1,35,0,0.000,0
8.038841,2761.16,2762.43,1,1,36,0,0.000,0
8.039203,2760.80,2760.52,1,1,37,0,0.000,0
8.039566,2760.44,2762.43,1,1,38,0,0.000,0
8.039928,2760.07,2761.48,1,1,39,0,0.000,0
8.040290,2759.71,2760.52,1,1,40,0,0.000,0
8.040653,2759.35,2761.48,1,1,41,0,0.000,0
8.041015,2758.99,2760.52,1,1,42,0,0.000,0
8.041378,2758.62,2760.52,1,1,43,0,0.000,0
8.041740,2758.26,2759.57,1,1,44,0,0.000,0
8.042103,2757.90,2760.52,1,1,45,0,0.000,0
8.042465,2757.53,2758.62,1,1,46,0,0.000,0
8.042828,2757.17,2759.57,1,1,47,0,0.000,0
8.043191,2756.81,2760.52,1,1,48,0,0.000,0
8.043553,2756.45,2757.67,1,1,49,0,0.000,0
8.043916,2756.08,2756.72,1,1,50,0,0.000,0
8.044279,2755.72,2755.77,1,1,51,0,0.000,0
8.044642,2755.36,2757.67,1,1,52,0,0.000,0
8.045005,2755.00,2755.77,1,1,53,0,0.000,0
8.045368,2754.63,2756.72,1,1,54,0,0.000,0
8.045731,2754.27,2754.82,1,1,55,0,0.000,0
8.046094,2753.91,2752.93,1,1,56,0,0.000,0
8.046457,2753.54,2753.87,1,1,57,0,0.000,0
8.047547,2752.45,2754.06,1,1,0,1,0.000,0
8.047910,2752.09,2754.82,1,1,1,1,0.000,0
8.048274,2751.73,2753.30,1,1,2,1,0.000,0
8.048637,2751.36,2753.30,1,1,3,1,0.000,0
8.049001,2751.00,2752.55,1,1,4,1,0.000,0
8.049364,2750.64,2753.30,1,1,5,1,0.000,0
8.049728,2750.27,2752.55,1,1,6,1,0.000,0
8.050091,2749.91,2751.79,1,1,7,1,0.000,0
8.050455,2749.55,2750.09,1,1,8,1,0.000,0
8.050819,2749.18,2749.14,1,1,9,1,0.000,0
8.051183,2748.82,2750.09,1,1,10,1,0.000,0
8.051546,2748.45,2749.14,1,1,11,1,0.000,0
8.051910,2748.09,2750.09,1,1,12,1,0.000,0
8.052274,2747.73,2748.20,1,1,13,1,0.000,0
8.052638,2747.36,2749.14,1,1,14,1,0.000,0
8.053002,2747.00,2749.14,1,1,15,1,0.000,0
8.053366,2746.63,2748.20,1,1,16,1,0.000,0
8.053730,2746.27,2749.14,1,1,17,1,0.000,0
8.054094,2745.91,2748.20,1,1,18,1,0.000,0
8.054459,2745.54,2746.31,1,1,19,1,0.000,0
8.054823,2745.18,2746.31,1,1,20,1,0.000,0
8.055187,2744.81,2747.25,1,1,21,1,0.000,0
8.055552,2744.45,2745.37,1,1,22,1,0.000,0
8.055916,2744.09,2744.43,1,1,23,1,0.000,0
8.056280,2743.72,2746.31,1,1,24,1,0.000,0
8.056645,2743.36,2744.43,1,1,25,1,0.000,0
8.057009,2742.99,2743.48,1,1,26,1,0.000,0
8.057374,2742.63,2745.37,1,1,27,1,0.000,0
8.057739,2742.26,2743.48,1,1,28,1,0.000,0
8.058103,2741.90,2742.54,1,1,29,1,0.000,0
8.058468,2741.53,2742.54,1,1,30,1,0.000,0
8.058833,2741.17,2744.43,1,1,31,1,0.000,0
8.059198,2740.80,2741.60,1,1,32,1,0.000,0
8.059563,2740.44,2740.66,1,1,33,1,0.000,0
8.059927,2740.07,2741.60,1,1,34,1,0.000,0
8.060292,2739.71,2740.66,1,1,35,1,0.000,0
8.060657,2739.34,2741.60,1,1,36,1,0.000,0
8.061023,2738.98,2741.60,1,1,37,1,0.000,0
8.061388,2738.61,2740.66,1,1,38,1,0.000,0
8.061753,2738.25,2739.73,1,1,39,1,0.000,0
8.062118,2737.88,2738.79,1,1,40,1,0.000,0
8.062483,2737.52,2739.73,1,1,41,1,0.000,0
8.062849,2737.15,2739.73,1,1,42,1,0.000,0
8.063214,2736.79,2738.79,1,1,43,1,0.000,0
8.063579,2736.42,2737.85,1,1,44,1,0.000,0
8.063945,2736.06,2736.91,1,1,45,1,0.000,0
8.064310,2735.69,2738.79,1,1,46,1,0.000,0
8.064676,2735.33,2735.04,1,1,47,1,0.000,0
8.065042,2734.96,2737.85,1,1,48,1,0.000,0
8.065407,2734.59,2736.91,1,1,49,1,0.000,0
8.065773,2734.23,2734.11,1,1,50,1,0.000,0
8.066139,2733.86,2735.04,1,1,51,1,0.000,0
8.066505,2733.50,2735.98,1,1,52,1,0.000,0
8.066870,2733.13,2734.11,1,1,53,1,0.000,0
8.067236,2732.76,2732.24,1,1,54,1,0.000,0
8.067602,2732.40,2735.04,1,1,55,1,0.000,0
8.067968,2732.03,2732.24,1,1,56,1,0.000,0
8.068334,2731.67,2732.24,1,1,57,1,0.000,0
8.069433,2730.57,2732.99,1,1,0,0,0.000,0
8.069799,2730.20,2732.24,1,1,1,0,0.000,0
8.070165,2729.84,2730.75,1,1,2,0,0.000,0
8.070532,2729.47,2731.49,1,1,3,0,0.000,0
8.070898,2729.10,2731.49,1,1,4,0,0.000,0
8.071264,2728.74,2730.00,1,1,5,0,0.000,0
8.071631,2728.37,2731.49,1,1,6,0,0.000,0
8.071998,2728.00,2731.49,1,1,7,0,0.000,0
8.072364,2727.64,2729.44,1,1,8,0,0.000,0
8.072731,2727.27,2729.44,1,1,9,0,0.000,0
8.073097,2726.90,2727.58,1,1,10,0,0.000,0
8.073464,2726.54,2727.58,1,1,11,0,0.000,0
8.073831,2726.17,2727.58,1,1,12,0,0.000,0
8.074198,2725.80,2728.51,1,1,13,0,0.000,0
8.074565,2725.44,2726.65,1,1,14,0,0.000,0
8.074932,2725.07,2725.72,1,1,15,0,0.000,0
8.075299,2724.70,2726.65,1,1,16,0,0.000,0
8.075666,2724.34,2723.87,1,1,17,0,0.000,0
8.076033,2723.97,2725.72,1,1,18,0,0.000,0
8.076400,2723.60,2726.65,1,1,19,0,0.000,0
8.076767,2723.23,2725.72,1,1,20,0,0.000,0
8.077134,2722.87,2723.87,1,1,21,0,0.000,0
8.077502,2722.50,2722.01,1,1,22,0,0.000,0
8.077869,2722.13,2722.01,1,1,23,0,0.000,0
8.078236,2721.76,2722.01,1,1,24,0,0.000,0
8.078604,2721.40,2724.80,1,1,25,0,0.000,0
8.078971,2721.03,2722.01,1,1,26,0,0.000,0
8.079339,2720.66,2722.01,1,1,27,0,0.000,0
8.079706,2720.29,2722.01,1,1,28,0,0.000,0
8.080074,2719.93,2721.09,1,1,29,0,0.000,0
8.080442,2719.56,2722.01,1,1,30,0,0.000,0
8.080809,2719.19,2722.01,1,1,31,0,0.000,0
8.081177,2718.82,2721.09,1,1,32,0,0.000,0
8.081545,2718.45,2720.16,1,1,33,0,0.000,0
8.081913,2718.09,2720.16,1,1,34,0,0.000,0
8.082281,2717.72,2719.24,1,1,35,0,0.000,0
8.082649,2717.35,2718.31,1,1,36,0,0.000,0
8.083017,2716.98,2719.24,1,1,37,0,0.000,0
8.083385,2716.62,2718.31,1,1,38,0,0.000,0
8.083753,2716.25,2717.39,1,1,39,0,0.000,0
8.084121,2715.88,2716.47,1,1,40,0,0.000,0
8.084489,2715.51,2716.47,1,1,41,0,0.000,0
8.084858,2715.14,2716.47,1,1,42,0,0.000,0
8.085226,2714.77,2715.55,1,1,43,0,0.000,0
8.085594,2714.41,2716.47,1,1,44,0,0.000,0
8.085963,2714.04,2714.62,1,1,45,0,0.000,0
8.086331,2713.67,2715.55,1,1,46,0,0.000,0
8.086700,2713.30,2712.78,1,1,47,0,0.000,0
8.087068,2712.93,2715.55,1,1,48,0,0.000,0
8.087437,2712.56,2712.78,1,1,49,0,0.000,0
8.087806,2712.20,2714.62,1,1,50,0,0.000,0
8.088175,2711.83,2712.78,1,1,51,0,0.000,0
8.088543,2711.46,2711.86,1,1,52,0,0.000,0
8.088912,2711.09,2712.78,1,1,53,0,0.000,0
8.089281,2710.72,2711.86,1,1,54,0,0.000,0
8.089650,2710.35,2714.62,1,1,55,0,0.000,0
8.090019,2709.98,2710.95,1,1,56,0,0.000,0
8.090388,2709.61,2710.95,1,1,57,0,0.000,0
8.091495,2708.51,2709.29,1,1,0,1,0.000,0
8.091865,2708.14,2710.03,1,1,1,1,0.000,0
8.092234,2707.77,2709.29,1,1,2,1,0.000,0
8.092603,2707.40,2708.56,1,1,3,1,0.000,0
8.092973,2707.03,2707.83,1,1,4,1,0.000,0
8.093342,2706.66,2707.83,1,1,5,1,0.000,0
8.093711,2706.29,2707.09,1,1,6,1,0.000,0
8.094081,2705.92,2709.29,1,1,7,1,0.000,0
8.094451,2705.55,2707.28,1,1,8,1,0.000,0
8.094820,2705.18,2706.36,1,1,9,1,0.000,0
8.095190,2704.81,2707.28,1,1,10,1,0.000,0
8.095560,2704.44,2705.44,1,1,11,1,0.000,0
8.095929,2704.07,2707.28,1,1,12,1,0.000,0
8.096299,2703.70,2706.36,1,1,13,1,0.000,0
8.096669,2703.33,2706.36,1,1,14,1,0.000,0
8.097039,2702.96,2702.70,1,1,15,1,0.000,0
8.097409,2702.59,2705.44,1,1,16,1,0.000,0
8.097779,2702.22,2704.53,1,1,17,1,0.000,0
8.098149,2701.85,2703.62,1,1,18,1,0.000,0
8.098519,2701.48,2704.53,1,1,19,1,0.000,0
8.098890,2701.11,2702.70,1,1,20,1,0.000,0
8.099260,2700.74,2700.88,1,1,21,1,0.000,0
8.099630,2700.37,2701.79,1,1,22,1,0.000,0
8.100000,2700.00,2702.70,1,1,23,1,0.000,0
8.100371,2699.63,2699.97,1,1,24,1,0.000,0
8.100741,2699.26,2701.79,1,1,25,1,0.000,0
8.101112,2698.89,2699.97,1,1,26,1,0.000,0
8.101482,2698.52,2699.97,1,1,27,1,0.000,0
8.101853,2698.15,2699.97,1,1,28,1,0.000,0
8.102224,2697.78,2699.97,1,1,29,1,0.000,0
8.102594,2697.41,2698.15,1,1,30,1,0.000,0
8.102965,2697.04,2698.15,1,1,31,1,0.000,0
8.103336,2696.67,2698.15,1,1,32,1,0.000,0
8.103707,2696.29,2696.33,1,1,33,1,0.000,0
8.104078,2695.92,2696.33,1,1,34,1,0.000,0
8.104449,2695.55,2697.24,1,1,35,1,0.000,0
8.104820,2695.18,2696.33,1,1,36,1,0.000,0
8.105191,2694.81,2696.33,1,1,37,1,0.000,0
8.105562,2694.44,2696.33,1,1,38,1,0.000,0
8.105933,2694.07,2695.42,1,1,39,1,0.000,0
8.106304,2693.70,2695.42,1,1,40,1,0.000,0
8.106675,2693.33,2695.42,1,1,41,1,0.000,0
8.107047,2692.95,2694.51,1,1,42,1,0.000,0
8.107418,2692.58,2693.60,1,1,43,1,0.000,0
8.107789,2692.21,2691.79,1,1,44,1,0.000,0
8.108161,2691.84,2691.79,1,1,45,1,0.000,0
8.108532,2691.47,2691.79,1,1,46,1,0.000,0
8.108904,2691.10,2692.70,1,1,47,1,0.000,0
8.109276,2690.72,2692.70,1,1,48,1,0.000,0
8.109647,2690.35,2693.60,1,1,49,1,0.000,0
8.110019,2689.98,2690.88,1,1,50,1,0.000,0
8.110391,2689.61,2691.79,1,1,51,1,0.000,0
8.110763,2689.24,2691.79,1,1,52,1,0.000,0
8.111135,2688.87,2691.79,1,1,53,1,0.000,0
8.111506,2688.49,2690.88,1,1,54,1,0.000,0
8.111878,2688.12,2689.98,1,1,55,1,0.000,0
8.112250,2687.75,2688.17,1,1,56,1,0.000,0
8.112623,2687.38,2687.27,1,1,57,1,0.000,0
8.113739,2686.26,2688.89,1,1,0,0,0.000,0
8.114111,2685.89,2686.73,1,1,1,0,0.000,0
8.114484,2685.52,2686.01,1,1,2,0,0.000,0
8.114856,2685.14,2686.73,1,1,3,0,0.000,0
8.115229,2684.77,2687.45,1,1,4,0,0.000,0
8.115601,2684.40,2687.45,1,1,5,0,0.000,0
8.115974,2684.03,2686.01,1,1,6,0,0.000,0
8.116346,2683.65,2685.28,1,1,7,0,0.000,0
8.116719,2683.28,2685.46,1,1,8,0,0.000,0
8.117092,2682.91,2684.56,1,1,9,0,0.000,0
8.117464,2682.54,2685.46,1,1,10,0,0.000,0
8.117837,2682.16,2683.66,1,1,11,0,0.000,0
8.118210,2681.79,2682.76,1,1,12,0,0.000,0
8.118583,2681.42,2680.97,1,1,13,0,0.000,0
8.118956,2681.05,2683.66,1,1,14,0,0.000,0
8.119329,2680.67,2681.86,1,1,15,0,0.000,0
8.119702,2680.30,2681.86,1,1,16,0,0.000,0
8.120075,2679.93,2680.07,1,1,17,0,0.000,0
8.120448,2679.55,2680.97,1,1,18,0,0.000,0
8.120821,2679.18,2680.07,1,1,19,0,0.000,0
8.121195,2678.81,2680.97,1,1,20,0,0.000,0
8.121568,2678.43,2680.07,1,1,21,0,0.000,0
8.121941,2678.06,2679.17,1,1,22,0,0.000,0
8.122315,2677.69,2679.17,1,1,23,0,0.000,0
8.122688,2677.31,2678.27,1,1,24,0,0.000,0
8.123062,2676.94,2680.97,1,1,25,0,0.000,0
8.123436,2676.57,2679.17,1,1,26,0,0.000,0
8.123809,2676.19,2678.27,1,1,27,0,0.000,0
8.124183,2675.82,2677.38,1,1,28,0,0.000,0
8.124557,2675.44,2676.48,1,1,29,0,0.000,0
8.124930,2675.07,2677.38,1,1,30,0,0.000,0
8.125304,2674.70,2676.48,1,1,31,0,0.000,0
8.125678,2674.32,2675.59,1,1,32,0,0.000,0
8.126052,2673.95,2674.69,1,1,33,0,0.000,0
8.126426,2673.57,2673.80,1,1,34,0,0.000,0
8.126800,2673.20,2672.90,1,1,35,0,0.000,0
8.127174,2672.83,2673.80,1,1,36,0,0.000,0
8.127548,2672.45,2674.69,1,1,37,0,0.000,0
8.127923,2672.08,2672.90,1,1,38,0,0.000,0
8.128297,2671.70,2673.80,1,1,39,0,0.000,0
8.128671,2671.33,2672.90,1,1,40,0,0.000,0
8.129046,2670.96,2671.12,1,1,41,0,0.000,0
8.129420,2670.58,2672.01,1,1,42,0,0.000,0
8.129794,2670.21,2673.80,1,1,43,0,0.000,0
8.130169,2669.83,2671.12,1,1,44,0,0.000,0
8.130544,2669.46,2671.12,1,1,45,0,0.000,0
8.130918,2669.08,2670.23,1,1,46,0,0.000,0
8.131293,2668.71,2669.34,1,1,47,0,0.000,0
8.131668,2668.33,2669.34,1,1,48,0,0.000,0
8.132042,2667.96,2670.23,1,1,49,0,0.000,0
8.132417,2667.58,2670.23,1,1,50,0,0.000,0
8.132792,2667.21,2669.34,1,1,51,0,0.000,0
8.133167,2666.83,2668.45,1,1,52,0,0.000,0
8.133542,2666.46,2667.56,1,1,53,0,0.000,0
8.133917,2666.08,2665.78,1,1,54,0,0.000,0
8.134292,2665.71,2667.56,1,1,55,0,0.000,0
8.134667,2665.33,2666.67,1,1,56,0,0.000,0
8.135043,2664.96,2666.67,1,1,57,0,0.000,0
8.136169,2663.83,2665.25,1,1,0,1,0.000,0
8.136544,2663.46,2664.54,1,1,1,1,0.000,0
8.136920,2663.08,2664.54,1,1,2,1,0.000,0
8.137295,2662.70,2664.54,1,1,3,1,0.000,0
8.137671,2662.33,2665.25,1,1,4,1,0.000,0
8.138046,2661.95,2663.83,1,1,5,1,0.000,0
8.138422,2661.58,2664.54,1,1,6,1,0.000,0
8.138798,2661.20,2663.12,1,1,7,1,0.000,0
8.139174,2660.83,2662.23,1,1,8,1,0.000,0
8.139549,2660.45,2661.34,1,1,9,1,0.000,0
8.139925,2660.08,2661.34,1,1,10,1,0.000,0
8.140301,2659.70,2661.34,1,1,11,1,0.000,0
8.140677,2659.32,2660.46,1,1,12,1,0.000,0
8.141053,2658.95,2660.46,1,1,13,1,0.000,0
8.141429,2658.57,2659.57,1,1,14,1,0.000,0
8.141806,2658.20,2661.34,1,1,15,1,0.000,0
8.142182,2657.82,2659.57,1,1,16,1,0.000,0
8.142558,2657.44,2660.46,1,1,17,1,0.000,0
8.142934,2657.07,2660.46,1,1,18,1,0.000,0
8.143311,2656.69,2657.81,1,1,19,1,0.000,0
8.143687,2656.31,2659.57,1,1,20,1,0.000,0
8.144064,2655.94,2656.92,1,1,21,1,0.000,0
8.144440,2655.56,2656.92,1,1,22,1,0.000,0
8.144817,2655.18,2656.92,1,1,23,1,0.000,0
8.145194,2654.81,2656.92,1,1,24,1,0.000,0
8.145570,2654.43,2655.16,1,1,25,1,0.000,0
8.145947,2654.05,2653.40,1,1,26,1,0.000,0
8.146324,2653.68,2655.16,1,1,27,1,0.000,0
8.146701,2653.30,2654.28,1,1,28,1,0.000,0
8.147078,2652.92,2654.28,1,1,29,1,0.000,0
8.147455,2652.55,2653.40,1,1,30,1,0.000,0
8.147832,2652.17,2652.52,1,1,31,1,0.000,0
8.148209,2651.79,2653.40,1,1,32,1,0.000,0
8.148586,2651.42,2651.64,1,1,33,1,0.000,0
8.148963,2651.04,2655.16,1,1,34,1,0.000,0
8.149340,2650.66,2652.52,1,1,35,1,0.000,0
8.149717,2650.28,2652.52,1,1,36,1,0.000,0
8.150095,2649.91,2651.64,1,1,37,1,0.000,0
8.150472,2649.53,2652.52,1,1,38,1,0.000,0
8.150850,2649.15,2649.01,1,1,39,1,0.000,0
8.151227,2648.77,2649.88,1,1,40,1,0.000,0
8.151605,2648.40,2650.76,1,1,41,1,0.000,0
8.151982,2648.02,2647.25,1,1,42,1,0.000,0
8.152360,2647.64,2648.13,1,1,43,1,0.000,0
8.152738,2647.26,2648.13,1,1,44,1,0.000,0
8.153116,2646.89,2648.13,1,1,45,1,0.000,0
8.153493,2646.51,2646.38,1,1,46,1,0.000,0
8.153871,2646.13,2648.13,1,1,47,1,0.000,0
8.154249,2645.75,2647.25,1,1,48,1,0.000,0
8.154627,2645.37,2647.25,1,1,49,1,0.000,0
8.155005,2645.00,2646.38,1,1,50,1,0.000,0
8.155383,2644.62,2647.25,1,1,51,1,0.000,0
8.155761,2644.24,2643.75,1,1,52,1,0.000,0
8.156140,2643.86,2646.38,1,1,53,1,0.000,0
8.156518,2643.48,2646.38,1,1,54,1,0.000,0
8.156896,2643.10,2645.50,1,1,55,1,0.000,0
8.157275,2642.73,2644.63,1,1,56,1,0.000,0
8.157653,2642.35,2643.75,1,1,57,1,0.000,0
8.158789,2641.21,2644.10,1,1,0,0,0.000,0
8.159167,2640.83,2641.31,1,1,1,0,0.000,0
8.159546,2640.46,2643.40,1,1,2,0,0.000,0
8.159925,2640.08,2641.31,1,1,3,0,0.000,0
8.160304,2639.70,2640.61,1,1,4,0,0.000,0
8.160682,2639.32,2640.61,1,1,5,0,0.000,0
8.161061,2638.94,2640.61,1,1,6,0,0.000,0
8.161440,2638.56,2640.61,1,1,7,0,0.000,0
8.161819,2638.18,2638.52,1,1,8,0,0.000,0
8.162198,2637.80,2641.14,1,1,9,0,0.000,0
8.162577,2637.42,2639.39,1,1,10,0,0.000,0
8.162957,2637.04,2638.52,1,1,11,0,0.000,0
8.163336,2636.66,2638.52,1,1,12,0,0.000,0
8.163715,2636.29,2637.65,1,1,13,0,0.000,0
8.164095,2635.91,2636.78,1,1,14,0,0.000,0
8.164474,2635.53,2636.78,1,1,15,0,0.000,0
8.164853,2635.15,2637.65,1,1,16,0,0.000,0
8.165233,2634.77,2635.91,1,1,17,0,0.000,0
8.165612,2634.39,2635.91,1,1,18,0,0.000,0
8.165992,2634.01,2634.18,1,1,19,0,0.000,0
8.166372,2633.63,2634.18,1,1,20,0,0.000,0
8.166752,2633.25,2635.05,1,1,21,0,0.000,0
8.167131,2632.87,2635.05,1,1,22,0,0.000,0
8.167511,2632.49,2634.18,1,1,23,0,0.000,0
8.167891,2632.11,2633.31,1,1,24,0,0.000,0
8.168271,2631.73,2632.44,1,1,25,0,0.000,0
8.168651,2631.35,2632.44,1,1,26,0,0.000,0
8.169031,2630.97,2634.18,1,1,27,0,0.000,0
8.169411,2630.59,2633.31,1,1,28,0,0.000,0
8.169791,2630.21,2632.44,1,1,29,0,0.000,0
8.170172,2629.83,2629.85,1,1,30,0,0.000,0
8.170552,2629.45,2631.58,1,1,31,0,0.000,0
8.170932,2629.07,2631.58,1,1,32,0,0.000,0
8.171313,2628.69,2630.71,1,1,33,0,0.000,0
8.171693,2628.31,2628.98,1,1,34,0,0.000,0
8.172074,2627.93,2629.85,1,1,35,0,0.000,0
8.172454,2627.55,2627.26,1,1,36,0,0.000,0
8.172835,2627.17,2628.12,1,1,37,0,0.000,0
8.173215,2626.79,2628.98,1,1,38,0,0.000,0
8.173596,2626.40,2628.12,1,1,39,0,0.000,0
8.173977,2626.02,2626.40,1,1,40,0,0.000,0
8.174358,2625.64,2628.12,1,1,41,0,0.000,0
8.174739,2625.26,2628.12,1,1,42,0,0.000,0
8.175120,2624.88,2625.53,1,1,43,0,0.000,0
8.175501,2624.50,2627.26,1,1,44,0,0.000,0
8.175882,2624.12,2623.81,1,1,45,0,0.000,0
8.176263,2623.74,2625.53,1,1,46,0,0.000,0
8.176644,2623.36,2624.67,1,1,47,0,0.000,0
8.177025,2622.97,2624.67,1,1,48,0,0.000,0
8.177406,2622.59,2622.09,1,1,49,0,0.000,0
8.177788,2622.21,2622.95,1,1,50,0,0.000,0
8.178169,2621.83,2623.81,1,1,51,0,0.000,0
8.178550,2621.45,2623.81,1,1,52,0,0.000,0
8.178932,2621.07,2625.53,1,1,53,0,0.000,0
8.179314,2620.69,2622.95,1,1,54,0,0.000,0
8.179695,2620.31,2621.23,1,1,55,0,0.000,0
8.180077,2619.92,2621.23,1,1,56,0,0.000,0
8.180459,2619.54,2622.09,1,1,57,0,0.000,0
8.181604,2618.40,2620.55,1,1,0,1,0.000,0
8.181986,2618.02,2620.55,1,1,1,1,0.000,0
8.182368,2617.63,2620.55,1,1,2,1,0.000,0
8.182750,2617.25,2618.49,1,1,3,1,0.000,0
8.183132,2616.87,2619.17,1,1,4,1,0.000,0
8.183514,2616.49,2618.49,1,1,5,1,0.000,0
8.183896,2616.10,2618.49,1,1,6,1,0.000,0
8.184279,2615.72,2617.12,1,1,7,1,0.000,0
8.184661,2615.34,2614.38,1,1,8,1,0.000,0
8.185043,2614.96,2615.23,1,1,9,1,0.000,0
8.185426,2614.57,2614.38,1,1,10,1,0.000,0
8.185808,2614.19,2614.38,1,1,11,1,0.000,0
8.186191,2613.81,2613.52,1,1,12,1,0.000,0
8.186574,2613.43,2615.23,1,1,13,1,0.000,0
8.186956,2613.04,2615.23,1,1,14,1,0.000,0
8.187339,2612.66,2616.09,1,1,15,1,0.000,0
8.187722,2612.28,2615.23,1,1,16,1,0.000,0
8.188105,2611.90,2614.38,1,1,17,1,0.000,0
8.188487,2611.51,2613.52,1,1,18,1,0.000,0
8.188870,2611.13,2614.38,1,1,19,1,0.000,0
8.189253,2610.75,2612.67,1,1,20,1,0.000,0
8.189637,2610.36,2611.82,1,1,21,1,0.000,0
8.190020,2609.98,2610.97,1,1,22,1,0.000,0
8.190403,2609.60,2611.82,1,1,23,1,0.000,0
8.190786,2609.21,2610.97,1,1,24,1,0.000,0
8.191169,2608.83,2610.11,1,1,25,1,0.000,0
8.191553,2608.45,2609.26,1,1,26,1,0.000,0
8.191936,2608.06,2607.56,1,1,27,1,0.000,0
8.192320,2607.68,2610.11,1,1,28,1,0.000,0
8.192703,2607.30,2608.41,1,1,29,1,0.000,0
8.193087,2606.91,2608.41,1,1,30,1,0.000,0
8.193470,2606.53,2606.71,1,1,31,1,0.000,0
8.193854,2606.15,2610.11,1,1,32,1,0.000,0
8.194238,2605.76,2605.86,1,1,33,1,0.000,0
8.194621,2605.38,2605.86,1,1,34,1,0.000,0
8.195005,2604.99,2607.56,1,1,35,1,0.000,0
8.195389,2604.61,2605.86,1,1,36,1,0.000,0
8.195773,2604.23,2605.01,1,1,37,1,0.000,0
8.196157,2603.84,2605.86,1,1,38,1,0.000,0
8.196541,2603.46,2605.86,1,1,39,1,0.000,0
8.196925,2603.07,2602.47,1,1,40,1,0.000,0
8.197310,2602.69,2605.86,1,1,41,1,0.000,0
8.197694,2602.31,2605.86,1,1,42,1,0.000,0
8.198078,2601.92,2603.32,1,1,43,1,0.000,0
8.198462,2601.54,2604.17,1,1,44,1,0.000,0
8.198847,2601.15,2604.17,1,1,45,1,0.000,0
8.199231,2600.77,2599.94,1,1,46,1,0.000,0
8.199616,2600.39,2600.78,1,1,47,1,0.000,0
8.200000,2600.00,2602.47,1,1,48,1,0.000,0
8.200385,2599.62,2601.63,1,1,49,1,0.000,0
8.200770,2599.23,2600.78,1,1,50,1,0.000,0
8.201155,2598.85,2600.78,1,1,51,1,0.000,0
8.201539,2598.46,2598.25,1,1,52,1,0.000,0
8.201924,2598.08,2599.94,1,1,53,1,0.000,0
8.202309,2597.69,2601.63,1,1,54,1,0.000,0
8.202694,2597.31,2600.78,1,1,55,1,0.000,0
8.203079,2596.92,2598.25,1,1,56,1,0.000,0
8.203464,2596.54,2596.56,1,1,57,1,0.000,0
8.204620,2595.38,2598.08,1,1,0,0,0.000,0
8.205005,2595.00,2598.08,1,1,1,0,0.000,0
8.205391,2594.61,2596.73,1,1,2,0,0.000,0
8.205776,2594.22,2594.71,1,1,3,0,0.000,0
8.206162,2593.84,2595.38,1,1,4,0,0.000,0
8.206547,2593.45,2594.03,1,1,5,0,0.000,0
8.206933,2593.07,2594.71,1,1,6,0,0.000,0
8.207318,2592.68,2595.38,1,1,7,0,0.000,0
8.207704,2592.30,2592.35,1,1,8,0,0.000,0
8.208090,2591.91,2592.35,1,1,9,0,0.000,0
8.208476,2591.53,2592.35,1,1,10,0,0.000,0
8.208862,2591.14,2594.03,1,1,11,0,0.000,0
8.209248,2590.75,2590.67,1,1,12,0,0.000,0
8.209634,2590.37,2592.35,1,1,13,0,0.000,0
8.210020,2589.98,2592.35,1,1,14,0,0.000,0
8.210406,2589.60,2589.83,1,1,15,0,0.000,0
8.210792,2589.21,2589.83,1,1,16,0,0.000,0
8.211178,2588.82,2590.67,1,1,17,0,0.000,0
8.211565,2588.44,2592.35,1,1,18,0,0.000,0
8.211951,2588.05,2588.16,1,1,19,0,0.000,0
8.212337,2587.66,2590.67,1,1,20,0,0.000,0
8.212724,2587.28,2588.16,1,1,21,0,0.000,0
8.213110,2586.89,2588.16,1,1,22,0,0.000,0
8.213497,2586.50,2590.67,1,1,23,0,0.000,0
8.213884,2586.12,2589.00,1,1,24,0,0.000,0
8.214270,2585.73,2587.32,1,1,25,0,0.000,0
8.214657,2585.34,2584.81,1,1,26,0,0.000,0
8.215044,2584.96,2589.00,1,1,27,0,0.000,0
8.215431,2584.57,2585.65,1,1,28,0,0.000,0
8.215818,2584.18,2585.65,1,1,29,0,0.000,0
8.216205,2583.80,2585.65,1,1,30,0,0.000,0
8.216592,2583.41,2583.15,1,1,31,0,0.000,0
8.216979,2583.02,2583.15,1,1,32,0,0.000,0
8.217366,2582.63,2583.98,1,1,33,0,0.000,0
8.217753,2582.25,2585.65,1,1,34,0,0.000,0
8.218141,2581.86,2582.31,1,1,35,0,0.000,0
8.218528,2581.47,2581.48,1,1,36,0,0.000,0
8.218915,2581.09,2582.31,1,1,37,0,0.000,0
8.219303,2580.70,2582.31,1,1,38,0,0.000,0
8.219690,2580.31,2581.48,1,1,39,0,0.000,0
8.220078,2579.92,2582.31,1,1,40,0,0.000,0
8.220466,2579.54,2581.48,1,1,41,0,0.000,0
8.220853,2579.15,2578.98,1,1,42,0,0.000,0
8.221241,2578.76,2580.65,1,1,43,0,0.000,0
8.221629,2578.37,2581.48,1,1,44,0,0.000,0
8.222017,2577.98,2579.81,1,1,45,0,0.000,0
8.222405,2577.60,2578.98,1,1,46,0,0.000,0
8.222793,2577.21,2579.81,1,1,47,0,0.000,0
8.223181,2576.82,2578.98,1,1,48,0,0.000,0
8.223569,2576.43,2577.32,1,1,49,0,0.000,0
8.223957,2576.04,2578.15,1,1,50,0,0.000,0
8.224345,2575.66,2575.66,1,1,51,0,0.000,0
8.224733,2575.27,2577.32,1,1,52,0,0.000,0
8.225122,2574.88,2576.49,1,1,53,0,0.000,0
8.225510,2574.49,2576.49,1,1,54,0,0.000,0
8.225899,2574.10,2575.66,1,1,55,0,0.000,0
8.226287,2573.71,2574.83,1,1,56,0,0.000,0
8.226676,2573.32,2575.66,1,1,57,0,0.000,0
8.227842,2572.16,2574.00,1,1,0,1,0.000,0
8.228231,2571.77,2574.67,1,1,1,1,0.000,0
8.228620,2571.38,2573.34,1,1,2,1,0.000,0
8.229008,2570.99,2573.34,1,1,3,1,0.000,0
8.229397,2570.60,2571.36,1,1,4,1,0.000,0
8.229786,2570.21,2572.02,1,1,5,1,0.000,0
8.230176,2569.83,2571.36,1,1,6,1,0.000,0
8.230565,2569.44,2570.03,1,1,7,1,0.000,0
8.230954,2569.05,2570.69,1,1,8,1,0.000,0
8.231343,2568.66,2569.04,1,1,9,1,0.000,0
8.231733,2568.27,2568.22,1,1,10,1,0.000,0
8.232122,2567.88,2569.04,1,1,11,1,0.000,0
8.232511,2567.49,2568.22,1,1,12,1,0.000,0
8.232901,2567.10,2567.39,1,1,13,1,0.000,0
8.233291,2566.71,2568.22,1,1,14,1,0.000,0
8.233680,2566.32,2569.04,1,1,15,1,0.000,0
8.234070,2565.93,2566.57,1,1,16,1,0.000,0
8.234460,2565.54,2568.22,1,1,17,1,0.000,0
8.234849,2565.15,2566.57,1,1,18,1,0.000,0
8.235239,2564.76,2566.57,1,1,19,1,0.000,0
8.235629,2564.37,2568.22,1,1,20,1,0.000,0
8.236019,2563.98,2565.75,1,1,21,1,0.000,0
8.236409,2563.59,2564.10,1,1,22,1,0.000,0
8.236799,2563.20,2564.10,1,1,23,1,0.000,0
8.237190,2562.81,2564.92,1,1,24,1,0.000,0
8.237580,2562.42,2564.10,1,1,25,1,0.000,0
8.237970,2562.03,2565.75,1,1,26,1,0.000,0
8.238360,2561.64,2563.28,1,1,27,1,0.000,0
8.238751,2561.25,2563.28,1,1,28,1,0.000,0
8.239141,2560.86,2563.28,1,1,29,1,0.000,0
8.239532,2560.47,2563.28,1,1,30,1,0.000,0
8.239922,2560.08,2562.46,1,1,31,1,0.000,0
8.240313,2559.69,2562.46,1,1,32,1,0.000,0
8.240704,2559.30,2561.64,1,1,33,1,0.000,0
8.241094,2558.91,2559.18,1,1,34,1,0.000,0
8.241485,2558.52,2558.36,1,1,35,1,0.000,0
8.241876,2558.12,2558.36,1,1,36,1,0.000,0
8.242267,2557.73,2560.82,1,1,37,1,0.000,0
8.242658,2557.34,2560.00,1,1,38,1,0.000,0
8.243049,2556.95,2559.18,1,1,39,1,0.000,0
8.243440,2556.56,2557.54,1,1,40,1,0.000,0
8.243831,2556.17,2555.91,1,1,41,1,0.000,0
8.244223,2555.78,2557.54,1,1,42,1,0.000,0
8.244614,2555.39,2557.54,1,1,43,1,0.000,0
8.245005,2555.00,2555.91,1,1,44,1,0.000,0
8.245397,2554.60,2554.28,1,1,45,1,0.000,0
8.245788,2554.21,2553.46,1,1,46,1,0.000,0
8.246180,2553.82,2554.28,1,1,47,1,0.000,0
8.246571,2553.43,2555.91,1,1,48,1,0.000,0
8.246963,2553.04,2555.09,1,1,49,1,0.000,0
8.247355,2552.65,2555.09,1,1,50,1,0.000,0
8.247747,2552.25,2554.28,1,1,51,1,0.000,0
8.248138,2551.86,2554.28,1,1,52,1,0.000,0
8.248530,2551.47,2553.46,1,1,53,1,0.000,0
8.248922,2551.08,2555.09,1,1,54,1,0.000,0
8.249314,2550.69,2552.65,1,1,55,1,0.000,0
8.249706,2550.29,2551.83,1,1,56,1,0.000,0
8.250099,2549.90,2551.02,1,1,57,1,0.000,0
8.251275,2548.73,2550.37,1,1,0,0,0.000,0
8.251668,2548.33,2551.02,1,1,1,0,0.000,0
8.252060,2547.94,2549.07,1,1,2,0,0.000,0
8.252453,2547.55,2549.07,1,1,3,0,0.000,0
8.252845,2547.16,2548.42,1,1,4,0,0.000,0
8.253238,2546.76,2549.07,1,1,5,0,0.000,0
8.253630,2546.37,2547.77,1,1,6,0,0.000,0
8.254023,2545.98,2548.42,1,1,7,0,0.000,0
8.254416,2545.58,2547.77,1,1,8,0,0.000,0
8.254809,2545.19,2546.96,1,1,9,0,0.000,0
8.255202,2544.80,2546.96,1,1,10,0,0.000,0
8.255595,2544.41,2546.96,1,1,11,0,0.000,0
8.255988,2544.01,2545.34,1,1,12,0,0.000,0
8.256381,2543.62,2544.53,1,1,13,0,0.000,0
8.256774,2543.23,2544.53,1,1,14,0,0.000,0
8.257167,2542.83,2544.53,1,1,15,0,0.000,0
8.257561,2542.44,2543.72,1,1,16,0,0.000,0
8.257954,2542.05,2542.10,1,1,17,0,0.000,0
8.258347,2541.65,2544.53,1,1,18,0,0.000,0
8.258741,2541.26,2542.10,1,1,19,0,0.000,0
8.259134,2540.87,2542.91,1,1,20,0,0.000,0
8.259528,2540.47,2542.91,1,1,21,0,0.000,0
8.259922,2540.08,2542.91,1,1,22,0,0.000,0
8.260315,2539.68,2540.49,1,1,23,0,0.000,0
8.260709,2539.29,2540.49,1,1,24,0,0.000,0
8.261103,2538.90,2542.10,1,1,25,0,0.000,0
8.261497,2538.50,2538.88,1,1,26,0,0.000,0
8.261891,2538.11,2539.68,1,1,27,0,0.000,0
8.262285,2537.72,2538.88,1,1,28,0,0.000,0
8.262679,2537.32,2538.88,1,1,29,0,0.000,0
8.263073,2536.93,2538.07,1,1,30,0,0.000,0
8.263467,2536.53,2538.07,1,1,31,0,0.000,0
8.263862,2536.14,2537.27,1,1,32,0,0.000,0
8.264256,2535.74,2536.46,1,1,33,0,0.000,0
8.264650,2535.35,2537.27,1,1,34,0,0.000,0
8.265045,2534.96,2535.66,1,1,35,0,0.000,0
8.265439,2534.56,2536.46,1,1,36,0,0.000,0
8.265834,2534.17,2534.85,1,1,37,0,0.000,0
8.266229,2533.77,2534.05,1,1,38,0,0.000,0
8.266623,2533.38,2535.66,1,1,39,0,0.000,0
8.267018,2532.98,2534.85,1,1,40,0,0.000,0
8.267413,2532.59,2534.85,1,1,41,0,0.000,0
8.267808,2532.19,2532.45,1,1,42,0,0.000,0
8.268203,2531.80,2534.05,1,1,43,0,0.000,0
8.268598,2531.40,2532.45,1,1,44,0,0.000,0
8.268993,2531.01,2531.65,1,1,45,0,0.000,0
8.269388,2530.61,2533.25,1,1,46,0,0.000,0
8.269783,2530.22,2531.65,1,1,47,0,0.000,0
8.270178,2529.82,2531.65,1,1,48,0,0.000,0
8.270574,2529.43,2530.04,1,1,49,0,0.000,0
8.270969,2529.03,2531.65,1,1,50,0,0.000,0
8.271364,2528.64,2530.04,1,1,51,0,0.000,0
8.271760,2528.24,2530.04,1,1,52,0,0.000,0
8.272156,2527.85,2530.04,1,1,53,0,0.000,0
8.272551,2527.45,2528.45,1,1,54,0,0.000,0
8.272947,2527.05,2529.24,1,1,55,0,0.000,0
8.273343,2526.66,2527.65,1,1,56,0,0.000,0
8.273738,2526.26,2527.65,1,1,57,0,0.000,0
8.274926,2525.07,2527.17,1,1,0,1,0.000,0
8.275322,2524.68,2526.53,1,1,1,1,0.000,0
8.275718,2524.28,2525.89,1,1,2,1,0.000,0
8.276115,2523.89,2526.53,1,1,3,1,0.000,0
8.276511,2523.49,2524.61,1,1,4,1,0.000,0
8.276907,2523.09,2523.98,1,1,5,1,0.000,0
8.277303,2522.70,2525.89,1,1,6,1,0.000,0
8.277700,2522.30,2525.25,1,1,7,1,0.000,0
8.278096,2521.90,2523.66,1,1,8,1,0.000,0
8.278493,2521.51,2522.86,1,1,9,1,0.000,0
8.278890,2521.11,2522.86,1,1,10,1,0.000,0
8.279286,2520.71,2522.86,1,1,11,1,0.000,0
8.279683,2520.32,2522.07,1,1,12,1,0.000,0
8.280080,2519.92,2522.07,1,1,13,1,0.000,0
8.280477,2519.52,2521.27,1,1,14,1,0.000,0
8.280874,2519.13,2520.48,1,1,15,1,0.000,0
8.281271,2518.73,2519.69,1,1,16,1,0.000,0
8.281668,2518.33,2521.27,1,1,17,1,0.000,0
8.282065,2517.94,2519.69,1,1,18,1,0.000,0
8.282462,2517.54,2518.10,1,1,19,1,0.000,0
8.282859,2517.14,2520.48,1,1,20,1,0.000,0
8.283257,2516.74,2518.10,1,1,21,1,0.000,0
8.283654,2516.35,2516.51,1,1,22,1,0.000,0
8.284051,2515.95,2517.31,1,1,23,1,0.000,0
8.284449,2515.55,2518.10,1,1,24,1,0.000,0
8.284846,2515.15,2516.51,1,1,25,1,0.000,0
8.285244,2514.76,2516.51,1,1,26,1,0.000,0
8.285642,2514.36,2516.51,1,1,27,1,0.000,0
8.286039,2513.96,2513.35,1,1,28,1,0.000,0
8.286437,2513.56,2515.72,1,1,29,1,0.000,0
8.286835,2513.16,2514.93,1,1,30,1,0.000,0
8.287233,2512.77,2514.14,1,1,31,1,0.000,0
8.287631,2512.37,2513.35,1,1,32,1,0.000,0
8.288029,2511.97,2513.35,1,1,33,1,0.000,0
8.288427,2511.57,2513.35,1,1,34,1,0.000,0
8.288825,2511.18,2511.77,1,1,35,1,0.000,0
8.289224,2510.78,2514.93,1,1,36,1,0.000,0
8.289622,2510.38,2511.77,1,1,37,1,0.000,0
8.290020,2509.98,2510.99,1,1,38,1,0.000,0
8.290419,2509.58,2510.99,1,1,39,1,0.000,0
8.290817,2509.18,2510.20,1,1,40,1,0.000,0
8.291216,2508.79,2509.41,1,1,41,1,0.000,0
8.291615,2508.39,2510.20,1,1,42,1,0.000,0
8.292013,2507.99,2510.20,1,1,43,1,0.000,0
8.292412,2507.59,2507.84,1,1,44,1,0.000,0
8.292811,2507.19,2508.62,1,1,45,1,0.000,0
8.293210,2506.79,2509.41,1,1,46,1,0.000,0
8.293609,2506.39,2508.62,1,1,47,1,0.000,0
8.294008,2505.99,2507.84,1,1,48,1,0.000,0
8.294407,2505.59,2507.84,1,1,49,1,0.000,0
8.294806,2505.19,2506.27,1,1,50,1,0.000,0
8.295205,2504.80,2506.27,1,1,51,1,0.000,0
8.295604,2504.40,2505.48,1,1,52,1,0.000,0
8.296004,2504.00,2506.27,1,1,53,1,0.000,0
8.296403,2503.60,2505.48,1,1,54,1,0.000,0
8.296803,2503.20,2503.91,1,1,55,1,0.000,0
8.297202,2502.80,2503.91,1,1,56,1,0.000,0
8.297602,2502.40,2505.48,1,1,57,1,0.000,0
8.298801,2501.20,2503.13,1,1,0,0,0.000,0
8.299201,2500.80,2502.50,1,1,1,0,0.000,0
8.299600,2500.40,2501.88,1,1,2,0,0.000,0
8.300000,2500.00,2501.25,1,1,3,0,0.000,0
8.300400,2499.60,2500.63,1,1,4,0,0.000,0
8.300801,2499.20,2501.88,1,1,5,0,0.000,0
8.301201,2498.80,2500.63,1,1,6,0,0.000,0
8.301601,2498.40,2500.00,1,1,7,0,0.000,0
8.302001,2498.00,2500.00,1,1,8,0,0.000,0
8.302402,2497.60,2499.22,1,1,9,0,0.000,0
8.302802,2497.20,2500.00,1,1,10,0,0.000,0
8.303203,2496.80,2498.44,1,1,11,0,0.000,0
8.303603,2496.40,2497.66,1,1,12,0,0.000,0
8.304004,2496.00,2495.32,1,1,13,0,0.000,0
8.304404,2495.60,2497.66,1,1,14,0,0.000,0
8.304805,2495.20,2497.66,1,1,15,0,0.000,0
8.305206,2494.80,2495.32,1,1,16,0,0.000,0
8.305607,2494.39,2496.88,1,1,17,0,0.000,0
8.306008,2493.99,2496.10,1,1,18,0,0.000,0
8.306409,2493.59,2495.32,1,1,19,0,0.000,0
8.306810,2493.19,2495.32,1,1,20,0,0.000,0
8.307211,2492.79,2495.32,1,1,21,0,0.000,0
8.307612,2492.39,2494.54,1,1,22,0,0.000,0
8.308013,2491.99,2492.21,1,1,23,0,0.000,0
8.308415,2491.59,2495.32,1,1,24,0,0.000,0
8.308816,2491.18,2491.44,1,1,25,0,0.000,0
8.309217,2490.78,2491.44,1,1,26,0,0.000,0
8.309619,2490.38,2492.99,1,1,27,0,0.000,0
8.310021,2489.98,2492.21,1,1,28,0,0.000,0
8.310422,2489.58,2490.66,1,1,29,0,0.000,0
8.310824,2489.18,2489.88,1,1,30,0,0.000,0
8.311226,2488.77,2489.88,1,1,31,0,0.000,0
8.311627,2488.37,2489.11,1,1,32,0,0.000,0
8.312029,2487.97,2489.88,1,1,33,0,0.000,0
8.312431,2487.57,2489.88,1,1,34,0,0.000,0
8.312833,2487.17,2487.56,1,1,35,0,0.000,0
8.313235,2486.77,2486.79,1,1,36,0,0.000,0
8.313638,2486.36,2490.66,1,1,37,0,0.000,0
8.314040,2485.96,2488.34,1,1,38,0,0.000,0
8.314442,2485.56,2488.34,1,1,39,0,0.000,0
8.314845,2485.16,2486.79,1,1,40,0,0.000,0
8.315247,2484.75,2487.56,1,1,41,0,0.000,0
8.315649,2484.35,2486.79,1,1,42,0,0.000,0
8.316052,2483.95,2486.02,1,1,43,0,0.000,0
8.316455,2483.55,2486.02,1,1,44,0,0.000,0
8.316857,2483.14,2484.47,1,1,45,0,0.000,0
8.317260,2482.74,2484.47,1,1,46,0,0.000,0
8.317663,2482.34,2482.16,1,1,47,0,0.000,0
8.318066,2481.94,2482.93,1,1,48,0,0.000,0
8.318469,2481.53,2481.39,1,1,49,0,0.000,0
8.318872,2481.13,2482.16,1,1,50,0,0.000,0
8.319275,2480.73,2482.16,1,1,51,0,0.000,0
8.319678,2480.32,2482.16,1,1,52,0,0.000,0
8.320081,2479.92,2479.85,1,1,53,0,0.000,0
8.320484,2479.52,2482.16,1,1,54,0,0.000,0
8.320888,2479.11,2480.62,1,1,55,0,0.000,0
8.321291,2478.71,2481.39,1,1,56,0,0.000,0
8.321695,2478.31,2481.39,1,1,57,0,0.000,0
8.322905,2477.09,2478.31,1,1,0,1,0.000,0
8.323309,2476.69,2479.54,1,1,1,1,0.000,0
8.323713,2476.29,2478.93,1,1,2,1,0.000,0
8.324117,2475.88,2478.31,1,1,3,1,0.000,0
8.324521,2475.48,2476.47,1,1,4,1,0.000,0
8.324925,2475.08,2477.09,1,1,5,1,0.000,0
8.325329,2474.67,2475.86,1,1,6,1,0.000,0
8.325733,2474.27,2475.86,1,1,7,1,0.000,0
8.326137,2473.86,2475.25,1,1,8,1,0.000,0
8.326541,2473.46,2473.72,1,1,9,1,0.000,0
8.326946,2473.05,2474.48,1,1,10,1,0.000,0
8.327350,2472.65,2475.25,1,1,11,1,0.000,0
8.327755,2472.25,2475.25,1,1,12,1,0.000,0
8.328159,2471.84,2473.72,1,1,13,1,0.000,0
8.328564,2471.44,2472.95,1,1,14,1,0.000,0
8.328968,2471.03,2471.42,1,1,15,1,0.000,0
8.329373,2470.63,2472.95,1,1,16,1,0.000,0
8.329778,2470.22,2473.72,1,1,17,1,0.000,0
8.330183,2469.82,2470.66,1,1,18,1,0.000,0
8.330588,2469.41,2469.90,1,1,19,1,0.000,0
8.330993,2469.01,2468.37,1,1,20,1,0.000,0
8.331398,2468.60,2469.90,1,1,21,1,0.000,0
8.331803,2468.20,2470.66,1,1,22,1,0.000,0
8.332208,2467.79,2471.42,1,1,23,1,0.000,0
8.332613,2467.39,2469.90,1,1,24,1,0.000,0
8.333018,2466.98,2468.37,1,1,25,1,0.000,0
8.333424,2466.58,2468.37,1,1,26,1,0.000,0
8.333829,2466.17,2468.37,1,1,27,1,0.000,0
8.334235,2465.77,2469.14,1,1,28,1,0.000,0
8.334640,2465.36,2467.61,1,1,29,1,0.000,0
8.335046,2464.95,2465.33,1,1,30,1,0.000,0
8.335452,2464.55,2466.09,1,1,31,1,0.000,0
8.335858,2464.14,2464.57,1,1,32,1,0.000,0
8.336263,2463.74,2464.57,1,1,33,1,0.000,0
8.336669,2463.33,2463.81,1,1,34,1,0.000,0
8.337075,2462.92,2465.33,1,1,35,1,0.000,0
8.337481,2462.52,2463.05,1,1,36,1,0.000,0
8.337888,2462.11,2465.33,1,1,37,1,0.000,0
8.338294,2461.71,2463.81,1,1,38,1,0.000,0
8.338700,2461.30,2461.54,1,1,39,1,0.000,0
8.339106,2460.89,2462.30,1,1,40,1,0.000,0
8.339513,2460.49,2460.78,1,1,41,1,0.000,0
8.339919,2460.08,2462.30,1,1,42,1,0.000,0
8.340326,2459.68,2460.02,1,1,43,1,0.000,0
8.340732,2459.27,2460.78,1,1,44,1,0.000,0
8.341139,2458.86,2460.02,1,1,45,1,0.000,0
8.341546,2458.46,2460.78,1,1,46,1,0.000,0
8.341952,2458.05,2460.78,1,1,47,1,0.000,0
8.342359,2457.64,2459.27,1,1,48,1,0.000,0
8.342766,2457.23,2459.27,1,1,49,1,0.000,0
8.343173,2456.83,2460.02,1,1,50,1,0.000,0
8.343580,2456.42,2459.27,1,1,51,1,0.000,0
8.343987,2456.01,2459.27,1,1,52,1,0.000,0
8.344395,2455.61,2457.00,1,1,53,1,0.000,0
8.344802,2455.20,2456.25,1,1,54,1,0.000,0
8.345209,2454.79,2456.25,1,1,55,1,0.000,0
8.345617,2454.38,2457.00,1,1,56,1,0.000,0
8.346024,2453.98,2455.49,1,1,57,1,0.000,0
8.347247,2452.75,2453.99,1,1,0,0,0.000,0
8.347655,2452.35,2453.39,1,1,1,0,0.000,0
8.348062,2451.94,2453.39,1,1,2,0,0.000,0
8.348470,2451.53,2453.39,1,1,3,0,0.000,0
8.348878,2451.12,2452.78,1,1,4,0,0.000,0
8.349286,2450.71,2451.58,1,1,5,0,0.000,0
8.349694,2450.31,2452.78,1,1,6,0,0.000,0
8.350103,2449.90,2452.18,1,1,7,0,0.000,0
8.350511,2449.49,2450.98,1,1,8,0,0.000,0
8.350919,2449.08,2450.98,1,1,9,0,0.000,0
8.351327,2448.67,2448.73,1,1,10,0,0.000,0
8.351736,2448.27,2450.23,1,1,11,0,0.000,0
8.352144,2447.86,2449.48,1,1,12,0,0.000,0
8.352553,2447.45,2450.23,1,1,13,0,0.000,0
8.352961,2447.04,2447.23,1,1,14,0,0.000,0
8.353370,2446.63,2448.73,1,1,15,0,0.000,0
8.353779,2446.22,2448.73,1,1,16,0,0.000,0
8.354188,2445.81,2448.73,1,1,17,0,0.000,0
8.354597,2445.40,2448.73,1,1,18,0,0.000,0
8.355006,2444.99,2446.48,1,1,19,0,0.000,0
8.355415,2444.59,2446.48,1,1,20,0,0.000,0
8.355824,2444.18,2446.48,1,1,21,0,0.000,0
8.356233,2443.77,2444.99,1,1,22,0,0.000,0
8.356642,2443.36,2444.99,1,1,23,0,0.000,0
8.357051,2442.95,2444.24,1,1,24,0,0.000,0
8.357461,2442.54,2443.49,1,1,25,0,0.000,0
8.357870,2442.13,2443.49,1,1,26,0,0.000,0
8.358280,2441.72,2443.49,1,1,27,0,0.000,0
8.358689,2441.31,2442.75,1,1,28,0,0.000,0
8.359099,2440.90,2442.00,1,1,29,0,0.000,0
8.359509,2440.49,2443.49,1,1,30,0,0.000,0
8.359918,2440.08,2440.51,1,1,31,0,0.000,0
8.360328,2439.67,2440.51,1,1,32,0,0.000,0
8.360738,2439.26,2441.26,1,1,33,0,0.000,0
8.361148,2438.85,2439.77,1,1,34,0,0.000,0
8.361558,2438.44,2439.77,1,1,35,0,0.000,0
8.361968,2438.03,2440.51,1,1,36,0,0.000,0
8.362379,2437.62,2439.02,1,1,37,0,0.000,0
8.362789,2437.21,2439.02,1,1,38,0,0.000,0
8.363199,2436.80,2439.02,1,1,39,0,0.000,0
8.363610,2436.39,2437.54,1,1,40,0,0.000,0
8.364020,2435.98,2436.05,1,1,41,0,0.000,0
8.364431,2435.57,2437.54,1,1,42,0,0.000,0
8.364841,2435.16,2436.80,1,1,43,0,0.000,0
8.365252,2434.75,2434.57,1,1,44,0,0.000,0
8.365663,2434.34,2437.54,1,1,45,0,0.000,0
8.366074,2433.93,2435.31,1,1,46,0,0.000,0
8.366484,2433.52,2435.31,1,1,47,0,0.000,0
8.366895,2433.11,2435.31,1,1,48,0,0.000,0
8.367306,2432.69,2436.05,1,1,49,0,0.000,0
8.367718,2432.28,2433.83,1,1,50,0,0.000,0
8.368129,2431.87,2434.57,1,1,51,0,0.000,0
8.368540,2431.46,2434.57,1,1,52,0,0.000,0
8.368951,2431.05,2431.61,1,1,53,0,0.000,0
8.369363,2430.64,2431.61,1,1,54,0,0.000,0
8.369774,2430.23,2432.35,1,1,55,0,0.000,0
8.370186,2429.82,2430.87,1,1,56,0,0.000,0
8.370597,2429.40,2429.40,1,1,57,0,0.000,0
8.371832,2428.17,2429.54,1,1,0,1,0.000,0
8.372244,2427.76,2428.36,1,1,1,1,0.000,0
8.372656,2427.34,2429.54,1,1,2,1,0.000,0
8.373068,2426.93,2428.95,1,1,3,1,0.000,0
8.373480,2426.52,2428.95,1,1,4,1,0.000,0
8.373892,2426.11,2428.36,1,1,5,1,0.000,0
8.374305,2425.70,2428.36,1,1,6,1,0.000,0
8.374717,2425.28,2427.77,1,1,7,1,0.000,0
8.375129,2424.87,2427.92,1,1,8,1,0.000,0
8.375542,2424.46,2425.71,1,1,9,1,0.000,0
8.375954,2424.05,2424.98,1,1,10,1,0.000,0
8.376367,2423.63,2424.24,1,1,11,1,0.000,0
8.376779,2423.22,2424.24,1,1,12,1,0.000,0
8.377192,2422.81,2424.24,1,1,13,1,0.000,0
8.377605,2422.40,2424.98,1,1,14,1,0.000,0
8.378018,2421.98,2422.77,1,1,15,1,0.000,0
8.378431,2421.57,2422.77,1,1,16,1,0.000,0
8.378844,2421.16,2422.04,1,1,17,1,0.000,0
8.379257,2420.74,2422.77,1,1,18,1,0.000,0
8.379670,2420.33,2422.77,1,1,19,1,0.000,0
8.380083,2419.92,2422.77,1,1,20,1,0.000,0
8.380496,2419.50,2419.84,1,1,21,1,0.000,0
8.380910,2419.09,2420.57,1,1,22,1,0.000,0
8.381323,2418.68,2420.57,1,1,23,1,0.000,0
8.381737,2418.26,2419.84,1,1,24,1,0.000,0
8.382150,2417.85,2419.84,1,1,25,1,0.000,0
8.382564,2417.44,2418.38,1,1,26,1,0.000,0
8.382977,2417.02,2418.38,1,1,27,1,0.000,0
8.383391,2416.61,2416.92,1,1,28,1,0.000,0
8.383805,2416.20,2419.11,1,1,29,1,0.000,0
8.384219,2415.78,2416.92,1,1,30,1,0.000,0
8.384633,2415.37,2418.38,1,1,31,1,0.000,0
8.385047,2414.95,2416.19,1,1,32,1,0.000,0
8.385461,2414.54,2417.65,1,1,33,1,0.000,0
8.385875,2414.12,2416.19,1,1,34,1,0.000,0
8.386290,2413.71,2416.19,1,1,35,1,0.000,0
8.386704,2413.30,2415.46,1,1,36,1,0.000,0
8.387118,2412.88,2414.73,1,1,37,1,0.000,0
8.387533,2412.47,2414.73,1,1,38,1,0.000,0
8.387947,2412.05,2413.27,1,1,39,1,0.000,0
8.388362,2411.64,2414.00,1,1,40,1,0.000,0
8.388777,2411.22,2412.55,1,1,41,1,0.000,0
8.389191,2410.81,2413.27,1,1,42,1,0.000,0
8.389606,2410.39,2411.82,1,1,43,1,0.000,0
8.390021,2409.98,2411.09,1,1,44,1,0.000,0
8.390436,2409.56,2411.09,1,1,45,1,0.000,0
8.390851,2409.15,2409.64,1,1,46,1,0.000,0
8.391266,2408.73,2409.64,1,1,47,1,0.000,0
8.391682,2408.32,2408.91,1,1,48,1,0.000,0
8.392097,2407.90,2409.64,1,1,49,1,0.000,0
8.392512,2407.49,2408.19,1,1,50,1,0.000,0
8.392928,2407.07,2408.19,1,1,51,1,0.000,0
8.393343,2406.66,2409.64,1,1,52,1,0.000,0
8.393759,2406.24,2406.74,1,1,53,1,0.000,0
8.394174,2405.83,2408.19,1,1,54,1,0.000,0
8.394590,2405.41,2407.46,1,1,55,1,0.000,0
8.395006,2405.00,2408.19,1,1,56,1,0.000,0
8.395421,2404.58,2406.02,1,1,57,1,0.000,0
8.396669,2403.33,2405.58,1,1,0,0,0.000,0
8.397086,2402.92,2405.58,1,1,1,0,0.000,0
8.397502,2402.50,2405.00,1,1,2,0,0.000,0
8.397918,2402.08,2405.00,1,1,3,0,0.000,0
8.398334,2401.67,2404.42,1,1,4,0,0.000,0
8.398751,2401.25,2402.69,1,1,5,0,0.000,0
8.399167,2400.83,2403.85,1,1,6,0,0.000,0
8.399584,2400.42,2403.27,1,1,7,0,0.000,0
8.400000,2400.00,2401.68,1,1,8,0,0.000,0
8.400417,2399.58,2400.96,1,1,9,0,0.000,0
8.400834,2399.17,2399.52,1,1,10,0,0.000,0
8.401251,2398.75,2400.24,1,1,11,0,0.000,0
8.401668,2398.33,2399.52,1,1,12,0,0.000,0
8.402085,2397.92,2400.24,1,1,13,0,0.000,0
8.402502,2397.50,2396.64,1,1,14,0,0.000,0
8.402919,2397.08,2398.08,1,1,15,0,0.000,0
8.403336,2396.66,2398.80,1,1,16,0,0.000,0
8.403753,2396.25,2398.08,1,1,17,0,0.000,0
8.404171,2395.83,2397.36,1,1,18,0,0.000,0
8.404588,2395.41,2396.64,1,1,19,0,0.000,0
8.405006,2395.00,2396.64,1,1,20,0,0.000,0
8.405423,2394.58,2395.21,1,1,21,0,0.000,0
8.405841,2394.16,2398.08,1,1,22,0,0.000,0
8.406259,2393.74,2395.21,1,1,23,0,0.000,0
8.406676,2393.32,2394.49,1,1,24,0,0.000,0
8.407094,2392.91,2394.49,1,1,25,0,0.000,0
8.407512,2392.49,2394.49,1,1,26,0,0.000,0
8.407930,2392.07,2393.06,1,1,27,0,0.000,0
8.408348,2391.65,2393.06,1,1,28,0,0.000,0
8.408766,2391.23,2394.49,1,1,29,0,0.000,0
8.409185,2390.82,2390.91,1,1,30,0,0.000,0
8.409603,2390.40,2393.06,1,1,31,0,0.000,0
8.410021,2389.98,2393.06,1,1,32,0,0.000,0
8.410440,2389.56,2391.63,1,1,33,0,0.000,0
8.410858,2389.14,2390.91,1,1,34,0,0.000,0
8.411277,2388.72,2390.91,1,1,35,0,0.000,0
8.411696,2388.31,2390.20,1,1,36,0,0.000,0
8.412114,2387.89,2389.49,1,1,37,0,0.000,0
8.412533,2387.47,2390.20,1,1,38,0,0.000,0
8.412952,2387.05,2387.35,1,1,39,0,0.000,0
8.413371,2386.63,2385.92,1,1,40,0,0.000,0
8.413790,2386.21,2387.35,1,1,41,0,0.000,0
8.414209,2385.79,2386.63,1,1,42,0,0.000,0
8.414628,2385.37,2387.35,1,1,43,0,0.000,0
8.415048,2384.95,2386.63,1,1,44,0,0.000,0
8.415467,2384.53,2385.92,1,1,45,0,0.000,0
8.415886,2384.11,2384.50,1,1,46,0,0.000,0
8.416306,2383.70,2386.63,1,1,47,0,0.000,0
8.416725,2383.28,2386.63,1,1,48,0,0.000,0
8.417145,2382.86,2384.50,1,1,49,0,0.000,0
8.417565,2382.44,2384.50,1,1,50,0,0.000,0
8.417985,2382.02,2383.08,1,1,51,0,0.000,0
8.418404,2381.60,2383.79,1,1,52,0,0.000,0
8.418824,2381.18,2383.08,1,1,53,0,0.000,0
8.419244,2380.76,2383.08,1,1,54,0,0.000,0
8.419664,2380.34,2382.37,1,1,55,0,0.000,0
8.420084,2379.92,2381.66,1,1,56,0,0.000,0
8.420505,2379.50,2380.95,1,1,57,0,0.000,0
8.421766,2378.24,2380.39,1,1,0,1,0.000,0
8.422186,2377.81,2380.95,1,1,1,1,0.000,0
8.422607,2377.39,2378.69,1,1,2,1,0.000,0
8.423028,2376.97,2378.69,1,1,3,1,0.000,0
8.423448,2376.55,2378.69,1,1,4,1,0.000,0
8.423869,2376.13,2377.56,1,1,5,1,0.000,0
8.424290,2375.71,2378.12,1,1,6,1,0.000,0
8.424711,2375.29,2377.56,1,1,7,1,0.000,0
8.425132,2374.87,2376.71,1,1,8,1,0.000,0
8.425553,2374.45,2376.71,1,1,9,1,0.000,0
8.425974,2374.03,2375.30,1,1,10,1,0.000,0
8.426396,2373.61,2376.00,1,1,11,1,0.000,0
8.426817,2373.18,2374.59,1,1,12,1,0.000,0
8.427238,2372.76,2375.30,1,1,13,1,0.000,0
8.427660,2372.34,2373.89,1,1,14,1,0.000,0
8.428081,2371.92,2375.30,1,1,15,1,0.000,0
8.428503,2371.50,2373.89,1,1,16,1,0.000,0
8.428925,2371.08,2371.07,1,1,17,1,0.000,0
8.429347,2370.65,2372.48,1,1,18,1,0.000,0
8.429768,2370.23,2371.78,1,1,19,1,0.000,0
8.430190,2369.81,2371.78,1,1,20,1,0.000,0
8.430612,2369.39,2370.37,1,1,21,1,0.000,0
8.431034,2368.97,2371.07,1,1,22,1,0.000,0
8.431457,2368.54,2369.67,1,1,23,1,0.000,0
8.431879,2368.12,2368.97,1,1,24,1,0.000,0
8.432301,2367.70,2369.67,1,1,25,1,0.000,0
8.432724,2367.28,2368.97,1,1,26,1,0.000,0
8.433146,2366.85,2368.97,1,1,27,1,0.000,0
8.433569,2366.43,2367.56,1,1,28,1,0.000,0
8.433991,2366.01,2368.27,1,1,29,1,0.000,0
8.434414,2365.59,2366.16,1,1,30,1,0.000,0
8.434837,2365.16,2366.16,1,1,31,1,0.000,0
8.435259,2364.74,2366.86,1,1,32,1,0.000,0
8.435682,2364.32,2366.86,1,1,33,1,0.000,0
8.436105,2363.90,2366.16,1,1,34,1,0.000,0
8.436528,2363.47,2364.07,1,1,35,1,0.000,0
8.436952,2363.05,2366.16,1,1,36,1,0.000,0
8.437375,2362.63,2363.37,1,1,37,1,0.000,0
8.437798,2362.20,2363.37,1,1,38,1,0.000,0
8.438221,2361.78,2362.67,1,1,39,1,0.000,0
8.438645,2361.36,2363.37,1,1,40,1,0.000,0
8.439068,2360.93,2363.37,1,1,41,1,0.000,0
8.439492,2360.51,2361.97,1,1,42,1,0.000,0
8.439916,2360.09,2361.97,1,1,43,1,0.000,0
8.440339,2359.66,2360.58,1,1,44,1,0.000,0
8.440763,2359.24,2361.97,1,1,45,1,0.000,0
8.441187,2358.81,2361.28,1,1,46,1,0.000,0
8.441611,2358.39,2360.58,1,1,47,1,0.000,0
8.442035,2357.97,2360.58,1,1,48,1,0.000,0
8.442459,2357.54,2357.10,1,1,49,1,0.000,0
8.442884,2357.12,2358.49,1,1,50,1,0.000,0
8.443308,2356.69,2358.49,1,1,51,1,0.000,0
8.443732,2356.27,2358.49,1,1,52,1,0.000,0
8.444157,2355.84,2356.41,1,1,53,1,0.000,0
8.444581,2355.42,2357.80,1,1,54,1,0.000,0
8.445006,2355.00,2356.41,1,1,55,1,0.000,0
8.445430,2354.57,2355.02,1,1,56,1,0.000,0
8.445855,2354.15,2357.80,1,1,57,1,0.000,0
8.447130,2352.87,2355.71,1,1,0,0,0.000,0
8.447555,2352.45,2354.60,1,1,1,0,0.000,0
8.447980,2352.02,2353.49,1,1,2,0,0.000,0
8.448405,2351.60,2354.05,1,1,3,0,0.000,0
8.448831,2351.17,2352.94,1,1,4,0,0.000,0
8.449256,2350.75,2352.94,1,1,5,0,0.000,0
8.449681,2350.32,2352.39,1,1,6,0,0.000,0
8.450107,2349.89,2350.73,1,1,7,0,0.000,0
8.450532,2349.47,2350.18,1,1,8,0,0.000,0
8.450958,2349.04,2351.56,1,1,9,0,0.000,0
8.451384,2348.62,2350.18,1,1,10,0,0.000,0
8.451810,2348.19,2348.80,1,1,11,0,0.000,0
8.452236,2347.77,2348.80,1,1,12,0,0.000,0
8.452662,2347.34,2349.49,1,1,13,0,0.000,0
8.453088,2346.91,2348.11,1,1,14,0,0.000,0
8.453514,2346.49,2348.11,1,1,15,0,0.000,0
8.453940,2346.06,2347.42,1,1,16,0,0.000,0
8.454366,2345.63,2346.73,1,1,17,0,0.000,0
8.454793,2345.21,2348.11,1,1,18,0,0.000,0
8.455219,2344.78,2347.42,1,1,19,0,0.000,0
8.455646,2344.36,2346.73,1,1,20,0,0.000,0
8.456072,2343.93,2345.35,1,1,21,0,0.000,0
8.456499,2343.50,2346.04,1,1,22,0,0.000,0
8.456926,2343.08,2346.04,1,1,23,0,0.000,0
8.457352,2342.65,2344.67,1,1,24,0,0.000,0
8.457779,2342.22,2343.29,1,1,25,0,0.000,0
8.458206,2341.79,2341.24,1,1,26,0,0.000,0
8.458633,2341.37,2343.29,1,1,27,0,0.000,0
8.459060,2340.94,2343.29,1,1,28,0,0.000,0
8.459488,2340.51,2342.61,1,1,29,0,0.000,0
8.459915,2340.09,2341.24,1,1,30,0,0.000,0
8.460342,2339.66,2340.55,1,1,31,0,0.000,0
8.460770,2339.23,2341.24,1,1,32,0,0.000,0
8.461197,2338.80,2341.92,1,1,33,0,0.000,0
8.461625,2338.38,2341.24,1,1,34,0,0.000,0
8.462053,2337.95,2338.50,1,1,35,0,0.000,0
8.462480,2337.52,2337.81,1,1,36,0,0.000,0
8.462908,2337.09,2337.81,1,1,37,0,0.000,0
8.463336,2336.66,2338.50,1,1,38,0,0.000,0
8.463764,2336.24,2338.50,1,1,39,0,0.000,0
8.464192,2335.81,2337.13,1,1,40,0,0.000,0
8.464620,2335.38,2337.13,1,1,41,0,0.000,0
8.465049,2334.95,2337.13,1,1,42,0,0.000,0
8.465477,2334.52,2336.45,1,1,43,0,0.000,0
8.465905,2334.10,2336.45,1,1,44,0,0.000,0
8.466334,2333.67,2337.13,1,1,45,0,0.000,0
8.466762,2333.24,2335.08,1,1,46,0,0.000,0
8.467191,2332.81,2333.72,1,1,47,0,0.000,0
8.467620,2332.38,2334.40,1,1,48,0,0.000,0
8.468048,2331.95,2331.68,1,1,49,0,0.000,0
8.468477,2331.52,2333.04,1,1,50,0,0.000,0
8.468906,2331.09,2333.72,1,1,51,0,0.000,0
8.469335,2330.67,2332.36,1,1,52,0,0.000,0
8.469764,2330.24,2329.64,1,1,53,0,0.000,0
8.470194,2329.81,2331.00,1,1,54,0,0.000,0
8.470623,2329.38,2331.00,1,1,55,0,0.000,0
8.471052,2328.95,2331.68,1,1,56,0,0.000,0
8.471482,2328.52,2331.00,1,1,57,0,0.000,0
8.472770,2327.23,2328.83,1,1,0,1,0.000,0
8.473200,2326.80,2329.37,1,1,1,1,0.000,0
8.473630,2326.37,2328.83,1,1,2,1,0.000,0
8.474060,2325.94,2328.29,1,1,3,1,0.000,0
8.474490,2325.51,2327.75,1,1,4,1,0.000,0
8.474920,2325.08,2327.75,1,1,5,1,0.000,0
8.475350,2324.65,2326.66,1,1,6,1,0.000,0
8.475780,2324.22,2327.21,1,1,7,1,0.000,0
8.476210,2323.79,2326.26,1,1,8,1,0.000,0
8.476641,2323.36,2323.55,1,1,9,1,0.000,0
8.477071,2322.93,2324.91,1,1,10,1,0.000,0
8.477502,2322.50,2324.91,1,1,11,1,0.000,0
8.477932,2322.07,2323.55,1,1,12,1,0.000,0
8.478363,2321.64,2322.88,1,1,13,1,0.000,0
8.478794,2321.21,2321.53,1,1,14,1,0.000,0
8.479225,2320.78,2321.53,1,1,15,1,0.000,0
8.479656,2320.35,2321.53,1,1,16,1,0.000,0
8.480087,2319.91,2322.88,1,1,17,1,0.000,0
8.480518,2319.48,2319.51,1,1,18,1,0.000,0
8.480949,2319.05,2320.86,1,1,19,1,0.000,0
8.481380,2318.62,2320.86,1,1,20,1,0.000,0
8.481812,2318.19,2321.53,1,1,21,1,0.000,0
8.482243,2317.76,2321.53,1,1,22,1,0.000,0
8.482674,2317.33,2318.84,1,1,23,1,0.000,0
8.483106,2316.89,2319.51,1,1,24,1,0.000,0
8.483538,2316.46,2316.83,1,1,25,1,0.000,0
8.483969,2316.03,2318.17,1,1,26,1,0.000,0
8.484401,2315.60,2316.83,1,1,27,1,0.000,0
8.484833,2315.17,2316.83,1,1,28,1,0.000,0
8.485265,2314.74,2315.48,1,1,29,1,0.000,0
8.485697,2314.30,2315.48,1,1,30,1,0.000,0
8.486129,2313.87,2315.48,1,1,31,1,0.000,0
8.486561,2313.44,2314.81,1,1,32,1,0.000,0
8.486994,2313.01,2316.16,1,1,33,1,0.000,0
8.487426,2312.57,2314.15,1,1,34,1,0.000,0
8.487859,2312.14,2314.81,1,1,35,1,0.000,0
8.488291,2311.71,2314.15,1,1,36,1,0.000,0
8.488724,2311.28,2312.81,1,1,37,1,0.000,0
8.489156,2310.84,2312.14,1,1,38,1,0.000,0
8.489589,2310.41,2312.14,1,1,39,1,0.000,0
8.490022,2309.98,2311.47,1,1,40,1,0.000,0
8.490455,2309.55,2310.80,1,1,41,1,0.000,0
8.490888,2309.11,2311.47,1,1,42,1,0.000,0
8.491321,2308.68,2310.14,1,1,43,1,0.000,0
8.491754,2308.25,2310.14,1,1,44,1,0.000,0
8.492188,2307.81,2309.47,1,1,45,1,0.000,0
8.492621,2307.38,2308.14,1,1,46,1,0.000,0
8.493054,2306.95,2308.80,1,1,47,1,0.000,0
8.493488,2306.51,2308.14,1,1,48,1,0.000,0
8.493922,2306.08,2308.80,1,1,49,1,0.000,0
8.494355,2305.65,2307.47,1,1,50,1,0.000,0
8.494789,2305.21,2307.47,1,1,51,1,0.000,0
8.495223,2304.78,2305.48,1,1,52,1,0.000,0
8.495657,2304.34,2306.81,1,1,53,1,0.000,0
8.496091,2303.91,2306.14,1,1,54,1,0.000,0
8.496525,2303.48,2306.14,1,1,55,1,0.000,0
8.496959,2303.04,2303.48,1,1,56,1,0.000,0
8.497393,2302.61,2302.82,1,1,57,1,0.000,0
8.498696,2301.30,2303.62,1,1,0,0,0.000,0
8.499131,2300.87,2302.03,1,1,1,0,0.000,0
8.499566,2300.43,2302.56,1,1,2,0,0.000,0
8.500000,2300.00,2300.97,1,1,3,0,0.000,0
8.500435,2299.57,2301.50,1,1,4,0,0.000,0
8.500870,2299.13,2300.44,1,1,5,0,0.000,0
8.501305,2298.69,2302.56,1,1,6,0,0.000,0
8.501740,2298.26,2300.97,1,1,7,0,0.000,0
8.502175,2297.83,2299.51,1,1,8,0,0.000,0
8.502611,2297.39,2298.19,1,1,9,0,0.000,0
8.503046,2296.95,2298.19,1,1,10,0,0.000,0
8.503481,2296.52,2298.85,1,1,11,0,0.000,0
8.503917,2296.08,2298.85,1,1,12,0,0.000,0
8.504352,2295.65,2298.19,1,1,13,0,0.000,0
8.504788,2295.21,2296.87,1,1,14,0,0.000,0
8.505224,2294.78,2296.21,1,1,15,0,0.000,0
8.505660,2294.34,2295.55,1,1,16,0,0.000,0
8.506095,2293.91,2296.87,1,1,17,0,0.000,0
8.506531,2293.47,2295.55,1,1,18,0,0.000,0
8.506968,2293.03,2295.55,1,1,19,0,0.000,0
8.507404,2292.60,2292.92,1,1,20,0,0.000,0
8.507840,2292.16,2294.24,1,1,21,0,0.000,0
8.508276,2291.72,2292.92,1,1,22,0,0.000,0
8.508713,2291.29,2293.58,1,1,23,0,0.000,0
8.509149,2290.85,2292.26,1,1,24,0,0.000,0
8.509586,2290.42,2292.26,1,1,25,0,0.000,0
8.510022,2289.98,2292.26,1,1,26,0,0.000,0
8.510459,2289.54,2291.61,1,1,27,0,0.000,0
8.510896,2289.11,2291.61,1,1,28,0,0.000,0
8.511333,2288.67,2288.98,1,1,29,0,0.000,0
8.511770,2288.23,2289.64,1,1,30,0,0.000,0
8.512207,2287.79,2288.98,1,1,31,0,0.000,0
8.512644,2287.36,2289.64,1,1,32,0,0.000,0
8.513081,2286.92,2289.64,1,1,33,0,0.000,0
8.513518,2286.48,2288.98,1,1,34,0,0.000,0
8.513956,2286.05,2286.37,1,1,35,0,0.000,0
8.514393,2285.61,2287.68,1,1,36,0,0.000,0
8.514831,2285.17,2287.02,1,1,37,0,0.000,0
8.515269,2284.73,2286.37,1,1,38,0,0.000,0
8.515706,2284.29,2286.37,1,1,39,0,0.000,0
8.516144,2283.86,2285.06,1,1,40,0,0.000,0
8.516582,2283.42,2284.41,1,1,41,0,0.000,0
8.517020,2282.98,2284.41,1,1,42,0,0.000,0
8.517458,2282.54,2285.06,1,1,43,0,0.000,0
8.517896,2282.10,2283.76,1,1,44,0,0.000,0
8.518334,2281.67,2284.41,1,1,45,0,0.000,0
8.518773,2281.23,2285.06,1,1,46,0,0.000,0
8.519211,2280.79,2282.45,1,1,47,0,0.000,0
8.519650,2280.35,2283.10,1,1,48,0,0.000,0
8.520088,2279.91,2281.80,1,1,49,0,0.000,0
8.520527,2279.47,2280.50,1,1,50,0,0.000,0
8.520966,2279.03,2281.15,1,1,51,0,0.000,0
8.521404,2278.60,2280.50,1,1,52,0,0.000,0
8.521843,2278.16,2280.50,1,1,53,0,0.000,0
8.522282,2277.72,2277.90,1,1,54,0,0.000,0
8.522721,2277.28,2277.90,1,1,55,0,0.000,0
8.523161,2276.84,2278.55,1,1,56,0,0.000,0
8.523600,2276.40,2277.90,1,1,57,0,0.000,0
8.524918,2275.08,2277.39,1,1,0,1,0.000,0
8.525358,2274.64,2275.83,1,1,1,1,0.000,0
8.525797,2274.20,2275.31,1,1,2,1,0.000,0
8.526237,2273.76,2274.80,1,1,3,1,0.000,0
8.526677,2273.32,2275.31,1,1,4,1,0.000,0
8.527117,2272.88,2276.35,1,1,5,1,0.000,0
8.527557,2272.44,2273.76,1,1,6,1,0.000,0
8.527997,2272.00,2273.76,1,1,7,1,0.000,0
8.528437,2271.56,2274.02,1,1,8,1,0.000,0
8.528877,2271.12,2274.02,1,1,9,1,0.000,0
8.529318,2270.68,2274.02,1,1,10,1,0.000,0
8.529758,2270.24,2272.73,1,1,11,1,0.000,0
8.530199,2269.80,2271.44,1,1,12,1,0.000,0
8.530639,2269.36,2270.15,1,1,13,1,0.000,0
8.531080,2268.92,2272.73,1,1,14,1,0.000,0
8.531521,2268.48,2270.79,1,1,15,1,0.000,0
8.531962,2268.04,2268.86,1,1,16,1,0.000,0
8.532403,2267.60,2270.15,1,1,17,1,0.000,0
8.532844,2267.16,2268.22,1,1,18,1,0.000,0
8.533285,2266.72,2267.57,1,1,19,1,0.000,0
8.533726,2266.27,2268.22,1,1,20,1,0.000,0
8.534167,2265.83,2266.93,1,1,21,1,0.000,0
8.534609,2265.39,2266.93,1,1,22,1,0.000,0
8.535050,2264.95,2266.93,1,1,23,1,0.000,0
8.535492,2264.51,2265.65,1,1,24,1,0.000,0
8.535933,2264.07,2265.65,1,1,25,1,0.000,0
8.536375,2263.63,2265.65,1,1,26,1,0.000,0
8.536817,2263.18,2265.01,1,1,27,1,0.000,0
8.537259,2262.74,2264.36,1,1,28,1,0.000,0
8.537701,2262.30,2265.01,1,1,29,1,0.000,0
8.538143,2261.86,2262.44,1,1,30,1,0.000,0
8.538585,2261.42,2262.44,1,1,31,1,0.000,0
8.539027,2260.97,2264.36,1,1,32,1,0.000,0
8.539470,2260.53,2261.16,1,1,33,1,0.000,0
8.539912,2260.09,2261.16,1,1,34,1,0.000,0
8.540354,2259.65,2261.80,1,1,35,1,0.000,0
8.540797,2259.20,2260.53,1,1,36,1,0.000,0
8.541240,2258.76,2261.16,1,1,37,1,0.000,0
8.541682,2258.32,2260.53,1,1,38,1,0.000,0
8.542125,2257.88,2260.53,1,1,39,1,0.000,0
8.542568,2257.43,2259.25,1,1,40,1,0.000,0
8.543011,2256.99,2260.53,1,1,41,1,0.000,0
8.543454,2256.55,2258.61,1,1,42,1,0.000,0
8.543898,2256.10,2258.61,1,1,43,1,0.000,0
8.544341,2255.66,2257.97,1,1,44,1,0.000,0
8.544784,2255.22,2256.06,1,1,45,1,0.000,0
8.545228,2254.77,2256.70,1,1,46,1,0.000,0
8.545671,2254.33,2256.70,1,1,47,1,0.000,0
8.546115,2253.89,2254.79,1,1,48,1,0.000,0
8.546559,2253.44,2253.52,1,1,49,1,0.000,0
8.547002,2253.00,2254.79,1,1,50,1,0.000,0
8.547446,2252.55,2254.16,1,1,51,1,0.000,0
8.547890,2252.11,2254.79,1,1,52,1,0.000,0
8.548334,2251.67,2253.52,1,1,53,1,0.000,0
8.548779,2251.22,2253.52,1,1,54,1,0.000,0
8.549223,2250.78,2251.62,1,1,55,1,0.000,0
8.549667,2250.33,2252.25,1,1,56,1,0.000,0
8.550112,2249.89,2251.62,1,1,57,1,0.000,0
8.551445,2248.56,2252.25,1,1,0,0,0.000,0
8.551890,2248.11,2250.23,1,1,1,0,0.000,0
8.552335,2247.67,2248.20,1,1,2,0,0.000,0
8.552780,2247.22,2249.72,1,1,3,0,0.000,0
8.553225,2246.78,2248.20,1,1,4,0,0.000,0
8.553670,2246.33,2248.20,1,1,5,0,0.000,0
8.554115,2245.89,2248.20,1,1,6,0,0.000,0
8.554561,2245.44,2247.19,1,1,7,0,0.000,0
8.555006,2244.99,2244.67,1,1,8,0,0.000,0
8.555452,2244.55,2245.93,1,1,9,0,0.000,0
8.555897,2244.10,2247.19,1,1,10,0,0.000,0
8.556343,2243.66,2245.93,1,1,11,0,0.000,0
8.556788,2243.21,2244.67,1,1,12,0,0.000,0
8.557234,2242.77,2244.67,1,1,13,0,0.000,0
8.557680,2242.32,2244.04,1,1,14,0,0.000,0
8.558126,2241.87,2244.67,1,1,15,0,0.000,0
8.558572,2241.43,2244.04,1,1,16,0,0.000,0
8.559019,2240.98,2244.04,1,1,17,0,0.000,0
8.559465,2240.54,2242.15,1,1,18,0,0.000,0
8.559911,2240.09,2240.90,1,1,19,0,0.000,0
8.560358,2239.64,2241.52,1,1,20,0,0.000,0
8.560804,2239.20,2241.52,1,1,21,0,0.000,0
8.561251,2238.75,2239.64,1,1,22,0,0.000,0
8.561698,2238.30,2240.27,1,1,23,0,0.000,0
8.562144,2237.86,2239.64,1,1,24,0,0.000,0
8.562591,2237.41,2238.39,1,1,25,0,0.000,0
8.563038,2236.96,2238.39,1,1,26,0,0.000,0
8.563485,2236.52,2239.01,1,1,27,0,0.000,0
8.563932,2236.07,2238.39,1,1,28,0,0.000,0
8.564380,2235.62,2237.14,1,1,29,0,0.000,0
8.564827,2235.17,2237.76,1,1,30,0,0.000,0
8.565275,2234.73,2235.89,1,1,31,0,0.000,0
8.565722,2234.28,2235.26,1,1,32,0,0.000,0
8.566170,2233.83,2234.64,1,1,33,0,0.000,0
8.566617,2233.38,2235.26,1,1,34,0,0.000,0
8.567065,2232.94,2234.01,1,1,35,0,0.000,0
8.567513,2232.49,2234.01,1,1,36,0,0.000,0
8.567961,2232.04,2234.01,1,1,37,0,0.000,0
8.568409,2231.59,2234.01,1,1,38,0,0.000,0
8.568857,2231.14,2233.39,1,1,39,0,0.000,0
8.569305,2230.70,2233.39,1,1,40,0,0.000,0
8.569754,2230.25,2232.77,1,1,41,0,0.000,0
8.570202,2229.80,2232.77,1,1,42,0,0.000,0
8.570651,2229.35,2231.52,1,1,43,0,0.000,0
8.571099,2228.90,2230.90,1,1,44,0,0.000,0
8.571548,2228.45,2230.90,1,1,45,0,0.000,0
8.571997,2228.00,2228.41,1,1,46,0,0.000,0
8.572446,2227.56,2229.03,1,1,47,0,0.000,0
8.572895,2227.11,2228.41,1,1,48,0,0.000,0
8.573344,2226.66,2228.41,1,1,49,0,0.000,0
8.573793,2226.21,2227.17,1,1,50,0,0.000,0
8.574242,2225.76,2227.79,1,1,51,0,0.000,0
8.574691,2225.31,2227.17,1,1,52,0,0.000,0
8.575141,2224.86,2225.93,1,1,53,0,0.000,0
8.575590,2224.41,2227.17,1,1,54,0,0.000,0
8.576040,2223.96,2225.31,1,1,55,0,0.000,0
8.576490,2223.51,2225.93,1,1,56,0,0.000,0
8.576940,2223.06,2225.93,1,1,57,0,0.000,0
8.578289,2221.71,2223.70,1,1,0,1,0.000,0
8.578740,2221.26,2223.21,1,1,1,1,0.000,0
8.579190,2220.81,2222.72,1,1,2,1,0.000,0
8.579640,2220.36,2223.21,1,1,3,1,0.000,0
8.580091,2219.91,2222.22,1,1,4,1,0.000,0
8.580541,2219.46,2222.72,1,1,5,1,0.000,0
8.580992,2219.01,2220.25,1,1,6,1,0.000,0
8.581442,2218.56,2220.25,1,1,7,1,0.000,0
8.581893,2218.11,2220.37,1,1,8,1,0.000,0
8.582344,2217.66,2220.37,1,1,9,1,0.000,0
8.582795,2217.21,2218.52,1,1,10,1,0.000,0
8.583246,2216.75,2217.91,1,1,11,1,0.000,0
8.583697,2216.30,2217.91,1,1,12,1,0.000,0
8.584148,2215.85,2217.91,1,1,13,1,0.000,0
8.584600,2215.40,2217.91,1,1,14,1,0.000,0
8.585051,2214.95,2215.45,1,1,15,1,0.000,0
8.585503,2214.50,2215.45,1,1,16,1,0.000,0
8.585954,2214.05,2214.84,1,1,17,1,0.000,0
8.586406,2213.59,2215.45,1,1,18,1,0.000,0
8.586858,2213.14,2214.23,1,1,19,1,0.000,0
8.587310,2212.69,2214.23,1,1,20,1,0.000,0
8.587762,2212.24,2213.00,1,1,21,1,0.000,0
8.588214,2211.79,2213.00,1,1,22,1,0.000,0
8.588666,2211.33,2214.23,1,1,23,1,0.000,0
8.589118,2210.88,2213.00,1,1,24,1,0.000,0
8.589571,2210.43,2212.39,1,1,25,1,0.000,0
8.590023,2209.98,2211.78,1,1,26,1,0.000,0
8.590476,2209.53,2211.78,1,1,27,1,0.000,0
8.590928,2209.07,2210.56,1,1,28,1,0.000,0
8.591381,2208.62,2210.56,1,1,29,1,0.000,0
8.591834,2208.17,2211.17,1,1,30,1,0.000,0
8.592287,2207.71,2208.72,1,1,31,1,0.000,0
8.592740,2207.26,2209.33,1,1,32,1,0.000,0
8.593193,2206.81,2209.33,1,1,33,1,0.000,0
8.593646,2206.36,2208.72,1,1,34,1,0.000,0
8.594099,2205.90,2207.51,1,1,35,1,0.000,0
8.594553,2205.45,2207.51,1,1,36,1,0.000,0
8.595006,2204.99,2206.90,1,1,37,1,0.000,0
8.595460,2204.54,2206.29,1,1,38,1,0.000,0
8.595913,2204.09,2206.90,1,1,39,1,0.000,0
8.596367,2203.63,2204.46,1,1,40,1,0.000,0
8.596821,2203.18,2205.07,1,1,41,1,0.000,0
8.597275,2202.73,2204.46,1,1,42,1,0.000,0
8.597729,2202.27,2203.86,1,1,43,1,0.000,0
8.598183,2201.82,2203.25,1,1,44,1,0.000,0
8.598637,2201.36,2203.25,1,1,45,1,0.000,0
8.599092,2200.91,2201.43,1,1,46,1,0.000,0
8.599546,2200.46,2202.04,1,1,47,1,0.000,0
8.600000,2200.00,2203.25,1,1,48,1,0.000,0
8.600455,2199.55,2201.43,1,1,49,1,0.000,0
8.600910,2199.09,2201.43,1,1,50,1,0.000,0
8.601365,2198.64,2200.83,1,1,51,1,0.000,0
8.601819,2198.18,2199.61,1,1,52,1,0.000,0
8.602274,2197.73,2199.01,1,1,53,1,0.000,0
8.602729,2197.27,2200.22,1,1,54,1,0.000,0
8.603185,2196.82,2199.01,1,1,55,1,0.000,0
8.603640,2196.36,2197.20,1,1,56,1,0.000,0
8.604095,2195.91,2197.20,1,1,57,1,0.000,0
8.605462,2194.54,2196.35,1,1,0,0,0.000,0
8.605918,2194.08,2195.87,1,1,1,0,0.000,0
8.606373,2193.63,2196.35,1,1,2,0,0.000,0
8.606829,2193.17,2195.87,1,1,3,0,0.000,0
8.607285,2192.72,2194.43,1,1,4,0,0.000,0
8.607741,2192.26,2193.46,1,1,5,0,0.000,0
8.608198,2191.80,2194.43,1,1,6,0,0.000,0
8.608654,2191.35,2193.46,1,1,7,0,0.000,0
8.609110,2190.89,2193.58,1,1,8,0,0.000,0
8.609567,2190.43,2193.58,1,1,9,0,0.000,0
8.610023,2189.98,2191.78,1,1,10,0,0.000,0
8.610480,2189.52,2191.18,1,1,11,0,0.000,0
8.610937,2189.06,2190.58,1,1,12,0,0.000,0
8.611394,2188.61,2191.18,1,1,13,0,0.000,0
8.611851,2188.15,2189.38,1,1,14,0,0.000,0
8.612308,2187.69,2189.38,1,1,15,0,0.000,0
8.612765,2187.24,2188.18,1,1,16,0,0.000,0
8.613222,2186.78,2188.18,1,1,17,0,0.000,0
8.613679,2186.32,2188.18,1,1,18,0,0.000,0
8.614137,2185.86,2188.18,1,1,19,0,0.000,0
8.614594,2185.41,2187.59,1,1,20,0,0.000,0
8.615052,2184.95,2185.79,1,1,21,0,0.000,0
8.615510,2184.49,2186.99,1,1,22,0,0.000,0
8.615967,2184.03,2185.79,1,1,23,0,0.000,0
8.616425,2183.58,2185.20,1,1,24,0,0.000,0
8.616883,2183.12,2184.60,1,1,25,0,0.000,0
8.617342,2182.66,2184.60,1,1,26,0,0.000,0
8.617800,2182.20,2182.81,1,1,27,0,0.000,0
8.618258,2181.74,2184.00,1,1,28,0,0.000,0
8.618716,2181.28,2185.20,1,1,29,0,0.000,0
8.619175,2180.83,2182.81,1,1,30,0,0.000,0
8.619634,2180.37,2182.21,1,1,31,0,0.000,0
8.620092,2179.91,2182.21,1,1,32,0,0.000,0
8.620551,2179.45,2181.62,1,1,33,0,0.000,0
8.621010,2178.99,2181.62,1,1,34,0,0.000,0
8.621469,2178.53,2181.03,1,1,35,0,0.000,0
8.621928,2178.07,2179.24,1,1,36,0,0.000,0
8.622387,2177.61,2178.65,1,1,37,0,0.000,0
8.622846,2177.15,2178.65,1,1,38,0,0.000,0
8.623306,2176.70,2179.24,1,1,39,0,0.000,0
8.623765,2176.24,2177.46,1,1,40,0,0.000,0
8.624225,2175.78,2178.65,1,1,41,0,0.000,0
8.624684,2175.32,2176.87,1,1,42,0,0.000,0
8.625144,2174.86,2176.87,1,1,43,0,0.000,0
8.625604,2174.40,2177.46,1,1,44,0,0.000,0
8.626064,2173.94,2175.69,1,1,45,0,0.000,0
8.626524,2173.48,2176.87,1,1,46,0,0.000,0
8.626984,2173.02,2175.69,1,1,47,0,0.000,0
8.627444,2172.56,2175.10,1,1,48,0,0.000,0
8.627905,2172.10,2172.73,1,1,49,0,0.000,0
8.628365,2171.64,2172.14,1,1,50,0,0.000,0
8.628826,2171.18,2172.73,1,1,51,0,0.000,0
8.629286,2170.71,2171.55,1,1,52,0,0.000,0
8.629747,2170.25,2171.55,1,1,53,0,0.000,0
8.630208,2169.79,2170.96,1,1,54,0,0.000,0
8.630669,2169.33,2170.37,1,1,55,0,0.000,0
8.631130,2168.87,2170.96,1,1,56,0,0.000,0
8.631591,2168.41,2170.37,1,1,57,0,0.000,0
8.632975,2167.03,2170.14,1,1,0,1,0.000,0
8.633436,2166.56,2169.20,1,1,1,1,0.000,0
8.633898,2166.10,2168.73,1,1,2,1,0.000,0
8.634360,2165.64,2169.20,1,1,3,1,0.000,0
8.634821,2165.18,2166.85,1,1,4,1,0.000,0
8.635283,2164.72,2167.32,1,1,5,1,0.000,0
8.635745,2164.26,2166.38,1,1,6,1,0.000,0
8.636207,2163.79,2166.85,1,1,7,1,0.000,0
8.636670,2163.33,2164.50,1,1,8,1,0.000,0
8.637132,2162.87,2164.50,1,1,9,1,0.000,0
8.637594,2162.41,2164.50,1,1,10,1,0.000,0
8.638057,2161.94,2162.75,1,1,11,1,0.000,0
8.638519,2161.48,2163.92,1,1,12,1,0.000,0
8.638982,2161.02,2162.75,1,1,13,1,0.000,0
8.639445,2160.56,2161.58,1,1,14,1,0.000,0
8.639908,2160.09,2160.99,1,1,15,1,0.000,0
8.640371,2159.63,2162.16,1,1,16,1,0.000,0
8.640834,2159.17,2161.58,1,1,17,1,0.000,0
8.641297,2158.70,2160.99,1,1,18,1,0.000,0
8.641760,2158.24,2159.83,1,1,19,1,0.000,0
8.642224,2157.78,2159.83,1,1,20,1,0.000,0
8.642687,2157.31,2158.66,1,1,21,1,0.000,0
8.643151,2156.85,2159.24,1,1,22,1,0.000,0
8.643615,2156.39,2158.08,1,1,23,1,0.000,0
8.644078,2155.92,2158.08,1,1,24,1,0.000,0
8.644542,2155.46,2156.33,1,1,25,1,0.000,0
8.645006,2154.99,2156.33,1,1,26,1,0.000,0
8.645470,2154.53,2156.92,1,1,27,1,0.000,0
8.645935,2154.07,2154.59,1,1,28,1,0.000,0
8.646399,2153.60,2155.17,1,1,29,1,0.000,0
8.646863,2153.14,2155.17,1,1,30,1,0.000,0
8.647328,2152.67,2155.17,1,1,31,1,0.000,0
8.647792,2152.21,2153.43,1,1,32,1,0.000,0
8.648257,2151.74,2154.01,1,1,33,1,0.000,0
8.648722,2151.28,2154.01,1,1,34,1,0.000,0
8.649187,2150.81,2152.85,1,1,35,1,0.000,0
8.649652,2150.35,2152.85,1,1,36,1,0.000,0
8.650117,2149.88,2151.12,1,1,37,1,0.000,0
8.650582,2149.42,2150.54,1,1,38,1,0.000,0
8.651047,2148.95,2150.54,1,1,39,1,0.000,0
8.651513,2148.49,2151.12,1,1,40,1,0.000,0
8.651978,2148.02,2151.12,1,1,41,1,0.000,0
8.652444,2147.56,2147.65,1,1,42,1,0.000,0
8.652909,2147.09,2148.80,1,1,43,1,0.000,0
8.653375,2146.62,2148.80,1,1,44,1,0.000,0
8.653841,2146.16,2148.80,1,1,45,1,0.000,0
8.654307,2145.69,2148.23,1,1,46,1,0.000,0
8.654773,2145.23,2145.92,1,1,47,1,0.000,0
8.655239,2144.76,2145.35,1,1,48,1,0.000,0
8.655706,2144.30,2144.20,1,1,49,1,0.000,0
8.656172,2143.83,2146.50,1,1,50,1,0.000,0
8.656639,2143.36,2145.92,1,1,51,1,0.000,0
8.657105,2142.90,2145.35,1,1,52,1,0.000,0
8.657572,2142.43,2144.20,1,1,53,1,0.000,0
8.658039,2141.96,2144.20,1,1,54,1,0.000,0
8.658506,2141.50,2144.77,1,1,55,1,0.000,0
8.658973,2141.03,2143.05,1,1,56,1,0.000,0
8.659440,2140.56,2144.20,1,1,57,1,0.000,0
8.660842,2139.16,2141.33,1,1,0,0,0.000,0
8.661309,2138.69,2140.87,1,1,1,0,0.000,0
8.661777,2138.22,2139.95,1,1,2,0,0.000,0
8.662245,2137.76,2140.41,1,1,3,0,0.000,0
8.662712,2137.29,2139.04,1,1,4,0,0.000,0
8.663180,2136.82,2139.50,1,1,5,0,0.000,0
8.663648,2136.35,2139.04,1,1,6,0,0.000,0
8.664117,2135.88,2138.58,1,1,7,0,0.000,0
8.664585,2135.42,2137.89,1,1,8,0,0.000,0
8.665053,2134.95,2136.18,1,1,9,0,0.000,0
8.665522,2134.48,2136.75,1,1,10,0,0.000,0
8.665990,2134.01,2135.61,1,1,11,0,0.000,0
8.666459,2133.54,2135.61,1,1,12,0,0.000,0
8.666928,2133.07,2133.90,1,1,13,0,0.000,0
8.667396,2132.60,2134.47,1,1,14,0,0.000,0
8.667865,2132.14,2132.20,1,1,15,0,0.000,0
8.668334,2131.67,2132.76,1,1,16,0,0.000,0
8.668804,2131.20,2132.76,1,1,17,0,0.000,0
8.669273,2130.73,2132.20,1,1,18,0,0.000,0
8.669742,2130.26,2133.33,1,1,19,0,0.000,0
8.670212,2129.79,2131.06,1,1,20,0,0.000,0
8.670681,2129.32,2131.63,1,1,21,0,0.000,0
8.671151,2128.85,2131.06,1,1,22,0,0.000,0
8.671621,2128.38,2130.49,1,1,23,0,0.000,0
8.672091,2127.91,2129.93,1,1,24,0,0.000,0
8.672561,2127.44,2128.79,1,1,25,0,0.000,0
8.673031,2126.97,2129.36,1,1,26,0,0.000,0
8.673501,2126.50,2126.53,1,1,27,0,0.000,0
8.673971,2126.03,2128.23,1,1,28,0,0.000,0
8.674442,2125.56,2127.66,1,1,29,0,0.000,0
8.674912,2125.09,2127.09,1,1,30,0,0.000,0
8.675383,2124.62,2127.09,1,1,31,0,0.000,0
8.675854,2124.15,2125.96,1,1,32,0,0.000,0
8.676324,2123.68,2126.53,1,1,33,0,0.000,0
8.676795,2123.20,2124.27,1,1,34,0,0.000,0
8.677266,2122.73,2124.83,1,1,35,0,0.000,0
8.677738,2122.26,2123.71,1,1,36,0,0.000,0
8.678209,2121.79,2123.14,1,1,37,0,0.000,0
8.678680,2121.32,2123.14,1,1,38,0,0.000,0
8.679152,2120.85,2121.45,1,1,39,0,0.000,0
8.679623,2120.38,2123.14,1,1,40,0,0.000,0
8.680095,2119.91,2121.45,1,1,41,0,0.000,0
8.680567,2119.43,2122.02,1,1,42,0,0.000,0
8.681038,2118.96,2120.89,1,1,43,0,0.000,0
8.681510,2118.49,2120.33,1,1,44,0,0.000,0
8.681983,2118.02,2119.77,1,1,45,0,0.000,0
8.682455,2117.55,2119.77,1,1,46,0,0.000,0
8.682927,2117.07,2120.89,1,1,47,0,0.000,0
8.683399,2116.60,2116.96,1,1,48,0,0.000,0
8.683872,2116.13,2118.08,1,1,49,0,0.000,0
8.684345,2115.66,2116.40,1,1,50,0,0.000,0
8.684817,2115.18,2116.96,1,1,51,0,0.000,0
8.685290,2114.71,2118.08,1,1,52,0,0.000,0
8.685763,2114.24,2116.40,1,1,53,0,0.000,0
8.686236,2113.76,2115.84,1,1,54,0,0.000,0
8.686709,2113.29,2114.16,1,1,55,0,0.000,0
8.687182,2112.82,2115.84,1,1,56,0,0.000,0
8.687656,2112.35,2114.72,1,1,57,0,0.000,0
8.689076,2110.92,2114.61,1,1,0,1,0.000,0
8.689550,2110.45,2113.27,1,1,1,1,0.000,0
8.690024,2109.98,2111.49,1,1,2,1,0.000,0
8.690498,2109.50,2111.93,1,1,3,1,0.000,0
8.690972,2109.03,2111.04,1,1,4,1,0.000,0
8.691446,2108.55,2111.04,1,1,5,1,0.000,0
8.691921,2108.08,2110.15,1,1,6,1,0.000,0
8.692395,2107.61,2109.70,1,1,7,1,0.000,0
8.692870,2107.13,2109.15,1,1,8,1,0.000,0
8.693344,2106.66,2107.48,1,1,9,1,0.000,0
8.693819,2106.18,2110.26,1,1,10,1,0.000,0
8.694294,2105.71,2108.04,1,1,11,1,0.000,0
8.694769,2105.23,2107.48,1,1,12,1,0.000,0
8.695244,2104.76,2106.93,1,1,13,1,0.000,0
8.695719,2104.28,2106.93,1,1,14,1,0.000,0
8.696194,2103.81,2106.37,1,1,15,1,0.000,0
8.696670,2103.33,2104.71,1,1,16,1,0.000,0
8.697145,2102.86,2105.26,1,1,17,1,0.000,0
8.697621,2102.38,2101.94,1,1,18,1,0.000,0
8.698097,2101.90,2102.50,1,1,19,1,0.000,0
8.698572,2101.43,2103.05,1,1,20,1,0.000,0
8.699048,2100.95,2101.94,1,1,21,1,0.000,0
8.699524,2100.48,2101.94,1,1,22,1,0.000,0
8.700000,2100.00,2100.84,1,1,23,1,0.000,0
8.700477,2099.52,2100.84,1,1,24,1,0.000,0
8.700953,2099.05,2101.39,1,1,25,1,0.000,0
8.701430,2098.57,2100.29,1,1,26,1,0.000,0
8.701906,2098.09,2100.84,1,1,27,1,0.000,0
8.702383,2097.62,2099.74,1,1,28,1,0.000,0
8.702860,2097.14,2100.29,1,1,29,1,0.000,0
8.703336,2096.66,2098.09,1,1,30,1,0.000,0
8.703813,2096.19,2097.54,1,1,31,1,0.000,0
8.704291,2095.71,2097.54,1,1,32,1,0.000,0
8.704768,2095.23,2096.99,1,1,33,1,0.000,0
8.705245,2094.76,2096.44,1,1,34,1,0.000,0
8.705723,2094.28,2095.89,1,1,35,1,0.000,0
8.706200,2093.80,2095.89,1,1,36,1,0.000,0
8.706678,2093.32,2095.34,1,1,37,1,0.000,0
8.707155,2092.85,2095.34,1,1,38,1,0.000,0
8.707633,2092.37,2094.24,1,1,39,1,0.000,0
8.708111,2091.89,2093.69,1,1,40,1,0.000,0
8.708589,2091.41,2093.15,1,1,41,1,0.000,0
8.709068,2090.93,2093.69,1,1,42,1,0.000,0
8.709546,2090.45,2091.50,1,1,43,1,0.000,0
8.710024,2089.98,2090.41,1,1,44,1,0.000,0
8.710503,2089.50,2090.41,1,1,45,1,0.000,0
8.710982,2089.02,2090.41,1,1,46,1,0.000,0
8.711460,2088.54,2091.50,1,1,47,1,0.000,0
8.711939,2088.06,2090.41,1,1,48,1,0.000,0
8.712418,2087.58,2089.86,1,1,49,1,0.000,0
8.712897,2087.10,2089.32,1,1,50,1,0.000,0
8.713376,2086.62,2089.32,1,1,51,1,0.000,0
8.713856,2086.15,2089.32,1,1,52,1,0.000,0
8.714335,2085.67,2088.23,1,1,53,1,0.000,0
8.714815,2085.19,2086.05,1,1,54,1,0.000,0
8.715294,2084.71,2086.05,1,1,55,1,0.000,0
8.715774,2084.23,2086.05,1,1,56,1,0.000,0
8.716254,2083.75,2084.96,1,1,57,1,0.000,0
8.717694,2082.31,2084.20,1,1,0,0,0.000,0
8.718174,2081.83,2084.64,1,1,1,0,0.000,0
8.718655,2081.35,2083.77,1,1,2,0,0.000,0
8.719135,2080.87,2083.77,1,1,3,0,0.000,0
8.719616,2080.39,2083.77,1,1,4,0,0.000,0
8.720097,2079.90,2082.90,1,1,5,0,0.000,0
8.720577,2079.42,2082.03,1,1,6,0,0.000,0
8.721058,2078.94,2082.03,1,1,7,0,0.000,0
8.721539,2078.46,2080.62,1,1,8,0,0.000,0
8.722021,2077.98,2079.54,1,1,9,0,0.000,0
8.722502,2077.50,2079.00,1,1,10,0,0.000,0
8.722983,2077.02,2077.92,1,1,11,0,0.000,0
8.723465,2076.54,2079.00,1,1,12,0,0.000,0
8.723947,2076.05,2077.38,1,1,13,0,0.000,0
8.724428,2075.57,2077.92,1,1,14,0,0.000,0
8.724910,2075.09,2076.84,1,1,15,0,0.000,0
8.725392,2074.61,2077.92,1,1,16,0,0.000,0
8.725874,2074.13,2075.77,1,1,17,0,0.000,0
8.726356,2073.64,2076.84,1,1,18,0,0.000,0
8.726839,2073.16,2074.69,1,1,19,0,0.000,0
8.727321,2072.68,2074.69,1,1,20,0,0.000,0
8.727804,2072.20,2075.23,1,1,21,0,0.000,0
8.728286,2071.71,2075.23,1,1,22,0,0.000,0
8.728769,2071.23,2072.00,1,1,23,0,0.000,0
8.729252,2070.75,2072.00,1,1,24,0,0.000,0
8.729735,2070.27,2072.00,1,1,25,0,0.000,0
8.730218,2069.78,2069.86,1,1,26,0,0.000,0
8.730701,2069.30,2070.93,1,1,27,0,0.000,0
8.731184,2068.82,2069.86,1,1,28,0,0.000,0
8.731668,2068.33,2069.32,1,1,29,0,0.000,0
8.732151,2067.85,2066.65,1,1,30,0,0.000,0
8.732635,2067.37,2070.93,1,1,31,0,0.000,0
8.733119,2066.88,2068.79,1,1,32,0,0.000,0
8.733603,2066.40,2070.39,1,1,33,0,0.000,0
8.734087,2065.91,2068.79,1,1,34,0,0.000,0
8.734571,2065.43,2068.25,1,1,35,0,0.000,0
8.735055,2064.95,2067.18,1,1,36,0,0.000,0
8.735539,2064.46,2066.65,1,1,37,0,0.000,0
8.736024,2063.98,2067.18,1,1,38,0,0.000,0
8.736508,2063.49,2065.58,1,1,39,0,0.000,0
8.736993,2063.01,2063.98,1,1,40,0,0.000,0
8.737478,2062.52,2063.45,1,1,41,0,0.000,0
8.737963,2062.04,2063.45,1,1,42,0,0.000,0
8.738448,2061.55,2063.45,1,1,43,0,0.000,0
8.738933,2061.07,2062.92,1,1,44,0,0.000,0
8.739418,2060.58,2062.39,1,1,45,0,0.000,0
8.739903,2060.10,2061.32,1,1,46,0,0.000,0
8.740389,2059.61,2061.32,1,1,47,0,0.000,0
8.740874,2059.13,2061.32,1,1,48,0,0.000,0
8.741360,2058.64,2060.26,1,1,49,0,0.000,0
8.741846,2058.16,2060.79,1,1,50,0,0.000,0
8.742332,2057.67,2058.67,1,1,51,0,0.000,0
8.742818,2057.18,2059.73,1,1,52,0,0.000,0
8.743304,2056.70,2058.67,1,1,53,0,0.000,0
8.743790,2056.21,2058.14,1,1,54,0,0.000,0
8.744277,2055.72,2056.56,1,1,55,0,0.000,0
8.744763,2055.24,2057.61,1,1,56,0,0.000,0
8.745250,2054.75,2056.56,1,1,57,0,0.000,0
8.746710,2053.29,2055.50,1,1,0,1,0.000,0
8.747197,2052.80,2054.23,1,1,1,1,0.000,0
8.747685,2052.32,2054.65,1,1,2,1,0.000,0
8.748172,2051.83,2054.23,1,1,3,1,0.000,0
8.748659,2051.34,2054.65,1,1,4,1,0.000,0
8.749147,2050.85,2053.39,1,1,5,1,0.000,0
8.749635,2050.37,2052.12,1,1,6,1,0.000,0
8.750122,2049.88,2052.55,1,1,7,1,0.000,0
8.750610,2049.39,2051.28,1,1,8,1,0.000,0
8.751098,2048.90,2053.39,1,1,9,1,0.000,0
8.751586,2048.41,2049.18,1,1,10,1,0.000,0
8.752075,2047.93,2049.71,1,1,11,1,0.000,0
8.752563,2047.44,2048.13,1,1,12,1,0.000,0
8.753052,2046.95,2049.71,1,1,13,1,0.000,0
8.753540,2046.46,2049.18,1,1,14,1,0.000,0
8.754029,2045.97,2047.08,1,1,15,1,0.000,0
8.754518,2045.48,2047.61,1,1,16,1,0.000,0
8.755007,2044.99,2045.51,1,1,17,1,0.000,0
8.755496,2044.51,2048.13,1,1,18,1,0.000,0
8.755985,2044.02,2045.51,1,1,19,1,0.000,0
8.756474,2043.53,2046.04,1,1,20,1,0.000,0
8.756963,2043.04,2044.99,1,1,21,1,0.000,0
8.757453,2042.55,2043.42,1,1,22,1,0.000,0
8.757943,2042.06,2045.51,1,1,23,1,0.000,0
8.758432,2041.57,2042.90,1,1,24,1,0.000,0
8.758922,2041.08,2042.90,1,1,25,1,0.000,0
8.759412,2040.59,2041.86,1,1,26,1,0.000,0
8.759902,2040.10,2042.90,1,1,27,1,0.000,0
8.760393,2039.61,2042.38,1,1,28,1,0.000,0
8.760883,2039.12,2040.30,1,1,29,1,0.000,0
8.761373,2038.63,2041.86,1,1,30,1,0.000,0
8.761864,2038.14,2039.78,1,1,31,1,0.000,0
8.762355,2037.65,2039.78,1,1,32,1,0.000,0
8.762846,2037.15,2040.30,1,1,33,1,0.000,0
8.763337,2036.66,2038.74,1,1,34,1,0.000,0
8.763828,2036.17,2037.70,1,1,35,1,0.000,0
8.764319,2035.68,2037.18,1,1,36,1,0.000,0
8.764810,2035.19,2038.22,1,1,37,1,0.000,0
8.765301,2034.70,2037.18,1,1,38,1,0.000,0
8.765793,2034.21,2035.11,1,1,39,1,0.000,0
8.766285,2033.72,2034.59,1,1,40,1,0.000,0
8.766776,2033.22,2035.11,1,1,41,1,0.000,0
8.767268,2032.73,2035.11,1,1,42,1,0.000,0
8.767760,2032.24,2034.07,1,1,43,1,0.000,0
8.768252,2031.75,2033.04,1,1,44,1,0.000,0
8.768745,2031.26,2033.04,1,1,45,1,0.000,0
8.769237,2030.76,2033.04,1,1,46,1,0.000,0
8.769730,2030.27,2032.52,1,1,47,1,0.000,0
8.770222,2029.78,2033.04,1,1,48,1,0.000,0
8.770715,2029.29,2031.49,1,1,49,1,0.000,0
8.771208,2028.79,2029.43,1,1,50,1,0.000,0
8.771701,2028.30,2030.97,1,1,51,1,0.000,0
8.772194,2027.81,2028.40,1,1,52,1,0.000,0
8.772687,2027.31,2029.43,1,1,53,1,0.000,0
8.773180,2026.82,2027.88,1,1,54,1,0.000,0
8.773674,2026.33,2028.40,1,1,55,1,0.000,0
8.774167,2025.83,2027.37,1,1,56,1,0.000,0
8.774661,2025.34,2026.34,1,1,57,1,0.000,0
8.776143,2023.86,2027.16,1,1,0,0,0.000,0
8.776637,2023.36,2025.52,1,1,1,0,0.000,0
8.777131,2022.87,2026.34,1,1,2,0,0.000,0
8.777626,2022.38,2024.29,1,1,3,0,0.000,0
8.778120,2021.88,2024.70,1,1,4,0,0.000,0
8.778615,2021.39,2023.47,1,1,5,0,0.000,0
8.779110,2020.89,2023.06,1,1,6,0,0.000,0
8.779604,2020.40,2022.65,1,1,7,0,0.000,0
8.780099,2019.90,2021.73,1,1,8,0,0.000,0
8.780595,2019.41,2021.22,1,1,9,0,0.000,0
8.781090,2018.91,2021.73,1,1,10,0,0.000,0
8.781585,2018.42,2020.20,1,1,11,0,0.000,0
8.782081,2017.92,2018.67,1,1,12,0,0.000,0
8.782576,2017.42,2020.71,1,1,13,0,0.000,0
8.783072,2016.93,2019.69,1,1,14,0,0.000,0
8.783568,2016.43,2020.71,1,1,15,0,0.000,0
8.784064,2015.94,2018.16,1,1,16,0,0.000,0
8.784560,2015.44,2017.65,1,1,17,0,0.000,0
8.785056,2014.94,2016.13,1,1,18,0,0.000,0
8.785553,2014.45,2015.62,1,1,19,0,0.000,0
8.786049,2013.95,2017.15,1,1,20,0,0.000,0
8.786546,2013.46,2015.11,1,1,21,0,0.000,0
8.787042,2012.96,2014.61,1,1,22,0,0.000,0
8.787539,2012.46,2012.58,1,1,23,0,0.000,0
8.788036,2011.96,2014.61,1,1,24,0,0.000,0
8.788533,2011.47,2014.10,1,1,25,0,0.000,0
8.789031,2010.97,2012.58,1,1,26,0,0.000,0
8.789528,2010.47,2013.59,1,1,27,0,0.000,0
8.790025,2009.98,2010.56,1,1,28,0,0.000,0
8.790523,2009.48,2011.06,1,1,29,0,0.000,0
8.791021,2008.98,2011.57,1,1,30,0,0.000,0
8.791518,2008.48,2011.57,1,1,31,0,0.000,0
8.792016,2007.98,2008.54,1,1,32,0,0.000,0
8.792514,2007.49,2008.54,1,1,33,0,0.000,0
8.793013,2006.99,2009.55,1,1,34,0,0.000,0
8.793511,2006.49,2008.54,1,1,35,0,0.000,0
8.794009,2005.99,2008.03,1,1,36,0,0.000,0
8.794508,2005.49,2007.53,1,1,37,0,0.000,0
8.795007,2004.99,2006.52,1,1,38,0,0.000,0
8.795506,2004.50,2005.52,1,1,39,0,0.000,0
8.796004,2004.00,2007.02,1,1,40,0,0.000,0
8.796504,2003.50,2005.52,1,1,41,0,0.000,0
8.797003,2003.00,2005.01,1,1,42,0,0.000,0
8.797502,2002.50,2004.51,1,1,43,0,0.000,0
8.798001,2002.00,2005.01,1,1,44,0,0.000,0
8.798501,2001.50,2003.51,1,1,45,0,0.000,0
8.799001,2001.00,2004.01,1,1,46,0,0.000,0
8.799501,2000.50,2002.50,1,1,47,0,0.000,0
8.800000,2000.00,2001.00,1,1,48,0,0.000,0
8.800501,1999.50,2000.50,1,1,49,0,0.000,0
8.801001,1999.00,2001.50,1,1,50,0,0.000,0
8.801501,1998.50,2001.00,1,1,51,0,0.000,0
8.802001,1998.00,1999.50,1,1,52,0,0.000,0
8.802502,1997.50,1999.50,1,1,53,0,0.000,0
8.803003,1997.00,1998.00,1,1,54,0,0.000,0
8.803504,1996.50,1998.50,1,1,55,0,0.000,0
8.804004,1996.00,1998.50,1,1,56,0,0.000,0
8.804506,1995.50,1999.00,1,1,57,0,0.000,0
8.806009,1993.99,1995.61,1,1,0,1,0.000,0
8.806511,1993.49,1994.81,1,1,1,1,0.000,0
8.807013,1992.99,1995.61,1,1,2,1,0.000,0
8.807515,1992.49,1995.21,1,1,3,1,0.000,0
8.808017,1991.98,1994.02,1,1,4,1,0.000,0
8.808519,1991.48,1994.42,1,1,5,1,0.000,0
8.809021,1990.98,1993.62,1,1,6,1,0.000,0
8.809523,1990.48,1992.03,1,1,7,1,0.000,0
8.810026,1989.98,1992.53,1,1,8,1,0.000,0
8.810528,1989.47,1992.53,1,1,9,1,0.000,0
8.811031,1988.97,1991.54,1,1,10,1,0.000,0
8.811534,1988.47,1989.06,1,1,11,1,0.000,0
8.812037,1987.96,1990.54,1,1,12,1,0.000,0
8.812540,1987.46,1988.07,1,1,13,1,0.000,0
8.813043,1986.96,1988.57,1,1,14,1,0.000,0
8.813546,1986.45,1989.55,1,1,15,1,0.000,0
8.814050,1985.95,1987.58,1,1,16,1,0.000,0
8.814553,1985.45,1987.08,1,1,17,1,0.000,0
8.815057,1984.94,1986.10,1,1,18,1,0.000,0
8.815561,1984.44,1987.58,1,1,19,1,0.000,0
8.816065,1983.94,1986.10,1,1,20,1,0.000,0
8.816569,1983.43,1986.10,1,1,21,1,0.000,0
8.817073,1982.93,1985.60,1,1,22,1,0.000,0
8.817578,1982.42,1984.13,1,1,23,1,0.000,0
8.818082,1981.92,1984.13,1,1,24,1,0.000,0
8.818587,1981.41,1984.13,1,1,25,1,0.000,0
8.819092,1980.91,1983.64,1,1,26,1,0.000,0
8.819596,1980.40,1981.67,1,1,27,1,0.000,0
8.820101,1979.90,1982.16,1,1,28,1,0.000,0
8.820607,1979.39,1982.16,1,1,29,1,0.000,0
8.821112,1978.89,1980.69,1,1,30,1,0.000,0
8.821617,1978.38,1980.69,1,1,31,1,0.000,0
8.822123,1977.88,1980.69,1,1,32,1,0.000,0
8.822628,1977.37,1979.22,1,1,33,1,0.000,0
8.823134,1976.87,1978.73,1,1,34,1,0.000,0
8.823640,1976.36,1980.20,1,1,35,1,0.000,0
8.824146,1975.85,1977.75,1,1,36,1,0.000,0
8.824652,1975.35,1977.26,1,1,37,1,0.000,0
8.825159,1974.84,1976.28,1,1,38,1,0.000,0
8.825665,1974.34,1976.77,1,1,39,1,0.000,0
8.826172,1973.83,1976.77,1,1,40,1,0.000,0
8.826678,1973.32,1974.33,1,1,41,1,0.000,0
8.827185,1972.82,1974.33,1,1,42,1,0.000,0
8.827692,1972.31,1972.87,1,1,43,1,0.000,0
8.828199,1971.80,1973.85,1,1,44,1,0.000,0
8.828706,1971.29,1973.85,1,1,45,1,0.000,0
8.829214,1970.79,1973.85,1,1,46,1,0.000,0
8.829721,1970.28,1972.39,1,1,47,1,0.000,0
8.830229,1969.77,1970.44,1,1,48,1,0.000,0
8.830737,1969.26,1971.41,1,1,49,1,0.000,0
8.831244,1968.76,1971.41,1,1,50,1,0.000,0
8.831752,1968.25,1971.41,1,1,51,1,0.000,0
8.832261,1967.74,1968.99,1,1,52,1,0.000,0
8.832769,1967.23,1968.02,1,1,53,1,0.000,0
8.833277,1966.72,1968.02,1,1,54,1,0.000,0
8.833786,1966.22,1968.02,1,1,55,1,0.000,0
8.834294,1965.71,1968.02,1,1,56,1,0.000,0
8.834803,1965.20,1968.50,1,1,57,1,0.000,0
8.836330,1963.67,1965.80,1,1,0,0,0.000,0
8.836840,1963.16,1964.64,1,1,1,0,0.000,0
8.837349,1962.65,1965.41,1,1,2,0,0.000,0
8.837859,1962.14,1965.80,1,1,3,0,0.000,0
8.838368,1961.63,1964.25,1,1,4,0,0.000,0
8.838878,1961.12,1963.48,1,1,5,0,0.000,0
8.839388,1960.61,1963.09,1,1,6,0,0.000,0
8.839898,1960.10,1962.32,1,1,7,0,0.000,0
8.840409,1959.59,1962.23,1,1,8,0,0.000,0
8.840919,1959.08,1962.23,1,1,9,0,0.000,0
8.841430,1958.57,1960.78,1,1,10,0,0.000,0
8.841940,1958.06,1959.34,1,1,11,0,0.000,0
8.842451,1957.55,1958.86,1,1,12,0,0.000,0
8.842962,1957.04,1958.86,1,1,13,0,0.000,0
8.843473,1956.53,1957.91,1,1,14,0,0.000,0
8.843984,1956.02,1958.86,1,1,15,0,0.000,0
8.844495,1955.51,1957.91,1,1,16,0,0.000,0
8.845007,1954.99,1955.99,1,1,17,0,0.000,0
8.845518,1954.48,1956.95,1,1,18,0,0.000,0
8.846030,1953.97,1956.47,1,1,19,0,0.000,0
8.846542,1953.46,1957.43,1,1,20,0,0.000,0
8.847054,1952.95,1955.03,1,1,21,0,0.000,0
8.847566,1952.43,1954.56,1,1,22,0,0.000,0
8.848078,1951.92,1952.17,1,1,23,0,0.000,0
8.848591,1951.41,1952.17,1,1,24,0,0.000,0
8.849103,1950.90,1954.56,1,1,25,0,0.000,0
8.849616,1950.39,1953.12,1,1,26,0,0.000,0
8.850129,1949.87,1951.22,1,1,27,0,0.000,0
8.850642,1949.36,1949.79,1,1,28,0,0.000,0
8.851155,1948.85,1951.70,1,1,29,0,0.000,0
8.851668,1948.33,1949.79,1,1,30,0,0.000,0
8.852181,1947.82,1950.74,1,1,31,0,0.000,0
8.852695,1947.31,1950.27,1,1,32,0,0.000,0
8.853208,1946.79,1947.42,1,1,33,0,0.000,0
8.853722,1946.28,1948.37,1,1,34,0,0.000,0
8.854236,1945.77,1947.89,1,1,35,0,0.000,0
8.854750,1945.25,1947.89,1,1,36,0,0.000,0
8.855264,1944.74,1946.00,1,1,37,0,0.000,0
8.855778,1944.22,1946.95,1,1,38,0,0.000,0
8.856293,1943.71,1945.53,1,1,39,0,0.000,0
8.856807,1943.19,1944.58,1,1,40,0,0.000,0
8.857322,1942.68,1945.05,1,1,41,0,0.000,0
8.857837,1942.16,1942.69,1,1,42,0,0.000,0
8.858352,1941.65,1943.16,1,1,43,0,0.000,0
8.858867,1941.13,1942.69,1,1,44,0,0.000,0
8.859382,1940.62,1944.11,1,1,45,0,0.000,0
8.859897,1940.10,1942.69,1,1,46,0,0.000,0
8.860413,1939.59,1941.75,1,1,47,0,0.000,0
8.860929,1939.07,1941.28,1,1,48,0,0.000,0
8.861444,1938.56,1941.28,1,1,49,0,0.000,0
8.861960,1938.04,1940.81,1,1,50,0,0.000,0
8.862476,1937.52,1940.33,1,1,51,0,0.000,0
8.862992,1937.01,1939.39,1,1,52,0,0.000,0
8.863509,1936.49,1937.98,1,1,53,0,0.000,0
8.864025,1935.98,1938.92,1,1,54,0,0.000,0
8.864542,1935.46,1937.05,1,1,55,0,0.000,0
8.865059,1934.94,1937.98,1,1,56,0,0.000,0
8.865575,1934.43,1935.64,1,1,57,0,0.000,0
8.867127,1932.87,1935.73,1,1,0,1,0.000,0
8.867644,1932.36,1935.36,1,1,1,1,0.000,0
8.868162,1931.84,1933.49,1,1,2,1,0.000,0
8.868680,1931.32,1933.11,1,1,3,1,0.000,0
8.869198,1930.80,1933.11,1,1,4,1,0.000,0
8.869715,1930.29,1932.74,1,1,5,1,0.000,0
8.870234,1929.77,1931.62,1,1,6,1,0.000,0
8.870752,1929.25,1932.74,1,1,7,1,0.000,0
8.871270,1928.73,1930.04,1,1,8,1,0.000,0
8.871789,1928.21,1929.11,1,1,9,1,0.000,0
8.872308,1927.69,1930.50,1,1,10,1,0.000,0
8.872826,1927.17,1929.11,1,1,11,1,0.000,0
8.873345,1926.65,1928.18,1,1,12,1,0.000,0
8.873864,1926.14,1929.11,1,1,13,1,0.000,0
8.874384,1925.62,1927.25,1,1,14,1,0.000,0
8.874903,1925.10,1926.78,1,1,15,1,0.000,0
8.875423,1924.58,1926.78,1,1,16,1,0.000,0
8.875942,1924.06,1926.78,1,1,17,1,0.000,0
8.876462,1923.54,1926.32,1,1,18,1,0.000,0
8.876982,1923.02,1925.39,1,1,19,1,0.000,0
8.877502,1922.50,1924.93,1,1,20,1,0.000,0
8.878022,1921.98,1924.46,1,1,21,1,0.000,0
8.878543,1921.46,1924.46,1,1,22,1,0.000,0
8.879063,1920.94,1922.61,1,1,23,1,0.000,0
8.879584,1920.42,1922.15,1,1,24,1,0.000,0
8.880105,1919.90,1921.23,1,1,25,1,0.000,0
8.880626,1919.38,1920.77,1,1,26,1,0.000,0
8.881147,1918.85,1921.69,1,1,27,1,0.000,0
8.881668,1918.33,1920.31,1,1,28,1,0.000,0
8.882189,1917.81,1919.39,1,1,29,1,0.000,0
8.882711,1917.29,1919.85,1,1,30,1,0.000,0
8.883232,1916.77,1918.47,1,1,31,1,0.000,0
8.883754,1916.25,1918.93,1,1,32,1,0.000,0
8.884276,1915.72,1918.93,1,1,33,1,0.000,0
8.884798,1915.20,1917.09,1,1,34,1,0.000,0
8.885320,1914.68,1916.17,1,1,35,1,0.000,0
8.885843,1914.16,1916.63,1,1,36,1,0.000,0
8.886365,1913.64,1915.71,1,1,37,1,0.000,0
8.886888,1913.11,1914.79,1,1,38,1,0.000,0
8.887411,1912.59,1915.25,1,1,39,1,0.000,0
8.887934,1912.07,1913.88,1,1,40,1,0.000,0
8.888457,1911.54,1912.96,1,1,41,1,0.000,0
8.888980,1911.02,1913.42,1,1,42,1,0.000,0
8.889503,1910.50,1912.96,1,1,43,1,0.000,0
8.890027,1909.97,1911.13,1,1,44,1,0.000,0
8.890550,1909.45,1912.05,1,1,45,1,0.000,0
8.891074,1908.93,1910.68,1,1,46,1,0.000,0
8.891598,1908.40,1909.76,1,1,47,1,0.000,0
8.892122,1907.88,1911.13,1,1,48,1,0.000,0
8.892646,1907.35,1909.76,1,1,49,1,0.000,0
8.893171,1906.83,1908.85,1,1,50,1,0.000,0
8.893695,1906.31,1908.40,1,1,51,1,0.000,0
8.894220,1905.78,1907.94,1,1,52,1,0.000,0
8.894745,1905.26,1906.12,1,1,53,1,0.000,0
8.895269,1904.73,1907.03,1,1,54,1,0.000,0
8.895795,1904.21,1907.03,1,1,55,1,0.000,0
8.896320,1903.68,1904.76,1,1,56,1,0.000,0
8.896845,1903.16,1904.76,1,1,57,1,0.000,0
8.898422,1901.58,1904.40,1,1,0,0,0.000,0
8.898948,1901.05,1903.31,1,1,1,0,0.000,0
8.899474,1900.53,1903.31,1,1,2,0,0.000,0
8.900000,1900.00,1902.95,1,1,3,0,0.000,0
8.900527,1899.47,1901.50,1,1,4,0,0.000,0
8.901053,1898.95,1901.50,1,1,5,0,0.000,0
8.901580,1898.42,1901.14,1,1,6,0,0.000,0
8.902107,1897.89,1900.06,1,1,7,0,0.000,0
8.902634,1897.37,1899.34,1,1,8,0,0.000,0
8.903161,1896.84,1898.43,1,1,9,0,0.000,0
8.903688,1896.31,1898.43,1,1,10,0,0.000,0
8.904216,1895.79,1897.98,1,1,11,0,0.000,0
8.904743,1895.26,1897.98,1,1,12,0,0.000,0
8.905271,1894.73,1896.63,1,1,13,0,0.000,0
8.905799,1894.20,1896.18,1,1,14,0,0.000,0
8.906327,1893.67,1897.53,1,1,15,0,0.000,0
8.906855,1893.15,1895.73,1,1,16,0,0.000,0
8.907383,1892.62,1894.84,1,1,17,0,0.000,0
8.907912,1892.09,1893.49,1,1,18,0,0.000,0
8.908440,1891.56,1894.39,1,1,19,0,0.000,0
8.908969,1891.03,1893.04,1,1,20,0,0.000,0
8.909498,1890.50,1893.04,1,1,21,0,0.000,0
8.910027,1889.97,1893.04,1,1,22,0,0.000,0
8.910556,1889.44,1890.81,1,1,23,0,0.000,0
8.911085,1888.92,1890.36,1,1,24,0,0.000,0
8.911615,1888.39,1890.81,1,1,25,0,0.000,0
8.912145,1887.86,1890.81,1,1,26,0,0.000,0
8.912674,1887.33,1888.57,1,1,27,0,0.000,0
8.913204,1886.80,1889.02,1,1,28,0,0.000,0
8.913734,1886.27,1888.13,1,1,29,0,0.000,0
8.914265,1885.74,1887.68,1,1,30,0,0.000,0
8.914795,1885.21,1888.13,1,1,31,0,0.000,0
8.915325,1884.68,1887.24,1,1,32,0,0.000,0
8.915856,1884.14,1885.46,1,1,33,0,0.000,0
8.916387,1883.61,1885.46,1,1,34,0,0.000,0
8.916918,1883.08,1885.90,1,1,35,0,0.000,0
8.917449,1882.55,1884.57,1,1,36,0,0.000,0
8.917980,1882.02,1884.13,1,1,37,0,0.000,0
8.918512,1881.49,1883.24,1,1,38,0,0.000,0
8.919043,1880.96,1882.35,1,1,39,0,0.000,0
8.919575,1880.43,1882.35,1,1,40,0,0.000,0
8.920107,1879.89,1882.35,1,1,41,0,0.000,0
8.920639,1879.36,1881.47,1,1,42,0,0.000,0
8.921171,1878.83,1880.58,1,1,43,0,0.000,0
8.921703,1878.30,1881.03,1,1,44,0,0.000,0
8.922236,1877.77,1880.14,1,1,45,0,0.000,0
8.922768,1877.23,1878.82,1,1,46,0,0.000,0
8.923301,1876.70,1878.38,1,1,47,0,0.000,0
8.923834,1876.17,1877.93,1,1,48,0,0.000,0
8.924367,1875.63,1877.93,1,1,49,0,0.000,0
8.924900,1875.10,1877.93,1,1,50,0,0.000,0
8.925434,1874.57,1877.05,1,1,51,0,0.000,0
8.925967,1874.03,1875.29,1,1,52,0,0.000,0
8.926501,1873.50,1875.73,1,1,53,0,0.000,0
8.927035,1872.97,1875.73,1,1,54,0,0.000,0
8.927569,1872.43,1874.41,1,1,55,0,0.000,0
8.928103,1871.90,1874.85,1,1,56,0,0.000,0
8.928637,1871.36,1873.54,1,1,57,0,0.000,0
8.930241,1869.76,1872.31,1,1,0,1,0.000,0
8.930776,1869.22,1870.91,1,1,1,1,0.000,0
8.931311,1868.69,1871.96,1,1,2,1,0.000,0
8.931846,1868.15,1870.91,1,1,3,1,0.000,0
8.932382,1867.62,1869.51,1,1,4,1,0.000,0
8.932917,1867.08,1869.51,1,1,5,1,0.000,0
8.933453,1866.55,1868.81,1,1,6,1,0.000,0
8.933989,1866.01,1868.81,1,1,7,1,0.000,0
8.934525,1865.48,1866.98,1,1,8,1,0.000,0
8.935061,1864.94,1867.85,1,1,9,1,0.000,0
8.935597,1864.40,1866.11,1,1,10,1,0.000,0
8.936133,1863.87,1865.67,1,1,11,1,0.000,0
8.936670,1863.33,1866.11,1,1,12,1,0.000,0
8.937207,1862.79,1866.54,1,1,13,1,0.000,0
8.937744,1862.26,1864.37,1,1,14,1,0.000,0
8.938281,1861.72,1863.06,1,1,15,1,0.000,0
8.938818,1861.18,1864.37,1,1,16,1,0.000,0
8.939355,1860.65,1863.06,1,1,17,1,0.000,0
8.939893,1860.11,1862.63,1,1,18,1,0.000,0
8.940431,1859.57,1861.33,1,1,19,1,0.000,0
8.940968,1859.03,1861.76,1,1,20,1,0.000,0
8.941506,1858.49,1859.17,1,1,21,1,0.000,0
8.942045,1857.96,1860.03,1,1,22,1,0.000,0
8.942583,1857.42,1860.03,1,1,23,1,0.000,0
8.943121,1856.88,1858.30,1,1,24,1,0.000,0
8.943660,1856.34,1857.44,1,1,25,1,0.000,0
8.944199,1855.80,1858.30,1,1,26,1,0.000,0
8.944738,1855.26,1857.87,1,1,27,1,0.000,0
8.945277,1854.72,1856.58,1,1,28,1,0.000,0
8.945816,1854.19,1857.87,1,1,29,1,0.000,0
8.946355,1853.65,1856.15,1,1,30,1,0.000,0
8.946895,1853.11,1855.72,1,1,31,1,0.000,0
8.947435,1852.57,1854.43,1,1,32,1,0.000,0
8.947975,1852.03,1855.72,1,1,33,1,0.000,0
8.948515,1851.49,1853.14,1,1,34,1,0.000,0
8.949055,1850.95,1852.71,1,1,35,1,0.000,0
8.949595,1850.41,1852.71,1,1,36,1,0.000,0
8.950136,1849.87,1850.99,1,1,37,1,0.000,0
8.950676,1849.32,1850.99,1,1,38,1,0.000,0
8.951217,1848.78,1850.57,1,1,39,1,0.000,0
8.951758,1848.24,1850.99,1,1,40,1,0.000,0
8.952299,1847.70,1849.28,1,1,41,1,0.000,0
8.952840,1847.16,1848.86,1,1,42,1,0.000,0
8.953382,1846.62,1849.28,1,1,43,1,0.000,0
8.953924,1846.08,1847.58,1,1,44,1,0.000,0
8.954465,1845.54,1847.58,1,1,45,1,0.000,0
8.955007,1844.99,1847.58,1,1,46,1,0.000,0
8.955549,1844.45,1846.72,1,1,47,1,0.000,0
8.956092,1843.91,1846.30,1,1,48,1,0.000,0
8.956634,1843.37,1845.02,1,1,49,1,0.000,0
8.957177,1842.82,1845.02,1,1,50,1,0.000,0
8.957719,1842.28,1843.32,1,1,51,1,0.000,0
8.958262,1841.74,1844.59,1,1,52,1,0.000,0
8.958805,1841.20,1843.74,1,1,53,1,0.000,0
8.959348,1840.65,1842.47,1,1,54,1,0.000,0
8.959892,1840.11,1842.47,1,1,55,1,0.000,0
8.960435,1839.57,1841.20,1,1,56,1,0.000,0
8.960979,1839.02,1841.20,1,1,57,1,0.000,0
8.962611,1837.39,1840.60,1,1,0,0,0.000,0
8.963155,1836.85,1839.93,1,1,1,0,0.000,0
8.963700,1836.30,1838.57,1,1,2,0,0.000,0
8.964244,1835.76,1839.25,1,1,3,0,0.000,0
8.964789,1835.21,1838.91,1,1,4,0,0.000,0
8.965334,1834.67,1837.56,1,1,5,0,0.000,0
8.965879,1834.12,1837.22,1,1,6,0,0.000,0
8.966425,1833.58,1836.21,1,1,7,0,0.000,0
8.966970,1833.03,1835.70,1,1,8,0,0.000,0
8.967516,1832.49,1835.28,1,1,9,0,0.000,0
8.968062,1831.94,1834.44,1,1,10,0,0.000,0
8.968608,1831.39,1833.18,1,1,11,0,0.000,0
8.969154,1830.85,1831.92,1,1,12,0,0.000,0
8.969700,1830.30,1831.92,1,1,13,0,0.000,0
8.970246,1829.75,1831.08,1,1,14,0,0.000,0
8.970793,1829.21,1832.34,1,1,15,0,0.000,0
8.971340,1828.66,1828.99,1,1,16,0,0.000,0
8.971887,1828.11,1830.66,1,1,17,0,0.000,0
8.972434,1827.57,1830.24,1,1,18,0,0.000,0
8.972981,1827.02,1828.99,1,1,19,0,0.000,0
8.973528,1826.47,1828.99,1,1,20,0,0.000,0
8.974076,1825.92,1828.99,1,1,21,0,0.000,0
8.974624,1825.38,1827.74,1,1,22,0,0.000,0
8.975172,1824.83,1826.48,1,1,23,0,0.000,0
8.975720,1824.28,1827.74,1,1,24,0,0.000,0
8.976268,1823.73,1824.82,1,1,25,0,0.000,0
8.976816,1823.18,1824.82,1,1,26,0,0.000,0
8.977365,1822.64,1825.23,1,1,27,0,0.000,0
8.977914,1822.09,1823.99,1,1,28,0,0.000,0
8.978463,1821.54,1822.32,1,1,29,0,0.000,0
8.979012,1820.99,1823.57,1,1,30,0,0.000,0
8.979561,1820.44,1822.32,1,1,31,0,0.000,0
8.980110,1819.89,1821.49,1,1,32,0,0.000,0
8.980660,1819.34,1821.49,1,1,33,0,0.000,0
8.981210,1818.79,1821.08,1,1,34,0,0.000,0
8.981760,1818.24,1819.84,1,1,35,0,0.000,0
8.982310,1817.69,1819.42,1,1,36,0,0.000,0
8.982860,1817.14,1819.42,1,1,37,0,0.000,0
8.983410,1816.59,1819.01,1,1,38,0,0.000,0
8.983961,1816.04,1819.01,1,1,39,0,0.000,0
8.984512,1815.49,1818.18,1,1,40,0,0.000,0
8.985062,1814.94,1817.77,1,1,41,0,0.000,0
8.985613,1814.39,1816.53,1,1,42,0,0.000,0
8.986165,1813.84,1814.88,1,1,43,0,0.000,0
8.986716,1813.28,1816.12,1,1,44,0,0.000,0
8.987268,1812.73,1815.71,1,1,45,0,0.000,0
8.987819,1812.18,1814.47,1,1,46,0,0.000,0
8.988371,1811.63,1813.65,1,1,47,0,0.000,0
8.988923,1811.08,1812.83,1,1,48,0,0.000,0
8.989476,1810.53,1812.00,1,1,49,0,0.000,0
8.990028,1809.97,1812.00,1,1,50,0,0.000,0
8.990581,1809.42,1812.42,1,1,51,0,0.000,0
8.991133,1808.87,1810.77,1,1,52,0,0.000,0
8.991686,1808.31,1810.77,1,1,53,0,0.000,0
8.992239,1807.76,1809.14,1,1,54,0,0.000,0
8.992793,1807.21,1809.55,1,1,55,0,0.000,0
8.993346,1806.65,1809.95,1,1,56,0,0.000,0
8.993900,1806.10,1808.73,1,1,57,0,0.000,0
8.995561,1804.44,1807.34,1,1,0,1,0.000,0
8.996116,1803.89,1806.68,1,1,1,1,0.000,0
8.996670,1803.33,1805.71,1,1,2,1,0.000,0
8.997225,1802.78,1805.38,1,1,3,1,0.000,0
8.997780,1802.22,1805.38,1,1,4,1,0.000,0
8.998335,1801.67,1804.08,1,1,5,1,0.000,0
8.998890,1801.11,1802.78,1,1,6,1,0.000,0
8.999445,1800.56,1803.75,1,1,7,1,0.000,0
9.000000,1800.00,1802.21,1,1,8,1,0.000,0
9.000556,1799.44,1802.21,1,1,9,1,0.000,0
9.001112,1798.89,1800.99,1,1,10,1,0.000,0
9.001668,1798.33,1800.99,1,1,11,1,0.000,0
9.002224,1797.78,1799.37,1,1,12,1,0.000,0
9.002780,1797.22,1799.78,1,1,13,1,0.000,0
9.003337,1796.66,1799.78,1,1,14,1,0.000,0
9.003894,1796.11,1797.75,1,1,15,1,0.000,0
9.004450,1795.55,1798.56,1,1,16,1,0.000,0
9.005007,1794.99,1796.95,1,1,17,1,0.000,0
9.005565,1794.44,1798.16,1,1,18,1,0.000,0
9.006122,1793.88,1794.93,1,1,19,1,0.000,0
9.006680,1793.32,1795.74,1,1,20,1,0.000,0
9.007237,1792.76,1795.74,1,1,21,1,0.000,0
9.007795,1792.21,1794.93,1,1,22,1,0.000,0
9.008353,1791.65,1794.93,1,1,23,1,0.000,0
9.008911,1791.09,1792.11,1,1,24,1,0.000,0
9.009470,1790.53,1792.11,1,1,25,1,0.000,0
9.010028,1789.97,1791.31,1,1,26,1,0.000,0
9.010587,1789.41,1792.92,1,1,27,1,0.000,0
9.011146,1788.85,1790.11,1,1,28,1,0.000,0
9.011705,1788.30,1788.91,1,1,29,1,0.000,0
9.012264,1787.74,1788.91,1,1,30,1,0.000,0
9.012824,1787.18,1788.51,1,1,31,1,0.000,0
9.013384,1786.62,1788.91,1,1,32,1,0.000,0
9.013943,1786.06,1788.91,1,1,33,1,0.000,0
9.014503,1785.50,1788.11,1,1,34,1,0.000,0
9.015063,1784.94,1786.91,1,1,35,1,0.000,0
9.015624,1784.38,1787.31,1,1,36,1,0.000,0
9.016184,1783.82,1786.11,1,1,37,1,0.000,0
9.016745,1783.26,1785.71,1,1,38,1,0.000,0
9.017306,1782.70,1785.32,1,1,39,1,0.000,0
9.017867,1782.13,1785.32,1,1,40,1,0.000,0
9.018428,1781.57,1782.93,1,1,41,1,0.000,0
9.018989,1781.01,1782.93,1,1,42,1,0.000,0
9.019551,1780.45,1782.53,1,1,43,1,0.000,0
9.020113,1779.89,1782.53,1,1,44,1,0.000,0
9.020675,1779.33,1782.53,1,1,45,1,0.000,0
9.021237,1778.76,1781.74,1,1,46,1,0.000,0
9.021799,1778.20,1780.55,1,1,47,1,0.000,0
9.022362,1777.64,1779.36,1,1,48,1,0.000,0
9.022924,1777.08,1779.36,1,1,49,1,0.000,0
9.023487,1776.51,1779.36,1,1,50,1,0.000,0
9.024050,1775.95,1778.17,1,1,51,1,0.000,0
9.024613,1775.39,1777.78,1,1,52,1,0.000,0
9.025177,1774.82,1776.99,1,1,53,1,0.000,0
9.025740,1774.26,1775.41,1,1,54,1,0.000,0
9.026304,1773.70,1775.80,1,1,55,1,0.000,0
9.026868,1773.13,1774.62,1,1,56,1,0.000,0
9.027432,1772.57,1775.41,1,1,57,1,0.000,0
9.029125,1770.88,1773.68,1,1,0,0,0.000,0
9.029690,1770.31,1772.74,1,1,1,0,0.000,0
9.030255,1769.75,1772.74,1,1,2,0,0.000,0
9.030820,1769.18,1771.48,1,1,3,0,0.000,0
9.031385,1768.62,1772.11,1,1,4,0,0.000,0
9.031951,1768.05,1770.22,1,1,5,0,0.000,0
9.032516,1767.48,1770.85,1,1,6,0,0.000,0
9.033082,1766.92,1769.91,1,1,7,0,0.000,0
9.033648,1766.35,1767.96,1,1,8,0,0.000,0
9.034215,1765.79,1768.74,1,1,9,0,0.000,0
9.034781,1765.22,1768.35,1,1,10,0,0.000,0
9.035348,1764.65,1767.96,1,1,11,0,0.000,0
9.035914,1764.09,1766.00,1,1,12,0,0.000,0
9.036481,1763.52,1766.39,1,1,13,0,0.000,0
9.037048,1762.95,1765.23,1,1,14,0,0.000,0
9.037616,1762.39,1764.45,1,1,15,0,0.000,0
9.038183,1761.82,1764.45,1,1,16,0,0.000,0
9.038751,1761.25,1764.06,1,1,17,0,0.000,0
9.039319,1760.68,1762.11,1,1,18,0,0.000,0
9.039887,1760.11,1761.73,1,1,19,0,0.000,0
9.040455,1759.55,1762.11,1,1,20,0,0.000,0
9.041023,1758.98,1762.11,1,1,21,0,0.000,0
9.041592,1758.41,1760.95,1,1,22,0,0.000,0
9.042161,1757.84,1759.79,1,1,23,0,0.000,0
9.042730,1757.27,1759.01,1,1,24,0,0.000,0
9.043299,1756.70,1758.63,1,1,25,0,0.000,0
9.043868,1756.13,1758.24,1,1,26,0,0.000,0
9.044438,1755.56,1757.47,1,1,27,0,0.000,0
9.045008,1754.99,1757.47,1,1,28,0,0.000,0
9.045577,1754.42,1755.93,1,1,29,0,0.000,0
9.046148,1753.85,1755.93,1,1,30,0,0.000,0
9.046718,1753.28,1756.31,1,1,31,0,0.000,0
9.047288,1752.71,1755.16,1,1,32,0,0.000,0
9.047859,1752.14,1754.39,1,1,33,0,0.000,0
9.048430,1751.57,1754.00,1,1,34,0,0.000,0
9.049001,1751.00,1753.62,1,1,35,0,0.000,0
9.049572,1750.43,1752.08,1,1,36,0,0.000,0
9.050143,1749.86,1752.08,1,1,37,0,0.000,0
9.050715,1749.29,1751.70,1,1,38,0,0.000,0
9.051287,1748.71,1750.55,1,1,39,0,0.000,0
9.051859,1748.14,1750.16,1,1,40,0,0.000,0
9.052431,1747.57,1748.63,1,1,41,0,0.000,0
9.053003,1747.00,1749.02,1,1,42,0,0.000,0
9.053576,1746.43,1749.40,1,1,43,0,0.000,0
9.054148,1745.85,1748.25,1,1,44,0,0.000,0
9.054721,1745.28,1747.87,1,1,45,0,0.000,0
9.055294,1744.71,1746.72,1,1,46,0,0.000,0
9.055867,1744.13,1747.11,1,1,47,0,0.000,0
9.056441,1743.56,1746.34,1,1,48,0,0.000,0
9.057014,1742.99,1746.34,1,1,49,0,0.000,0
9.057588,1742.41,1744.06,1,1,50,0,0.000,0
9.058162,1741.84,1743.30,1,1,51,0,0.000,0
9.058737,1741.26,1744.06,1,1,52,0,0.000,0
9.059311,1740.69,1742.92,1,1,53,0,0.000,0
9.059886,1740.12,1742.16,1,1,54,0,0.000,0
9.060460,1739.54,1740.64,1,1,55,0,0.000,0
9.061035,1738.97,1741.02,1,1,56,0,0.000,0
9.061610,1738.39,1739.89,1,1,57,0,0.000,0
9.063337,1736.66,1739.74,1,1,0,1,0.000,0
9.063913,1736.09,1739.13,1,1,1,1,0.000,0
9.064489,1735.51,1737.62,1,1,2,1,0.000,0
9.065065,1734.94,1737.02,1,1,3,1,0.000,0
9.065642,1734.36,1737.32,1,1,4,1,0.000,0
9.066218,1733.78,1737.02,1,1,5,1,0.000,0
9.066795,1733.21,1735.51,1,1,6,1,0.000,0
9.067372,1732.63,1736.11,1,1,7,1,0.000,0
9.067950,1732.05,1734.23,1,1,8,1,0.000,0
9.068527,1731.47,1734.61,1,1,9,1,0.000,0
9.069105,1730.90,1733.48,1,1,10,1,0.000,0
9.069683,1730.32,1732.35,1,1,11,1,0.000,0
9.070261,1729.74,1732.73,1,1,12,1,0.000,0
9.070839,1729.16,1733.10,1,1,13,1,0.000,0
9.071417,1728.58,1731.98,1,1,14,1,0.000,0
9.071996,1728.01,1730.48,1,1,15,1,0.000,0
9.072575,1727.43,1729.73,1,1,16,1,0.000,0
9.073154,1726.85,1728.23,1,1,17,1,0.000,0
9.073733,1726.27,1729.36,1,1,18,1,0.000,0
9.074312,1725.69,1729.36,1,1,19,1,0.000,0
9.074892,1725.11,1726.37,1,1,20,1,0.000,0
9.075472,1724.53,1724.88,1,1,21,1,0.000,0
9.076051,1723.95,1726.74,1,1,22,1,0.000,0
9.076632,1723.37,1725.25,1,1,23,1,0.000,0
9.077212,1722.79,1726.00,1,1,24,1,0.000,0
9.077793,1722.21,1724.14,1,1,25,1,0.000,0
9.078373,1721.63,1722.28,1,1,26,1,0.000,0
9.078954,1721.05,1722.65,1,1,27,1,0.000,0
9.079535,1720.47,1723.02,1,1,28,1,0.000,0
9.080117,1719.88,1722.65,1,1,29,1,0.000,0
9.080698,1719.30,1720.43,1,1,30,1,0.000,0
9.081280,1718.72,1721.17,1,1,31,1,0.000,0
9.081862,1718.14,1720.43,1,1,32,1,0.000,0
9.082444,1717.56,1721.54,1,1,33,1,0.000,0
9.083026,1716.97,1719.69,1,1,34,1,0.000,0
9.083609,1716.39,1718.95,1,1,35,1,0.000,0
9.084192,1715.81,1718.21,1,1,36,1,0.000,0
9.084775,1715.23,1717.48,1,1,37,1,0.000,0
9.085358,1714.64,1717.11,1,1,38,1,0.000,0
9.085941,1714.06,1716.37,1,1,39,1,0.000,0
9.086524,1713.48,1715.63,1,1,40,1,0.000,0
9.087108,1712.89,1714.16,1,1,41,1,0.000,0
9.087692,1712.31,1715.27,1,1,42,1,0.000,0
9.088276,1711.72,1713.80,1,1,43,1,0.000,0
9.088860,1711.14,1713.80,1,1,44,1,0.000,0
9.089445,1710.56,1712.70,1,1,45,1,0.000,0
9.090030,1709.97,1713.06,1,1,46,1,0.000,0
9.090615,1709.39,1711.96,1,1,47,1,0.000,0
9.091200,1708.80,1710.86,1,1,48,1,0.000,0
9.091785,1708.22,1710.13,1,1,49,1,0.000,0
9.092371,1707.63,1710.50,1,1,50,1,0.000,0
9.092956,1707.04,1709.40,1,1,51,1,0.000,0
9.093542,1706.46,1708.31,1,1,52,1,0.000,0
9.094128,1705.87,1708.67,1,1,53,1,0.000,0
9.094715,1705.29,1707.94,1,1,54,1,0.000,0
9.095301,1704.70,1707.21,1,1,55,1,0.000,0
9.095888,1704.11,1706.85,1,1,56,1,0.000,0
9.096475,1703.53,1706.12,1,1,57,1,0.000,0
9.098237,1701.76,1704.16,1,1,0,0,0.000,0
9.098824,1701.18,1704.45,1,1,1,0,0.000,0
9.099412,1700.59,1703.29,1,1,2,0,0.000,0
9.100000,1700.00,1703.58,1,1,3,0,0.000,0
9.100589,1699.41,1701.84,1,1,4,0,0.000,0
9.101177,1698.82,1701.55,1,1,5,0,0.000,0
9.101766,1698.23,1700.97,1,1,6,0,0.000,0
9.102355,1697.65,1700.39,1,1,7,0,0.000,0
9.102944,1697.06,1698.87,1,1,8,0,0.000,0
9.103534,1696.47,1698.87,1,1,9,0,0.000,0
9.104123,1695.88,1698.87,1,1,10,0,0.000,0
9.104713,1695.29,1696.35,1,1,11,0,0.000,0
9.105303,1694.70,1697.07,1,1,12,0,0.000,0
9.105893,1694.11,1695.99,1,1,13,0,0.000,0
9.106483,1693.52,1695.63,1,1,14,0,0.000,0
9.107074,1692.93,1695.27,1,1,15,0,0.000,0
9.107665,1692.34,1695.99,1,1,16,0,0.000,0
9.108256,1691.75,1694.56,1,1,17,0,0.000,0
9.108847,1691.15,1693.84,1,1,18,0,0.000,0
9.109438,1690.56,1692.76,1,1,19,0,0.000,0
9.110030,1689.97,1691.33,1,1,20,0,0.000,0
9.110622,1689.38,1692.05,1,1,21,0,0.000,0
9.111214,1688.79,1691.69,1,1,22,0,0.000,0
9.111806,1688.19,1690.97,1,1,23,0,0.000,0
9.112399,1687.60,1689.19,1,1,24,0,0.000,0
9.112991,1687.01,1689.55,1,1,25,0,0.000,0
9.113584,1686.42,1688.12,1,1,26,0,0.000,0
9.114177,1685.82,1688.83,1,1,27,0,0.000,0
9.114770,1685.23,1688.48,1,1,28,0,0.000,0
9.115364,1684.64,1687.41,1,1,29,0,0.000,0
9.115958,1684.04,1686.70,1,1,30,0,0.000,0
9.116552,1683.45,1685.63,1,1,31,0,0.000,0
9.117146,1682.86,1685.63,1,1,32,0,0.000,0
9.117740,1682.26,1684.57,1,1,33,0,0.000,0
9.118335,1681.67,1683.86,1,1,34,0,0.000,0
9.118929,1681.07,1683.50,1,1,35,0,0.000,0
9.119524,1680.48,1682.79,1,1,36,0,0.000,0
9.120119,1679.88,1682.09,1,1,37,0,0.000,0
9.120715,1679.29,1681.38,1,1,38,0,0.000,0
9.121310,1678.69,1681.73,1,1,39,0,0.000,0
9.121906,1678.09,1680.67,1,1,40,0,0.000,0
9.122502,1677.50,1678.56,1,1,41,0,0.000,0
9.123099,1676.90,1679.97,1,1,42,0,0.000,0
9.123695,1676.31,1678.56,1,1,43,0,0.000,0
9.124292,1675.71,1677.85,1,1,44,0,0.000,0
9.124889,1675.11,1677.50,1,1,45,0,0.000,0
9.125486,1674.52,1677.15,1,1,46,0,0.000,0
9.126083,1673.92,1676.09,1,1,47,0,0.000,0
9.126680,1673.32,1675.74,1,1,48,0,0.000,0
9.127278,1672.72,1675.39,1,1,49,0,0.000,0
9.127876,1672.12,1675.04,1,1,50,0,0.000,0
9.128474,1671.53,1673.99,1,1,51,0,0.000,0
9.129073,1670.93,1673.99,1,1,52,0,0.000,0
9.129671,1670.33,1672.59,1,1,53,0,0.000,0
9.130270,1669.73,1671.89,1,1,54,0,0.000,0
9.130869,1669.13,1670.15,1,1,55,0,0.000,0
9.131468,1668.53,1671.19,1,1,56,0,0.000,0
9.132068,1667.93,1670.49,1,1,57,0,0.000,0
9.133867,1666.13,1668.89,1,1,0,1,0.000,0
9.134467,1665.53,1668.89,1,1,1,1,0.000,0
9.135068,1664.93,1668.06,1,1,2,1,0.000,0
9.135669,1664.33,1667.78,1,1,3,1,0.000,0
9.136270,1663.73,1666.39,1,1,4,1,0.000,0
9.136871,1663.13,1666.39,1,1,5,1,0.000,0
9.137472,1662.53,1665.00,1,1,6,1,0.000,0
9.138074,1661.93,1665.00,1,1,7,1,0.000,0
9.138676,1661.33,1663.20,1,1,8,1,0.000,0
9.139278,1660.72,1662.86,1,1,9,1,0.000,0
9.139880,1660.12,1661.82,1,1,10,1,0.000,0
9.140482,1659.52,1661.47,1,1,11,1,0.000,0
9.141085,1658.92,1662.51,1,1,12,1,0.000,0
9.141688,1658.31,1662.16,1,1,13,1,0.000,0
9.142291,1657.71,1659.41,1,1,14,1,0.000,0
9.142895,1657.11,1660.10,1,1,15,1,0.000,0
9.143498,1656.50,1658.72,1,1,16,1,0.000,0
9.144102,1655.90,1658.03,1,1,17,1,0.000,0
9.144706,1655.30,1658.03,1,1,18,1,0.000,0
9.145310,1654.69,1656.66,1,1,19,1,0.000,0
9.145915,1654.09,1654.94,1,1,20,1,0.000,0
9.146519,1653.48,1654.94,1,1,21,1,0.000,0
9.147124,1652.88,1656.31,1,1,22,1,0.000,0
9.147729,1652.27,1653.58,1,1,23,1,0.000,0
9.148335,1651.67,1653.92,1,1,24,1,0.000,0
9.148940,1651.06,1653.58,1,1,25,1,0.000,0
9.149546,1650.46,1652.55,1,1,26,1,0.000,0
9.150152,1649.85,1653.23,1,1,27,1,0.000,0
9.150758,1649.24,1652.21,1,1,28,1,0.000,0
9.151365,1648.64,1650.85,1,1,29,1,0.000,0
9.151971,1648.03,1650.17,1,1,30,1,0.000,0
9.152578,1647.42,1650.51,1,1,31,1,0.000,0
9.153185,1646.82,1649.14,1,1,32,1,0.000,0
9.153793,1646.21,1649.14,1,1,33,1,0.000,0
9.154400,1645.60,1648.13,1,1,34,1,0.000,0
9.155008,1644.99,1647.45,1,1,35,1,0.000,0
9.155616,1644.38,1647.45,1,1,36,1,0.000,0
9.156224,1643.78,1646.43,1,1,37,1,0.000,0
9.156833,1643.17,1645.75,1,1,38,1,0.000,0
9.157441,1642.56,1645.41,1,1,39,1,0.000,0
9.158050,1641.95,1643.72,1,1,40,1,0.000,0
9.158660,1641.34,1643.39,1,1,41,1,0.000,0
9.159269,1640.73,1642.71,1,1,42,1,0.000,0
9.159878,1640.12,1642.04,1,1,43,1,0.000,0
9.160488,1639.51,1641.70,1,1,44,1,0.000,0
9.161098,1638.90,1640.69,1,1,45,1,0.000,0
9.161709,1638.29,1641.03,1,1,46,1,0.000,0
9.162319,1637.68,1639.68,1,1,47,1,0.000,0
9.162930,1637.07,1641.03,1,1,48,1,0.000,0
9.163541,1636.46,1638.34,1,1,49,1,0.000,0
9.164152,1635.85,1638.34,1,1,50,1,0.000,0
9.164763,1635.24,1637.33,1,1,51,1,0.000,0
9.165375,1634.63,1635.99,1,1,52,1,0.000,0
9.165987,1634.01,1638.34,1,1,53,1,0.000,0
9.166599,1633.40,1635.32,1,1,54,1,0.000,0
9.167211,1632.79,1634.65,1,1,55,1,0.000,0
9.167824,1632.18,1633.99,1,1,56,1,0.000,0
9.168437,1631.56,1634.32,1,1,57,1,0.000,0
9.170277,1629.72,1633.45,1,1,0,0,0.000,0
9.170890,1629.11,1632.12,1,1,1,0,0.000,0
9.171504,1628.50,1631.59,1,1,2,0,0.000,0
9.172118,1627.88,1630.26,1,1,3,0,0.000,0
9.172733,1627.27,1630.26,1,1,4,0,0.000,0
9.173347,1626.65,1629.73,1,1,5,0,0.000,0
9.173962,1626.04,1628.93,1,1,6,0,0.000,0
9.174577,1625.42,1628.66,1,1,7,0,0.000,0
9.175193,1624.81,1627.01,1,1,8,0,0.000,0
9.175808,1624.19,1626.02,1,1,9,0,0.000,0
9.176424,1623.58,1626.35,1,1,10,0,0.000,0
9.177040,1622.96,1626.02,1,1,11,0,0.000,0
9.177656,1622.34,1625.36,1,1,12,0,0.000,0
9.178273,1621.73,1624.04,1,1,13,0,0.000,0
9.178890,1621.11,1624.04,1,1,14,0,0.000,0
9.179507,1620.49,1622.39,1,1,15,0,0.000,0
9.180124,1619.88,1622.06,1,1,16,0,0.000,0
9.180741,1619.26,1622.72,1,1,17,0,0.000,0
9.181359,1618.64,1622.06,1,1,18,0,0.000,0
9.181977,1618.02,1619.11,1,1,19,0,0.000,0
9.182595,1617.41,1619.11,1,1,20,0,0.000,0
9.183214,1616.79,1620.42,1,1,21,0,0.000,0
9.183832,1616.17,1618.45,1,1,22,0,0.000,0
9.184451,1615.55,1618.45,1,1,23,0,0.000,0
9.185070,1614.93,1617.80,1,1,24,0,0.000,0
9.185689,1614.31,1616.49,1,1,25,0,0.000,0
9.186309,1613.69,1615.18,1,1,26,0,0.000,0
9.186929,1613.07,1616.16,1,1,27,0,0.000,0
9.187549,1612.45,1614.86,1,1,28,0,0.000,0
9.188169,1611.83,1613.23,1,1,29,0,0.000,0
9.188790,1611.21,1613.88,1,1,30,0,0.000,0
9.189410,1610.59,1612.58,1,1,31,0,0.000,0
9.190031,1609.97,1612.25,1,1,32,0,0.000,0
9.190653,1609.35,1612.90,1,1,33,0,0.000,0
9.191274,1608.73,1611.60,1,1,34,0,0.000,0
9.191896,1608.11,1611.28,1,1,35,0,0.000,0
9.192518,1607.48,1610.63,1,1,36,0,0.000,0
9.193140,1606.86,1609.66,1,1,37,0,0.000,0
9.193763,1606.24,1609.33,1,1,38,0,0.000,0
9.194385,1605.62,1608.36,1,1,39,0,0.000,0
9.195008,1604.99,1607.07,1,1,40,0,0.000,0
9.195631,1604.37,1606.43,1,1,41,0,0.000,0
9.196255,1603.75,1605.46,1,1,42,0,0.000,0
9.196878,1603.12,1604.81,1,1,43,0,0.000,0
9.197502,1602.50,1604.81,1,1,44,0,0.000,0
9.198127,1601.87,1604.81,1,1,45,0,0.000,0
9.198751,1601.25,1602.89,1,1,46,0,0.000,0
9.199376,1600.63,1602.89,1,1,47,0,0.000,0
9.200000,1600.00,1602.56,1,1,48,0,0.000,0
9.200626,1599.38,1601.92,1,1,49,0,0.000,0
9.201251,1598.75,1601.92,1,1,50,0,0.000,0
9.201877,1598.12,1600.96,1,1,51,0,0.000,0
9.202502,1597.50,1599.36,1,1,52,0,0.000,0
9.203128,1596.87,1599.36,1,1,53,0,0.000,0
9.203755,1596.25,1600.00,1,1,54,0,0.000,0
9.204381,1595.62,1597.76,1,1,55,0,0.000,0
9.205008,1594.99,1598.08,1,1,56,0,0.000,0
9.205635,1594.37,1596.81,1,1,57,0,0.000,0
9.207518,1592.48,1596.17,1,1,0,1,0.000,0
9.208146,1591.85,1595.15,1,1,1,1,0.000,0
9.208774,1591.23,1594.39,1,1,2,1,0.000,0
9.209403,1590.60,1593.63,1,1,3,1,0.000,0
9.210032,1589.97,1592.36,1,1,4,1,0.000,0
9.210661,1589.34,1593.12,1,1,5,1,0.000,0
9.211290,1588.71,1591.85,1,1,6,1,0.000,0
9.211920,1588.08,1590.58,1,1,7,1,0.000,0
9.212550,1587.45,1589.19,1,1,8,1,0.000,0
9.213180,1586.82,1589.19,1,1,9,1,0.000,0
9.213810,1586.19,1589.51,1,1,10,1,0.000,0
9.214441,1585.56,1588.25,1,1,11,1,0.000,0
9.215071,1584.93,1587.62,1,1,12,1,0.000,0
9.215702,1584.30,1586.67,1,1,13,1,0.000,0
9.216334,1583.67,1586.67,1,1,14,1,0.000,0
9.216965,1583.04,1586.04,1,1,15,1,0.000,0
9.217597,1582.40,1585.10,1,1,16,1,0.000,0
9.218229,1581.77,1584.79,1,1,17,1,0.000,0
9.218862,1581.14,1583.22,1,1,18,1,0.000,0
9.219494,1580.51,1582.90,1,1,19,1,0.000,0
9.220127,1579.87,1582.59,1,1,20,1,0.000,0
9.220760,1579.24,1581.34,1,1,21,1,0.000,0
9.221393,1578.61,1581.03,1,1,22,1,0.000,0
9.222027,1577.97,1579.78,1,1,23,1,0.000,0
9.222661,1577.34,1578.84,1,1,24,1,0.000,0
9.223295,1576.71,1578.53,1,1,25,1,0.000,0
9.223929,1576.07,1578.53,1,1,26,1,0.000,0
9.224564,1575.44,1577.60,1,1,27,1,0.000,0
9.225199,1574.80,1577.29,1,1,28,1,0.000,0
9.225834,1574.17,1577.29,1,1,29,1,0.000,0
9.226469,1573.53,1576.04,1,1,30,1,0.000,0
9.227105,1572.90,1576.35,1,1,31,1,0.000,0
9.227741,1572.26,1575.73,1,1,32,1,0.000,0
9.228377,1571.62,1574.18,1,1,33,1,0.000,0
9.229013,1570.99,1573.87,1,1,34,1,0.000,0
9.229650,1570.35,1572.64,1,1,35,1,0.000,0
9.230287,1569.71,1571.40,1,1,36,1,0.000,0
9.230924,1569.08,1571.71,1,1,37,1,0.000,0
9.231562,1568.44,1570.78,1,1,38,1,0.000,0
9.232199,1567.80,1569.86,1,1,39,1,0.000,0
9.232837,1567.16,1569.24,1,1,40,1,0.000,0
9.233476,1566.53,1569.24,1,1,41,1,0.000,0
9.234114,1565.89,1568.32,1,1,42,1,0.000,0
9.234753,1565.25,1568.63,1,1,43,1,0.000,0
9.235392,1564.61,1568.32,1,1,44,1,0.000,0
9.236031,1563.97,1566.48,1,1,45,1,0.000,0
9.236671,1563.33,1564.95,1,1,46,1,0.000,0
9.237310,1562.69,1566.17,1,1,47,1,0.000,0
9.237951,1562.05,1564.03,1,1,48,1,0.000,0
9.238591,1561.41,1564.03,1,1,49,1,0.000,0
9.239231,1560.77,1563.42,1,1,50,1,0.000,0
9.239872,1560.13,1562.19,1,1,51,1,0.000,0
9.240513,1559.49,1560.98,1,1,52,1,0.000,0
9.241155,1558.85,1560.98,1,1,53,1,0.000,0
9.241796,1558.20,1560.67,1,1,54,1,0.000,0
9.242438,1557.56,1559.45,1,1,55,1,0.000,0
9.243080,1556.92,1560.37,1,1,56,1,0.000,0
9.243723,1556.28,1558.24,1,1,57,1,0.000,0
9.245652,1554.35,1557.15,1,1,0,0,0.000,0
9.246295,1553.71,1556.90,1,1,1,0,0.000,0
9.246939,1553.06,1556.42,1,1,2,0,0.000,0
9.247583,1552.42,1555.69,1,1,3,0,0.000,0
9.248227,1551.77,1555.69,1,1,4,0,0.000,0
9.248872,1551.13,1554.24,1,1,5,0,0.000,0
9.249517,1550.48,1554.00,1,1,6,0,0.000,0
9.250162,1549.84,1553.28,1,1,7,0,0.000,0
9.250807,1549.19,1552.19,1,1,8,0,0.000,0
9.251453,1548.55,1550.69,1,1,9,0,0.000,0
9.252099,1547.90,1550.39,1,1,10,0,0.000,0
9.252745,1547.26,1549.79,1,1,11,0,0.000,0
9.253391,1546.61,1548.89,1,1,12,0,0.000,0
9.254038,1545.96,1547.99,1,1,13,0,0.000,0
9.254685,1545.32,1547.39,1,1,14,0,0.000,0
9.255332,1544.67,1547.39,1,1,15,0,0.000,0
9.255980,1544.02,1546.49,1,1,16,0,0.000,0
9.256628,1543.37,1546.19,1,1,17,0,0.000,0
9.257276,1542.73,1546.19,1,1,18,0,0.000,0
9.257924,1542.08,1545.89,1,1,19,0,0.000,0
9.258573,1541.43,1543.81,1,1,20,0,0.000,0
9.259221,1540.78,1543.51,1,1,21,0,0.000,0
9.259871,1540.13,1542.61,1,1,22,0,0.000,0
9.260520,1539.48,1542.61,1,1,23,0,0.000,0
9.261170,1538.83,1540.83,1,1,24,0,0.000,0
9.261820,1538.18,1541.72,1,1,25,0,0.000,0
9.262470,1537.53,1539.65,1,1,26,0,0.000,0
9.263120,1536.88,1538.76,1,1,27,0,0.000,0
9.263771,1536.23,1539.65,1,1,28,0,0.000,0
9.264422,1535.58,1538.17,1,1,29,0,0.000,0
9.265074,1534.93,1538.17,1,1,30,0,0.000,0
9.265725,1534.28,1536.10,1,1,31,0,0.000,0
9.266377,1533.62,1536.98,1,1,32,0,0.000,0
9.267029,1532.97,1535.21,1,1,33,0,0.000,0
9.267682,1532.32,1534.92,1,1,34,0,0.000,0
9.268335,1531.67,1534.92,1,1,35,0,0.000,0
9.268988,1531.01,1533.45,1,1,36,0,0.000,0
9.269641,1530.36,1533.45,1,1,37,0,0.000,0
9.270295,1529.71,1532.57,1,1,38,0,0.000,0
9.270948,1529.05,1531.69,1,1,39,0,0.000,0
9.271603,1528.40,1531.39,1,1,40,0,0.000,0
9.272257,1527.74,1530.22,1,1,41,0,0.000,0
9.272912,1527.09,1529.93,1,1,42,0,0.000,0
9.273567,1526.43,1527.88,1,1,43,0,0.000,0
9.274222,1525.78,1529.05,1,1,44,0,0.000,0
9.274877,1525.12,1527.88,1,1,45,0,0.000,0
9.275533,1524.47,1526.72,1,1,46,0,0.000,0
9.276189,1523.81,1526.43,1,1,47,0,0.000,0
9.276846,1523.16,1524.97,1,1,48,0,0.000,0
9.277502,1522.50,1524.10,1,1,49,0,0.000,0
9.278159,1521.84,1524.39,1,1,50,0,0.000,0
9.278817,1521.18,1523.81,1,1,51,0,0.000,0
9.279474,1520.53,1522.94,1,1,52,0,0.000,0
9.280132,1519.87,1522.94,1,1,53,0,0.000,0
9.280790,1519.21,1520.91,1,1,54,0,0.000,0
9.281448,1518.55,1522.07,1,1,55,0,0.000,0
9.282107,1517.89,1520.91,1,1,56,0,0.000,0
9.282766,1517.23,1521.20,1,1,57,0,0.000,0
9.284745,1515.26,1518.60,1,1,0,1,0.000,0
9.285405,1514.60,1517.68,1,1,1,1,0.000,0
9.286065,1513.94,1516.76,1,1,2,1,0.000,0
9.286726,1513.28,1515.61,1,1,3,1,0.000,0
9.287387,1512.61,1516.30,1,1,4,1,0.000,0
9.288048,1511.95,1515.38,1,1,5,1,0.000,0
9.288710,1511.29,1514.46,1,1,6,1,0.000,0
9.289371,1510.63,1513.55,1,1,7,1,0.000,0
9.290034,1509.97,1512.29,1,1,8,1,0.000,0
9.290696,1509.31,1512.57,1,1,9,1,0.000,0
9.291359,1508.64,1511.14,1,1,10,1,0.000,0
9.292022,1507.98,1511.14,1,1,11,1,0.000,0
9.292685,1507.32,1510.86,1,1,12,1,0.000,0
9.293349,1506.65,1508.01,1,1,13,1,0.000,0
9.294012,1505.99,1508.58,1,1,14,1,0.000,0
9.294677,1505.32,1508.30,1,1,15,1,0.000,0
9.295341,1504.66,1507.73,1,1,16,1,0.000,0
9.296006,1504.00,1506.59,1,1,17,1,0.000,0
9.296671,1503.33,1506.31,1,1,18,1,0.000,0
9.297336,1502.66,1505.74,1,1,19,1,0.000,0
9.298002,1502.00,1504.32,1,1,20,1,0.000,0
9.298668,1501.33,1504.61,1,1,21,1,0.000,0
9.299334,1500.67,1504.04,1,1,22,1,0.000,0
9.300000,1500.00,1502.35,1,1,23,1,0.000,0
9.300667,1500.00,1501.50,1,1,24,1,0.000,0
9.301334,1500.00,1501.22,1,1,25,1,0.000,0
9.302000,1500.00,1501.22,1,1,26,1,0.000,0
9.302667,1500.00,1500.38,1,1,27,1,0.000,0
9.303334,1500.00,1499.25,1,1,28,1,0.000,0
9.304000,1500.00,1500.09,1,1,29,1,0.000,0
9.304667,1500.00,1500.38,1,1,30,1,0.000,0
9.305334,1500.00,1500.09,1,1,31,1,0.000,0
9.306000,1500.00,1500.38,1,1,32,1,0.000,0
9.306667,1500.00,1500.09,1,1,33,1,0.000,0
9.307334,1500.00,1498.97,1,1,34,1,0.000,0
9.308000,1500.00,1500.66,1,1,35,1,0.000,0
9.308667,1500.00,1501.22,1,1,36,1,0.000,0
9.309334,1500.00,1499.53,1,1,37,1,0.000,0
9.310000,1500.00,1498.69,1,1,38,1,0.000,0
9.310667,1500.00,1499.81,1,1,39,1,0.000,0
9.311334,1500.00,1499.81,1,1,40,1,0.000,0
9.312000,1500.00,1500.09,1,1,41,1,0.000,0
9.312667,1500.00,1500.66,1,1,42,1,0.000,0
9.313334,1500.00,1499.25,1,1,43,1,0.000,0
9.314000,1500.00,1499.53,1,1,44,1,0.000,0
9.314667,1500.00,1500.09,1,1,45,1,0.000,0
9.315334,1500.00,1500.94,1,1,46,1,0.000,0
9.316000,1500.00,1500.09,1,1,47,1,0.000,0
9.316667,1500.00,1500.09,1,1,48,1,0.000,0
9.317334,1500.00,1500.09,1,1,49,1,0.000,0
9.318000,1500.00,1499.53,1,1,50,1,0.000,0
9.318667,1500.00,1500.66,1,1,51,1,0.000,0
9.319334,1500.00,1500.66,1,1,52,1,0.000,0
9.320000,1500.00,1500.38,1,1,53,1,0.000,0
9.320667,1500.00,1500.09,1,1,54,1,0.000,0
9.321334,1500.00,1499.81,1,1,55,1,0.000,0
9.322000,1500.00,1500.38,1,1,56,1,0.000,0
9.322667,1500.00,1500.09,1,1,57,1,0.000,0
9.324667,1500.00,1500.38,1,1,0,0,0.000,0
9.325334,1500.00,1499.70,1,1,1,0,0.000,0
9.326000,1500.00,1499.03,1,1,2,0,0.000,0
9.326667,1500.00,1500.38,1,1,3,0,0.000,0
9.327334,1500.00,1499.48,1,1,4,0,0.000,0
9.328000,1500.00,1500.38,1,1,5,0,0.000,0
9.328667,1500.00,1499.70,1,1,6,0,0.000,0
9.329334,1500.00,1499.93,1,1,7,0,0.000,0
9.330000,1500.00,1499.25,1,1,8,0,0.000,0
9.330667,1500.00,1499.53,1,1,9,0,0.000,0
9.331334,1500.00,1500.94,1,1,10,0,0.000,0
9.332000,1500.00,1499.53,1,1,11,0,0.000,0
9.332667,1500.00,1499.53,1,1,12,0,0.000,0
9.333334,1500.00,1499.25,1,1,13,0,0.000,0
9.334000,1500.00,1500.09,1,1,14,0,0.000,0
9.334667,1500.00,1500.09,1,1,15,0,0.000,0
9.335334,1500.00,1500.66,1,1,16,0,0.000,0
9.336000,1500.00,1500.09,1,1,17,0,0.000,0
9.336667,1500.00,1499.81,1,1,18,0,0.000,0
9.337334,1500.00,1499.81,1,1,19,0,0.000,0
9.338000,1500.00,1500.38,1,1,20,0,0.000,0
9.338667,1500.00,1500.94,1,1,21,0,0.000,0
9.339334,1500.00,1499.81,1,1,22,0,0.000,0
9.340000,1500.00,1500.38,1,1,23,0,0.000,0
9.340667,1500.00,1500.09,1,1,24,0,0.000,0
9.341334,1500.00,1499.25,1,1,25,0,0.000,0
9.342000,1500.00,1500.09,1,1,26,0,0.000,0
9.342667,1500.00,1499.53,1,1,27,0,0.000,0
9.343334,1500.00,1499.81,1,1,28,0,0.000,0
9.344000,1500.00,1499.81,1,1,29,0,0.000,0
9.344667,1500.00,1500.66,1,1,30,0,0.000,0
9.345334,1500.00,1498.97,1,1,31,0,0.000,0
9.346000,1500.00,1500.09,1,1,32,0,0.000,0
9.346667,1500.00,1500.66,1,1,33,0,0.000,0
9.347334,1500.00,1500.09,1,1,34,0,0.000,0
9.348000,1500.00,1500.09,1,1,35,0,0.000,0
9.348667,1500.00,1500.38,1,1,36,0,0.000,0
9.349334,1500.00,1500.09,1,1,37,0,0.000,0
9.350000,1500.00,1499.81,1,1,38,0,0.000,0
9.350667,1500.00,1500.66,1,1,39,0,0.000,0
9.351334,1500.00,1499.53,1,1,40,0,0.000,0
9.352000,1500.00,1499.25,1,1,41,0,0.000,0
9.352667,1500.00,1500.38,1,1,42,0,0.000,0
9.353334,1500.00,1500.09,1,1,43,0,0.000,0
9.354000,1500.00,1500.38,1,1,44,0,0.000,0
9.354667,1500.00,1499.81,1,1,45,0,0.000,0
9.355334,1500.00,1498.97,1,1,46,0,0.000,0
9.356000,1500.00,1499.53,1,1,47,0,0.000,0
9.356667,1500.00,1500.38,1,1,48,0,0.000,0
9.357334,1500.00,1500.94,1,1,49,0,0.000,0
9.358000,1500.00,1499.81,1,1,50,0,0.000,0
9.358667,1500.00,1500.94,1,1,51,0,0.000,0
9.359334,1500.00,1499.53,1,1,52,0,0.000,0
9.360000,1500.00,1499.81,1,1,53,0,0.000,0
9.360667,1500.00,1499.81,1,1,54,0,0.000,0
9.361334,1500.00,1501.22,1,1,55,0,0.000,0
9.362000,1500.00,1499.81,1,1,56,0,0.000,0
9.362667,1500.00,1500.38,1,1,57,0,0.000,0
9.364667,1500.00,1500.15,1,1,0,1,0.000,0
9.365334,1500.00,1499.70,1,1,1,1,0.000,0
9.366000,1500.00,1499.93,1,1,2,1,0.000,0
9.366667,1500.00,1499.93,1,1,3,1,0.000,0
9.367334,1500.00,1500.38,1,1,4,1,0.000,0
9.368000,1500.00,1499.70,1,1,5,1,0.000,0
9.368667,1500.00,1500.83,1,1,6,1,0.000,0
9.369334,1500.00,1500.15,1,1,7,1,0.000,0
9.370000,1500.00,1498.97,1,1,8,1,0.000,0
9.370667,1500.00,1500.66,1,1,9,1,0.000,0
9.371334,1500.00,1500.66,1,1,10,1,0.000,0
9.372000,1500.00,1500.38,1,1,11,1,0.000,0
9.372667,1500.00,1500.38,1,1,12,1,0.000,0
9.373334,1500.00,1499.81,1,1,13,1,0.000,0
9.374000,1500.00,1499.25,1,1,14,1,0.000,0
9.374667,1500.00,1500.38,1,1,15,1,0.000,0
9.375334,1500.00,1500.09,1,1,16,1,0.000,0
9.376000,1500.00,1498.41,1,1,17,1,0.000,0
9.376667,1500.00,1499.25,1,1,18,1,0.000,0
9.377334,1500.00,1499.81,1,1,19,1,0.000,0
9.378000,1500.00,1500.38,1,1,20,1,0.000,0
9.378667,1500.00,1500.09,1,1,21,1,0.000,0
9.379334,1500.00,1500.09,1,1,22,1,0.000,0
9.380000,1500.00,1499.25,1,1,23,1,0.000,0
9.380667,1500.00,1499.81,1,1,24,1,0.000,0
9.381334,1500.00,1500.38,1,1,25,1,0.000,0
9.382000,1500.00,1499.81,1,1,26,1,0.000,0
9.382667,1500.00,1500.94,1,1,27,1,0.000,0
9.383334,1500.00,1499.81,1,1,28,1,0.000,0
9.384000,1500.00,1499.81,1,1,29,1,0.000,0
9.384667,1500.00,1499.81,1,1,30,1,0.000,0
9.385334,1500.00,1499.53,1,1,31,1,0.000,0
9.386000,1500.00,1500.38,1,1,32,1,0.000,0
9.386667,1500.00,1500.94,1,1,33,1,0.000,0
9.387334,1500.00,1500.66,1,1,34,1,0.000,0
9.388000,1500.00,1499.25,1,1,35,1,0.000,0
9.388667,1500.00,1500.38,1,1,36,1,0.000,0
9.389334,1500.00,1499.81,1,1,37,1,0.000,0
9.390000,1500.00,1500.09,1,1,38,1,0.000,0
9.390667,1500.00,1500.09,1,1,39,1,0.000,0
9.391334,1500.00,1500.38,1,1,40,1,0.000,0
9.392000,1500.00,1499.25,1,1,41,1,0.000,0
9.392667,1500.00,1500.09,1,1,42,1,0.000,0
9.393334,1500.00,1499.53,1,1,43,1,0.000,0
9.394000,1500.00,1498.69,1,1,44,1,0.000,0
9.394667,1500.00,1500.09,1,1,45,1,0.000,0
9.395334,1500.00,1499.53,1,1,46,1,0.000,0
9.396000,1500.00,1500.94,1,1,47,1,0.000,0
9.396667,1500.00,1499.81,1,1,48,1,0.000,0
9.397334,1500.00,1499.81,1,1,49,1,0.000,0
9.398000,1500.00,1499.81,1,1,50,1,0.000,0
9.398667,1500.00,1500.38,1,1,51,1,0.000,0
9.399334,1500.00,1500.38,1,1,52,1,0.000,0
9.400000,1500.00,1499.81,1,1,53,1,0.000,0
9.400667,1500.00,1499.81,1,1,54,1,0.000,0
9.401334,1500.00,1499.53,1,1,55,1,0.000,0
9.402000,1500.00,1499.81,1,1,56,1,0.000,0
9.402667,1500.00,1500.94,1,1,57,1,0.000,0
9.404667,1500.00,1499.93,1,1,0,0,0.000,0
9.405334,1500.00,1499.70,1,1,1,0,0.000,0
9.406000,1500.00,1499.93,1,1,2,0,0.000,0
9.406667,1500.00,1500.15,1,1,3,0,0.000,0
9.407334,1500.00,1500.60,1,1,4,0,0.000,0
9.408000,1500.00,1499.48,1,1,5,0,0.000,0
9.408667,1500.00,1500.15,1,1,6,0,0.000,0
9.409334,1500.00,1499.25,1,1,7,0,0.000,0
9.410000,1500.00,1500.38,1,1,8,0,0.000,0
9.410667,1500.00,1500.38,1,1,9,0,0.000,0
9.411334,1500.00,1499.81,1,1,10,0,0.000,0
9.412000,1500.00,1499.25,1,1,11,0,0.000,0
9.412667,1500.00,1499.81,1,1,12,0,0.000,0
9.413334,1500.00,1500.38,1,1,13,0,0.000,0
9.414000,1500.00,1500.09,1,1,14,0,0.000,0
9.414667,1500.00,1500.09,1,1,15,0,0.000,0
9.415334,1500.00,1499.53,1,1,16,0,0.000,0
9.416000,1500.00,1500.09,1,1,17,0,0.000,0
9.416667,1500.00,1501.22,1,1,18,0,0.000,0
9.417334,1500.00,1500.94,1,1,19,0,0.000,0
9.418000,1500.00,1499.53,1,1,20,0,0.000,0
9.418667,1500.00,1499.53,1,1,21,0,0.000,0
9.419334,1500.00,1500.09,1,1,22,0,0.000,0
9.420000,1500.00,1500.38,1,1,23,0,0.000,0
9.420667,1500.00,1500.09,1,1,24,0,0.000,0
9.421334,1500.00,1499.81,1,1,25,0,0.000,0
9.422000,1500.00,1499.81,1,1,26,0,0.000,0
9.422667,1500.00,1499.81,1,1,27,0,0.000,0
9.423334,1500.00,1500.66,1,1,28,0,0.000,0
9.424000,1500.00,1500.38,1,1,29,0,0.000,0
9.424667,1500.00,1499.81,1,1,30,0,0.000,0
9.425334,1500.00,1499.25,1,1,31,0,0.000,0
9.426000,1500.00,1500.09,1,1,32,0,0.000,0
9.426667,1500.00,1500.38,1,1,33,0,0.000,0
9.427334,1500.00,1499.81,1,1,34,0,0.000,0
9.428000,1500.00,1499.53,1,1,35,0,0.000,0
9.428667,1500.00,1499.25,1,1,36,0,0.000,0
9.429334,1500.00,1500.09,1,1,37,0,0.000,0
9.430000,1500.00,1500.09,1,1,38,0,0.000,0
9.430667,1500.00,1500.66,1,1,39,0,0.000,0
9.431334,1500.00,1500.09,1,1,40,0,0.000,0
9.432000,1500.00,1499.53,1,1,41,0,0.000,0
9.432667,1500.00,1499.53,1,1,42,0,0.000,0
9.433334,1500.00,1500.66,1,1,43,0,0.000,0
9.434000,1500.00,1500.38,1,1,44,0,0.000,0
9.434667,1500.00,1500.38,1,1,45,0,0.000,0
9.435334,1500.00,1499.53,1,1,46,0,0.000,0
9.436000,1500.00,1499.81,1,1,47,0,0.000,0
9.436667,1500.00,1499.53,1,1,48,0,0.000,0
9.437334,1500.00,1500.09,1,1,49,0,0.000,0
9.438000,1500.00,1500.94,1,1,50,0,0.000,0
9.438667,1500.00,1500.09,1,1,51,0,0.000,0
9.439334,1500.00,1500.09,1,1,52,0,0.000,0
9.440000,1500.00,1499.81,1,1,53,0,0.000,0
9.440667,1500.00,1500.38,1,1,54,0,0.000,0
9.441334,1500.00,1499.53,1,1,55,0,0.000,0
9.442000,1500.00,1500.38,1,1,56,0,0.000,0
9.442667,1500.00,1500.09,1,1,57,0,0.000,0
9.444667,1500.00,1499.03,1,1,0,1,0.000,0
9.445334,1500.00,1499.70,1,1,1,1,0.000,0
9.446000,1500.00,1499.93,1,1,2,1,0.000,0
9.446667,1500.00,1499.93,1,1,3,1,0.000,0
9.447334,1500.00,1499.93,1,1,4,1,0.000,0
9.448000,1500.00,1500.38,1,1,5,1,0.000,0
9.448667,1500.00,1499.93,1,1,6,1,0.000,0
9.449334,1500.00,1499.93,1,1,7,1,0.000,0
9.450000,1500.00,1499.81,1,1,8,1,0.000,0
9.450667,1500.00,1499.81,1,1,9,1,0.000,0
9.451334,1500.00,1500.66,1,1,10,1,0.000,0
9.452000,1500.00,1500.66,1,1,11,1,0.000,0
9.452667,1500.00,1500.66,1,1,12,1,0.000,0
9.453334,1500.00,1500.38,1,1,13,1,0.000,0
9.454000,1500.00,1500.09,1,1,14,1,0.000,0
9.454667,1500.00,1499.53,1,1,15,1,0.000,0
9.455334,1500.00,1500.94,1,1,16,1,0.000,0
9.456000,1500.00,1500.94,1,1,17,1,0.000,0
9.456667,1500.00,1499.53,1,1,18,1,0.000,0
9.457334,1500.00,1499.25,1,1,19,1,0.000,0
9.458000,1500.00,1499.53,1,1,20,1,0.000,0
9.458667,1500.00,1499.81,1,1,21,1,0.000,0
9.459334,1500.00,1499.53,1,1,22,1,0.000,0
9.460000,1500.00,1500.09,1,1,23,1,0.000,0
9.460667,1500.00,1499.81,1,1,24,1,0.000,0
9.461334,1500.00,1499.53,1,1,25,1,0.000,0
9.462000,1500.00,1499.25,1,1,26,1,0.000,0
9.462667,1500.00,1500.38,1,1,27,1,0.000,0
9.463334,1500.00,1499.81,1,1,28,1,0.000,0
9.464000,1500.00,1500.09,1,1,29,1,0.000,0
9.464667,1500.00,1499.81,1,1,30,1,0.000,0
9.465334,1500.00,1500.94,1,1,31,1,0.000,0
9.466000,1500.00,1500.38,1,1,32,1,0.000,0
9.466667,1500.00,1500.38,1,1,33,1,0.000,0
9.467334,1500.00,1500.66,1,1,34,1,0.000,0
9.468000,1500.00,1499.25,1,1,35,1,0.000,0
9.468667,1500.00,1500.09,1,1,36,1,0.000,0
9.469334,1500.00,1499.81,1,1,37,1,0.000,0
9.470000,1500.00,1500.94,1,1,38,1,0.000,0
9.470667,1500.00,1499.25,1,1,39,1,0.000,0
9.471334,1500.00,1499.53,1,1,40,1,0.000,0
9.472000,1500.00,1500.38,1,1,41,1,0.000,0
9.472667,1500.00,1500.09,1,1,42,1,0.000,0
9.473334,1500.00,1500.66,1,1,43,1,0.000,0
9.474000,1500.00,1499.53,1,1,44,1,0.000,0
9.474667,1500.00,1499.81,1,1,45,1,0.000,0
9.475334,1500.00,1499.25,1,1,46,1,0.000,0
9.476000,1500.00,1500.66,1,1,47,1,0.000,0
9.476667,1500.00,1500.38,1,1,48,1,0.000,0
9.477334,1500.00,1499.53,1,1,49,1,0.000,0
9.478000,1500.00,1499.81,1,1,50,1,0.000,0
9.478667,1500.00,1499.81,1,1,51,1,0.000,0
9.479334,1500.00,1501.22,1,1,52,1,0.000,0
9.480000,1500.00,1500.66,1,1,53,1,0.000,0
9.480667,1500.00,1500.66,1,1,54,1,0.000,0
9.481334,1500.00,1499.81,1,1,55,1,0.000,0
9.482000,1500.00,1499.53,1,1,56,1,0.000,0
9.482667,1500.00,1498.97,1,1,57,1,0.000,0
9.484667,1500.00,1500.38,1,1,0,0,0.000,0
9.485334,1500.00,1500.15,1,1,1,0,0.000,0
9.486000,1500.00,1499.70,1,1,2,0,0.000,0
9.486667,1500.00,1499.48,1,1,3,0,0.000,0
9.487334,1500.00,1499.48,1,1,4,0,0.000,0
9.488000,1500.00,1500.15,1,1,5,0,0.000,0
9.488667,1500.00,1499.93,1,1,6,0,0.000,0
9.489334,1500.00,1500.60,1,1,7,0,0.000,0
9.490000,1500.00,1499.81,1,1,8,0,0.000,0
9.490667,1500.00,1499.53,1,1,9,0,0.000,0
9.491334,1500.00,1500.09,1,1,10,0,0.000,0
9.492000,1500.00,1500.66,1,1,11,0,0.000,0
9.492667,1500.00,1500.94,1,1,12,0,0.000,0
9.493334,1500.00,1499.81,1,1,13,0,0.000,0
9.494000,1500.00,1499.53,1,1,14,0,0.000,0
9.494667,1500.00,1500.38,1,1,15,0,0.000,0
9.495334,1500.00,1499.53,1,1,16,0,0.000,0
9.496000,1500.00,1500.38,1,1,17,0,0.000,0
9.496667,1500.00,1499.25,1,1,18,0,0.000,0
9.497334,1500.00,1498.69,1,1,19,0,0.000,0
9.498000,1500.00,1499.25,1,1,20,0,0.000,0
9.498667,1500.00,1498.97,1,1,21,0,0.000,0
9.499334,1500.00,1500.94,1,1,22,0,0.000,0
9.500000,1500.00,1498.97,1,1,23,0,0.000,0
9.500667,1500.00,1500.09,1,1,24,0,0.000,0
9.501334,1500.00,1500.38,1,1,25,0,0.000,0
9.502000,1500.00,1500.94,1,1,26,0,0.000,0
9.502667,1500.00,1500.66,1,1,27,0,0.000,0
9.503334,1500.00,1500.09,1,1,28,0,0.000,0
9.504000,1500.00,1500.94,1,1,29,0,0.000,0
9.504667,1500.00,1499.53,1,1,30,0,0.000,0
9.505334,1500.00,1500.66,1,1,31,0,0.000,0
9.506000,1500.00,1500.66,1,1,32,0,0.000,0
9.506667,1500.00,1499.53,1,1,33,0,0.000,0
9.507334,1500.00,1500.09,1,1,34,0,0.000,0
9.508000,1500.00,1500.94,1,1,35,0,0.000,0
9.508667,1500.00,1500.38,1,1,36,0,0.000,0
9.509334,1500.00,1499.81,1,1,37,0,0.000,0
9.510000,1500.00,1500.09,1,1,38,0,0.000,0
9.510667,1500.00,1499.53,1,1,39,0,0.000,0
9.511334,1500.00,1499.81,1,1,40,0,0.000,0
9.512000,1500.00,1499.81,1,1,41,0,0.000,0
9.512667,1500.00,1498.97,1,1,42,0,0.000,0
9.513334,1500.00,1498.41,1,1,43,0,0.000,0
9.514000,1500.00,1499.81,1,1,44,0,0.000,0
9.514667,1500.00,1499.53,1,1,45,0,0.000,0
9.515334,1500.00,1500.09,1,1,46,0,0.000,0
9.516000,1500.00,1500.38,1,1,47,0,0.000,0
9.516667,1500.00,1500.38,1,1,48,0,0.000,0
9.517334,1500.00,1500.66,1,1,49,0,0.000,0
9.518000,1500.00,1500.09,1,1,50,0,0.000,0
9.518667,1500.00,1501.22,1,1,51,0,0.000,0
9.519334,1500.00,1499.81,1,1,52,0,0.000,0
9.520000,1500.00,1500.66,1,1,53,0,0.000,0
9.520667,1500.00,1500.94,1,1,54,0,0.000,0
9.521334,1500.00,1500.09,1,1,55,0,0.000,0
9.522000,1500.00,1499.53,1,1,56,0,0.000,0
9.522667,1500.00,1499.53,1,1,57,0,0.000,0
9.524667,1500.00,1499.93,1,1,0,1,0.000,0
9.525334,1500.00,1499.70,1,1,1,1,0.000,0
9.526000,1500.00,1499.93,1,1,2,1,0.000,0
9.526667,1500.00,1499.93,1,1,3,1,0.000,0
9.527334,1500.00,1499.03,1,1,4,1,0.000,0
9.528000,1500.00,1499.70,1,1,5,1,0.000,0
9.528667,1500.00,1499.93,1,1,6,1,0.000,0
9.529334,1500.00,1499.93,1,1,7,1,0.000,0
9.530000,1500.00,1500.09,1,1,8,1,0.000,0
9.530667,1500.00,1500.66,1,1,9,1,0.000,0
9.531334,1500.00,1499.53,1,1,10,1,0.000,0
9.532000,1500.00,1499.81,1,1,11,1,0.000,0
9.532667,1500.00,1500.38,1,1,12,1,0.000,0
9.533334,1500.00,1500.38,1,1,13,1,0.000,0
9.534000,1500.00,1499.53,1,1,14,1,0.000,0
9.534667,1500.00,1499.81,1,1,15,1,0.000,0
9.535334,1500.00,1500.66,1,1,16,1,0.000,0
9.536000,1500.00,1498.97,1,1,17,1,0.000,0
9.536667,1500.00,1500.66,1,1,18,1,0.000,0
9.537334,1500.00,1500.66,1,1,19,1,0.000,0
9.538000,1500.00,1499.53,1,1,20,1,0.000,0
9.538667,1500.00,1499.81,1,1,21,1,0.000,0
9.539334,1500.00,1500.38,1,1,22,1,0.000,0
9.540000,1500.00,1500.09,1,1,23,1,0.000,0
9.540667,1500.00,1500.38,1,1,24,1,0.000,0
9.541334,1500.00,1500.66,1,1,25,1,0.000,0
9.542000,1500.00,1500.09,1,1,26,1,0.000,0
9.542667,1500.00,1498.97,1,1,27,1,0.000,0
9.543334,1500.00,1500.09,1,1,28,1,0.000,0
9.544000,1500.00,1500.66,1,1,29,1,0.000,0
9.544667,1500.00,1500.38,1,1,30,1,0.000,0
9.545334,1500.00,1500.38,1,1,31,1,0.000,0
9.546000,1500.00,1499.53,1,1,32,1,0.000,0
9.546667,1500.00,1499.81,1,1,33,1,0.000,0
9.547334,1500.00,1498.97,1,1,34,1,0.000,0
9.548000,1500.00,1500.94,1,1,35,1,0.000,0
9.548667,1500.00,1499.81,1,1,36,1,0.000,0
9.549334,1500.00,1498.69,1,1,37,1,0.000,0
9.550000,1500.00,1499.25,1,1,38,1,0.000,0
9.550667,1500.00,1500.38,1,1,39,1,0.000,0
9.551334,1500.00,1499.53,1,1,40,1,0.000,0
9.552000,1500.00,1500.09,1,1,41,1,0.000,0
9.552667,1500.00,1500.94,1,1,42,1,0.000,0
9.553334,1500.00,1499.53,1,1,43,1,0.000,0
9.554000,1500.00,1500.94,1,1,44,1,0.000,0
9.554667,1500.00,1500.66,1,1,45,1,0.000,0
9.555334,1500.00,1499.81,1,1,46,1,0.000,0
9.556000,1500.00,1499.81,1,1,47,1,0.000,0
9.556667,1500.00,1499.25,1,1,48,1,0.000,0
9.557334,1500.00,1499.81,1,1,49,1,0.000,0
9.558000,1500.00,1499.81,1,1,50,1,0.000,0
9.558667,1500.00,1500.66,1,1,51,1,0.000,0
9.559334,1500.00,1499.53,1,1,52,1,0.000,0
9.560000,1500.00,1499.81,1,1,53,1,0.000,0
9.560667,1500.00,1500.38,1,1,54,1,0.000,0
9.561334,1500.00,1500.09,1,1,55,1,0.000,0
9.562000,1500.00,1500.66,1,1,56,1,0.000,0
9.562667,1500.00,1500.66,1,1,57,1,0.000,0
9.564667,1500.00,1499.70,1,1,0,0,0.000,0
9.565334,1500.00,1499.25,1,1,1,0,0.000,0
9.566000,1500.00,1499.48,1,1,2,0,0.000,0
9.566667,1500.00,1500.15,1,1,3,0,0.000,0
9.567334,1500.00,1500.38,1,1,4,0,0.000,0
9.568000,1500.00,1499.70,1,1,5,0,0.000,0
9.568667,1500.00,1499.93,1,1,6,0,0.000,0
9.569334,1500.00,1499.48,1,1,7,0,0.000,0
9.570000,1500.00,1500.38,1,1,8,0,0.000,0
9.570667,1500.00,1500.38,1,1,9,0,0.000,0
9.571334,1500.00,1501.50,1,1,10,0,0.000,0
9.572000,1500.00,1499.25,1,1,11,0,0.000,0
9.572667,1500.00,1499.53,1,1,12,0,0.000,0
9.573334,1500.00,1499.81,1,1,13,0,0.000,0
9.574000,1500.00,1500.38,1,1,14,0,0.000,0
9.574667,1500.00,1500.66,1,1,15,0,0.000,0
9.575334,1500.00,1500.38,1,1,16,0,0.000,0
9.576000,1500.00,1499.53,1,1,17,0,0.000,0
9.576667,1500.00,1498.97,1,1,18,0,0.000,0
9.577334,1500.00,1500.66,1,1,19,0,0.000,0
9.578000,1500.00,1500.38,1,1,20,0,0.000,0
9.578667,1500.00,1500.38,1,1,21,0,0.000,0
9.579334,1500.00,1499.53,1,1,22,0,0.000,0
9.580000,1500.00,1499.81,1,1,23,0,0.000,0
9.580667,1500.00,1498.97,1,1,24,0,0.000,0
9.581334,1500.00,1500.38,1,1,25,0,0.000,0
9.582000,1500.00,1499.81,1,1,26,0,0.000,0
9.582667,1500.00,1499.25,1,1,27,0,0.000,0
9.583334,1500.00,1499.81,1,1,28,0,0.000,0
9.584000,1500.00,1498.97,1,1,29,0,0.000,0
9.584667,1500.00,1500.38,1,1,30,0,0.000,0
9.585334,1500.00,1499.81,1,1,31,0,0.000,0
9.586000,1500.00,1501.50,1,1,32,0,0.000,0
9.586667,1500.00,1500.38,1,1,33,0,0.000,0
9.587334,1500.00,1500.38,1,1,34,0,0.000,0
9.588000,1500.00,1500.94,1,1,35,0,0.000,0
9.588667,1500.00,1498.69,1,1,36,0,0.000,0
9.589334,1500.00,1500.94,1,1,37,0,0.000,0
9.590000,1500.00,1500.09,1,1,38,0,0.000,0
9.590667,1500.00,1499.25,1,1,39,0,0.000,0
9.591334,1500.00,1498.69,1,1,40,0,0.000,0
9.592000,1500.00,1499.81,1,1,41,0,0.000,0
9.592667,1500.00,1500.38,1,1,42,0,0.000,0
9.593334,1500.00,1499.53,1,1,43,0,0.000,0
9.594000,1500.00,1501.50,1,1,44,0,0.000,0
9.594667,1500.00,1499.25,1,1,45,0,0.000,0
9.595334,1500.00,1500.09,1,1,46,0,0.000,0
9.596000,1500.00,1500.66,1,1,47,0,0.000,0
9.596667,1500.00,1500.66,1,1,48,0,0.000,0
9.597334,1500.00,1499.81,1,1,49,0,0.000,0
9.598000,1500.00,1500.09,1,1,50,0,0.000,0
9.598667,1500.00,1500.38,1,1,51,0,0.000,0
9.599334,1500.00,1499.25,1,1,52,0,0.000,0
9.600000,1500.00,1500.38,1,1,53,0,0.000,0
9.600667,1500.00,1499.53,1,1,54,0,0.000,0
9.601334,1500.00,1499.53,1,1,55,0,0.000,0
9.602000,1500.00,1499.81,1,1,56,0,0.000,0
9.602667,1500.00,1499.81,1,1,57,0,0.000,0
9.604667,1500.00,1500.38,1,1,0,1,0.000,0
9.605334,1500.00,1499.70,1,1,1,1,0.000,0
9.606000,1500.00,1500.38,1,1,2,1,0.000,0
9.606667,1500.00,1499.70,1,1,3,1,0.000,0
9.607334,1500.00,1499.93,1,1,4,1,0.000,0
9.608000,1500.00,1500.83,1,1,5,1,0.000,0
9.608667,1500.00,1499.70,1,1,6,1,0.000,0
9.609334,1500.00,1499.93,1,1,7,1,0.000,0
9.610000,1500.00,1499.25,1,1,8,1,0.000,0
9.610667,1500.00,1499.81,1,1,9,1,0.000,0
9.611334,1500.00,1499.81,1,1,10,1,0.000,0
9.612000,1500.00,1500.38,1,1,11,1,0.000,0
9.612667,1500.00,1499.81,1,1,12,1,0.000,0
9.613334,1500.00,1499.25,1,1,13,1,0.000,0
9.614000,1500.00,1500.94,1,1,14,1,0.000,0
9.614667,1500.00,1500.38,1,1,15,1,0.000,0
9.615334,1500.00,1499.81,1,1,16,1,0.000,0
9.616000,1500.00,1501.22,1,1,17,1,0.000,0
9.616667,1500.00,1500.66,1,1,18,1,0.000,0
9.617334,1500.00,1500.94,1,1,19,1,0.000,0
9.618000,1500.00,1500.94,1,1,20,1,0.000,0
9.618667,1500.00,1499.81,1,1,21,1,0.000,0
9.619334,1500.00,1498.97,1,1,22,1,0.000,0
9.620000,1500.00,1499.53,1,1,23,1,0.000,0
9.620667,1500.00,1500.38,1,1,24,1,0.000,0
9.621334,1500.00,1499.25,1,1,25,1,0.000,0
9.622000,1500.00,1499.81,1,1,26,1,0.000,0
9.622667,1500.00,1499.53,1,1,27,1,0.000,0
9.623334,1500.00,1500.09,1,1,28,1,0.000,0
9.624000,1500.00,1500.09,1,1,29,1,0.000,0
9.624667,1500.00,1500.94,1,1,30,1,0.000,0
9.625334,1500.00,1500.94,1,1,31,1,0.000,0
9.626000,1500.00,1498.97,1,1,32,1,0.000,0
9.626667,1500.00,1499.81,1,1,33,1,0.000,0
9.627334,1500.00,1500.38,1,1,34,1,0.000,0
9.628000,1500.00,1499.25,1,1,35,1,0.000,0
9.628667,1500.00,1499.25,1,1,36,1,0.000,0
9.629334,1500.00,1499.53,1,1,37,1,0.000,0
9.630000,1500.00,1500.66,1,1,38,1,0.000,0
9.630667,1500.00,1499.81,1,1,39,1,0.000,0
9.631334,1500.00,1500.66,1,1,40,1,0.000,0
9.632000,1500.00,1499.81,1,1,41,1,0.000,0
9.632667,1500.00,1499.53,1,1,42,1,0.000,0
9.633334,1500.00,1500.38,1,1,43,1,0.000,0
9.634000,1500.00,1500.38,1,1,44,1,0.000,0
9.634667,1500.00,1500.66,1,1,45,1,0.000,0
9.635334,1500.00,1499.25,1,1,46,1,0.000,0
9.636000,1500.00,1500.09,1,1,47,1,0.000,0
9.636667,1500.00,1499.81,1,1,48,1,0.000,0
9.637334,1500.00,1500.38,1,1,49,1,0.000,0
9.638000,1500.00,1500.09,1,1,50,1,0.000,0
9.638667,1500.00,1500.66,1,1,51,1,0.000,0
9.639334,1500.00,1500.09,1,1,52,1,0.000,0
9.640000,1500.00,1499.81,1,1,53,1,0.000,0
9.640667,1500.00,1499.81,1,1,54,1,0.000,0
9.641334,1500.00,1499.81,1,1,55,1,0.000,0
9.642000,1500.00,1500.66,1,1,56,1,0.000,0
9.642667,1500.00,1500.38,1,1,57,1,0.000,0
9.644667,1500.00,1500.15,1,1,0,0,0.000,0
9.645334,1500.00,1499.48,1,1,1,0,0.000,0
9.646000,1500.00,1500.15,1,1,2,0,0.000,0
9.646667,1500.00,1500.15,1,1,3,0,0.000,0
9.647334,1500.00,1500.38,1,1,4,0,0.000,0
9.648000,1500.00,1499.70,1,1,5,0,0.000,0
9.648667,1500.00,1499.48,1,1,6,0,0.000,0
9.649334,1500.00,1499.70,1,1,7,0,0.000,0
9.650000,1500.00,1499.25,1,1,8,0,0.000,0
9.650667,1500.00,1499.81,1,1,9,0,0.000,0
9.651334,1500.00,1499.53,1,1,10,0,0.000,0
9.652000,1500.00,1500.66,1,1,11,0,0.000,0
9.652667,1500.00,1499.25,1,1,12,0,0.000,0
9.653334,1500.00,1500.09,1,1,13,0,0.000,0
9.654000,1500.00,1500.09,1,1,14,0,0.000,0
9.654667,1500.00,1500.38,1,1,15,0,0.000,0
9.655334,1500.00,1500.94,1,1,16,0,0.000,0
9.656000,1500.00,1499.81,1,1,17,0,0.000,0
9.656667,1500.00,1499.81,1,1,18,0,0.000,0
9.657334,1500.00,1499.25,1,1,19,0,0.000,0
9.658000,1500.00,1500.09,1,1,20,0,0.000,0
9.658667,1500.00,1500.66,1,1,21,0,0.000,0
9.659334,1500.00,1500.09,1,1,22,0,0.000,0
9.660000,1500.00,1499.53,1,1,23,0,0.000,0
9.660667,1500.00,1499.25,1,1,24,0,0.000,0
9.661334,1500.00,1500.38,1,1,25,0,0.000,0
9.662000,1500.00,1499.81,1,1,26,0,0.000,0
9.662667,1500.00,1500.38,1,1,27,0,0.000,0
9.663334,1500.00,1499.81,1,1,28,0,0.000,0
9.664000,1500.00,1499.25,1,1,29,0,0.000,0
9.664667,1500.00,1499.81,1,1,30,0,0.000,0
9.665334,1500.00,1500.66,1,1,31,0,0.000,0
9.666000,1500.00,1500.38,1,1,32,0,0.000,0
9.666667,1500.00,1500.09,1,1,33,0,0.000,0
9.667334,1500.00,1500.38,1,1,34,0,0.000,0
9.668000,1500.00,1499.25,1,1,35,0,0.000,0
9.668667,1500.00,1500.09,1,1,36,0,0.000,0
9.669334,1500.00,1500.38,1,1,37,0,0.000,0
9.670000,1500.00,1500.09,1,1,38,0,0.000,0
9.670667,1500.00,1499.53,1,1,39,0,0.000,0
9.671334,1500.00,1499.81,1,1,40,0,0.000,0
9.672000,1500.00,1500.38,1,1,41,0,0.000,0
9.672667,1500.00,1500.09,1,1,42,0,0.000,0
9.673334,1500.00,1500.66,1,1,43,0,0.000,0
9.674000,1500.00,1500.94,1,1,44,0,0.000,0
9.674667,1500.00,1500.09,1,1,45,0,0.000,0
9.675334,1500.00,1500.09,1,1,46,0,0.000,0
9.676000,1500.00,1500.38,1,1,47,0,0.000,0
9.676667,1500.00,1499.53,1,1,48,0,0.000,0
9.677334,1500.00,1499.53,1,1,49,0,0.000,0
9.678000,1500.00,1500.09,1,1,50,0,0.000,0
9.678667,1500.00,1500.38,1,1,51,0,0.000,0
9.679334,1500.00,1498.97,1,1,52,0,0.000,0
9.680000,1500.00,1499.25,1,1,53,0,0.000,0
9.680667,1500.00,1499.53,1,1,54,0,0.000,0
9.681334,1500.00,1500.09,1,1,55,0,0.000,0
9.682000,1500.00,1500.94,1,1,56,0,0.000,0
9.682667,1500.00,1500.09,1,1,57,0,0.000,0
9.684667,1500.00,1499.70,1,1,0,1,0.000,0
9.685334,1500.00,1499.25,1,1,1,1,0.000,0
9.686000,1500.00,1500.38,1,1,2,1,0.000,0
9.686667,1500.00,1499.70,1,1,3,1,0.000,0
9.687334,1500.00,1500.38,1,1,4,1,0.000,0
9.688000,1500.00,1499.48,1,1,5,1,0.000,0
9.688667,1500.00,1499.48,1,1,6,1,0.000,0
9.689334,1500.00,1500.15,1,1,7,1,0.000,0
9.690000,1500.00,1500.94,1,1,8,1,0.000,0
9.690667,1500.00,1500.38,1,1,9,1,0.000,0
9.691334,1500.00,1500.38,1,1,10,1,0.000,0
9.692000,1500.00,1500.94,1,1,11,1,0.000,0
9.692667,1500.00,1498.97,1,1,12,1,0.000,0
9.693334,1500.00,1500.94,1,1,13,1,0.000,0
9.694000,1500.00,1500.66,1,1,14,1,0.000,0
9.694667,1500.00,1500.09,1,1,15,1,0.000,0
9.695334,1500.00,1499.53,1,1,16,1,0.000,0
9.696000,1500.00,1500.09,1,1,17,1,0.000,0
9.696667,1500.00,1499.25,1,1,18,1,0.000,0
9.697334,1500.00,1499.53,1,1,19,1,0.000,0
9.698000,1500.00,1501.22,1,1,20,1,0.000,0
9.698667,1500.00,1499.25,1,1,21,1,0.000,0
9.699334,1500.00,1499.53,1,1,22,1,0.000,0
9.700000,1500.00,1499.53,1,1,23,1,0.000,0
9.700667,1500.00,1499.81,1,1,24,1,0.000,0
9.701334,1500.00,1499.53,1,1,25,1,0.000,0
9.702000,1500.00,1500.09,1,1,26,1,0.000,0
9.702667,1500.00,1500.66,1,1,27,1,0.000,0
9.703334,1500.00,1499.81,1,1,28,1,0.000,0
9.704000,1500.00,1499.81,1,1,29,1,0.000,0
9.704667,1500.00,1500.09,1,1,30,1,0.000,0
9.705334,1500.00,1500.09,1,1,31,1,0.000,0
9.706000,1500.00,1500.09,1,1,32,1,0.000,0
9.706667,1500.00,1500.66,1,1,33,1,0.000,0
9.707334,1500.00,1499.81,1,1,34,1,0.000,0
9.708000,1500.00,1499.25,1,1,35,1,0.000,0
9.708667,1500.00,1499.81,1,1,36,1,0.000,0
9.709334,1500.00,1500.66,1,1,37,1,0.000,0
9.710000,1500.00,1500.09,1,1,38,1,0.000,0
9.710667,1500.00,1500.38,1,1,39,1,0.000,0
9.711334,1500.00,1499.81,1,1,40,1,0.000,0
9.712000,1500.00,1500.09,1,1,41,1,0.000,0
9.712667,1500.00,1500.09,1,1,42,1,0.000,0
9.713334,1500.00,1499.81,1,1,43,1,0.000,0
9.714000,1500.00,1500.09,1,1,44,1,0.000,0
9.714667,1500.00,1498.69,1,1,45,1,0.000,0
9.715334,1500.00,1499.81,1,1,46,1,0.000,0
9.716000,1500.00,1499.81,1,1,47,1,0.000,0
9.716667,1500.00,1500.38,1,1,48,1,0.000,0
9.717334,1500.00,1499.25,1,1,49,1,0.000,0
9.718000,1500.00,1500.38,1,1,50,1,0.000,0
9.718667,1500.00,1500.66,1,1,51,1,0.000,0
9.719334,1500.00,1499.53,1,1,52,1,0.000,0
9.720000,1500.00,1500.94,1,1,53,1,0.000,0
9.720667,1500.00,1499.81,1,1,54,1,0.000,0
9.721334,1500.00,1500.66,1,1,55,1,0.000,0
9.722000,1500.00,1499.25,1,1,56,1,0.000,0
9.722667,1500.00,1500.38,1,1,57,1,0.000,0
9.724667,1500.00,1500.15,1,1,0,0,0.000,0
9.725334,1500.00,1500.38,1,1,1,0,0.000,0
9.726000,1500.00,1500.60,1,1,2,0,0.000,0
9.726667,1500.00,1499.70,1,1,3,0,0.000,0
9.727334,1500.00,1500.15,1,1,4,0,0.000,0
9.728000,1500.00,1499.48,1,1,5,0,0.000,0
9.728667,1500.00,1500.83,1,1,6,0,0.000,0
9.729334,1500.00,1500.15,1,1,7,0,0.000,0
9.730000,1500.00,1499.53,1,1,8,0,0.000,0
9.730667,1500.00,1499.81,1,1,9,0,0.000,0
9.731334,1500.00,1500.66,1,1,10,0,0.000,0
9.732000,1500.00,1500.66,1,1,11,0,0.000,0
9.732667,1500.00,1500.66,1,1,12,0,0.000,0
9.733334,1500.00,1500.38,1,1,13,0,0.000,0
9.734000,1500.00,1499.25,1,1,14,0,0.000,0
9.734667,1500.00,1499.53,1,1,15,0,0.000,0
9.735334,1500.00,1499.81,1,1,16,0,0.000,0
9.736000,1500.00,1499.25,1,1,17,0,0.000,0
9.736667,1500.00,1499.25,1,1,18,0,0.000,0
9.737334,1500.00,1499.25,1,1,19,0,0.000,0
9.738000,1500.00,1499.53,1,1,20,0,0.000,0
9.738667,1500.00,1498.97,1,1,21,0,0.000,0
9.739334,1500.00,1500.38,1,1,22,0,0.000,0
9.740000,1500.00,1500.38,1,1,23,0,0.000,0
9.740667,1500.00,1500.38,1,1,24,0,0.000,0
9.741334,1500.00,1500.94,1,1,25,0,0.000,0
9.742000,1500.00,1499.81,1,1,26,0,0.000,0
9.742667,1500.00,1500.09,1,1,27,0,0.000,0
9.743334,1500.00,1499.81,1,1,28,0,0.000,0
9.744000,1500.00,1500.09,1,1,29,0,0.000,0
9.744667,1500.00,1500.38,1,1,30,0,0.000,0
9.745334,1500.00,1499.81,1,1,31,0,0.000,0
9.746000,1500.00,1500.94,1,1,32,0,0.000,0
9.746667,1500.00,1499.25,1,1,33,0,0.000,0
9.747334,1500.00,1500.09,1,1,34,0,0.000,0
9.748000,1500.00,1500.66,1,1,35,0,0.000,0
9.748667,1500.00,1500.38,1,1,36,0,0.000,0
9.749334,1500.00,1500.38,1,1,37,0,0.000,0
9.750000,1500.00,1499.81,1,1,38,0,0.000,0
9.750667,1500.00,1499.81,1,1,39,0,0.000,0
9.751334,1500.00,1499.25,1,1,40,0,0.000,0
9.752000,1500.00,1500.38,1,1,41,0,0.000,0
9.752667,1500.00,1500.38,1,1,42,0,0.000,0
9.753334,1500.00,1499.81,1,1,43,0,0.000,0
9.754000,1500.00,1499.81,1,1,44,0,0.000,0
9.754667,1500.00,1500.09,1,1,45,0,0.000,0
9.755334,1500.00,1498.97,1,1,46,0,0.000,0
9.756000,1500.00,1500.38,1,1,47,0,0.000,0
9.756667,1500.00,1499.53,1,1,48,0,0.000,0
9.757334,1500.00,1500.38,1,1,49,0,0.000,0
9.758000,1500.00,1499.25,1,1,50,0,0.000,0
9.758667,1500.00,1499.81,1,1,51,0,0.000,0
9.759334,1500.00,1499.81,1,1,52,0,0.000,0
9.760000,1500.00,1499.81,1,1,53,0,0.000,0
9.760667,1500.00,1500.38,1,1,54,0,0.000,0
9.761334,1500.00,1499.25,1,1,55,0,0.000,0
9.762000,1500.00,1500.38,1,1,56,0,0.000,0
9.762667,1500.00,1498.97,1,1,57,0,0.000,0
9.764667,1500.00,1500.15,1,1,0,1,0.000,0
9.765334,1500.00,1500.15,1,1,1,1,0.000,0
9.766000,1500.00,1500.38,1,1,2,1,0.000,0
9.766667,1500.00,1500.15,1,1,3,1,0.000,0
9.767334,1500.00,1500.15,1,1,4,1,0.000,0
9.768000,1500.00,1500.38,1,1,5,1,0.000,0
9.768667,1500.00,1500.38,1,1,6,1,0.000,0
9.769334,1500.00,1500.83,1,1,7,1,0.000,0
9.770000,1500.00,1500.09,1,1,8,1,0.000,0
9.770667,1500.00,1499.81,1,1,9,1,0.000,0
9.771334,1500.00,1499.25,1,1,10,1,0.000,0
9.772000,1500.00,1499.81,1,1,11,1,0.000,0
9.772667,1500.00,1500.38,1,1,12,1,0.000,0
9.773334,1500.00,1500.38,1,1,13,1,0.000,0
9.774000,1500.00,1499.53,1,1,14,1,0.000,0
9.774667,1500.00,1498.97,1,1,15,1,0.000,0
9.775334,1500.00,1500.66,1,1,16,1,0.000,0
9.776000,1500.00,1499.81,1,1,17,1,0.000,0
9.776667,1500.00,1500.38,1,1,18,1,0.000,0
9.777334,1500.00,1500.66,1,1,19,1,0.000,0
9.778000,1500.00,1500.09,1,1,20,1,0.000,0
9.778667,1500.00,1500.09,1,1,21,1,0.000,0
9.779334,1500.00,1499.81,1,1,22,1,0.000,0
9.780000,1500.00,1500.09,1,1,23,1,0.000,0
9.780667,1500.00,1499.25,1,1,24,1,0.000,0
9.781334,1500.00,1500.38,1,1,25,1,0.000,0
9.782000,1500.00,1499.25,1,1,26,1,0.000,0
9.782667,1500.00,1499.53,1,1,27,1,0.000,0
9.783334,1500.00,1499.81,1,1,28,1,0.000,0
9.784000,1500.00,1500.09,1,1,29,1,0.000,0
9.784667,1500.00,1500.09,1,1,30,1,0.000,0
9.785334,1500.00,1499.81,1,1,31,1,0.000,0
9.786000,1500.00,1500.66,1,1,32,1,0.000,0
9.786667,1500.00,1499.25,1,1,33,1,0.000,0
9.787334,1500.00,1500.94,1,1,34,1,0.000,0
9.788000,1500.00,1500.09,1,1,35,1,0.000,0
9.788667,1500.00,1499.81,1,1,36,1,0.000,0
9.789334,1500.00,1499.81,1,1,37,1,0.000,0
9.790000,1500.00,1499.81,1,1,38,1,0.000,0
9.790667,1500.00,1500.66,1,1,39,1,0.000,0
9.791334,1500.00,1499.53,1,1,40,1,0.000,0
9.792000,1500.00,1501.22,1,1,41,1,0.000,0
9.792667,1500.00,1500.38,1,1,42,1,0.000,0
9.793334,1500.00,1500.66,1,1,43,1,0.000,0
9.794000,1500.00,1500.66,1,1,44,1,0.000,0
9.794667,1500.00,1499.53,1,1,45,1,0.000,0
9.795334,1500.00,1500.38,1,1,46,1,0.000,0
9.796000,1500.00,1500.38,1,1,47,1,0.000,0
9.796667,1500.00,1500.66,1,1,48,1,0.000,0
9.797334,1500.00,1499.81,1,1,49,1,0.000,0
9.798000,1500.00,1499.25,1,1,50,1,0.000,0
9.798667,1500.00,1498.97,1,1,51,1,0.000,0
9.799334,1500.00,1499.25,1,1,52,1,0.000,0
9.800000,1500.00,1500.38,1,1,53,1,0.000,0
9.800667,1500.00,1499.53,1,1,54,1,0.000,0
9.801334,1500.00,1499.81,1,1,55,1,0.000,0
9.802000,1500.00,1499.81,1,1,56,1,0.000,0
9.802667,1500.00,1498.97,1,1,57,1,0.000,0
9.804667,1500.00,1499.93,1,1,0,0,0.000,0
9.805334,1500.00,1499.93,1,1,1,0,0.000,0
9.806000,1500.00,1500.38,1,1,2,0,0.000,0
9.806667,1500.00,1500.38,1,1,3,0,0.000,0
9.807334,1500.00,1499.93,1,1,4,0,0.000,0
9.808000,1500.00,1499.93,1,1,5,0,0.000,0
9.808667,1500.00,1499.70,1,1,6,0,0.000,0
9.809334,1500.00,1500.38,1,1,7,0,0.000,0
9.810000,1500.00,1500.09,1,1,8,0,0.000,0
9.810667,1500.00,1500.09,1,1,9,0,0.000,0
9.811334,1500.00,1499.53,1,1,10,0,0.000,0
9.812000,1500.00,1499.25,1,1,11,0,0.000,0
9.812667,1500.00,1500.09,1,1,12,0,0.000,0
9.813334,1500.00,1500.09,1,1,13,0,0.000,0
9.814000,1500.00,1500.66,1,1,14,0,0.000,0
9.814667,1500.00,1500.09,1,1,15,0,0.000,0
9.815334,1500.00,1500.38,1,1,16,0,0.000,0
9.816000,1500.00,1500.09,1,1,17,0,0.000,0
9.816667,1500.00,1500.66,1,1,18,0,0.000,0
9.817334,1500.00,1499.81,1,1,19,0,0.000,0
9.818000,1500.00,1500.66,1,1,20,0,0.000,0
9.818667,1500.00,1499.25,1,1,21,0,0.000,0
9.819334,1500.00,1499.53,1,1,22,0,0.000,0
9.820000,1500.00,1499.81,1,1,23,0,0.000,0
9.820667,1500.00,1499.81,1,1,24,0,0.000,0
9.821334,1500.00,1499.81,1,1,25,0,0.000,0
9.822000,1500.00,1499.25,1,1,26,0,0.000,0
9.822667,1500.00,1500.66,1,1,27,0,0.000,0
9.823334,1500.00,1500.09,1,1,28,0,0.000,0
9.824000,1500.00,1500.94,1,1,29,0,0.000,0
9.824667,1500.00,1499.53,1,1,30,0,0.000,0
9.825334,1500.00,1500.66,1,1,31,0,0.000,0
9.826000,1500.00,1500.09,1,1,32,0,0.000,0
9.826667,1500.00,1500.38,1,1,33,0,0.000,0
9.827334,1500.00,1500.38,1,1,34,0,0.000,0
9.828000,1500.00,1499.81,1,1,35,0,0.000,0
9.828667,1500.00,1499.25,1,1,36,0,0.000,0
9.829334,1500.00,1499.25,1,1,37,0,0.000,0
9.830000,1500.00,1499.81,1,1,38,0,0.000,0
9.830667,1500.00,1499.53,1,1,39,0,0.000,0
9.831334,1500.00,1499.81,1,1,40,0,0.000,0
9.832000,1500.00,1499.81,1,1,41,0,0.000,0
9.832667,1500.00,1500.66,1,1,42,0,0.000,0
9.833334,1500.00,1500.09,1,1,43,0,0.000,0
9.834000,1500.00,1500.38,1,1,44,0,0.000,0
9.834667,1500.00,1500.09,1,1,45,0,0.000,0
9.835334,1500.00,1500.09,1,1,46,0,0.000,0
9.836000,1500.00,1499.53,1,1,47,0,0.000,0
9.836667,1500.00,1500.38,1,1,48,0,0.000,0
9.837334,1500.00,1500.38,1,1,49,0,0.000,0
9.838000,1500.00,1499.25,1,1,50,0,0.000,0
9.838667,1500.00,1498.97,1,1,51,0,0.000,0
9.839334,1500.00,1499.53,1,1,52,0,0.000,0
9.840000,1500.00,1500.38,1,1,53,0,0.000,0
9.840667,1500.00,1500.66,1,1,54,0,0.000,0
9.841334,1500.00,1500.66,1,1,55,0,0.000,0
9.842000,1500.00,1499.25,1,1,56,0,0.000,0
9.842667,1500.00,1500.09,1,1,57,0,0.000,0
9.844667,1500.00,1499.48,1,1,0,1,0.000,0
9.845334,1500.00,1500.60,1,1,1,1,0.000,0
9.846000,1500.00,1500.15,1,1,2,1,0.000,0
9.846667,1500.00,1500.15,1,1,3,1,0.000,0
9.847334,1500.00,1499.70,1,1,4,1,0.000,0
9.848000,1500.00,1499.93,1,1,5,1,0.000,0
9.848667,1500.00,1500.15,1,1,6,1,0.000,0
9.849334,1500.00,1499.48,1,1,7,1,0.000,0
9.850000,1500.00,1500.94,1,1,8,1,0.000,0
9.850667,1500.00,1500.66,1,1,9,1,0.000,0
9.851334,1500.00,1499.81,1,1,10,1,0.000,0
9.852000,1500.00,1499.53,1,1,11,1,0.000,0
9.852667,1500.00,1499.81,1,1,12,1,0.000,0
9.853334,1500.00,1499.53,1,1,13,1,0.000,0
9.854000,1500.00,1499.81,1,1,14,1,0.000,0
9.854667,1500.00,1500.66,1,1,15,1,0.000,0
9.855334,1500.00,1499.25,1,1,16,1,0.000,0
9.856000,1500.00,1499.25,1,1,17,1,0.000,0
9.856667,1500.00,1500.66,1,1,18,1,0.000,0
9.857334,1500.00,1500.66,1,1,19,1,0.000,0
9.858000,1500.00,1499.81,1,1,20,1,0.000,0
9.858667,1500.00,1500.09,1,1,21,1,0.000,0
9.859334,1500.00,1500.38,1,1,22,1,0.000,0
9.860000,1500.00,1499.81,1,1,23,1,0.000,0
9.860667,1500.00,1500.38,1,1,24,1,0.000,0
9.861334,1500.00,1499.25,1,1,25,1,0.000,0
9.862000,1500.00,1499.25,1,1,26,1,0.000,0
9.862667,1500.00,1500.38,1,1,27,1,0.000,0
9.863334,1500.00,1500.66,1,1,28,1,0.000,0
9.864000,1500.00,1500.38,1,1,29,1,0.000,0
9.864667,1500.00,1500.94,1,1,30,1,0.000,0
9.865334,1500.00,1499.81,1,1,31,1,0.000,0
9.866000,1500.00,1500.38,1,1,32,1,0.000,0
9.866667,1500.00,1500.66,1,1,33,1,0.000,0
9.867334,1500.00,1500.09,1,1,34,1,0.000,0
9.868000,1500.00,1499.81,1,1,35,1,0.000,0
9.868667,1500.00,1499.81,1,1,36,1,0.000,0
9.869334,1500.00,1499.81,1,1,37,1,0.000,0
9.870000,1500.00,1498.97,1,1,38,1,0.000,0
9.870667,1500.00,1499.53,1,1,39,1,0.000,0
9.871334,1500.00,1499.81,1,1,40,1,0.000,0
9.872000,1500.00,1500.38,1,1,41,1,0.000,0
9.872667,1500.00,1499.81,1,1,42,1,0.000,0
9.873334,1500.00,1498.97,1,1,43,1,0.000,0
9.874000,1500.00,1500.66,1,1,44,1,0.000,0
9.874667,1500.00,1499.81,1,1,45,1,0.000,0
9.875334,1500.00,1500.38,1,1,46,1,0.000,0
9.876000,1500.00,1500.38,1,1,47,1,0.000,0
9.876667,1500.00,1500.09,1,1,48,1,0.000,0
9.877334,1500.00,1499.25,1,1,49,1,0.000,0
9.878000,1500.00,1501.22,1,1,50,1,0.000,0
9.878667,1500.00,1500.94,1,1,51,1,0.000,0
9.879334,1500.00,1498.69,1,1,52,1,0.000,0
9.880000,1500.00,1499.53,1,1,53,1,0.000,0
9.880667,1500.00,1500.09,1,1,54,1,0.000,0
9.881334,1500.00,1500.66,1,1,55,1,0.000,0
9.882000,1500.00,1499.53,1,1,56,1,0.000,0
9.882667,1500.00,1500.94,1,1,57,1,0.000,0
9.884667,1500.00,1499.48,1,1,0,0,0.000,0
9.885334,1500.00,1499.70,1,1,1,0,0.000,0
9.886000,1500.00,1500.15,1,1,2,0,0.000,0
9.886667,1500.00,1500.38,1,1,3,0,0.000,0
9.887334,1500.00,1499.48,1,1,4,0,0.000,0
9.888000,1500.00,1499.93,1,1,5,0,0.000,0
9.888667,1500.00,1499.93,1,1,6,0,0.000,0
9.889334,1500.00,1499.70,1,1,7,0,0.000,0
9.890000,1500.00,1499.25,1,1,8,0,0.000,0
9.890667,1500.00,1500.09,1,1,9,0,0.000,0
9.891334,1500.00,1500.09,1,1,10,0,0.000,0
9.892000,1500.00,1500.38,1,1,11,0,0.000,0
9.892667,1500.00,1499.53,1,1,12,0,0.000,0
9.893334,1500.00,1499.53,1,1,13,0,0.000,0
9.894000,1500.00,1500.09,1,1,14,0,0.000,0
9.894667,1500.00,1500.66,1,1,15,0,0.000,0
9.895334,1500.00,1500.94,1,1,16,0,0.000,0
9.896000,1500.00,1499.53,1,1,17,0,0.000,0
9.896667,1500.00,1500.66,1,1,18,0,0.000,0
9.897334,1500.00,1499.25,1,1,19,0,0.000,0
9.898000,1500.00,1500.66,1,1,20,0,0.000,0
9.898667,1500.00,1499.81,1,1,21,0,0.000,0
9.899334,1500.00,1499.81,1,1,22,0,0.000,0
9.900000,1500.00,1498.97,1,1,23,0,0.000,0
9.900667,1500.00,1500.09,1,1,24,0,0.000,0
9.901334,1500.00,1500.38,1,1,25,0,0.000,0
9.902000,1500.00,1499.53,1,1,26,0,0.000,0
9.902667,1500.00,1501.50,1,1,27,0,0.000,0
9.903334,1500.00,1500.38,1,1,28,0,0.000,0
9.904000,1500.00,1500.38,1,1,29,0,0.000,0
9.904667,1500.00,1499.81,1,1,30,0,0.000,0
9.905334,1500.00,1500.94,1,1,31,0,0.000,0
9.906000,1500.00,1499.81,1,1,32,0,0.000,0
9.906667,1500.00,1499.53,1,1,33,0,0.000,0
9.907334,1500.00,1500.09,1,1,34,0,0.000,0
9.908000,1500.00,1499.81,1,1,35,0,0.000,0
9.908667,1500.00,1500.66,1,1,36,0,0.000,0
9.909334,1500.00,1499.81,1,1,37,0,0.000,0
9.910000,1500.00,1500.09,1,1,38,0,0.000,0
9.910667,1500.00,1499.53,1,1,39,0,0.000,0
9.911334,1500.00,1500.09,1,1,40,0,0.000,0
9.912000,1500.00,1500.09,1,1,41,0,0.000,0
9.912667,1500.00,1499.81,1,1,42,0,0.000,0
9.913334,1500.00,1499.25,1,1,43,0,0.000,0
9.914000,1500.00,1500.09,1,1,44,0,0.000,0
9.914667,1500.00,1499.53,1,1,45,0,0.000,0
9.915334,1500.00,1500.66,1,1,46,0,0.000,0
9.916000,1500.00,1500.09,1,1,47,0,0.000,0
9.916667,1500.00,1499.81,1,1,48,0,0.000,0
9.917334,1500.00,1500.38,1,1,49,0,0.000,0
9.918000,1500.00,1500.38,1,1,50,0,0.000,0
9.918667,1500.00,1500.66,1,1,51,0,0.000,0
9.919334,1500.00,1499.25,1,1,52,0,0.000,0
9.920000,1500.00,1500.38,1,1,53,0,0.000,0
9.920667,1500.00,1500.09,1,1,54,0,0.000,0
9.921334,1500.00,1500.09,1,1,55,0,0.000,0
9.922000,1500.00,1500.09,1,1,56,0,0.000,0
9.922667,1500.00,1499.81,1,1,57,0,0.000,0
9.924667,1500.00,1499.93,1,1,0,1,0.000,0
9.925334,1500.00,1499.70,1,1,1,1,0.000,0
9.926000,1500.00,1500.15,1,1,2,1,0.000,0
9.926667,1500.00,1500.38,1,1,3,1,0.000,0
9.927334,1500.00,1499.48,1,1,4,1,0.000,0
9.928000,1500.00,1499.48,1,1,5,1,0.000,0
9.928667,1500.00,1500.15,1,1,6,1,0.000,0
9.929334,1500.00,1499.93,1,1,7,1,0.000,0
9.930000,1500.00,1499.81,1,1,8,1,0.000,0
9.930667,1500.00,1499.81,1,1,9,1,0.000,0
9.931334,1500.00,1499.25,1,1,10,1,0.000,0
9.932000,1500.00,1499.53,1,1,11,1,0.000,0
9.932667,1500.00,1500.66,1,1,12,1,0.000,0
9.933334,1500.00,1500.09,1,1,13,1,0.000,0
9.934000,1500.00,1499.53,1,1,14,1,0.000,0
9.934667,1500.00,1499.81,1,1,15,1,0.000,0
9.935334,1500.00,1500.38,1,1,16,1,0.000,0
9.936000,1500.00,1500.09,1,1,17,1,0.000,0
9.936667,1500.00,1500.38,1,1,18,1,0.000,0
9.937334,1500.00,1500.94,1,1,19,1,0.000,0
9.938000,1500.00,1498.97,1,1,20,1,0.000,0
9.938667,1500.00,1500.09,1,1,21,1,0.000,0
9.939334,1500.00,1499.53,1,1,22,1,0.000,0
9.940000,1500.00,1501.22,1,1,23,1,0.000,0
9.940667,1500.00,1499.81,1,1,24,1,0.000,0
9.941334,1500.00,1499.53,1,1,25,1,0.000,0
9.942000,1500.00,1500.09,1,1,26,1,0.000,0
9.942667,1500.00,1499.53,1,1,27,1,0.000,0
9.943334,1500.00,1500.66,1,1,28,1,0.000,0
9.944000,1500.00,1500.38,1,1,29,1,0.000,0
9.944667,1500.00,1500.66,1,1,30,1,0.000,0
9.945334,1500.00,1499.25,1,1,31,1,0.000,0
9.946000,1500.00,1499.81,1,1,32,1,0.000,0
9.946667,1500.00,1500.09,1,1,33,1,0.000,0
9.947334,1500.00,1500.09,1,1,34,1,0.000,0
9.948000,1500.00,1499.53,1,1,35,1,0.000,0
9.948667,1500.00,1500.09,1,1,36,1,0.000,0
9.949334,1500.00,1500.38,1,1,37,1,0.000,0
9.950000,1500.00,1499.53,1,1,38,1,0.000,0
9.950667,1500.00,1499.81,1,1,39,1,0.000,0
9.951334,1500.00,1500.66,1,1,40,1,0.000,0
9.952000,1500.00,1500.09,1,1,41,1,0.000,0
9.952667,1500.00,1499.53,1,1,42,1,0.000,0
9.953334,1500.00,1500.09,1,1,43,1,0.000,0
9.954000,1500.00,1499.81,1,1,44,1,0.000,0
9.954667,1500.00,1499.53,1,1,45,1,0.000,0
9.955334,1500.00,1500.38,1,1,46,1,0.000,0
9.956000,1500.00,1499.25,1,1,47,1,0.000,0
9.956667,1500.00,1499.81,1,1,48,1,0.000,0
9.957334,1500.00,1500.09,1,1,49,1,0.000,0
9.958000,1500.00,1501.22,1,1,50,1,0.000,0
9.958667,1500.00,1499.81,1,1,51,1,0.000,0
9.959334,1500.00,1499.81,1,1,52,1,0.000,0
9.960000,1500.00,1500.09,1,1,53,1,0.000,0
9.960667,1500.00,1500.38,1,1,54,1,0.000,0
9.961334,1500.00,1500.94,1,1,55,1,0.000,0
9.962000,1500.00,1499.81,1,1,56,1,0.000,0
9.962667,1500.00,1500.09,1,1,57,1,0.000,0
9.964667,1500.00,1499.25,1,1,0,0,0.000,0
9.965334,1500.00,1500.15,1,1,1,0,0.000,0
9.966000,1500.00,1499.93,1,1,2,0,0.000,0
9.966667,1500.00,1500.38,1,1,3,0,0.000,0
9.967334,1500.00,1499.93,1,1,4,0,0.000,0
9.968000,1500.00,1499.93,1,1,5,0,0.000,0
9.968667,1500.00,1499.48,1,1,6,0,0.000,0
9.969334,1500.00,1499.70,1,1,7,0,0.000,0
9.970000,1500.00,1500.09,1,1,8,0,0.000,0
9.970667,1500.00,1500.66,1,1,9,0,0.000,0
9.971334,1500.00,1500.66,1,1,10,0,0.000,0
9.972000,1500.00,1498.97,1,1,11,0,0.000,0
9.972667,1500.00,1499.81,1,1,12,0,0.000,0
9.973334,1500.00,1499.25,1,1,13,0,0.000,0
9.974000,1500.00,1500.09,1,1,14,0,0.000,0
9.974667,1500.00,1500.66,1,1,15,0,0.000,0
9.975334,1500.00,1499.25,1,1,16,0,0.000,0
9.976000,1500.00,1498.97,1,1,17,0,0.000,0
9.976667,1500.00,1500.94,1,1,18,0,0.000,0
9.977334,1500.00,1500.38,1,1,19,0,0.000,0
9.978000,1500.00,1500.09,1,1,20,0,0.000,0
9.978667,1500.00,1500.38,1,1,21,0,0.000,0
9.979334,1500.00,1500.09,1,1,22,0,0.000,0
9.980000,1500.00,1500.09,1,1,23,0,0.000,0
9.980667,1500.00,1500.94,1,1,24,0,0.000,0
9.981334,1500.00,1500.09,1,1,25,0,0.000,0
9.982000,1500.00,1498.41,1,1,26,0,0.000,0
9.982667,1500.00,1500.09,1,1,27,0,0.000,0
9.983334,1500.00,1500.09,1,1,28,0,0.000,0
9.984000,1500.00,1500.66,1,1,29,0,0.000,0
9.984667,1500.00,1500.09,1,1,30,0,0.000,0
9.985334,1500.00,1499.81,1,1,31,0,0.000,0
9.986000,1500.00,1499.25,1,1,32,0,0.000,0
9.986667,1500.00,1500.94,1,1,33,0,0.000,0
9.987334,1500.00,1500.38,1,1,34,0,0.000,0
9.988000,1500.00,1500.09,1,1,35,0,0.000,0
9.988667,1500.00,1500.38,1,1,36,0,0.000,0
9.989334,1500.00,1500.09,1,1,37,0,0.000,0
9.990000,1500.00,1500.94,1,1,38,0,0.000,0
9.990667,1500.00,1499.81,1,1,39,0,0.000,0
9.991334,1500.00,1500.66,1,1,40,0,0.000,0
9.992000,1500.00,1500.09,1,1,41,0,0.000,0
9.992667,1500.00,1499.53,1,1,42,0,0.000,0
9.993334,1500.00,1500.09,1,1,43,0,0.000,0
9.994000,1500.00,1499.81,1,1,44,0,0.000,0
9.994667,1500.00,1499.25,1,1,45,0,0.000,0
9.995334,1500.00,1499.53,1,1,46,0,0.000,0
9.996000,1500.00,1500.09,1,1,47,0,0.000,0
9.996667,1500.00,1500.09,1,1,48,0,0.000,0
9.997334,1500.00,1499.53,1,1,49,0,0.000,0
9.998000,1500.00,1501.22,1,1,50,0,0.000,0
9.998667,1500.00,1499.53,1,1,51,0,0.000,0
9.999334,1500.00,1500.09,1,1,52,0,0.000,0
10.000000,1500.00,1500.66,1,1,53,0,0.000,0
10.000667,1500.00,1499.25,1,1,54,0,0.000,0
10.001334,1500.00,1500.66,1,1,55,0,0.000,0
10.002000,1500.00,1499.53,1,1,56,0,0.000,0
10.002667,1500.00,1500.38,1,1,57,0,0.000,0
10.004667,1500.00,1499.48,1,1,0,1,0.000,0
10.005334,1500.00,1500.15,1,1,1,1,0.000,0
10.006000,1500.00,1499.48,1,1,2,1,0.000,0
10.006667,1500.00,1499.93,1,1,3,1,0.000,0
10.007334,1500.00,1500.38,1,1,4,1,0.000,0
10.008000,1500.00,1499.48,1,1,5,1,0.000,0
10.008667,1500.00,1500.60,1,1,6,1,0.000,0
10.009334,1500.00,1499.48,1,1,7,1,0.000,0
10.010000,1500.00,1499.53,1,1,8,1,0.000,0
10.010667,1500.00,1499.53,1,1,9,1,0.000,0
10.011334,1500.00,1500.09,1,1,10,1,0.000,0
10.012000,1500.00,1500.09,1,1,11,1,0.000,0
10.012667,1500.00,1499.81,1,1,12,1,0.000,0
10.013334,1500.00,1500.38,1,1,13,1,0.000,0
10.014000,1500.00,1498.69,1,1,14,1,0.000,0
10.014667,1500.00,1499.81,1,1,15,1,0.000,0
10.015334,1500.00,1501.22,1,1,16,1,0.000,0
10.016000,1500.00,1500.94,1,1,17,1,0.000,0
10.016667,1500.00,1500.09,1,1,18,1,0.000,0
10.017334,1500.00,1499.25,1,1,19,1,0.000,0
10.018000,1500.00,1500.09,1,1,20,1,0.000,0
10.018667,1500.00,1499.81,1,1,21,1,0.000,0
10.019334,1500.00,1501.50,1,1,22,1,0.000,0
10.020000,1500.00,1499.81,1,1,23,1,0.000,0
10.020667,1500.00,1499.53,1,1,24,1,0.000,0
10.021334,1500.00,1499.53,1,1,25,1,0.000,0
10.022000,1500.00,1500.66,1,1,26,1,0.000,0
10.022667,1500.00,1500.09,1,1,27,1,0.000,0
10.023334,1500.00,1500.09,1,1,28,1,0.000,0
10.024000,1500.00,1499.25,1,1,29,1,0.000,0
10.024667,1500.00,1499.25,1,1,30,1,0.000,0
10.025334,1500.00,1500.94,1,1,31,1,0.000,0
10.026000,1500.00,1500.09,1,1,32,1,0.000,0
10.026667,1500.00,1500.09,1,1,33,1,0.000,0
10.027334,1500.00,1500.38,1,1,34,1,0.000,0
10.028000,1500.00,1499.81,1,1,35,1,0.000,0
10.028667,1500.00,1499.25,1,1,36,1,0.000,0
10.029334,1500.00,1500.38,1,1,37,1,0.000,0
10.030000,1500.00,1500.09,1,1,38,1,0.000,0
10.030667,1500.00,1499.53,1,1,39,1,0.000,0
10.031334,1500.00,1499.53,1,1,40,1,0.000,0
10.032000,1500.00,1499.81,1,1,41,1,0.000,0
10.032667,1500.00,1498.97,1,1,42,1,0.000,0
10.033334,1500.00,1500.09,1,1,43,1,0.000,0
10.034000,1500.00,1500.66,1,1,44,1,0.000,0
10.034667,1500.00,1499.25,1,1,45,1,0.000,0
10.035334,1500.00,1499.81,1,1,46,1,0.000,0
10.036000,1500.00,1500.66,1,1,47,1,0.000,0
10.036667,1500.00,1499.81,1,1,48,1,0.000,0
10.037334,1500.00,1500.09,1,1,49,1,0.000,0
10.038000,1500.00,1499.81,1,1,50,1,0.000,0
10.038667,1500.00,1500.94,1,1,51,1,0.000,0
10.039334,1500.00,1500.09,1,1,52,1,0.000,0
10.040000,1500.00,1501.22,1,1,53,1,0.000,0
10.040667,1500.00,1500.66,1,1,54,1,0.000,0
10.041334,1500.00,1498.97,1,1,55,1,0.000,0
10.042000,1500.00,1499.81,1,1,56,1,0.000,0
10.042667,1500.00,1499.81,1,1,57,1,0.000,0
10.044667,1500.00,1499.93,1,1,0,0,0.000,0
10.045334,1500.00,1499.03,1,1,1,0,0.000,0
10.046000,1500.00,1499.93,1,1,2,0,0.000,0
10.046667,1500.00,1499.70,1,1,3,0,0.000,0
10.047334,1500.00,1499.25,1,1,4,0,0.000,0
10.048000,1500.00,1499.93,1,1,5,0,0.000,0
10.048667,1500.00,1500.15,1,1,6,0,0.000,0
10.049334,1500.00,1500.15,1,1,7,0,0.000,0
10.050000,1500.00,1499.81,1,1,8,0,0.000,0
10.050667,1500.00,1500.09,1,1,9,0,0.000,0
10.051334,1500.00,1500.09,1,1,10,0,0.000,0
10.052000,1500.00,1499.81,1,1,11,0,0.000,0
10.052667,1500.00,1500.09,1,1,12,0,0.000,0
10.053334,1500.00,1500.38,1,1,13,0,0.000,0
10.054000,1500.00,1500.66,1,1,14,0,0.000,0
10.054667,1500.00,1500.09,1,1,15,0,0.000,0
10.055334,1500.00,1500.94,1,1,16,0,0.000,0
10.056000,1500.00,1500.94,1,1,17,0,0.000,0
10.056667,1500.00,1499.81,1,1,18,0,0.000,0
10.057334,1500.00,1500.09,1,1,19,0,0.000,0
10.058000,1500.00,1500.09,1,1,20,0,0.000,0
10.058667,1500.00,1499.81,1,1,21,0,0.000,0
10.059334,1500.00,1499.53,1,1,22,0,0.000,0
10.060000,1500.00,1499.81,1,1,23,0,0.000,0
10.060667,1500.00,1499.81,1,1,24,0,0.000,0
10.061334,1500.00,1499.81,1,1,25,0,0.000,0
10.062000,1500.00,1500.38,1,1,26,0,0.000,0
10.062667,1500.00,1499.53,1,1,27,0,0.000,0
10.063334,1500.00,1500.09,1,1,28,0,0.000,0
10.064000,1500.00,1500.38,1,1,29,0,0.000,0
10.064667,1500.00,1500.09,1,1,30,0,0.000,0
10.065334,1500.00,1500.94,1,1,31,0,0.000,0
10.066000,1500.00,1499.81,1,1,32,0,0.000,0
10.066667,1500.00,1500.09,1,1,33,0,0.000,0
10.067334,1500.00,1500.66,1,1,34,0,0.000,0
10.068000,1500.00,1500.66,1,1,35,0,0.000,0
10.068667,1500.00,1500.09,1,1,36,0,0.000,0
10.069334,1500.00,1499.81,1,1,37,0,0.000,0
10.070000,1500.00,1499.53,1,1,38,0,0.000,0
10.070667,1500.00,1499.25,1,1,39,0,0.000,0
10.071334,1500.00,1499.81,1,1,40,0,0.000,0
10.072000,1500.00,1499.25,1,1,41,0,0.000,0
10.072667,1500.00,1499.53,1,1,42,0,0.000,0
10.073334,1500.00,1499.81,1,1,43,0,0.000,0
10.074000,1500.00,1499.81,1,1,44,0,0.000,0
10.074667,1500.00,1499.53,1,1,45,0,0.000,0
10.075334,1500.00,1500.38,1,1,46,0,0.000,0
10.076000,1500.00,1498.97,1,1,47,0,0.000,0
10.076667,1500.00,1500.09,1,1,48,0,0.000,0
10.077334,1500.00,1500.38,1,1,49,0,0.000,0
10.078000,1500.00,1500.38,1,1,50,0,0.000,0
10.078667,1500.00,1500.38,1,1,51,0,0.000,0
10.079334,1500.00,1500.94,1,1,52,0,0.000,0
10.080000,1500.00,1500.38,1,1,53,0,0.000,0
10.080667,1500.00,1500.09,1,1,54,0,0.000,0
10.081334,1500.00,1500.38,1,1,55,0,0.000,0
10.082000,1500.00,1500.09,1,1,56,0,0.000,0
10.082667,1500.00,1500.09,1,1,57,0,0.000,0
10.084667,1500.00,1499.48,1,1,0,1,0.000,0
10.085334,1500.00,1499.25,1,1,1,1,0.000,0
10.086000,1500.00,1499.48,1,1,2,1,0.000,0
10.086667,1500.00,1500.38,1,1,3,1,0.000,0
10.087334,1500.00,1500.15,1,1,4,1,0.000,0
10.088000,1500.00,1500.83,1,1,5,1,0.000,0
10.088667,1500.00,1499.70,1,1,6,1,0.000,0
10.089334,1500.00,1499.93,1,1,7,1,0.000,0
10.090000,1500.00,1499.81,1,1,8,1,0.000,0
10.090667,1500.00,1500.94,1,1,9,1,0.000,0
10.091334,1500.00,1499.81,1,1,10,1,0.000,0
10.092000,1500.00,1499.53,1,1,11,1,0.000,0
10.092667,1500.00,1500.09,1,1,12,1,0.000,0
10.093334,1500.00,1500.09,1,1,13,1,0.000,0
10.094000,1500.00,1500.09,1,1,14,1,0.000,0
10.094667,1500.00,1500.38,1,1,15,1,0.000,0
10.095334,1500.00,1500.38,1,1,16,1,0.000,0
10.096000,1500.00,1499.53,1,1,17,1,0.000,0
10.096667,1500.00,1499.81,1,1,18,1,0.000,0
10.097334,1500.00,1500.38,1,1,19,1,0.000,0
10.098000,1500.00,1500.09,1,1,20,1,0.000,0
10.098667,1500.00,1500.09,1,1,21,1,0.000,0
10.099334,1500.00,1500.09,1,1,22,1,0.000,0
10.100000,1500.00,1499.25,1,1,23,1,0.000,0
10.100667,1500.00,1499.25,1,1,24,1,0.000,0
10.101334,1500.00,1500.09,1,1,25,1,0.000,0
10.102000,1500.00,1500.09,1,1,26,1,0.000,0
10.102667,1500.00,1499.81,1,1,27,1,0.000,0
10.103334,1500.00,1498.97,1,1,28,1,0.000,0
10.104000,1500.00,1499.53,1,1,29,1,0.000,0
10.104667,1500.00,1500.09,1,1,30,1,0.000,0
10.105334,1500.00,1500.66,1,1,31,1,0.000,0
10.106000,1500.00,1500.38,1,1,32,1,0.000,0
10.106667,1500.00,1500.09,1,1,33,1,0.000,0
10.107334,1500.00,1500.09,1,1,34,1,0.000,0
10.108000,1500.00,1501.22,1,1,35,1,0.000,0
10.108667,1500.00,1500.38,1,1,36,1,0.000,0
10.109334,1500.00,1499.81,1,1,37,1,0.000,0
10.110000,1500.00,1499.25,1,1,38,1,0.000,0
10.110667,1500.00,1499.81,1,1,39,1,0.000,0
10.111334,1500.00,1500.38,1,1,40,1,0.000,0
10.112000,1500.00,1499.81,1,1,41,1,0.000,0
10.112667,1500.00,1500.66,1,1,42,1,0.000,0
10.113334,1500.00,1498.41,1,1,43,1,0.000,0
10.114000,1500.00,1500.09,1,1,44,1,0.000,0
10.114667,1500.00,1499.53,1,1,45,1,0.000,0
10.115334,1500.00,1500.38,1,1,46,1,0.000,0
10.116000,1500.00,1499.25,1,1,47,1,0.000,0
10.116667,1500.00,1499.53,1,1,48,1,0.000,0
10.117334,1500.00,1499.53,1,1,49,1,0.000,0
10.118000,1500.00,1498.97,1,1,50,1,0.000,0
10.118667,1500.00,1500.38,1,1,51,1,0.000,0
10.119334,1500.00,1500.38,1,1,52,1,0.000,0
10.120000,1500.00,1501.22,1,1,53,1,0.000,0
10.120667,1500.00,1499.25,1,1,54,1,0.000,0
10.121334,1500.00,1500.66,1,1,55,1,0.000,0
10.122000,1500.00,1500.66,1,1,56,1,0.000,0
10.122667,1500.00,1500.38,1,1,57,1,0.000,0
10.124667,1500.00,1500.15,1,1,0,0,0.000,0
10.125334,1500.00,1500.15,1,1,1,0,0.000,0
10.126000,1500.00,1499.93,1,1,2,0,0.000,0
10.126667,1500.00,1499.70,1,1,3,0,0.000,0
10.127334,1500.00,1500.83,1,1,4,0,0.000,0
10.128000,1500.00,1500.15,1,1,5,0,0.000,0
10.128667,1500.00,1499.48,1,1,6,0,0.000,0
10.129334,1500.00,1499.93,1,1,7,0,0.000,0
10.130000,1500.00,1500.09,1,1,8,0,0.000,0
10.130667,1500.00,1500.09,1,1,9,0,0.000,0
10.131334,1500.00,1500.09,1,1,10,0,0.000,0
10.132000,1500.00,1499.53,1,1,11,0,0.000,0
10.132667,1500.00,1500.38,1,1,12,0,0.000,0
10.133334,1500.00,1500.09,1,1,13,0,0.000,0
10.134000,1500.00,1500.09,1,1,14,0,0.000,0
10.134667,1500.00,1500.38,1,1,15,0,0.000,0
10.135334,1500.00,1500.38,1,1,16,0,0.000,0
10.136000,1500.00,1499.81,1,1,17,0,0.000,0
10.136667,1500.00,1499.53,1,1,18,0,0.000,0
10.137334,1500.00,1500.09,1,1,19,0,0.000,0
10.138000,1500.00,1499.81,1,1,20,0,0.000,0
10.138667,1500.00,1499.25,1,1,21,0,0.000,0
10.139334,1500.00,1500.38,1,1,22,0,0.000,0
10.140000,1500.00,1499.81,1,1,23,0,0.000,0
10.140667,1500.00,1499.25,1,1,24,0,0.000,0
10.141334,1500.00,1499.81,1,1,25,0,0.000,0
10.142000,1500.00,1500.09,1,1,26,0,0.000,0
10.142667,1500.00,1500.09,1,1,27,0,0.000,0
10.143334,1500.00,1500.94,1,1,28,0,0.000,0
10.144000,1500.00,1500.38,1,1,29,0,0.000,0
10.144667,1500.00,1499.53,1,1,30,0,0.000,0
10.145334,1500.00,1500.38,1,1,31,0,0.000,0
10.146000,1500.00,1500.38,1,1,32,0,0.000,0
10.146667,1500.00,1499.81,1,1,33,0,0.000,0
10.147334,1500.00,1500.38,1,1,34,0,0.000,0
10.148000,1500.00,1500.38,1,1,35,0,0.000,0
10.148667,1500.00,1498.69,1,1,36,0,0.000,0
10.149334,1500.00,1500.09,1,1,37,0,0.000,0
10.150000,1500.00,1499.53,1,1,38,0,0.000,0
10.150667,1500.00,1499.53,1,1,39,0,0.000,0
10.151334,1500.00,1500.09,1,1,40,0,0.000,0
10.152000,1500.00,1500.38,1,1,41,0,0.000,0
10.152667,1500.00,1500.38,1,1,42,0,0.000,0
10.153334,1500.00,1499.81,1,1,43,0,0.000,0
10.154000,1500.00,1500.38,1,1,44,0,0.000,0
10.154667,1500.00,1500.09,1,1,45,0,0.000,0
10.155334,1500.00,1500.66,1,1,46,0,0.000,0
10.156000,1500.00,1500.38,1,1,47,0,0.000,0
10.156667,1500.00,1499.81,1,1,48,0,0.000,0
10.157334,1500.00,1500.09,1,1,49,0,0.000,0
10.158000,1500.00,1499.53,1,1,50,0,0.000,0
10.158667,1500.00,1499.81,1,1,51,0,0.000,0
10.159334,1500.00,1499.81,1,1,52,0,0.000,0
10.160000,1500.00,1499.81,1,1,53,0,0.000,0
10.160667,1500.00,1499.81,1,1,54,0,0.000,0
10.161334,1500.00,1499.53,1,1,55,0,0.000,0
10.162000,1500.00,1500.38,1,1,56,0,0.000,0
10.162667,1500.00,1499.81,1,1,57,0,0.000,0
10.164667,1500.00,1499.70,1,1,0,1,0.000,0
10.165334,1500.00,1499.93,1,1,1,1,0.000,0
10.166000,1500.00,1499.93,1,1,2,1,0.000,0
10.166667,1500.00,1500.15,1,1,3,1,0.000,0
10.167334,1500.00,1500.15,1,1,4,1,0.000,0
10.168000,1500.00,1500.38,1,1,5,1,0.000,0
10.168667,1500.00,1499.70,1,1,6,1,0.000,0
10.169334,1500.00,1499.93,1,1,7,1,0.000,0
10.170000,1500.00,1499.81,1,1,8,1,0.000,0
10.170667,1500.00,1499.81,1,1,9,1,0.000,0
10.171334,1500.00,1499.81,1,1,10,1,0.000,0
10.172000,1500.00,1499.53,1,1,11,1,0.000,0
10.172667,1500.00,1500.09,1,1,12,1,0.000,0
10.173334,1500.00,1499.81,1,1,13,1,0.000,0
10.174000,1500.00,1500.09,1,1,14,1,0.000,0
10.174667,1500.00,1499.81,1,1,15,1,0.000,0
10.175334,1500.00,1501.22,1,1,16,1,0.000,0
10.176000,1500.00,1500.38,1,1,17,1,0.000,0
10.176667,1500.00,1500.38,1,1,18,1,0.000,0
10.177334,1500.00,1500.09,1,1,19,1,0.000,0
10.178000,1500.00,1499.81,1,1,20,1,0.000,0
10.178667,1500.00,1499.81,1,1,21,1,0.000,0
10.179334,1500.00,1499.53,1,1,22,1,0.000,0
10.180000,1500.00,1500.38,1,1,23,1,0.000,0
10.180667,1500.00,1499.25,1,1,24,1,0.000,0
10.181334,1500.00,1500.38,1,1,25,1,0.000,0
10.182000,1500.00,1499.81,1,1,26,1,0.000,0
10.182667,1500.00,1500.66,1,1,27,1,0.000,0
10.183334,1500.00,1500.66,1,1,28,1,0.000,0
10.184000,1500.00,1500.38,1,1,29,1,0.000,0
10.184667,1500.00,1500.66,1,1,30,1,0.000,0
10.185334,1500.00,1499.53,1,1,31,1,0.000,0
10.186000,1500.00,1500.09,1,1,32,1,0.000,0
10.186667,1500.00,1500.09,1,1,33,1,0.000,0
10.187334,1500.00,1501.22,1,1,34,1,0.000,0
10.188000,1500.00,1499.25,1,1,35,1,0.000,0
10.188667,1500.00,1499.25,1,1,36,1,0.000,0
10.189334,1500.00,1500.09,1,1,37,1,0.000,0
10.190000,1500.00,1500.94,1,1,38,1,0.000,0
10.190667,1500.00,1500.38,1,1,39,1,0.000,0
10.191334,1500.00,1499.81,1,1,40,1,0.000,0
10.192000,1500.00,1499.25,1,1,41,1,0.000,0
10.192667,1500.00,1498.69,1,1,42,1,0.000,0
10.193334,1500.00,1500.09,1,1,43,1,0.000,0
10.194000,1500.00,1500.38,1,1,44,1,0.000,0
10.194667,1500.00,1500.09,1,1,45,1,0.000,0
10.195334,1500.00,1499.53,1,1,46,1,0.000,0
10.196000,1500.00,1499.53,1,1,47,1,0.000,0
10.196667,1500.00,1500.09,1,1,48,1,0.000,0
10.197334,1500.00,1500.94,1,1,49,1,0.000,0
10.198000,1500.00,1500.66,1,1,50,1,0.000,0
10.198667,1500.00,1499.53,1,1,51,1,0.000,0
10.199334,1500.00,1499.53,1,1,52,1,0.000,0
10.200000,1500.00,1499.53,1,1,53,1,0.000,0
10.200667,1500.00,1499.81,1,1,54,1,0.000,0
10.201334,1500.00,1500.09,1,1,55,1,0.000,0
10.202000,1500.00,1500.38,1,1,56,1,0.000,0
10.202667,1500.00,1499.25,1,1,57,1,0.000,0
10.204667,1500.00,1500.15,1,1,0,0,0.000,0
10.205334,1500.00,1501.05,1,1,1,0,0.000,0
10.206000,1500.00,1499.70,1,1,2,0,0.000,0
10.206667,1500.00,1500.15,1,1,3,0,0.000,0
10.207334,1500.00,1499.48,1,1,4,0,0.000,0
10.208000,1500.00,1499.48,1,1,5,0,0.000,0
10.208667,1500.00,1499.48,1,1,6,0,0.000,0
10.209334,1500.00,1499.93,1,1,7,0,0.000,0
10.210000,1500.00,1499.81,1,1,8,0,0.000,0
10.210667,1500.00,1499.53,1,1,9,0,0.000,0
10.211334,1500.00,1500.94,1,1,10,0,0.000,0
10.212000,1500.00,1499.53,1,1,11,0,0.000,0
10.212667,1500.00,1500.09,1,1,12,0,0.000,0
10.213334,1500.00,1501.22,1,1,13,0,0.000,0
10.214000,1500.00,1499.81,1,1,14,0,0.000,0
10.214667,1500.00,1499.53,1,1,15,0,0.000,0
10.215334,1500.00,1499.81,1,1,16,0,0.000,0
10.216000,1500.00,1500.38,1,1,17,0,0.000,0
10.216667,1500.00,1499.53,1,1,18,0,0.000,0
10.217334,1500.00,1500.38,1,1,19,0,0.000,0
10.218000,1500.00,1499.81,1,1,20,0,0.000,0
10.218667,1500.00,1500.38,1,1,21,0,0.000,0
10.219334,1500.00,1500.66,1,1,22,0,0.000,0
10.220000,1500.00,1500.66,1,1,23,0,0.000,0
10.220667,1500.00,1499.81,1,1,24,0,0.000,0
10.221334,1500.00,1499.53,1,1,25,0,0.000,0
10.222000,1500.00,1499.81,1,1,26,0,0.000,0
10.222667,1500.00,1500.38,1,1,27,0,0.000,0
10.223334,1500.00,1500.38,1,1,28,0,0.000,0
10.224000,1500.00,1498.97,1,1,29,0,0.000,0
10.224667,1500.00,1500.66,1,1,30,0,0.000,0
10.225334,1500.00,1499.53,1,1,31,0,0.000,0
10.226000,1500.00,1499.81,1,1,32,0,0.000,0
10.226667,1500.00,1500.09,1,1,33,0,0.000,0
10.227334,1500.00,1500.38,1,1,34,0,0.000,0
10.228000,1500.00,1500.66,1,1,35,0,0.000,0
10.228667,1500.00,1499.53,1,1,36,0,0.000,0
10.229334,1500.00,1500.94,1,1,37,0,0.000,0
10.230000,1500.00,1499.53,1,1,38,0,0.000,0
10.230667,1500.00,1499.53,1,1,39,0,0.000,0
10.231334,1500.00,1500.09,1,1,40,0,0.000,0
10.232000,1500.00,1499.81,1,1,41,0,0.000,0
10.232667,1500.00,1500.38,1,1,42,0,0.000,0
10.233334,1500.00,1499.53,1,1,43,0,0.000,0
10.234000,1500.00,1500.38,1,1,44,0,0.000,0
10.234667,1500.00,1499.25,1,1,45,0,0.000,0
10.235334,1500.00,1499.53,1,1,46,0,0.000,0
10.236000,1500.00,1500.94,1,1,47,0,0.000,0
10.236667,1500.00,1499.81,1,1,48,0,0.000,0
10.237334,1500.00,1499.53,1,1,49,0,0.000,0
10.238000,1500.00,1499.81,1,1,50,0,0.000,0
10.238667,1500.00,1499.25,1,1,51,0,0.000,0
10.239334,1500.00,1499.81,1,1,52,0,0.000,0
10.240000,1500.00,1500.09,1,1,53,0,0.000,0
10.240667,1500.00,1500.38,1,1,54,0,0.000,0
10.241334,1500.00,1499.53,1,1,55,0,0.000,0
10.242000,1500.00,1499.81,1,1,56,0,0.000,0
10.242667,1500.00,1500.09,1,1,57,0,0.000,0
10.244667,1500.00,1500.15,1,1,0,1,0.000,0
10.245334,1500.00,1499.93,1,1,1,1,0.000,0
10.246000,1500.00,1500.60,1,1,2,1,0.000,0
10.246667,1500.00,1500.38,1,1,3,1,0.000,0
10.247334,1500.00,1499.48,1,1,4,1,0.000,0
10.248000,1500.00,1499.93,1,1,5,1,0.000,0
10.248667,1500.00,1500.15,1,1,6,1,0.000,0
10.249334,1500.00,1500.15,1,1,7,1,0.000,0
10.250000,1500.00,1499.81,1,1,8,1,0.000,0
10.250667,1500.00,1499.81,1,1,9,1,0.000,0
10.251334,1500.00,1498.69,1,1,10,1,0.000,0
10.252000,1500.00,1500.66,1,1,11,1,0.000,0
10.252667,1500.00,1500.38,1,1,12,1,0.000,0
10.253334,1500.00,1500.66,1,1,13,1,0.000,0
10.254000,1500.00,1500.38,1,1,14,1,0.000,0
10.254667,1500.00,1499.53,1,1,15,1,0.000,0
10.255334,1500.00,1500.09,1,1,16,1,0.000,0
10.256000,1500.00,1500.09,1,1,17,1,0.000,0
10.256667,1500.00,1501.22,1,1,18,1,0.000,0
10.257334,1500.00,1499.25,1,1,19,1,0.000,0
10.258000,1500.00,1499.53,1,1,20,1,0.000,0
10.258667,1500.00,1499.81,1,1,21,1,0.000,0
10.259334,1500.00,1500.09,1,1,22,1,0.000,0
10.260000,1500.00,1500.66,1,1,23,1,0.000,0
10.260667,1500.00,1499.53,1,1,24,1,0.000,0
10.261334,1500.00,1501.22,1,1,25,1,0.000,0
10.262000,1500.00,1499.81,1,1,26,1,0.000,0
10.262667,1500.00,1500.94,1,1,27,1,0.000,0
10.263334,1500.00,1499.81,1,1,28,1,0.000,0
10.264000,1500.00,1500.38,1,1,29,1,0.000,0
10.264667,1500.00,1500.09,1,1,30,1,0.000,0
10.265334,1500.00,1499.53,1,1,31,1,0.000,0
10.266000,1500.00,1499.81,1,1,32,1,0.000,0
10.266667,1500.00,1499.25,1,1,33,1,0.000,0
10.267334,1500.00,1499.81,1,1,34,1,0.000,0
10.268000,1500.00,1498.41,1,1,35,1,0.000,0
10.268667,1500.00,1500.38,1,1,36,1,0.000,0
10.269334,1500.00,1499.53,1,1,37,1,0.000,0
10.270000,1500.00,1500.38,1,1,38,1,0.000,0
10.270667,1500.00,1500.09,1,1,39,1,0.000,0
10.271334,1500.00,1500.09,1,1,40,1,0.000,0
10.272000,1500.00,1499.81,1,1,41,1,0.000,0
10.272667,1500.00,1500.09,1,1,42,1,0.000,0
10.273334,1500.00,1499.53,1,1,43,1,0.000,0
10.274000,1500.00,1500.66,1,1,44,1,0.000,0
10.274667,1500.00,1500.38,1,1,45,1,0.000,0
10.275334,1500.00,1499.53,1,1,46,1,0.000,0
10.276000,1500.00,1500.66,1,1,47,1,0.000,0
10.276667,1500.00,1500.38,1,1,48,1,0.000,0
10.277334,1500.00,1500.09,1,1,49,1,0.000,0
10.278000,1500.00,1500.09,1,1,50,1,0.000,0
10.278667,1500.00,1501.22,1,1,51,1,0.000,0
10.279334,1500.00,1499.25,1,1,52,1,0.000,0
10.280000,1500.00,1499.25,1,1,53,1,0.000,0
10.280667,1500.00,1499.25,1,1,54,1,0.000,0
10.281334,1500.00,1499.25,1,1,55,1,0.000,0
10.282000,1500.00,1500.09,1,1,56,1,0.000,0
10.282667,1500.00,1500.38,1,1,57,1,0.000,0
10.284667,1500.00,1500.38,1,1,0,0,0.000,0
10.285334,1500.00,1500.15,1,1,1,0,0.000,0
10.286000,1500.00,1500.15,1,1,2,0,0.000,0
10.286667,1500.00,1500.38,1,1,3,0,0.000,0
10.287334,1500.00,1500.60,1,1,4,0,0.000,0
10.288000,1500.00,1500.60,1,1,5,0,0.000,0
10.288667,1500.00,1499.70,1,1,6,0,0.000,0
10.289334,1500.00,1500.15,1,1,7,0,0.000,0
10.290000,1500.00,1499.25,1,1,8,0,0.000,0
10.290667,1500.00,1499.53,1,1,9,0,0.000,0
10.291334,1500.00,1500.66,1,1,10,0,0.000,0
10.292000,1500.00,1500.38,1,1,11,0,0.000,0
10.292667,1500.00,1499.81,1,1,12,0,0.000,0
10.293334,1500.00,1500.09,1,1,13,0,0.000,0
10.294000,1500.00,1501.22,1,1,14,0,0.000,0
10.294667,1500.00,1499.53,1,1,15,0,0.000,0
10.295334,1500.00,1500.09,1,1,16,0,0.000,0
10.296000,1500.00,1499.53,1,1,17,0,0.000,0
10.296667,1500.00,1499.25,1,1,18,0,0.000,0
10.297334,1500.00,1499.25,1,1,19,0,0.000,0
10.298000,1500.00,1499.53,1,1,20,0,0.000,0
10.298667,1500.00,1499.81,1,1,21,0,0.000,0
10.299334,1500.00,1498.41,1,1,22,0,0.000,0
10.300000,1500.00,1500.09,1,1,23,0,0.000,0
10.300667,1500.00,1500.09,1,1,24,0,0.000,0
10.301334,1500.00,1500.66,1,1,25,0,0.000,0
10.302000,1500.00,1499.81,1,1,26,0,0.000,0
10.302667,1500.00,1500.66,1,1,27,0,0.000,0
10.303334,1500.00,1500.94,1,1,28,0,0.000,0
10.304000,1500.00,1500.09,1,1,29,0,0.000,0
10.304667,1500.00,1500.66,1,1,30,0,0.000,0
10.305334,1500.00,1499.81,1,1,31,0,0.000,0
10.306000,1500.00,1500.09,1,1,32,0,0.000,0
10.306667,1500.00,1499.53,1,1,33,0,0.000,0
10.307334,1500.00,1500.09,1,1,34,0,0.000,0
10.308000,1500.00,1499.53,1,1,35,0,0.000,0
10.308667,1500.00,1498.97,1,1,36,0,0.000,0
10.309334,1500.00,1500.09,1,1,37,0,0.000,0
10.310000,1500.00,1499.81,1,1,38,0,0.000,0
10.310667,1500.00,1499.25,1,1,39,0,0.000,0
10.311334,1500.00,1500.09,1,1,40,0,0.000,0
10.312000,1500.00,1500.38,1,1,41,0,0.000,0
10.312667,1500.00,1500.66,1,1,42,0,0.000,0
10.313334,1500.00,1500.09,1,1,43,0,0.000,0
10.314000,1500.00,1500.38,1,1,44,0,0.000,0
10.314667,1500.00,1499.53,1,1,45,0,0.000,0
10.315334,1500.00,1500.09,1,1,46,0,0.000,0
10.316000,1500.00,1500.94,1,1,47,0,0.000,0
10.316667,1500.00,1499.53,1,1,48,0,0.000,0
10.317334,1500.00,1499.53,1,1,49,0,0.000,0
10.318000,1500.00,1499.53,1,1,50,0,0.000,0
10.318667,1500.00,1499.25,1,1,51,0,0.000,0
10.319334,1500.00,1500.09,1,1,52,0,0.000,0
10.320000,1500.00,1500.09,1,1,53,0,0.000,0
10.320667,1500.00,1499.53,1,1,54,0,0.000,0
10.321334,1500.00,1499.81,1,1,55,0,0.000,0
10.322000,1500.00,1500.38,1,1,56,0,0.000,0
10.322667,1500.00,1500.38,1,1,57,0,0.000,0
10.324667,1500.00,1499.70,1,1,0,1,0.000,0
10.325334,1500.00,1500.60,1,1,1,1,0.000,0
10.326000,1500.00,1500.83,1,1,2,1,0.000,0
10.326667,1500.00,1500.38,1,1,3,1,0.000,0
10.327334,1500.00,1501.05,1,1,4,1,0.000,0
10.328000,1500.00,1500.15,1,1,5,1,0.000,0
10.328667,1500.00,1499.48,1,1,6,1,0.000,0
10.329334,1500.00,1499.93,1,1,7,1,0.000,0
10.330000,1500.00,1500.38,1,1,8,1,0.000,0
10.330667,1500.00,1500.09,1,1,9,1,0.000,0
10.331334,1500.00,1499.25,1,1,10,1,0.000,0
10.332000,1500.00,1499.81,1,1,11,1,0.000,0
10.332667,1500.00,1498.69,1,1,12,1,0.000,0
10.333334,1500.00,1500.09,1,1,13,1,0.000,0
10.334000,1500.00,1500.94,1,1,14,1,0.000,0
10.334667,1500.00,1500.38,1,1,15,1,0.000,0
10.335334,1500.00,1499.81,1,1,16,1,0.000,0
10.336000,1500.00,1500.09,1,1,17,1,0.000,0
10.336667,1500.00,1499.81,1,1,18,1,0.000,0
10.337334,1500.00,1499.81,1,1,19,1,0.000,0
10.338000,1500.00,1500.38,1,1,20,1,0.000,0
10.338667,1500.00,1499.53,1,1,21,1,0.000,0
10.339334,1500.00,1499.81,1,1,22,1,0.000,0
10.340000,1500.00,1499.81,1,1,23,1,0.000,0
10.340667,1500.00,1499.25,1,1,24,1,0.000,0
10.341334,1500.00,1500.09,1,1,25,1,0.000,0
10.342000,1500.00,1500.09,1,1,26,1,0.000,0
10.342667,1500.00,1500.09,1,1,27,1,0.000,0
10.343334,1500.00,1499.81,1,1,28,1,0.000,0
10.344000,1500.00,1500.09,1,1,29,1,0.000,0
10.344667,1500.00,1499.53,1,1,30,1,0.000,0
10.345334,1500.00,1499.53,1,1,31,1,0.000,0
10.346000,1500.00,1501.22,1,1,32,1,0.000,0
10.346667,1500.00,1499.25,1,1,33,1,0.000,0
10.347334,1500.00,1500.09,1,1,34,1,0.000,0
10.348000,1500.00,1500.38,1,1,35,1,0.000,0
10.348667,1500.00,1500.38,1,1,36,1,0.000,0
10.349334,1500.00,1499.81,1,1,37,1,0.000,0
10.350000,1500.00,1500.66,1,1,38,1,0.000,0
10.350667,1500.00,1500.38,1,1,39,1,0.000,0
10.351334,1500.00,1500.09,1,1,40,1,0.000,0
10.352000,1500.00,1501.22,1,1,41,1,0.000,0
10.352667,1500.00,1499.81,1,1,42,1,0.000,0
10.353334,1500.00,1499.53,1,1,43,1,0.000,0
10.354000,1500.00,1500.09,1,1,44,1,0.000,0
10.354667,1500.00,1499.53,1,1,45,1,0.000,0
10.355334,1500.00,1499.53,1,1,46,1,0.000,0
10.356000,1500.00,1500.09,1,1,47,1,0.000,0
10.356667,1500.00,1500.66,1,1,48,1,0.000,0
10.357334,1500.00,1499.81,1,1,49,1,0.000,0
10.358000,1500.00,1499.81,1,1,50,1,0.000,0
10.358667,1500.00,1499.81,1,1,51,1,0.000,0
10.359334,1500.00,1499.81,1,1,52,1,0.000,0
10.360000,1500.00,1500.38,1,1,53,1,0.000,0
10.360667,1500.00,1500.38,1,1,54,1,0.000,0
10.361334,1500.00,1500.38,1,1,55,1,0.000,0
10.362000,1500.00,1499.53,1,1,56,1,0.000,0
10.362667,1500.00,1498.97,1,1,57,1,0.000,0
10.364667,1500.00,1499.93,1,1,0,0,0.000,0
10.365334,1500.00,1499.70,1,1,1,0,0.000,0
10.366000,1500.00,1500.38,1,1,2,0,0.000,0
10.366667,1500.00,1500.60,1,1,3,0,0.000,0
10.367334,1500.00,1500.15,1,1,4,0,0.000,0
10.368000,1500.00,1499.70,1,1,5,0,0.000,0
10.368667,1500.00,1500.15,1,1,6,0,0.000,0
10.369334,1500.00,1500.38,1,1,7,0,0.000,0
10.370000,1500.00,1499.81,1,1,8,0,0.000,0
10.370667,1500.00,1500.66,1,1,9,0,0.000,0
10.371334,1500.00,1499.25,1,1,10,0,0.000,0
10.372000,1500.00,1498.97,1,1,11,0,0.000,0
10.372667,1500.00,1499.53,1,1,12,0,0.000,0
10.373334,1500.00,1499.81,1,1,13,0,0.000,0
10.374000,1500.00,1499.81,1,1,14,0,0.000,0
10.374667,1500.00,1500.09,1,1,15,0,0.000,0
10.375334,1500.00,1499.81,1,1,16,0,0.000,0
10.376000,1500.00,1499.81,1,1,17,0,0.000,0
10.376667,1500.00,1500.38,1,1,18,0,0.000,0
10.377334,1500.00,1500.94,1,1,19,0,0.000,0
10.378000,1500.00,1499.81,1,1,20,0,0.000,0
10.378667,1500.00,1500.09,1,1,21,0,0.000,0
10.379334,1500.00,1499.53,1,1,22,0,0.000,0
10.380000,1500.00,1500.38,1,1,23,0,0.000,0
10.380667,1500.00,1500.38,1,1,24,0,0.000,0
10.381334,1500.00,1500.38,1,1,25,0,0.000,0
10.382000,1500.00,1499.53,1,1,26,0,0.000,0
10.382667,1500.00,1499.25,1,1,27,0,0.000,0
10.383334,1500.00,1500.94,1,1,28,0,0.000,0
10.384000,1500.00,1500.09,1,1,29,0,0.000,0
10.384667,1500.00,1499.81,1,1,30,0,0.000,0
10.385334,1500.00,1499.81,1,1,31,0,0.000,0
10.386000,1500.00,1500.66,1,1,32,0,0.000,0
10.386667,1500.00,1500.66,1,1,33,0,0.000,0
10.387334,1500.00,1500.66,1,1,34,0,0.000,0
10.388000,1500.00,1500.38,1,1,35,0,0.000,0
10.388667,1500.00,1498.41,1,1,36,0,0.000,0
10.389334,1500.00,1499.53,1,1,37,0,0.000,0
10.390000,1500.00,1500.09,1,1,38,0,0.000,0
10.390667,1500.00,1500.38,1,1,39,0,0.000,0
10.391334,1500.00,1499.25,1,1,40,0,0.000,0
10.392000,1500.00,1499.25,1,1,41,0,0.000,0
10.392667,1500.00,1500.09,1,1,42,0,0.000,0
10.393334,1500.00,1499.81,1,1,43,0,0.000,0
10.394000,1500.00,1500.94,1,1,44,0,0.000,0
10.394667,1500.00,1499.81,1,1,45,0,0.000,0
10.395334,1500.00,1499.81,1,1,46,0,0.000,0
10.396000,1500.00,1499.81,1,1,47,0,0.000,0
10.396667,1500.00,1500.09,1,1,48,0,0.000,0
10.397334,1500.00,1499.81,1,1,49,0,0.000,0
10.398000,1500.00,1500.38,1,1,50,0,0.000,0
10.398667,1500.00,1500.09,1,1,51,0,0.000,0
10.399334,1500.00,1500.09,1,1,52,0,0.000,0
10.400000,1500.00,1500.94,1,1,53,0,0.000,0
10.400667,1500.00,1500.09,1,1,54,0,0.000,0
10.401334,1500.00,1499.25,1,1,55,0,0.000,0
10.402000,1500.00,1500.09,1,1,56,0,0.000,0
10.402667,1500.00,1500.09,1,1,57,0,0.000,0
10.404667,1500.00,1499.25,1,1,0,1,0.000,0
10.405334,1500.00,1500.60,1,1,1,1,0.000,0
10.406000,1500.00,1499.93,1,1,2,1,0.000,0
10.406667,1500.00,1499.48,1,1,3,1,0.000,0
10.407334,1500.00,1500.38,1,1,4,1,0.000,0
10.408000,1500.00,1499.93,1,1,5,1,0.000,0
10.408667,1500.00,1499.70,1,1,6,1,0.000,0
10.409334,1500.00,1499.70,1,1,7,1,0.000,0
10.410000,1500.00,1500.66,1,1,8,1,0.000,0
10.410667,1500.00,1498.97,1,1,9,1,0.000,0
10.411334,1500.00,1500.09,1,1,10,1,0.000,0
10.412000,1500.00,1500.38,1,1,11,1,0.000,0
10.412667,1500.00,1499.81,1,1,12,1,0.000,0
10.413334,1500.00,1500.66,1,1,13,1,0.000,0
10.414000,1500.00,1500.38,1,1,14,1,0.000,0
10.414667,1500.00,1500.38,1,1,15,1,0.000,0
10.415334,1500.00,1499.81,1,1,16,1,0.000,0
10.416000,1500.00,1500.94,1,1,17,1,0.000,0
10.416667,1500.00,1499.81,1,1,18,1,0.000,0
10.417334,1500.00,1499.53,1,1,19,1,0.000,0
10.418000,1500.00,1499.53,1,1,20,1,0.000,0
10.418667,1500.00,1499.25,1,1,21,1,0.000,0
10.419334,1500.00,1500.09,1,1,22,1,0.000,0
10.420000,1500.00,1499.53,1,1,23,1,0.000,0
10.420667,1500.00,1499.81,1,1,24,1,0.000,0
10.421334,1500.00,1499.53,1,1,25,1,0.000,0
10.422000,1500.00,1498.69,1,1,26,1,0.000,0
10.422667,1500.00,1500.38,1,1,27,1,0.000,0
10.423334,1500.00,1500.94,1,1,28,1,0.000,0
10.424000,1500.00,1501.22,1,1,29,1,0.000,0
10.424667,1500.00,1500.38,1,1,30,1,0.000,0
10.425334,1500.00,1500.94,1,1,31,1,0.000,0
10.426000,1500.00,1500.38,1,1,32,1,0.000,0
10.426667,1500.00,1499.53,1,1,33,1,0.000,0
10.427334,1500.00,1501.22,1,1,34,1,0.000,0
10.428000,1500.00,1500.94,1,1,35,1,0.000,0
10.428667,1500.00,1500.09,1,1,36,1,0.000,0
10.429334,1500.00,1499.53,1,1,37,1,0.000,0
10.430000,1500.00,1500.09,1,1,38,1,0.000,0
10.430667,1500.00,1499.53,1,1,39,1,0.000,0
10.431334,1500.00,1499.81,1,1,40,1,0.000,0
10.432000,1500.00,1500.94,1,1,41,1,0.000,0
10.432667,1500.00,1500.09,1,1,42,1,0.000,0
10.433334,1500.00,1499.53,1,1,43,1,0.000,0
10.434000,1500.00,1498.97,1,1,44,1,0.000,0
10.434667,1500.00,1499.53,1,1,45,1,0.000,0
10.435334,1500.00,1499.81,1,1,46,1,0.000,0
10.436000,1500.00,1499.81,1,1,47,1,0.000,0
10.436667,1500.00,1499.53,1,1,48,1,0.000,0
10.437334,1500.00,1500.09,1,1,49,1,0.000,0
10.438000,1500.00,1500.38,1,1,50,1,0.000,0
10.438667,1500.00,1499.53,1,1,51,1,0.000,0
10.439334,1500.00,1500.94,1,1,52,1,0.000,0
10.440000,1500.00,1500.38,1,1,53,1,0.000,0
10.440667,1500.00,1499.81,1,1,54,1,0.000,0
10.441334,1500.00,1500.38,1,1,55,1,0.000,0
10.442000,1500.00,1500.94,1,1,56,1,0.000,0
10.442667,1500.00,1499.81,1,1,57,1,0.000,0
10.444667,1500.00,1499.48,1,1,0,0,0.000,0
10.445334,1500.00,1499.48,1,1,1,0,0.000,0
10.446000,1500.00,1499.48,1,1,2,0,0.000,0
10.446667,1500.00,1499.48,1,1,3,0,0.000,0
10.447334,1500.00,1499.93,1,1,4,0,0.000,0
10.448000,1500.00,1499.70,1,1,5,0,0.000,0
10.448667,1500.00,1499.70,1,1,6,0,0.000,0
10.449334,1500.00,1499.48,1,1,7,0,0.000,0
10.450000,1500.00,1499.25,1,1,8,0,0.000,0
10.450667,1500.00,1500.66,1,1,9,0,0.000,0
10.451334,1500.00,1500.38,1,1,10,0,0.000,0
10.452000,1500.00,1500.66,1,1,11,0,0.000,0
10.452667,1500.00,1500.09,1,1,12,0,0.000,0
10.453334,1500.00,1500.94,1,1,13,0,0.000,0
10.454000,1500.00,1500.09,1,1,14,0,0.000,0
10.454667,1500.00,1500.09,1,1,15,0,0.000,0
10.455334,1500.00,1500.94,1,1,16,0,0.000,0
10.456000,1500.00,1499.53,1,1,17,0,0.000,0
10.456667,1500.00,1499.25,1,1,18,0,0.000,0
10.457334,1500.00,1499.81,1,1,19,0,0.000,0
10.458000,1500.00,1499.81,1,1,20,0,0.000,0
10.458667,1500.00,1499.53,1,1,21,0,0.000,0
10.459334,1500.00,1499.81,1,1,22,0,0.000,0
10.460000,1500.00,1500.09,1,1,23,0,0.000,0
10.460667,1500.00,1499.81,1,1,24,0,0.000,0
10.461334,1500.00,1500.66,1,1,25,0,0.000,0
10.462000,1500.00,1500.94,1,1,26,0,0.000,0
10.462667,1500.00,1499.53,1,1,27,0,0.000,0
10.463334,1500.00,1500.09,1,1,28,0,0.000,0
10.464000,1500.00,1500.09,1,1,29,0,0.000,0
10.464667,1500.00,1499.53,1,1,30,0,0.000,0
10.465334,1500.00,1500.66,1,1,31,0,0.000,0
10.466000,1500.00,1500.38,1,1,32,0,0.000,0
10.466667,1500.00,1499.53,1,1,33,0,0.000,0
10.467334,1500.00,1500.09,1,1,34,0,0.000,0
10.468000,1500.00,1500.38,1,1,35,0,0.000,0
10.468667,1500.00,1500.38,1,1,36,0,0.000,0
10.469334,1500.00,1499.53,1,1,37,0,0.000,0
10.470000,1500.00,1499.81,1,1,38,0,0.000,0
10.470667,1500.00,1498.97,1,1,39,0,0.000,0
10.471334,1500.00,1499.81,1,1,40,0,0.000,0
10.472000,1500.00,1500.38,1,1,41,0,0.000,0
10.472667,1500.00,1499.25,1,1,42,0,0.000,0
10.473334,1500.00,1500.38,1,1,43,0,0.000,0
10.474000,1500.00,1499.25,1,1,44,0,0.000,0
10.474667,1500.00,1499.25,1,1,45,0,0.000,0
10.475334,1500.00,1500.09,1,1,46,0,0.000,0
10.476000,1500.00,1499.81,1,1,47,0,0.000,0
10.476667,1500.00,1499.81,1,1,48,0,0.000,0
10.477334,1500.00,1499.53,1,1,49,0,0.000,0
10.478000,1500.00,1500.94,1,1,50,0,0.000,0
10.478667,1500.00,1499.25,1,1,51,0,0.000,0
10.479334,1500.00,1501.22,1,1,52,0,0.000,0
10.480000,1500.00,1501.22,1,1,53,0,0.000,0
10.480667,1500.00,1500.09,1,1,54,0,0.000,0
10.481334,1500.00,1500.66,1,1,55,0,0.000,0
10.482000,1500.00,1500.09,1,1,56,0,0.000,0
10.482667,1500.00,1499.53,1,1,57,0,0.000,0
10.484667,1500.00,1499.25,1,1,0,1,0.000,0
10.485334,1500.00,1500.38,1,1,1,1,0.000,0
10.486000,1500.00,1499.70,1,1,2,1,0.000,0
10.486667,1500.00,1500.15,1,1,3,1,0.000,0
10.487334,1500.00,1500.60,1,1,4,1,0.000,0
10.488000,1500.00,1499.70,1,1,5,1,0.000,0
10.488667,1500.00,1499.93,1,1,6,1,0.000,0
10.489334,1500.00,1501.05,1,1,7,1,0.000,0
10.490000,1500.00,1500.38,1,1,8,1,0.000,0
10.490667,1500.00,1500.09,1,1,9,1,0.000,0
10.491334,1500.00,1499.81,1,1,10,1,0.000,0
10.492000,1500.00,1499.81,1,1,11,1,0.000,0
10.492667,1500.00,1499.81,1,1,12,1,0.000,0
10.493334,1500.00,1500.94,1,1,13,1,0.000,0
10.494000,1500.00,1500.09,1,1,14,1,0.000,0
10.494667,1500.00,1499.25,1,1,15,1,0.000,0
10.495334,1500.00,1500.66,1,1,16,1,0.000,0
10.496000,1500.00,1500.09,1,1,17,1,0.000,0
10.496667,1500.00,1500.09,1,1,18,1,0.000,0
10.497334,1500.00,1499.81,1,1,19,1,0.000,0
10.498000,1500.00,1500.09,1,1,20,1,0.000,0
10.498667,1500.00,1499.25,1,1,21,1,0.000,0
10.499334,1500.00,1499.81,1,1,22,1,0.000,0
10.500000,1500.00,1500.94,1,1,23,1,0.000,0
10.500667,1500.00,1499.25,1,1,24,1,0.000,0
10.501334,1500.00,1499.81,1,1,25,1,0.000,0
10.502000,1500.00,1499.81,1,1,26,1,0.000,0
10.502667,1500.00,1499.81,1,1,27,1,0.000,0
10.503334,1500.00,1500.38,1,1,28,1,0.000,0
10.504000,1500.00,1500.94,1,1,29,1,0.000,0
10.504667,1500.00,1501.22,1,1,30,1,0.000,0
10.505334,1500.00,1499.81,1,1,31,1,0.000,0
10.506000,1500.00,1499.53,1,1,32,1,0.000,0
10.506667,1500.00,1500.09,1,1,33,1,0.000,0
10.507334,1500.00,1499.25,1,1,34,1,0.000,0
10.508000,1500.00,1500.38,1,1,35,1,0.000,0
10.508667,1500.00,1499.53,1,1,36,1,0.000,0
10.509334,1500.00,1498.97,1,1,37,1,0.000,0
10.510000,1500.00,1498.69,1,1,38,1,0.000,0
10.510667,1500.00,1498.97,1,1,39,1,0.000,0
10.511334,1500.00,1500.38,1,1,40,1,0.000,0
10.512000,1500.00,1500.66,1,1,41,1,0.000,0
10.512667,1500.00,1500.09,1,1,42,1,0.000,0
10.513334,1500.00,1499.25,1,1,43,1,0.000,0
10.514000,1500.00,1499.53,1,1,44,1,0.000,0
10.514667,1500.00,1500.94,1,1,45,1,0.000,0
10.515334,1500.00,1500.09,1,1,46,1,0.000,0
10.516000,1500.00,1500.09,1,1,47,1,0.000,0
10.516667,1500.00,1499.53,1,1,48,1,0.000,0
10.517334,1500.00,1499.81,1,1,49,1,0.000,0
10.518000,1500.00,1501.22,1,1,50,1,0.000,0
10.518667,1500.00,1500.09,1,1,51,1,0.000,0
10.519334,1500.00,1500.38,1,1,52,1,0.000,0
10.520000,1500.00,1499.25,1,1,53,1,0.000,0
10.520667,1500.00,1500.66,1,1,54,1,0.000,0
10.521334,1500.00,1500.66,1,1,55,1,0.000,0
10.522000,1500.00,1500.38,1,1,56,1,0.000,0
10.522667,1500.00,1499.53,1,1,57,1,0.000,0
10.524667,1500.00,1499.93,1,1,0,0,0.000,0
10.525334,1500.00,1499.70,1,1,1,0,0.000,0
10.526000,1500.00,1500.15,1,1,2,0,0.000,0
10.526667,1500.00,1499.93,1,1,3,0,0.000,0
10.527334,1500.00,1499.93,1,1,4,0,0.000,0
10.528000,1500.00,1499.70,1,1,5,0,0.000,0
10.528667,1500.00,1499.70,1,1,6,0,0.000,0
10.529334,1500.00,1500.60,1,1,7,0,0.000,0
10.530000,1500.00,1498.97,1,1,8,0,0.000,0
10.530667,1500.00,1501.22,1,1,9,0,0.000,0
10.531334,1500.00,1499.53,1,1,10,0,0.000,0
10.532000,1500.00,1500.66,1,1,11,0,0.000,0
10.532667,1500.00,1499.81,1,1,12,0,0.000,0
10.533334,1500.00,1499.81,1,1,13,0,0.000,0
10.534000,1500.00,1500.94,1,1,14,0,0.000,0
10.534667,1500.00,1498.97,1,1,15,0,0.000,0
10.535334,1500.00,1500.38,1,1,16,0,0.000,0
10.536000,1500.00,1499.53,1,1,17,0,0.000,0
10.536667,1500.00,1499.53,1,1,18,0,0.000,0
10.537334,1500.00,1500.38,1,1,19,0,0.000,0
10.538000,1500.00,1500.09,1,1,20,0,0.000,0
10.538667,1500.00,1500.38,1,1,21,0,0.000,0
10.539334,1500.00,1499.53,1,1,22,0,0.000,0
10.540000,1500.00,1500.09,1,1,23,0,0.000,0
10.540667,1500.00,1499.53,1,1,24,0,0.000,0
10.541334,1500.00,1499.53,1,1,25,0,0.000,0
10.542000,1500.00,1500.09,1,1,26,0,0.000,0
10.542667,1500.00,1498.97,1,1,27,0,0.000,0
10.543334,1500.00,1499.81,1,1,28,0,0.000,0
10.544000,1500.00,1499.53,1,1,29,0,0.000,0
10.544667,1500.00,1499.81,1,1,30,0,0.000,0
10.545334,1500.00,1500.38,1,1,31,0,0.000,0
10.546000,1500.00,1500.09,1,1,32,0,0.000,0
10.546667,1500.00,1500.94,1,1,33,0,0.000,0
10.547334,1500.00,1499.81,1,1,34,0,0.000,0
10.548000,1500.00,1500.94,1,1,35,0,0.000,0
10.548667,1500.00,1499.53,1,1,36,0,0.000,0
10.549334,1500.00,1500.09,1,1,37,0,0.000,0
10.550000,1500.00,1499.53,1,1,38,0,0.000,0
10.550667,1500.00,1499.53,1,1,39,0,0.000,0
10.551334,1500.00,1500.94,1,1,40,0,0.000,0
10.552000,1500.00,1498.97,1,1,41,0,0.000,0
10.552667,1500.00,1500.66,1,1,42,0,0.000,0
10.553334,1500.00,1499.81,1,1,43,0,0.000,0
10.554000,1500.00,1499.81,1,1,44,0,0.000,0
10.554667,1500.00,1500.38,1,1,45,0,0.000,0
10.555334,1500.00,1501.50,1,1,46,0,0.000,0
10.556000,1500.00,1500.38,1,1,47,0,0.000,0
10.556667,1500.00,1499.25,1,1,48,0,0.000,0
10.557334,1500.00,1500.66,1,1,49,0,0.000,0
10.558000,1500.00,1499.81,1,1,50,0,0.000,0
10.558667,1500.00,1499.81,1,1,51,0,0.000,0
10.559334,1500.00,1500.66,1,1,52,0,0.000,0
10.560000,1500.00,1500.38,1,1,53,0,0.000,0
10.560667,1500.00,1500.09,1,1,54,0,0.000,0
10.561334,1500.00,1499.81,1,1,55,0,0.000,0
10.562000,1500.00,1500.09,1,1,56,0,0.000,0
10.562667,1500.00,1500.38,1,1,57,0,0.000,0
10.564667,1500.00,1500.38,1,1,0,1,0.000,0
10.565334,1500.00,1499.93,1,1,1,1,0.000,0
10.566000,1500.00,1500.15,1,1,2,1,0.000,0
10.566667,1500.00,1499.93,1,1,3,1,0.000,0
10.567334,1500.00,1499.48,1,1,4,1,0.000,0
10.568000,1500.00,1500.15,1,1,5,1,0.000,0
10.568667,1500.00,1500.15,1,1,6,1,0.000,0
10.569334,1500.00,1499.70,1,1,7,1,0.000,0
10.570000,1500.00,1500.09,1,1,8,1,0.000,0
10.570667,1500.00,1499.81,1,1,9,1,0.000,0
10.571334,1500.00,1500.09,1,1,10,1,0.000,0
10.572000,1500.00,1499.81,1,1,11,1,0.000,0
10.572667,1500.00,1499.53,1,1,12,1,0.000,0
10.573334,1500.00,1500.66,1,1,13,1,0.000,0
10.574000,1500.00,1500.09,1,1,14,1,0.000,0
10.574667,1500.00,1500.09,1,1,15,1,0.000,0
10.575334,1500.00,1499.25,1,1,16,1,0.000,0
10.576000,1500.00,1500.09,1,1,17,1,0.000,0
10.576667,1500.00,1499.81,1,1,18,1,0.000,0
10.577334,1500.00,1500.09,1,1,19,1,0.000,0
10.578000,1500.00,1500.09,1,1,20,1,0.000,0
10.578667,1500.00,1499.81,1,1,21,1,0.000,0
10.579334,1500.00,1499.81,1,1,22,1,0.000,0
10.580000,1500.00,1499.53,1,1,23,1,0.000,0
10.580667,1500.00,1500.38,1,1,24,1,0.000,0
10.581334,1500.00,1499.25,1,1,25,1,0.000,0
10.582000,1500.00,1500.09,1,1,26,1,0.000,0
10.582667,1500.00,1499.81,1,1,27,1,0.000,0
10.583334,1500.00,1500.38,1,1,28,1,0.000,0
10.584000,1500.00,1499.53,1,1,29,1,0.000,0
10.584667,1500.00,1500.38,1,1,30,1,0.000,0
10.585334,1500.00,1500.66,1,1,31,1,0.000,0
10.586000,1500.00,1499.53,1,1,32,1,0.000,0
10.586667,1500.00,1501.50,1,1,33,1,0.000,0
10.587334,1500.00,1499.81,1,1,34,1,0.000,0
10.588000,1500.00,1500.38,1,1,35,1,0.000,0
10.588667,1500.00,1500.09,1,1,36,1,0.000,0
10.589334,1500.00,1499.81,1,1,37,1,0.000,0
10.590000,1500.00,1500.09,1,1,38,1,0.000,0
10.590667,1500.00,1499.81,1,1,39,1,0.000,0
10.591334,1500.00,1500.38,1,1,40,1,0.000,0
10.592000,1500.00,1498.97,1,1,41,1,0.000,0
10.592667,1500.00,1500.09,1,1,42,1,0.000,0
10.593334,1500.00,1499.81,1,1,43,1,0.000,0
10.594000,1500.00,1499.53,1,1,44,1,0.000,0
10.594667,1500.00,1500.38,1,1,45,1,0.000,0
10.595334,1500.00,1500.09,1,1,46,1,0.000,0
10.596000,1500.00,1499.81,1,1,47,1,0.000,0
10.596667,1500.00,1500.38,1,1,48,1,0.000,0
10.597334,1500.00,1499.81,1,1,49,1,0.000,0
10.598000,1500.00,1500.09,1,1,50,1,0.000,0
10.598667,1500.00,1499.53,1,1,51,1,0.000,0
10.599334,1500.00,1500.66,1,1,52,1,0.000,0
10.600000,1500.00,1498.97,1,1,53,1,0.000,0
10.600667,1500.00,1499.25,1,1,54,1,0.000,0
10.601334,1500.00,1500.09,1,1,55,1,0.000,0
10.602000,1500.00,1499.53,1,1,56,1,0.000,0
10.602667,1500.00,1500.38,1,1,57,1,0.000,0
10.604667,1500.00,1499.93,1,1,0,0,0.000,0
10.605334,1500.00,1499.93,1,1,1,0,0.000,0
10.606000,1500.00,1499.70,1,1,2,0,0.000,0
10.606667,1500.00,1501.05,1,1,3,0,0.000,0
10.607334,1500.00,1499.93,1,1,4,0,0.000,0
10.608000,1500.00,1499.93,1,1,5,0,0.000,0
10.608667,1500.00,1499.93,1,1,6,0,0.000,0
10.609334,1500.00,1500.15,1,1,7,0,0.000,0
10.610000,1500.00,1500.38,1,1,8,0,0.000,0
10.610667,1500.00,1500.66,1,1,9,0,0.000,0
10.611334,1500.00,1500.94,1,1,10,0,0.000,0
10.612000,1500.00,1499.53,1,1,11,0,0.000,0
10.612667,1500.00,1500.66,1,1,12,0,0.000,0
10.613334,1500.00,1500.38,1,1,13,0,0.000,0
10.614000,1500.00,1500.38,1,1,14,0,0.000,0
10.614667,1500.00,1500.09,1,1,15,0,0.000,0
10.615334,1500.00,1499.81,1,1,16,0,0.000,0
10.616000,1500.00,1498.97,1,1,17,0,0.000,0
10.616667,1500.00,1499.25,1,1,18,0,0.000,0
10.617334,1500.00,1500.09,1,1,19,0,0.000,0
10.618000,1500.00,1499.81,1,1,20,0,0.000,0
10.618667,1500.00,1499.53,1,1,21,0,0.000,0
10.619334,1500.00,1499.81,1,1,22,0,0.000,0
10.620000,1500.00,1499.53,1,1,23,0,0.000,0
10.620667,1500.00,1499.81,1,1,24,0,0.000,0
10.621334,1500.00,1500.38,1,1,25,0,0.000,0
10.622000,1500.00,1499.81,1,1,26,0,0.000,0
10.622667,1500.00,1500.09,1,1,27,0,0.000,0
10.623334,1500.00,1500.38,1,1,28,0,0.000,0
10.624000,1500.00,1500.66,1,1,29,0,0.000,0
10.624667,1500.00,1499.81,1,1,30,0,0.000,0
10.625334,1500.00,1500.09,1,1,31,0,0.000,0
10.626000,1500.00,1499.25,1,1,32,0,0.000,0
10.626667,1500.00,1500.94,1,1,33,0,0.000,0
10.627334,1500.00,1499.81,1,1,34,0,0.000,0
10.628000,1500.00,1499.81,1,1,35,0,0.000,0
10.628667,1500.00,1499.81,1,1,36,0,0.000,0
10.629334,1500.00,1498.97,1,1,37,0,0.000,0
10.630000,1500.00,1500.09,1,1,38,0,0.000,0
10.630667,1500.00,1499.81,1,1,39,0,0.000,0
10.631334,1500.00,1500.09,1,1,40,0,0.000,0
10.632000,1500.00,1500.09,1,1,41,0,0.000,0
10.632667,1500.00,1500.38,1,1,42,0,0.000,0
10.633334,1500.00,1500.38,1,1,43,0,0.000,0
10.634000,1500.00,1500.09,1,1,44,0,0.000,0
10.634667,1500.00,1499.81,1,1,45,0,0.000,0
10.635334,1500.00,1500.09,1,1,46,0,0.000,0
10.636000,1500.00,1499.53,1,1,47,0,0.000,0
10.636667,1500.00,1500.66,1,1,48,0,0.000,0
10.637334,1500.00,1498.97,1,1,49,0,0.000,0
10.638000,1500.00,1499.81,1,1,50,0,0.000,0
10.638667,1500.00,1499.25,1,1,51,0,0.000,0
10.639334,1500.00,1500.09,1,1,52,0,0.000,0
10.640000,1500.00,1500.94,1,1,53,0,0.000,0
10.640667,1500.00,1500.38,1,1,54,0,0.000,0
10.641334,1500.00,1500.66,1,1,55,0,0.000,0
10.642000,1500.00,1499.81,1,1,56,0,0.000,0
10.642667,1500.00,1500.66,1,1,57,0,0.000,0
10.644667,1500.00,1500.38,1,1,0,1,0.000,0
10.645334,1500.00,1499.93,1,1,1,1,0.000,0
10.646000,1500.00,1499.25,1,1,2,1,0.000,0
10.646667,1500.00,1500.15,1,1,3,1,0.000,0
10.647334,1500.00,1499.48,1,1,4,1,0.000,0
10.648000,1500.00,1499.70,1,1,5,1,0.000,0
10.648667,1500.00,1500.15,1,1,6,1,0.000,0
10.649334,1500.00,1499.70,1,1,7,1,0.000,0
10.650000,1500.00,1499.53,1,1,8,1,0.000,0
10.650667,1500.00,1499.53,1,1,9,1,0.000,0
10.651334,1500.00,1500.38,1,1,10,1,0.000,0
10.652000,1500.00,1498.97,1,1,11,1,0.000,0
10.652667,1500.00,1500.09,1,1,12,1,0.000,0
10.653334,1500.00,1500.09,1,1,13,1,0.000,0
10.654000,1500.00,1500.66,1,1,14,1,0.000,0
10.654667,1500.00,1500.09,1,1,15,1,0.000,0
10.655334,1500.00,1500.09,1,1,16,1,0.000,0
10.656000,1500.00,1500.38,1,1,17,1,0.000,0
10.656667,1500.00,1500.09,1,1,18,1,0.000,0
10.657334,1500.00,1500.09,1,1,19,1,0.000,0
10.658000,1500.00,1500.38,1,1,20,1,0.000,0
10.658667,1500.00,1500.38,1,1,21,1,0.000,0
10.659334,1500.00,1499.81,1,1,22,1,0.000,0
10.660000,1500.00,1500.38,1,1,23,1,0.000,0
10.660667,1500.00,1500.38,1,1,24,1,0.000,0
10.661334,1500.00,1500.66,1,1,25,1,0.000,0
10.662000,1500.00,1499.53,1,1,26,1,0.000,0
10.662667,1500.00,1501.22,1,1,27,1,0.000,0
10.663334,1500.00,1500.66,1,1,28,1,0.000,0
10.664000,1500.00,1500.66,1,1,29,1,0.000,0
10.664667,1500.00,1500.38,1,1,30,1,0.000,0
10.665334,1500.00,1499.25,1,1,31,1,0.000,0
10.666000,1500.00,1498.97,1,1,32,1,0.000,0
10.666667,1500.00,1498.97,1,1,33,1,0.000,0
10.667334,1500.00,1500.38,1,1,34,1,0.000,0
10.668000,1500.00,1498.69,1,1,35,1,0.000,0
10.668667,1500.00,1499.25,1,1,36,1,0.000,0
10.669334,1500.00,1499.25,1,1,37,1,0.000,0
10.670000,1500.00,1498.69,1,1,38,1,0.000,0
10.670667,1500.00,1500.94,1,1,39,1,0.000,0
10.671334,1500.00,1500.09,1,1,40,1,0.000,0
10.672000,1500.00,1500.66,1,1,41,1,0.000,0
10.672667,1500.00,1500.66,1,1,42,1,0.000,0
10.673334,1500.00,1500.38,1,1,43,1,0.000,0
10.674000,1500.00,1499.81,1,1,44,1,0.000,0
10.674667,1500.00,1500.09,1,1,45,1,0.000,0
10.675334,1500.00,1500.09,1,1,46,1,0.000,0
10.676000,1500.00,1499.25,1,1,47,1,0.000,0
10.676667,1500.00,1500.38,1,1,48,1,0.000,0
10.677334,1500.00,1500.09,1,1,49,1,0.000,0
10.678000,1500.00,1498.97,1,1,50,1,0.000,0
10.678667,1500.00,1499.81,1,1,51,1,0.000,0
10.679334,1500.00,1499.81,1,1,52,1,0.000,0
10.680000,1500.00,1500.66,1,1,53,1,0.000,0
10.680667,1500.00,1500.38,1,1,54,1,0.000,0
10.681334,1500.00,1499.53,1,1,55,1,0.000,0
10.682000,1500.00,1500.94,1,1,56,1,0.000,0
10.682667,1500.00,1500.66,1,1,57,1,0.000,0
10.684667,1500.00,1500.15,1,1,0,0,0.000,0
10.685334,1500.00,1500.38,1,1,1,0,0.000,0
10.686000,1500.00,1500.38,1,1,2,0,0.000,0
10.686667,1500.00,1499.93,1,1,3,0,0.000,0
10.687334,1500.00,1499.93,1,1,4,0,0.000,0
10.688000,1500.00,1500.83,1,1,5,0,0.000,0
10.688667,1500.00,1499.70,1,1,6,0,0.000,0
10.689334,1500.00,1499.48,1,1,7,0,0.000,0
10.690000,1500.00,1500.09,1,1,8,0,0.000,0
10.690667,1500.00,1499.53,1,1,9,0,0.000,0
10.691334,1500.00,1500.09,1,1,10,0,0.000,0
10.692000,1500.00,1499.53,1,1,11,0,0.000,0
10.692667,1500.00,1500.94,1,1,12,0,0.000,0
10.693334,1500.00,1499.81,1,1,13,0,0.000,0
10.694000,1500.00,1499.25,1,1,14,0,0.000,0
10.694667,1500.00,1499.53,1,1,15,0,0.000,0
10.695334,1500.00,1500.66,1,1,16,0,0.000,0
10.696000,1500.00,1499.81,1,1,17,0,0.000,0
10.696667,1500.00,1500.09,1,1,18,0,0.000,0
10.697334,1500.00,1500.38,1,1,19,0,0.000,0
10.698000,1500.00,1498.97,1,1,20,0,0.000,0
10.698667,1500.00,1499.81,1,1,21,0,0.000,0
10.699334,1500.00,1499.53,1,1,22,0,0.000,0
10.700000,1500.00,1500.94,1,1,23,0,0.000,0
10.700667,1500.00,1498.97,1,1,24,0,0.000,0
10.701334,1500.00,1499.81,1,1,25,0,0.000,0
10.702000,1500.00,1499.53,1,1,26,0,0.000,0
10.702667,1500.00,1499.53,1,1,27,0,0.000,0
10.703334,1500.00,1499.25,1,1,28,0,0.000,0
10.704000,1500.00,1500.09,1,1,29,0,0.000,0
10.704667,1500.00,1500.94,1,1,30,0,0.000,0
10.705334,1500.00,1499.25,1,1,31,0,0.000,0
10.706000,1500.00,1501.78,1,1,32,0,0.000,0
10.706667,1500.00,1499.81,1,1,33,0,0.000,0
10.707334,1500.00,1500.09,1,1,34,0,0.000,0
10.708000,1500.00,1500.09,1,1,35,0,0.000,0
10.708667,1500.00,1501.22,1,1,36,0,0.000,0
10.709334,1500.00,1500.66,1,1,37,0,0.000,0
10.710000,1500.00,1499.53,1,1,38,0,0.000,0
10.710667,1500.00,1500.38,1,1,39,0,0.000,0
10.711334,1500.00,1499.53,1,1,40,0,0.000,0
10.712000,1500.00,1500.38,1,1,41,0,0.000,0
10.712667,1500.00,1499.53,1,1,42,0,0.000,0
10.713334,1500.00,1500.09,1,1,43,0,0.000,0
10.714000,1500.00,1500.09,1,1,44,0,0.000,0
10.714667,1500.00,1499.25,1,1,45,0,0.000,0
10.715334,1500.00,1499.53,1,1,46,0,0.000,0
10.716000,1500.00,1499.53,1,1,47,0,0.000,0
10.716667,1500.00,1499.25,1,1,48,0,0.000,0
10.717334,1500.00,1500.66,1,1,49,0,0.000,0
10.718000,1500.00,1500.09,1,1,50,0,0.000,0
10.718667,1500.00,1500.09,1,1,51,0,0.000,0
10.719334,1500.00,1499.53,1,1,52,0,0.000,0
10.720000,1500.00,1500.38,1,1,53,0,0.000,0
10.720667,1500.00,1500.09,1,1,54,0,0.000,0
10.721334,1500.00,1500.38,1,1,55,0,0.000,0
10.722000,1500.00,1499.81,1,1,56,0,0.000,0
10.722667,1500.00,1500.38,1,1,57,0,0.000,0
10.724667,1500.00,1500.15,1,1,0,1,0.000,0
10.725334,1500.00,1499.93,1,1,1,1,0.000,0
10.726000,1500.00,1499.93,1,1,2,1,0.000,0
10.726667,1500.00,1499.70,1,1,3,1,0.000,0
10.727334,1500.00,1500.15,1,1,4,1,0.000,0
10.728000,1500.00,1500.38,1,1,5,1,0.000,0
10.728667,1500.00,1500.15,1,1,6,1,0.000,0
10.729334,1500.00,1499.25,1,1,7,1,0.000,0
10.730000,1500.00,1500.09,1,1,8,1,0.000,0
10.730667,1500.00,1499.81,1,1,9,1,0.000,0
10.731334,1500.00,1499.81,1,1,10,1,0.000,0
10.732000,1500.00,1500.38,1,1,11,1,0.000,0
10.732667,1500.00,1499.81,1,1,12,1,0.000,0
10.733334,1500.00,1499.53,1,1,13,1,0.000,0
10.734000,1500.00,1499.81,1,1,14,1,0.000,0
10.734667,1500.00,1499.81,1,1,15,1,0.000,0
10.735334,1500.00,1500.09,1,1,16,1,0.000,0
10.736000,1500.00,1499.81,1,1,17,1,0.000,0
10.736667,1500.00,1500.09,1,1,18,1,0.000,0
10.737334,1500.00,1499.53,1,1,19,1,0.000,0
10.738000,1500.00,1500.94,1,1,20,1,0.000,0
10.738667,1500.00,1500.38,1,1,21,1,0.000,0
10.739334,1500.00,1499.81,1,1,22,1,0.000,0
10.740000,1500.00,1500.38,1,1,23,1,0.000,0
10.740667,1500.00,1499.81,1,1,24,1,0.000,0
10.741334,1500.00,1500.66,1,1,25,1,0.000,0
10.742000,1500.00,1499.81,1,1,26,1,0.000,0
10.742667,1500.00,1499.81,1,1,27,1,0.000,0
10.743334,1500.00,1499.25,1,1,28,1,0.000,0
10.744000,1500.00,1499.25,1,1,29,1,0.000,0
10.744667,1500.00,1500.38,1,1,30,1,0.000,0
10.745334,1500.00,1500.09,1,1,31,1,0.000,0
10.746000,1500.00,1500.94,1,1,32,1,0.000,0
10.746667,1500.00,1499.25,1,1,33,1,0.000,0
10.747334,1500.00,1500.66,1,1,34,1,0.000,0
10.748000,1500.00,1500.38,1,1,35,1,0.000,0
10.748667,1500.00,1500.66,1,1,36,1,0.000,0
10.749334,1500.00,1500.66,1,1,37,1,0.000,0
10.750000,1500.00,1500.09,1,1,38,1,0.000,0
10.750667,1500.00,1500.38,1,1,39,1,0.000,0
10.751334,1500.00,1498.69,1,1,40,1,0.000,0
10.752000,1500.00,1500.09,1,1,41,1,0.000,0
10.752667,1500.00,1500.09,1,1,42,1,0.000,0
10.753334,1500.00,1499.81,1,1,43,1,0.000,0
10.754000,1500.00,1499.53,1,1,44,1,0.000,0
10.754667,1500.00,1499.81,1,1,45,1,0.000,0
10.755334,1500.00,1499.81,1,1,46,1,0.000,0
10.756000,1500.00,1499.81,1,1,47,1,0.000,0
10.756667,1500.00,1500.94,1,1,48,1,0.000,0
10.757334,1500.00,1499.53,1,1,49,1,0.000,0
10.758000,1500.00,1499.81,1,1,50,1,0.000,0
10.758667,1500.00,1500.38,1,1,51,1,0.000,0
10.759334,1500.00,1500.38,1,1,52,1,0.000,0
10.760000,1500.00,1500.38,1,1,53,1,0.000,0
10.760667,1500.00,1499.81,1,1,54,1,0.000,0
10.761334,1500.00,1499.81,1,1,55,1,0.000,0
10.762000,1500.00,1499.53,1,1,56,1,0.000,0
10.762667,1500.00,1500.94,1,1,57,1,0.000,0
10.764667,1500.00,1500.15,1,1,0,0,0.000,0
10.765334,1500.00,1499.93,1,1,1,0,0.000,0
10.766000,1500.00,1499.93,1,1,2,0,0.000,0
10.766667,1500.00,1499.25,1,1,3,0,0.000,0
10.767334,1500.00,1500.15,1,1,4,0,0.000,0
10.768000,1500.00,1500.15,1,1,5,0,0.000,0
10.768667,1500.00,1500.60,1,1,6,0,0.000,0
10.769334,1500.00,1499.70,1,1,7,0,0.000,0
10.770000,1500.00,1499.25,1,1,8,0,0.000,0
10.770667,1500.00,1500.09,1,1,9,0,0.000,0
10.771334,1500.00,1500.38,1,1,10,0,0.000,0
10.772000,1500.00,1500.38,1,1,11,0,0.000,0
10.772667,1500.00,1500.66,1,1,12,0,0.000,0
10.773334,1500.00,1500.09,1,1,13,0,0.000,0
10.774000,1500.00,1499.81,1,1,14,0,0.000,0
10.774667,1500.00,1500.09,1,1,15,0,0.000,0
10.775334,1500.00,1500.94,1,1,16,0,0.000,0
10.776000,1500.00,1500.09,1,1,17,0,0.000,0
10.776667,1500.00,1500.38,1,1,18,0,0.000,0
10.777334,1500.00,1499.81,1,1,19,0,0.000,0
10.778000,1500.00,1498.97,1,1,20,0,0.000,0
10.778667,1500.00,1500.09,1,1,21,0,0.000,0
10.779334,1500.00,1499.25,1,1,22,0,0.000,0
10.780000,1500.00,1500.09,1,1,23,0,0.000,0
10.780667,1500.00,1500.09,1,1,24,0,0.000,0
10.781334,1500.00,1499.53,1,1,25,0,0.000,0
10.782000,1500.00,1498.97,1,1,26,0,0.000,0
10.782667,1500.00,1500.38,1,1,27,0,0.000,0
10.783334,1500.00,1500.94,1,1,28,0,0.000,0
10.784000,1500.00,1499.81,1,1,29,0,0.000,0
10.784667,1500.00,1500.94,1,1,30,0,0.000,0
10.785334,1500.00,1499.81,1,1,31,0,0.000,0
10.786000,1500.00,1498.97,1,1,32,0,0.000,0
10.786667,1500.00,1500.38,1,1,33,0,0.000,0
10.787334,1500.00,1500.38,1,1,34,0,0.000,0
10.788000,1500.00,1500.66,1,1,35,0,0.000,0
10.788667,1500.00,1499.25,1,1,36,0,0.000,0
10.789334,1500.00,1499.25,1,1,37,0,0.000,0
10.790000,1500.00,1499.81,1,1,38,0,0.000,0
10.790667,1500.00,1500.09,1,1,39,0,0.000,0
10.791334,1500.00,1500.09,1,1,40,0,0.000,0
10.792000,1500.00,1499.81,1,1,41,0,0.000,0
10.792667,1500.00,1500.09,1,1,42,0,0.000,0
10.793334,1500.00,1498.97,1,1,43,0,0.000,0
10.794000,1500.00,1500.09,1,1,44,0,0.000,0
10.794667,1500.00,1500.38,1,1,45,0,0.000,0
10.795334,1500.00,1500.09,1,1,46,0,0.000,0
10.796000,1500.00,1500.38,1,1,47,0,0.000,0
10.796667,1500.00,1500.38,1,1,48,0,0.000,0
10.797334,1500.00,1499.81,1,1,49,0,0.000,0
10.798000,1500.00,1500.38,1,1,50,0,0.000,0
10.798667,1500.00,1500.66,1,1,51,0,0.000,0
10.799334,1500.00,1500.09,1,1,52,0,0.000,0
10.800000,1500.00,1500.09,1,1,53,0,0.000,0
10.800667,1500.00,1498.97,1,1,54,0,0.000,0
10.801334,1500.00,1499.81,1,1,55,0,0.000,0
10.802000,1500.00,1500.09,1,1,56,0,0.000,0
10.802667,1500.00,1499.81,1,1,57,0,0.000,0
10.804667,1500.00,1499.93,1,1,0,1,0.000,0
10.805334,1500.00,1499.70,1,1,1,1,0.000,0
10.806000,1500.00,1499.93,1,1,2,1,0.000,0
10.806667,1500.00,1500.15,1,1,3,1,0.000,0
10.807334,1500.00,1500.15,1,1,4,1,0.000,0
10.808000,1500.00,1499.93,1,1,5,1,0.000,0
10.808667,1500.00,1499.48,1,1,6,1,0.000,0
10.809334,1500.00,1499.70,1,1,7,1,0.000,0
10.810000,1500.00,1499.25,1,1,8,1,0.000,0
10.810667,1500.00,1499.53,1,1,9,1,0.000,0
10.811334,1500.00,1500.38,1,1,10,1,0.000,0
10.812000,1500.00,1500.09,1,1,11,1,0.000,0
10.812667,1500.00,1500.38,1,1,12,1,0.000,0
10.813334,1500.00,1500.09,1,1,13,1,0.000,0
10.814000,1500.00,1500.66,1,1,14,1,0.000,0
10.814667,1500.00,1500.94,1,1,15,1,0.000,0
10.815334,1500.00,1500.66,1,1,16,1,0.000,0
10.816000,1500.00,1500.09,1,1,17,1,0.000,0
10.816667,1500.00,1499.81,1,1,18,1,0.000,0
10.817334,1500.00,1499.81,1,1,19,1,0.000,0
10.818000,1500.00,1499.81,1,1,20,1,0.000,0
10.818667,1500.00,1500.09,1,1,21,1,0.000,0
10.819334,1500.00,1500.38,1,1,22,1,0.000,0
10.820000,1500.00,1499.81,1,1,23,1,0.000,0
10.820667,1500.00,1499.25,1,1,24,1,0.000,0
10.821334,1500.00,1500.38,1,1,25,1,0.000,0
10.822000,1500.00,1500.38,1,1,26,1,0.000,0
10.822667,1500.00,1500.66,1,1,27,1,0.000,0
10.823334,1500.00,1500.66,1,1,28,1,0.000,0
10.824000,1500.00,1499.81,1,1,29,1,0.000,0
10.824667,1500.00,1499.53,1,1,30,1,0.000,0
10.825334,1500.00,1499.81,1,1,31,1,0.000,0
10.826000,1500.00,1500.38,1,1,32,1,0.000,0
10.826667,1500.00,1499.53,1,1,33,1,0.000,0
10.827334,1500.00,1499.53,1,1,34,1,0.000,0
10.828000,1500.00,1498.97,1,1,35,1,0.000,0
10.828667,1500.00,1500.09,1,1,36,1,0.000,0
10.829334,1500.00,1499.81,1,1,37,1,0.000,0
10.830000,1500.00,1500.09,1,1,38,1,0.000,0
10.830667,1500.00,1500.09,1,1,39,1,0.000,0
10.831334,1500.00,1500.09,1,1,40,1,0.000,0
10.832000,1500.00,1500.66,1,1,41,1,0.000,0
10.832667,1500.00,1500.38,1,1,42,1,0.000,0
10.833334,1500.00,1500.66,1,1,43,1,0.000,0
10.834000,1500.00,1499.81,1,1,44,1,0.000,0
10.834667,1500.00,1499.81,1,1,45,1,0.000,0
10.835334,1500.00,1499.25,1,1,46,1,0.000,0
10.836000,1500.00,1500.38,1,1,47,1,0.000,0
10.836667,1500.00,1498.97,1,1,48,1,0.000,0
10.837334,1500.00,1500.09,1,1,49,1,0.000,0
10.838000,1500.00,1500.09,1,1,50,1,0.000,0
10.838667,1500.00,1499.53,1,1,51,1,0.000,0
10.839334,1500.00,1499.25,1,1,52,1,0.000,0
10.840000,1500.00,1499.81,1,1,53,1,0.000,0
10.840667,1500.00,1500.66,1,1,54,1,0.000,0
10.841334,1500.00,1498.97,1,1,55,1,0.000,0
10.842000,1500.00,1500.09,1,1,56,1,0.000,0
10.842667,1500.00,1499.53,1,1,57,1,0.000,0
10.844667,1500.00,1499.48,1,1,0,0,0.000,0
10.845334,1500.00,1500.15,1,1,1,0,0.000,0
10.846000,1500.00,1500.38,1,1,2,0,0.000,0
10.846667,1500.00,1500.15,1,1,3,0,0.000,0
10.847334,1500.00,1499.48,1,1,4,0,0.000,0
10.848000,1500.00,1500.60,1,1,5,0,0.000,0
10.848667,1500.00,1500.38,1,1,6,0,0.000,0
10.849334,1500.00,1499.93,1,1,7,0,0.000,0
10.850000,1500.00,1499.81,1,1,8,0,0.000,0
10.850667,1500.00,1500.09,1,1,9,0,0.000,0
10.851334,1500.00,1500.38,1,1,10,0,0.000,0
10.852000,1500.00,1500.38,1,1,11,0,0.000,0
10.852667,1500.00,1501.22,1,1,12,0,0.000,0
10.853334,1500.00,1499.53,1,1,13,0,0.000,0
10.854000,1500.00,1500.38,1,1,14,0,0.000,0
10.854667,1500.00,1500.09,1,1,15,0,0.000,0
10.855334,1500.00,1500.38,1,1,16,0,0.000,0
10.856000,1500.00,1499.81,1,1,17,0,0.000,0
10.856667,1500.00,1498.97,1,1,18,0,0.000,0
10.857334,1500.00,1499.81,1,1,19,0,0.000,0
10.858000,1500.00,1499.53,1,1,20,0,0.000,0
10.858667,1500.00,1500.09,1,1,21,0,0.000,0
10.859334,1500.00,1499.81,1,1,22,0,0.000,0
10.860000,1500.00,1500.09,1,1,23,0,0.000,0
10.860667,1500.00,1499.81,1,1,24,0,0.000,0
10.861334,1500.00,1499.81,1,1,25,0,0.000,0
10.862000,1500.00,1500.38,1,1,26,0,0.000,0
10.862667,1500.00,1499.81,1,1,27,0,0.000,0
10.863334,1500.00,1499.81,1,1,28,0,0.000,0
10.864000,1500.00,1500.66,1,1,29,0,0.000,0
10.864667,1500.00,1500.38,1,1,30,0,0.000,0
10.865334,1500.00,1500.09,1,1,31,0,0.000,0
10.866000,1500.00,1500.66,1,1,32,0,0.000,0
10.866667,1500.00,1499.81,1,1,33,0,0.000,0
10.867334,1500.00,1500.94,1,1,34,0,0.000,0
10.868000,1500.00,1500.38,1,1,35,0,0.000,0
10.868667,1500.00,1500.66,1,1,36,0,0.000,0
10.869334,1500.00,1500.09,1,1,37,0,0.000,0
10.870000,1500.00,1500.09,1,1,38,0,0.000,0
10.870667,1500.00,1499.81,1,1,39,0,0.000,0
10.871334,1500.00,1500.09,1,1,40,0,0.000,0
10.872000,1500.00,1500.94,1,1,41,0,0.000,0
10.872667,1500.00,1499.25,1,1,42,0,0.000,0
10.873334,1500.00,1499.25,1,1,43,0,0.000,0
10.874000,1500.00,1499.81,1,1,44,0,0.000,0
10.874667,1500.00,1498.97,1,1,45,0,0.000,0
10.875334,1500.00,1499.53,1,1,46,0,0.000,0
10.876000,1500.00,1500.38,1,1,47,0,0.000,0
10.876667,1500.00,1498.97,1,1,48,0,0.000,0
10.877334,1500.00,1500.09,1,1,49,0,0.000,0
10.878000,1500.00,1500.09,1,1,50,0,0.000,0
10.878667,1500.00,1500.66,1,1,51,0,0.000,0
10.879334,1500.00,1500.09,1,1,52,0,0.000,0
10.880000,1500.00,1500.94,1,1,53,0,0.000,0
10.880667,1500.00,1499.25,1,1,54,0,0.000,0
10.881334,1500.00,1499.81,1,1,55,0,0.000,0
10.882000,1500.00,1500.66,1,1,56,0,0.000,0
10.882667,1500.00,1499.81,1,1,57,0,0.000,0
10.884667,1500.00,1499.70,1,1,0,1,0.000,0
10.885334,1500.00,1500.38,1,1,1,1,0.000,0
10.886000,1500.00,1499.03,1,1,2,1,0.000,0
10.886667,1500.00,1499.48,1,1,3,1,0.000,0
10.887334,1500.00,1499.93,1,1,4,1,0.000,0
10.888000,1500.00,1499.93,1,1,5,1,0.000,0
10.888667,1500.00,1499.48,1,1,6,1,0.000,0
10.889334,1500.00,1499.93,1,1,7,1,0.000,0
10.890000,1500.00,1500.09,1,1,8,1,0.000,0
10.890667,1500.00,1499.81,1,1,9,1,0.000,0
10.891334,1500.00,1500.66,1,1,10,1,0.000,0
10.892000,1500.00,1500.38,1,1,11,1,0.000,0
10.892667,1500.00,1501.50,1,1,12,1,0.000,0
10.893334,1500.00,1500.09,1,1,13,1,0.000,0
10.894000,1500.00,1500.94,1,1,14,1,0.000,0
10.894667,1500.00,1499.81,1,1,15,1,0.000,0
10.895334,1500.00,1499.53,1,1,16,1,0.000,0
10.896000,1500.00,1500.09,1,1,17,1,0.000,0
10.896667,1500.00,1499.81,1,1,18,1,0.000,0
10.897334,1500.00,1499.53,1,1,19,1,0.000,0
10.898000,1500.00,1499.25,1,1,20,1,0.000,0
10.898667,1500.00,1500.09,1,1,21,1,0.000,0
10.899334,1500.00,1498.97,1,1,22,1,0.000,0
10.900000,1500.00,1500.09,1,1,23,1,0.000,0
10.900667,1500.00,1500.94,1,1,24,1,0.000,0
10.901334,1500.00,1499.53,1,1,25,1,0.000,0
10.902000,1500.00,1500.38,1,1,26,1,0.000,0
10.902667,1500.00,1500.38,1,1,27,1,0.000,0
10.903334,1500.00,1500.38,1,1,28,1,0.000,0
10.904000,1500.00,1499.53,1,1,29,1,0.000,0
10.904667,1500.00,1500.38,1,1,30,1,0.000,0
10.905334,1500.00,1500.09,1,1,31,1,0.000,0
10.906000,1500.00,1499.53,1,1,32,1,0.000,0
10.906667,1500.00,1500.09,1,1,33,1,0.000,0
10.907334,1500.00,1499.81,1,1,34,1,0.000,0
10.908000,1500.00,1500.09,1,1,35,1,0.000,0
10.908667,1500.00,1500.66,1,1,36,1,0.000,0
10.909334,1500.00,1500.38,1,1,37,1,0.000,0
10.910000,1500.00,1499.81,1,1,38,1,0.000,0
10.910667,1500.00,1499.81,1,1,39,1,0.000,0
10.911334,1500.00,1499.53,1,1,40,1,0.000,0
10.912000,1500.00,1499.53,1,1,41,1,0.000,0
10.912667,1500.00,1499.81,1,1,42,1,0.000,0
10.913334,1500.00,1500.09,1,1,43,1,0.000,0
10.914000,1500.00,1498.69,1,1,44,1,0.000,0
10.914667,1500.00,1499.53,1,1,45,1,0.000,0
10.915334,1500.00,1500.09,1,1,46,1,0.000,0
10.916000,1500.00,1499.53,1,1,47,1,0.000,0
10.916667,1500.00,1501.22,1,1,48,1,0.000,0
10.917334,1500.00,1499.53,1,1,49,1,0.000,0
10.918000,1500.00,1500.38,1,1,50,1,0.000,0
10.918667,1500.00,1500.09,1,1,51,1,0.000,0
10.919334,1500.00,1500.09,1,1,52,1,0.000,0
10.920000,1500.00,1500.09,1,1,53,1,0.000,0
10.920667,1500.00,1500.38,1,1,54,1,0.000,0
10.921334,1500.00,1500.38,1,1,55,1,0.000,0
10.922000,1500.00,1498.97,1,1,56,1,0.000,0
10.922667,1500.00,1500.94,1,1,57,1,0.000,0
10.924667,1500.00,1500.38,1,1,0,0,0.000,0
10.925334,1500.00,1499.93,1,1,1,0,0.000,0
10.926000,1500.00,1500.60,1,1,2,0,0.000,0
10.926667,1500.00,1500.38,1,1,3,0,0.000,0
10.927334,1500.00,1499.93,1,1,4,0,0.000,0
10.928000,1500.00,1500.38,1,1,5,0,0.000,0
10.928667,1500.00,1500.38,1,1,6,0,0.000,0
10.929334,1500.00,1499.93,1,1,7,0,0.000,0
10.930000,1500.00,1499.53,1,1,8,0,0.000,0
10.930667,1500.00,1499.25,1,1,9,0,0.000,0
10.931334,1500.00,1499.25,1,1,10,0,0.000,0
10.932000,1500.00,1499.81,1,1,11,0,0.000,0
10.932667,1500.00,1500.09,1,1,12,0,0.000,0
10.933334,1500.00,1499.53,1,1,13,0,0.000,0
10.934000,1500.00,1499.25,1,1,14,0,0.000,0
10.934667,1500.00,1499.81,1,1,15,0,0.000,0
10.935334,1500.00,1499.53,1,1,16,0,0.000,0
10.936000,1500.00,1500.66,1,1,17,0,0.000,0
10.936667,1500.00,1500.38,1,1,18,0,0.000,0
10.937334,1500.00,1500.09,1,1,19,0,0.000,0
10.938000,1500.00,1500.38,1,1,20,0,0.000,0
10.938667,1500.00,1500.38,1,1,21,0,0.000,0
10.939334,1500.00,1500.94,1,1,22,0,0.000,0
10.940000,1500.00,1500.09,1,1,23,0,0.000,0
10.940667,1500.00,1501.50,1,1,24,0,0.000,0
10.941334,1500.00,1500.38,1,1,25,0,0.000,0
10.942000,1500.00,1500.09,1,1,26,0,0.000,0
10.942667,1500.00,1499.81,1,1,27,0,0.000,0
10.943334,1500.00,1499.53,1,1,28,0,0.000,0
10.944000,1500.00,1499.53,1,1,29,0,0.000,0
10.944667,1500.00,1499.81,1,1,30,0,0.000,0
10.945334,1500.00,1500.09,1,1,31,0,0.000,0
10.946000,1500.00,1499.25,1,1,32,0,0.000,0
10.946667,1500.00,1499.25,1,1,33,0,0.000,0
10.947334,1500.00,1499.81,1,1,34,0,0.000,0
10.948000,1500.00,1500.38,1,1,35,0,0.000,0
10.948667,1500.00,1500.38,1,1,36,0,0.000,0
10.949334,1500.00,1500.66,1,1,37,0,0.000,0
10.950000,1500.00,1500.38,1,1,38,0,0.000,0
10.950667,1500.00,1500.38,1,1,39,0,0.000,0
10.951334,1500.00,1499.81,1,1,40,0,0.000,0
10.952000,1500.00,1499.81,1,1,41,0,0.000,0
10.952667,1500.00,1500.09,1,1,42,0,0.000,0
10.953334,1500.00,1500.66,1,1,43,0,0.000,0
10.954000,1500.00,1500.09,1,1,44,0,0.000,0
10.954667,1500.00,1500.38,1,1,45,0,0.000,0
10.955334,1500.00,1499.53,1,1,46,0,0.000,0
10.956000,1500.00,1499.25,1,1,47,0,0.000,0
10.956667,1500.00,1500.09,1,1,48,0,0.000,0
10.957334,1500.00,1499.53,1,1,49,0,0.000,0
10.958000,1500.00,1500.38,1,1,50,0,0.000,0
10.958667,1500.00,1499.25,1,1,51,0,0.000,0
10.959334,1500.00,1499.53,1,1,52,0,0.000,0
10.960000,1500.00,1498.69,1,1,53,0,0.000,0
10.960667,1500.00,1500.38,1,1,54,0,0.000,0
10.961334,1500.00,1500.66,1,1,55,0,0.000,0
10.962000,1500.00,1499.25,1,1,56,0,0.000,0
10.962667,1500.00,1500.66,1,1,57,0,0.000,0
10.964667,1500.00,1499.70,1,1,0,1,0.000,0
10.965334,1500.00,1500.15,1,1,1,1,0.000,0
10.966000,1500.00,1500.38,1,1,2,1,0.000,0
10.966667,1500.00,1500.38,1,1,3,1,0.000,0
10.967334,1500.00,1499.25,1,1,4,1,0.000,0
10.968000,1500.00,1500.15,1,1,5,1,0.000,0
10.968667,1500.00,1499.93,1,1,6,1,0.000,0
10.969334,1500.00,1499.70,1,1,7,1,0.000,0
10.970000,1500.00,1499.81,1,1,8,1,0.000,0
10.970667,1500.00,1500.09,1,1,9,1,0.000,0
10.971334,1500.00,1498.97,1,1,10,1,0.000,0
10.972000,1500.00,1500.38,1,1,11,1,0.000,0
10.972667,1500.00,1500.94,1,1,12,1,0.000,0
10.973334,1500.00,1500.38,1,1,13,1,0.000,0
10.974000,1500.00,1500.94,1,1,14,1,0.000,0
10.974667,1500.00,1500.66,1,1,15,1,0.000,0
10.975334,1500.00,1499.81,1,1,16,1,0.000,0
10.976000,1500.00,1498.97,1,1,17,1,0.000,0
10.976667,1500.00,1500.66,1,1,18,1,0.000,0
10.977334,1500.00,1499.25,1,1,19,1,0.000,0
10.978000,1500.00,1500.09,1,1,20,1,0.000,0
10.978667,1500.00,1499.81,1,1,21,1,0.000,0
10.979334,1500.00,1500.09,1,1,22,1,0.000,0
10.980000,1500.00,1499.81,1,1,23,1,0.000,0
10.980667,1500.00,1500.38,1,1,24,1,0.000,0
10.981334,1500.00,1500.66,1,1,25,1,0.000,0
10.982000,1500.00,1499.53,1,1,26,1,0.000,0
10.982667,1500.00,1499.81,1,1,27,1,0.000,0
10.983334,1500.00,1499.53,1,1,28,1,0.000,0
10.984000,1500.00,1499.53,1,1,29,1,0.000,0
10.984667,1500.00,1499.25,1,1,30,1,0.000,0
10.985334,1500.00,1500.38,1,1,31,1,0.000,0
10.986000,1500.00,1499.25,1,1,32,1,0.000,0
10.986667,1500.00,1499.81,1,1,33,1,0.000,0
10.987334,1500.00,1500.66,1,1,34,1,0.000,0
10.988000,1500.00,1500.66,1,1,35,1,0.000,0
10.988667,1500.00,1500.09,1,1,36,1,0.000,0
10.989334,1500.00,1499.25,1,1,37,1,0.000,0
10.990000,1500.00,1500.66,1,1,38,1,0.000,0
10.990667,1500.00,1499.81,1,1,39,1,0.000,0
10.991334,1500.00,1500.38,1,1,40,1,0.000,0
10.992000,1500.00,1500.38,1,1,41,1,0.000,0
10.992667,1500.00,1499.81,1,1,42,1,0.000,0
10.993334,1500.00,1499.81,1,1,43,1,0.000,0
10.994000,1500.00,1499.81,1,1,44,1,0.000,0
10.994667,1500.00,1500.38,1,1,45,1,0.000,0
10.995334,1500.00,1499.25,1,1,46,1,0.000,0
10.996000,1500.00,1499.53,1,1,47,1,0.000,0
10.996667,1500.00,1499.81,1,1,48,1,0.000,0
10.997334,1500.00,1499.81,1,1,49,1,0.000,0
10.998000,1500.00,1500.94,1,1,50,1,0.000,0
10.998667,1500.00,1499.81,1,1,51,1,0.000,0
10.999334,1500.00,1499.81,1,1,52,1,0.000,0
